f0,f1,f2,f3,f4,f5,f6,f7,f8,f9,f10,f11,f12,m0,m1,m2,m3
0.074468195,24.218693,0.15639202,23.8779,24.405138,0.4573478,0.06758796,0.26448354,0.61197084,105.63621,2.3272564,102.515686,109.89945,1,1,1,1
0.035591353,24.591442,0.21112707,24.097471,25.049076,0.0,0.0,0.0,0.0,0.0,0.0,0.0,0.0,1,1,0,0
0.00287056,26.284988,0.12967925,26.09193,26.486729,0.0,0.0,0.0,0.0,0.0,0.0,0.0,0.0,1,1,0,0
0.025925031,24.505312,0.18252964,24.203093,24.915823,0.44144025,0.060863085,0.27926937,0.6002642,100.58343,2.1530821,96.22614,103.18786,1,1,1,1
0.0059548817,24.808197,0.12648137,24.573812,24.9612,0.0,0.0,0.0,0.0,0.0,0.0,0.0,0.0,1,1,0,0
0.035083715,24.799068,0.15813765,24.509619,25.089853,0.53966737,0.043025497,0.4590619,0.6011581,99.04348,1.1070195,97.548,100.247314,1,1,1,1
0.03504954,25.375355,0.13453268,25.076553,25.543581,0.0,0.0,0.0,0.0,0.0,0.0,0.0,0.0,1,1,0,0
0.0,24.782167,0.13091311,24.509405,25.00378,0.4765299,0.050249882,0.41097268,0.5967598,103.32693,1.9310602,100.52251,107.08366,0,1,1,1
0.0,0.0,0.0,0.0,0.0,0.42764437,0.023546008,0.35880068,0.49397728,95.4726,1.7352862,91.21462,99.234924,0,0,1,1
0.0,25.442509,0.103319116,25.296999,25.560766,0.48304835,0.06680616,0.38920394,0.59073406,101.188675,1.584095,97.569145,104.57513,0,1,1,1
0.0,25.139606,0.1510926,24.856134,25.437979,0.44882512,0.053585514,0.3907798,0.55535215,104.17556,2.2498097,101.57679,108.4085,0,1,1,1
0.0,0.0,0.0,0.0,0.0,0.46801242,0.03146848,0.39997372,0.5213118,103.17576,1.8444442,98.6793,106.35457,0,0,1,1
0.0,25.502876,0.24983655,25.069145,26.104168,0.4505231,0.0073590744,0.43518358,0.46715447,97.92321,1.5715322,96.300735,101.442566,0,1,1,1
0.27367535,24.96773,0.2383965,24.45447,25.244654,0.0,0.0,0.0,0.0,0.0,0.0,0.0,0.0,1,1,0,0
0.0,0.0,0.0,0.0,0.0,0.4407528,0.030697664,0.3759898,0.4942234,95.89307,2.5869424,92.07549,102.17765,0,0,1,1
0.08021344,25.267643,0.12725082,25.057343,25.584314,0.0,0.0,0.0,0.0,0.0,0.0,0.0,0.0,1,1,0,0
0.037985303,25.783602,0.16096912,25.462872,26.034792,0.5214378,0.08071512,0.39835364,0.7533829,93.1592,3.1556497,86.0695,97.04042,1,1,1,1
0.013802433,25.385996,0.13026975,25.157879,25.544384,0.0,0.0,0.0,0.0,0.0,0.0,0.0,0.0,1,1,0,0
0.0053497925,24.97077,0.10783849,24.76893,25.110922,0.0,0.0,0.0,0.0,0.0,0.0,0.0,0.0,1,1,0,0
0.03934053,24.709497,0.13361634,24.477959,24.97597,0.5668699,0.046909887,0.4331947,0.6161121,101.21249,2.1236014,98.75156,103.78313,1,1,1,1
0.0,0.0,0.0,0.0,0.0,0.6258737,0.087536894,0.3749889,0.8542331,92.68279,1.586505,91.05384,94.52903,0,0,1,1
0.0,24.56255,0.11729268,24.404325,24.773226,0.44687927,0.039411213,0.37797397,0.51985955,99.52869,0.76959014,98.23512,100.58438,0,1,1,1
0.0,24.341928,0.24184568,24.061892,24.60792,0.48158756,0.05683111,0.33102328,0.57369196,98.77361,2.5441363,95.59777,102.4043,0,1,1,1
0.021188613,25.139301,0.12223364,24.908682,25.386345,0.5077715,0.05703513,0.3931849,0.6646186,96.39221,2.221546,93.56586,99.402664,1,1,1,1
0.034080714,25.156694,0.094379425,24.944323,25.25843,0.52400714,0.01510828,0.48340896,0.5663905,94.447845,1.6699326,90.8254,97.727135,1,1,1,1
0.00814839,25.882895,0.021667078,25.804014,25.980862,0.5147997,0.04256171,0.43155944,0.5928485,108.63675,0.926297,107.20137,110.01808,1,1,1,1
0.0,24.368261,0.1332772,24.045292,24.68473,0.58661556,0.073548235,0.43430677,0.78498405,102.19497,2.5795918,97.55406,107.223564,0,1,1,1
0.0,24.581545,0.19947919,24.321503,24.988922,0.49046746,0.07342494,0.4030777,0.6704636,103.65388,0.89957184,102.568886,105.84732,0,1,1,1
0.04384984,25.019669,0.08917199,24.917784,25.191257,0.46738434,0.073106244,0.3105816,0.6086234,101.521835,2.0504234,97.01322,105.08594,1,1,1,1
0.02367521,25.885569,0.16841783,25.6114,26.249601,0.0,0.0,0.0,0.0,0.0,0.0,0.0,0.0,1,1,0,0
0.03542562,24.481993,0.14262356,24.30565,24.656233,0.5499912,0.028829278,0.49906027,0.6208931,96.28206,1.424425,93.190414,98.73072,1,1,1,1
0.0,0.0,0.0,0.0,0.0,0.5005713,0.07657921,0.31406108,0.722834,102.770584,3.629357,95.67297,107.06368,0,0,1,1
0.0,24.72538,0.15539402,24.464088,25.073168,0.43741763,0.017974442,0.4035425,0.46624604,102.62094,2.193392,100.063705,108.094666,0,1,1,1
0.0,0.0,0.0,0.0,0.0,0.5027177,0.04056448,0.39425665,0.5519159,100.69121,2.532093,94.75205,103.33344,0,0,1,1
0.069842555,25.3127,0.13670807,25.17488,25.460001,0.400347,0.024070553,0.36479223,0.46530902,96.60868,2.5246038,90.5706,102.05718,1,1,1,1
0.063360415,24.941149,0.21767929,24.51776,25.436739,0.47028,0.02038927,0.44201878,0.5017104,104.01792,3.2045388,97.87381,107.484436,1,1,1,1
0.20427462,24.637,0.123304985,24.332432,24.84512,0.52139455,0.046215113,0.42227113,0.58102405,106.60331,1.7600497,103.31725,110.210815,1,1,1,1
0.0,0.0,0.0,0.0,0.0,0.4834256,0.07229185,0.3896719,0.62921697,101.74388,3.3657088,97.77629,105.786575,0,0,1,1
0.013663638,25.188345,0.10833156,25.04465,25.392275,0.0,0.0,0.0,0.0,0.0,0.0,0.0,0.0,1,1,0,0
0.0,24.329569,0.12706624,24.122757,24.547005,0.55529964,0.030758178,0.48973727,0.6292425,98.57818,2.1297278,95.43828,103.223434,0,1,1,1
0.0,24.314837,0.15031695,24.0832,24.580765,0.5716607,0.051830404,0.4243528,0.6756981,99.147964,1.4543623,97.007614,102.42911,0,1,1,1
0.0,0.0,0.0,0.0,0.0,0.53327924,0.07170574,0.45360443,0.6452279,102.26983,1.7839289,99.64595,106.04112,0,0,1,1
0.11224384,24.568312,0.074874826,24.452452,24.75083,0.0,0.0,0.0,0.0,0.0,0.0,0.0,0.0,1,1,0,0
0.20258172,24.821606,0.15497388,24.664139,25.025177,0.51723224,0.06336652,0.43283987,0.68658614,108.144684,1.3208953,105.1613,111.42775,1,1,1,1
0.0,0.0,0.0,0.0,0.0,0.5701911,0.041149285,0.52245384,0.6735029,101.291145,3.0953026,97.49628,105.22648,0,0,1,1
0.1952115,25.688688,0.030286985,25.63238,25.756962,0.45868853,0.054953318,0.3323894,0.5873016,99.20408,2.1423717,95.88358,103.08025,1,1,1,1
0.0479748,24.947744,0.13464583,24.694517,25.254118,0.0,0.0,0.0,0.0,0.0,0.0,0.0,0.0,1,1,0,0
0.0,24.253317,0.10556013,24.08465,24.50413,0.5025571,0.034689296,0.44435847,0.55053955,99.20176,1.5429587,96.62145,101.45649,0,1,1,1
0.037854586,24.127106,0.2168093,23.755005,24.591545,0.51817274,0.0018015606,0.4889085,0.5438128,94.639336,2.5000775,89.392624,98.789795,1,1,1,1
0.0,0.0,0.0,0.0,0.0,0.45812684,0.05470897,0.2973027,0.6205663,101.24518,3.2749093,94.28608,106.22219,0,0,1,1
0.15053701,25.144997,0.061251897,25.045929,25.27917,0.5637224,0.03744825,0.46620265,0.6704275,103.81463,2.3136694,100.2075,106.29731,1,1,1,1
0.058622617,24.51604,0.08586827,24.327019,24.608215,0.46930116,0.07902358,0.25465333,0.54903597,101.34457,1.5662339,99.70878,103.85373,1,1,1,1
0.0,0.0,0.0,0.0,0.0,0.5681321,0.029188279,0.48916143,0.6176373,112.74664,1.7163115,109.51057,115.48486,0,0,1,1
0.06658015,25.314705,0.07527972,25.14825,25.502762,0.0,0.0,0.0,0.0,0.0,0.0,0.0,0.0,1,1,0,0
0.0,0.0,0.0,0.0,0.0,0.48313373,0.047159936,0.38175195,0.6243853,93.64609,0.7885299,92.39347,95.51723,0,0,1,1
0.0,26.108694,0.14129137,25.889967,26.264221,0.529363,0.056388006,0.42185587,0.65731186,106.06259,1.7733458,101.73773,109.836174,0,1,1,1
0.0,0.0,0.0,0.0,0.0,0.48288295,0.048368245,0.41177225,0.5627237,102.41033,1.6340969,98.95671,105.49243,0,0,1,1
0.0,0.0,0.0,0.0,0.0,0.51361847,0.035722505,0.46065116,0.57238144,101.74675,3.6678216,94.98977,109.771805,0,0,1,1
0.0,0.0,0.0,0.0,0.0,0.5408388,0.062501706,0.35399598,0.6876675,97.82296,1.6646278,94.75463,99.74201,0,0,1,1
0.11839056,25.571232,0.037411135,25.513508,25.624313,0.0,0.0,0.0,0.0,0.0,0.0,0.0,0.0,1,1,0,0
0.014305022,24.852964,0.09845931,24.697718,24.960361,0.45120206,0.031788502,0.40020874,0.5080479,103.23743,1.9904473,100.91237,107.8038,1,1,1,1
0.024370337,25.41145,0.13245238,25.111868,25.595627,0.55640095,0.004385243,0.53680366,0.5800661,107.30589,2.197811,102.04087,109.663826,1,1,1,1
0.0,25.268688,0.15291372,25.104908,25.453302,0.5139072,0.05316238,0.4407215,0.57039577,91.90064,0.426912,91.21941,92.82755,0,1,1,1
0.0,24.387627,0.05700823,24.330212,24.517609,0.58987975,0.06032595,0.43629742,0.7534224,100.05726,1.7905147,97.04617,103.46843,0,1,1,1
0.064385876,25.265528,0.21248326,24.921083,25.579248,0.0,0.0,0.0,0.0,0.0,0.0,0.0,0.0,1,1,0,0
0.0006315318,24.666285,0.08600795,24.488924,24.847578,0.0,0.0,0.0,0.0,0.0,0.0,0.0,0.0,1,1,0,0
0.33160645,25.238195,0.1530193,24.857534,25.392134,0.0,0.0,0.0,0.0,0.0,0.0,0.0,0.0,1,1,0,0
0.0,24.952162,0.23987806,24.50192,25.237705,0.51243937,0.050884247,0.4069868,0.6266025,99.24474,1.4777312,96.44909,101.375824,0,1,1,1
0.0,23.927975,0.14386576,23.655556,24.121752,0.5512918,0.050778262,0.4384859,0.6582858,101.72302,2.265496,96.99119,105.915115,0,1,1,1
0.0,0.0,0.0,0.0,0.0,0.49338856,0.025115883,0.4472119,0.5443529,98.989586,1.5954741,96.149086,101.56139,0,0,1,1
0.124347076,24.711256,0.22188884,24.203468,25.236881,0.0,0.0,0.0,0.0,0.0,0.0,0.0,0.0,1,1,0,0
0.1647922,25.01855,0.14411946,24.714087,25.320726,0.51979667,0.08122876,0.42157242,0.7478827,96.23554,1.3739578,94.65577,98.03075,1,1,1,1
0.0,24.798437,0.24525301,24.41444,25.30831,0.49533507,0.052621156,0.40912768,0.61202157,104.25643,1.5049149,101.39308,107.87285,0,1,1,1
0.0,0.0,0.0,0.0,0.0,0.4755125,0.06817203,0.35591066,0.59741867,100.06992,2.235608,95.5387,103.44395,0,0,1,1
0.009915434,24.583897,0.1915516,24.338968,24.925436,0.4707563,0.049068253,0.4172549,0.56707644,103.621414,2.0441017,100.058014,106.00491,1,1,1,1
0.02530172,25.135336,0.19738248,24.6471,25.614876,0.0,0.0,0.0,0.0,0.0,0.0,0.0,0.0,1,1,0,0
0.0,0.0,0.0,0.0,0.0,0.51444584,0.07489895,0.3567239,0.6038719,91.480034,1.4168743,88.91047,93.248245,0,0,1,1
0.0072868364,24.482609,0.17394377,24.2118,24.762186,0.50512767,0.04705115,0.43861488,0.6407798,110.30149,1.842198,108.18187,112.87469,1,1,1,1
0.026501684,25.592443,0.20787539,25.111864,25.906124,0.52647066,0.07726857,0.41137195,0.628659,95.66497,2.0834582,91.15212,99.36622,1,1,1,1
0.012095607,25.045427,0.15030083,24.68044,25.304403,0.0,0.0,0.0,0.0,0.0,0.0,0.0,0.0,1,1,0,0
0.029919632,25.564173,0.19329843,25.105038,25.8507,0.0,0.0,0.0,0.0,0.0,0.0,0.0,0.0,1,1,0,0
0.032826133,25.201506,0.0034702811,25.090132,25.307125,0.0,0.0,0.0,0.0,0.0,0.0,0.0,0.0,1,1,0,0
0.0,25.27106,0.17387646,25.008146,25.458006,0.56852704,0.040319398,0.47799316,0.6693932,102.040184,3.131812,94.568695,107.229546,0,1,1,1
0.0,24.934164,0.14821947,24.56509,25.144835,0.4628904,0.06848715,0.37672943,0.5522424,99.46909,2.1561854,94.331375,102.65752,0,1,1,1
0.0,25.662807,0.12938316,25.417038,25.883945,0.5231685,0.019385695,0.49691114,0.56884485,101.87193,2.442387,97.78228,107.58402,0,1,1,1
0.0,0.0,0.0,0.0,0.0,0.484869,0.040344197,0.42011815,0.60166836,108.97185,2.9203656,104.28551,114.353294,0,0,1,1
0.07818804,24.562428,0.12927635,24.34782,24.7161,0.5170105,0.06340159,0.37048718,0.66447115,101.89421,1.1356308,100.42162,104.355385,1,1,1,1
0.0,0.0,0.0,0.0,0.0,0.41724524,0.029099125,0.34927845,0.45387304,98.630745,1.7642176,96.11624,102.18054,0,0,1,1
0.039209567,23.691874,0.151803,23.397646,23.916655,0.0,0.0,0.0,0.0,0.0,0.0,0.0,0.0,1,1,0,0
0.17606264,24.999165,0.19930682,24.667137,25.47828,0.0,0.0,0.0,0.0,0.0,0.0,0.0,0.0,1,1,0,0
0.023916248,24.542606,0.1070397,24.289028,24.797983,0.0,0.0,0.0,0.0,0.0,0.0,0.0,0.0,1,1,0,0
0.04712752,25.065788,0.2722565,24.607124,25.43615,0.0,0.0,0.0,0.0,0.0,0.0,0.0,0.0,1,1,0,0
0.0,0.0,0.0,0.0,0.0,0.5205586,0.052366957,0.4068216,0.61586463,107.27025,1.6804702,103.42054,109.37344,0,0,1,1
0.0,0.0,0.0,0.0,0.0,0.4969874,0.028560748,0.42287165,0.57348305,99.61322,1.86218,97.42785,102.56495,0,0,1,1
0.0,24.452272,0.1613393,24.188612,24.763578,0.47067076,0.078706004,0.38100246,0.5710992,102.16297,2.0433416,97.407555,106.23981,0,1,1,1
0.07123757,24.642347,0.15042529,24.337097,24.940042,0.0,0.0,0.0,0.0,0.0,0.0,0.0,0.0,1,1,0,0
0.14779913,25.745176,0.20650497,25.407093,25.967607,0.52598304,0.028053246,0.45374796,0.6007236,96.027,2.9124956,91.709755,102.21091,1,1,1,1
0.014642682,25.047394,0.20668402,24.793112,25.419582,0.0,0.0,0.0,0.0,0.0,0.0,0.0,0.0,1,1,0,0
0.0,25.270191,0.15015543,25.021763,25.594816,0.4907912,0.044596896,0.37277648,0.5503727,98.78052,0.53178436,97.59215,99.7422,0,1,1,1
0.0045480276,25.037024,0.15186138,24.770313,25.359789,0.58593976,0.0036077856,0.571556,0.6001073,100.07264,2.483073,97.26932,103.212326,1,1,1,1
0.036430065,24.66311,0.18489084,24.36925,25.090694,0.5736477,0.0009825574,0.55980164,0.58806366,98.1837,1.8217742,94.354164,101.55331,1,1,1,1
0.17178833,24.78185,0.0925398,24.621822,24.910505,0.4501074,0.04830299,0.3219488,0.5526279,100.74313,2.2563467,96.720345,104.06476,1,1,1,1
0.0,24.519873,0.18164289,24.337938,24.759354,0.4841901,0.057307273,0.4071737,0.6435346,107.6589,2.7052577,101.15731,110.605545,0,1,1,1
0.0,0.0,0.0,0.0,0.0,0.5966897,0.08920969,0.4726014,0.8071402,107.42459,1.2592033,105.77444,109.48226,0,0,1,1
0.0,0.0,0.0,0.0,0.0,0.49488017,0.036988728,0.43418926,0.5585569,95.602455,3.597143,90.576485,102.4936,0,0,1,1
0.16498904,24.173195,0.059469067,24.058458,24.243544,0.56624776,0.049111277,0.43661278,0.6670301,103.912796,1.3693721,101.7192,105.94755,1,1,1,1
0.0,25.335724,0.17830938,25.111855,25.775784,0.44079357,0.05173011,0.34793544,0.5530223,100.13293,2.399376,97.038185,102.90403,0,1,1,1
0.097505145,25.040792,0.12939253,24.730358,25.246168,0.0,0.0,0.0,0.0,0.0,0.0,0.0,0.0,1,1,0,0
0.03342098,24.564766,0.11857577,24.384697,24.750679,0.0,0.0,0.0,0.0,0.0,0.0,0.0,0.0,1,1,0,0
0.0,26.043789,0.12588838,25.781353,26.24315,0.5397889,0.041056845,0.4366919,0.60198367,95.81972,2.463457,91.14877,100.75506,0,1,1,1
0.16834477,24.64015,0.23100352,24.21418,24.880348,0.0,0.0,0.0,0.0,0.0,0.0,0.0,0.0,1,1,0,0
0.1229881,25.036282,0.16252232,24.793135,25.41303,0.6001755,0.06648399,0.49774468,0.68801254,98.02714,0.5095615,97.10751,99.274605,1,1,1,1
0.068469785,23.4723,0.18071352,23.160994,23.806004,0.37596458,0.030071627,0.3203333,0.42828828,98.26238,1.1739994,95.68883,100.9116,1,1,1,1
0.024961343,25.225626,0.07574723,25.071466,25.319939,0.0,0.0,0.0,0.0,0.0,0.0,0.0,0.0,1,1,0,0
0.0,0.0,0.0,0.0,0.0,0.4988876,0.018742314,0.47864234,0.5349376,101.46467,0.8877717,100.39097,102.603424,0,0,1,1
0.0,0.0,0.0,0.0,0.0,0.40610057,0.028504679,0.3235898,0.4576937,102.05986,3.3016465,98.358376,108.588875,0,0,1,1
0.023955384,24.683971,0.09838015,24.444115,24.788313,0.0,0.0,0.0,0.0,0.0,0.0,0.0,0.0,1,1,0,0
0.015143912,25.337364,0.085405886,25.236904,25.430433,0.0,0.0,0.0,0.0,0.0,0.0,0.0,0.0,1,1,0,0
0.017328708,24.847622,0.13110967,24.7041,25.16925,0.5431,0.04240627,0.47643334,0.6672972,106.64316,2.8719444,100.72188,113.09075,1,1,1,1
0.22811247,25.333645,0.15886307,24.960573,25.724083,0.0,0.0,0.0,0.0,0.0,0.0,0.0,0.0,1,1,0,0
0.0,23.279766,0.13412808,23.06791,23.486647,0.5047091,0.074975155,0.41812244,0.696626,95.42088,1.5296615,92.48649,97.03126,0,1,1,1
0.0,0.0,0.0,0.0,0.0,0.5231106,0.012575638,0.48599398,0.5411869,99.0875,2.4028826,93.1625,102.3423,0,0,1,1
0.0,0.0,0.0,0.0,0.0,0.48979652,0.04016689,0.43395457,0.5756388,101.27953,2.4562237,96.51695,104.47951,0,0,1,1
0.04156609,25.820744,0.10739206,25.676958,25.998667,0.5485569,0.050560445,0.42005524,0.65377086,101.95265,2.9808304,96.05124,107.94198,1,1,1,1
0.024478853,24.442606,0.10659033,24.256449,24.632265,0.49582756,0.041200247,0.37265408,0.5770976,105.6042,1.5347618,103.915596,108.504036,1,1,1,1
0.0,25.863224,0.14279862,25.709536,26.216232,0.575822,0.043868687,0.49022883,0.62498397,102.54949,1.9263431,98.36425,105.713036,0,1,1,1
0.0,26.379753,0.15453713,26.144623,26.687868,0.54814804,0.03550778,0.4862997,0.6138432,104.942764,2.0281796,100.67374,108.36951,0,1,1,1
0.0,0.0,0.0,0.0,0.0,0.42864317,0.014647557,0.41015342,0.44910827,99.93292,0.41770968,98.7619,100.63736,0,0,1,1
0.0,0.0,0.0,0.0,0.0,0.4271431,0.042186446,0.36827892,0.49390987,102.81657,2.080209,98.36321,107.106445,0,0,1,1
0.01927231,25.107244,0.11918534,24.965305,25.3248,0.44641495,0.042927705,0.3621802,0.5564997,94.24957,2.498384,90.07137,99.82306,1,1,1,1
0.0,25.795088,0.1665145,25.511808,26.059528,0.3946404,0.049137328,0.31465986,0.47058746,100.33957,2.3836899,96.87261,104.0436,0,1,1,1
0.06622558,24.810896,0.05327346,24.677805,24.913195,0.48829374,0.046232317,0.36888012,0.5771459,105.9926,1.8807281,102.76565,109.26784,1,1,1,1
0.0,25.185635,0.19907399,24.736738,25.417154,0.4520286,0.064984456,0.2768517,0.6463093,107.58184,1.8173702,104.90755,110.49416,0,1,1,1
0.0,24.937025,0.21819252,24.411572,25.268015,0.459838,0.061023835,0.37809047,0.54468375,96.37829,1.592795,93.82294,99.96396,0,1,1,1
0.011778543,24.764776,0.15699622,24.448183,25.113577,0.45298895,0.03730374,0.34372488,0.5100336,103.648575,0.8890312,102.42211,105.57217,1,1,1,1
0.0,0.0,0.0,0.0,0.0,0.5170754,0.049741223,0.38425386,0.5880139,100.14712,2.7201467,93.37092,103.02494,0,0,1,1
0.009536898,24.027452,0.032782834,23.96329,24.092113,0.4772236,0.022271154,0.41656524,0.52810216,96.35211,2.2645798,92.68855,99.98684,1,1,1,1
0.38202426,25.758724,0.07891182,25.65787,25.892538,0.525404,0.05390526,0.37364933,0.66585094,101.44109,1.8233382,98.921074,103.633766,1,1,1,1
0.016837884,24.543886,0.17887013,24.193502,24.932814,0.5587753,0.053848423,0.4132772,0.7039917,107.95226,2.2625434,102.74584,111.25263,1,1,1,1
0.09063936,25.65071,0.061738983,25.54811,25.793636,0.0,0.0,0.0,0.0,0.0,0.0,0.0,0.0,1,1,0,0
0.009248293,24.104736,0.1526729,23.836351,24.39084,0.49106723,0.03611723,0.38898885,0.5450065,102.68149,1.730059,99.593956,104.900795,1,1,1,1
0.0,0.0,0.0,0.0,0.0,0.5194237,0.014803686,0.48324835,0.5614028,111.93476,1.2299051,109.52742,114.039,0,0,1,1
0.0022892745,24.580791,0.14553398,24.221327,24.9192,0.52250105,0.04545161,0.4464281,0.623073,101.822624,1.4917895,100.27612,103.80706,1,1,1,1
0.012042568,25.384129,0.12308419,25.25534,25.580404,0.0,0.0,0.0,0.0,0.0,0.0,0.0,0.0,1,1,0,0
0.0,24.679113,0.07137359,24.51496,24.83036,0.50892127,0.0250188,0.45731786,0.57293284,111.87303,0.7835998,111.05748,113.78327,0,1,1,1
0.11846588,26.141745,0.12732808,25.892097,26.307564,0.0,0.0,0.0,0.0,0.0,0.0,0.0,0.0,1,1,0,0
0.03199498,24.39239,0.15632984,24.01988,24.62661,0.53031456,0.023232352,0.5029003,0.5591278,96.68649,3.3460624,92.96873,100.6978,1,1,1,1
0.030128222,24.945477,0.14845838,24.680748,25.252657,0.0,0.0,0.0,0.0,0.0,0.0,0.0,0.0,1,1,0,0
0.0,25.548775,0.081583284,25.446423,25.727839,0.50556755,0.042227335,0.4425346,0.6189116,93.44099,2.4698596,87.79831,96.19887,0,1,1,1
0.0,25.188292,0.12541263,25.022127,25.4433,0.46905267,0.03687258,0.39023134,0.5272991,103.14398,3.1969607,97.020195,109.33112,0,1,1,1
0.13893695,24.368868,0.14278579,24.20751,24.55928,0.0,0.0,0.0,0.0,0.0,0.0,0.0,0.0,1,1,0,0
0.105447374,24.222795,0.2353046,23.768757,24.785633,0.43265986,0.054213338,0.313174,0.5668395,104.045975,2.0668073,100.48613,108.9702,1,1,1,1
0.0,25.72773,0.20545849,25.38341,25.988935,0.55077577,0.016833289,0.5339233,0.5821512,98.49618,0.7034867,97.758766,99.801125,0,1,1,1
0.0,24.911156,0.121826425,24.758745,25.147495,0.52212274,0.043911465,0.44200552,0.63274825,90.395424,2.3339245,86.31032,95.37634,0,1,1,1
0.0,23.82831,0.051308308,23.754923,23.898893,0.50850886,0.04075746,0.3867645,0.62998873,102.419914,1.8174201,98.2581,106.78063,0,1,1,1
0.050808422,25.516317,0.22794081,24.951578,26.054068,0.0,0.0,0.0,0.0,0.0,0.0,0.0,0.0,1,1,0,0
0.0,0.0,0.0,0.0,0.0,0.5028705,0.027653448,0.44494855,0.5615388,100.43981,2.1537094,96.96699,105.01378,0,0,1,1
0.017755358,24.101576,0.084485166,23.988214,24.282291,0.0,0.0,0.0,0.0,0.0,0.0,0.0,0.0,1,1,0,0
0.025653126,24.820396,0.18360572,24.621662,25.164215,0.0,0.0,0.0,0.0,0.0,0.0,0.0,0.0,1,1,0,0
0.0,0.0,0.0,0.0,0.0,0.4915674,0.07087487,0.39866504,0.6484229,103.27809,1.2407726,101.903694,106.01291,0,0,1,1
0.0,0.0,0.0,0.0,0.0,0.5078616,0.045819353,0.37920967,0.60403585,101.17785,2.610354,95.9833,106.62624,0,0,1,1
0.07966369,26.085348,0.22126645,25.789598,26.32187,0.0,0.0,0.0,0.0,0.0,0.0,0.0,0.0,1,1,0,0
0.0011195696,24.361864,0.15998176,24.00738,24.692636,0.55122566,0.034336403,0.47545165,0.60242575,98.66793,1.5928843,95.98816,101.24983,1,1,1,1
0.0,24.730019,0.0962132,24.50021,24.85529,0.53014684,0.04739948,0.39506188,0.6677882,100.16185,2.1031256,94.99804,105.12282,0,1,1,1
0.010374718,23.171421,0.11919755,22.94998,23.318077,0.4266907,0.028125258,0.3575149,0.50257146,105.64496,1.9614285,102.764946,110.45867,1,1,1,1
0.002454553,24.757845,0.106840715,24.533348,24.899181,0.0,0.0,0.0,0.0,0.0,0.0,0.0,0.0,1,1,0,0
0.08503895,24.23523,0.15474135,23.919651,24.619137,0.0,0.0,0.0,0.0,0.0,0.0,0.0,0.0,1,1,0,0
0.003827655,24.47727,0.25004816,23.944504,24.83426,0.0,0.0,0.0,0.0,0.0,0.0,0.0,0.0,1,1,0,0
0.0,0.0,0.0,0.0,0.0,0.46730185,0.054306053,0.3214649,0.5700912,93.98652,1.7995437,91.87412,98.17521,0,0,1,1
0.0,24.615705,0.13645531,24.447998,24.892887,0.5242547,0.05476777,0.4541752,0.6273361,103.98272,1.834916,101.37814,105.90583,0,1,1,1
0.0,0.0,0.0,0.0,0.0,0.43298218,0.065397136,0.35337204,0.5001813,107.87541,2.342068,104.14893,113.064156,0,0,1,1
0.0,0.0,0.0,0.0,0.0,0.50155234,0.044958744,0.4032262,0.54847413,100.991905,1.4629481,98.60449,102.67493,0,0,1,1
0.20047277,25.182302,0.145423,24.834196,25.541716,0.47740245,0.036682446,0.4005903,0.5248507,92.97604,2.7858748,90.122345,97.65286,1,1,1,1
0.017253906,25.395279,0.14949019,25.033792,25.604372,0.0,0.0,0.0,0.0,0.0,0.0,0.0,0.0,1,1,0,0
0.045506977,24.526009,0.1564965,24.251072,24.884275,0.0,0.0,0.0,0.0,0.0,0.0,0.0,0.0,1,1,0,0
0.0,0.0,0.0,0.0,0.0,0.4264094,0.061303068,0.26021978,0.5355153,97.60958,2.9157727,93.8782,101.84358,0,0,1,1
0.025392035,24.403782,0.16472964,24.15128,24.654713,0.5958222,0.034731213,0.53599435,0.6897787,103.302216,2.348546,97.78281,106.85786,1,1,1,1
0.03537035,25.219872,0.17915541,24.788937,25.562021,0.46986404,0.028142095,0.38584253,0.5172293,101.36431,2.2657814,97.286194,104.23476,1,1,1,1
0.0,24.980598,0.1765347,24.734003,25.167608,0.4296543,0.010445018,0.41348737,0.44078472,97.13177,1.0997089,95.4075,98.86684,0,1,1,1
0.0,0.0,0.0,0.0,0.0,0.3921996,0.031697508,0.35481358,0.42549497,94.23163,2.1109138,88.983444,99.2826,0,0,1,1
0.016102895,25.377642,0.1565937,25.119024,25.714369,0.53923446,0.06741645,0.34652555,0.61937124,107.71746,2.179661,105.23286,112.04266,1,1,1,1
0.0,0.0,0.0,0.0,0.0,0.5385937,0.044406462,0.4232059,0.63650197,94.763565,1.4412926,92.72574,97.10028,0,0,1,1
0.00389995,25.037619,0.1553767,24.673943,25.292274,0.0,0.0,0.0,0.0,0.0,0.0,0.0,0.0,1,1,0,0
0.012414586,24.983189,0.15965907,24.739246,25.278349,0.52111447,0.07136924,0.41310114,0.73090744,98.1098,2.2268624,93.08332,100.81133,1,1,1,1
0.065849915,24.8007,0.28519925,24.27428,25.394358,0.0,0.0,0.0,0.0,0.0,0.0,0.0,0.0,1,1,0,0
0.0,0.0,0.0,0.0,0.0,0.46528682,0.031146402,0.38331562,0.5006397,100.63681,1.9555439,96.7367,102.940475,0,0,1,1
0.0,25.134579,0.18004796,24.867226,25.47333,0.5338742,0.035122782,0.4877727,0.5763132,106.50579,2.4433951,100.68187,109.270836,0,1,1,1
0.053809278,24.489508,0.096120834,24.333385,24.61303,0.0,0.0,0.0,0.0,0.0,0.0,0.0,0.0,1,1,0,0
0.0,0.0,0.0,0.0,0.0,0.50258493,0.059620574,0.4349566,0.5668262,98.13296,3.4848003,91.22194,102.10922,0,0,1,1
0.036545835,26.206556,0.17744914,25.950089,26.400143,0.0,0.0,0.0,0.0,0.0,0.0,0.0,0.0,1,1,0,0
0.0,25.022083,0.15865035,24.81656,25.24306,0.50070363,0.04569702,0.4234406,0.5951964,99.11571,2.06356,95.233574,104.16999,0,1,1,1
0.0,24.823391,0.12719218,24.544775,24.961786,0.47829,0.06580787,0.2826153,0.6044274,108.8916,1.3935087,107.23354,111.85599,0,1,1,1
0.07596499,25.051596,0.11029782,24.797516,25.167921,0.50754607,0.06158564,0.33999053,0.6489957,102.42541,1.245707,100.54622,104.98617,1,1,1,1
0.0,0.0,0.0,0.0,0.0,0.453826,0.029121118,0.3729841,0.52745646,95.487465,1.7865187,91.096016,99.17176,0,0,1,1
0.0,0.0,0.0,0.0,0.0,0.5471297,0.05984594,0.4825531,0.694169,96.276886,1.9617069,92.168594,101.03071,0,0,1,1
0.0,0.0,0.0,0.0,0.0,0.495774,0.06350289,0.37054056,0.6146687,94.087746,2.2323968,90.4116,98.323166,0,0,1,1
0.0,0.0,0.0,0.0,0.0,0.38113546,0.034304414,0.32043839,0.42783794,102.388054,2.5525565,99.16722,107.866135,0,0,1,1
0.07282851,25.378765,0.19541967,25.10633,25.863218,0.0,0.0,0.0,0.0,0.0,0.0,0.0,0.0,1,1,0,0
0.0,26.131714,0.12267311,25.917404,26.361193,0.50066775,0.07209881,0.408586,0.6345398,101.81505,2.488242,97.947426,106.42232,0,1,1,1
0.005813265,24.744038,0.20824723,24.515049,25.22172,0.46249992,0.03985199,0.42075443,0.5068383,95.5499,0.066127144,94.638695,96.36958,1,1,1,1
0.0,26.161228,0.15066878,25.787022,26.345827,0.5413204,0.05558483,0.4326355,0.69543874,102.480606,2.256433,99.33293,106.15376,0,1,1,1
0.027930615,25.684153,0.15058582,25.451109,25.868607,0.0,0.0,0.0,0.0,0.0,0.0,0.0,0.0,1,1,0,0
0.0024348916,24.068495,0.16303772,23.90335,24.243088,0.0,0.0,0.0,0.0,0.0,0.0,0.0,0.0,1,1,0,0
0.10816678,25.506363,0.22397311,25.028378,25.851013,0.0,0.0,0.0,0.0,0.0,0.0,0.0,0.0,1,1,0,0
0.0,0.0,0.0,0.0,0.0,0.54058677,0.030603992,0.49421456,0.5827892,107.51015,2.5246198,102.72683,113.03504,0,0,1,1
0.0786168,25.090048,0.16619952,24.841635,25.48858,0.5784999,0.030039528,0.5234127,0.6408282,112.65952,3.0360694,108.54549,118.0985,1,1,1,1
0.07675091,24.787182,0.028037518,24.732035,24.88907,0.5021315,0.048265904,0.3739182,0.61974114,92.33568,1.63809,88.98429,96.32517,1,1,1,1
0.010907773,23.823492,0.18529849,23.581936,24.158726,0.45562682,0.026803214,0.4261929,0.5041018,96.77896,2.4120922,91.98854,101.79689,1,1,1,1
0.08676788,24.011501,0.16453665,23.7168,24.391497,0.47321427,0.03197932,0.40335384,0.5193756,92.79324,2.7769787,87.54424,98.03352,1,1,1,1
0.0,0.0,0.0,0.0,0.0,0.4683957,0.062324706,0.2983604,0.62088186,98.59634,3.0849235,95.27828,102.34301,0,0,1,1
0.0,26.264132,0.12115758,26.051168,26.427967,0.42389002,0.07055162,0.23823617,0.54853255,98.7869,1.3293918,97.23653,101.33002,0,1,1,1
0.21891215,25.342705,0.10141906,25.209074,25.568785,0.6301813,0.042477917,0.5296773,0.75340945,104.09552,1.625439,102.340065,108.01369,1,1,1,1
0.0,0.0,0.0,0.0,0.0,0.4794733,0.051791854,0.3797636,0.574746,90.78808,0.65838176,89.89986,92.272705,0,0,1,1
0.015212478,24.735695,0.21612522,24.400238,25.154814,0.0,0.0,0.0,0.0,0.0,0.0,0.0,0.0,1,1,0,0
0.0,24.74006,0.16638732,24.348429,25.113373,0.501824,0.009367608,0.4790398,0.52563393,98.599655,3.271569,92.45432,105.706154,0,1,1,1
0.00034206515,25.508776,0.21888681,25.207863,25.900871,0.0,0.0,0.0,0.0,0.0,0.0,0.0,0.0,1,1,0,0
0.13739045,26.326384,0.1438958,25.977436,26.531843,0.0,0.0,0.0,0.0,0.0,0.0,0.0,0.0,1,1,0,0
0.0,25.739124,0.17765383,25.49155,26.040352,0.5242227,0.07435451,0.34899727,0.7096229,101.79398,2.6336815,97.595634,104.59063,0,1,1,1
0.0,0.0,0.0,0.0,0.0,0.51081026,0.06609761,0.4426235,0.6506177,100.05492,3.0051959,94.59205,105.85456,0,0,1,1
0.017731594,26.13583,0.18411963,25.950634,26.442919,0.5541176,0.039160334,0.47962758,0.62479186,101.22341,2.1018603,97.06414,103.71751,1,1,1,1
0.033128876,25.244637,0.13397299,25.018877,25.530025,0.0,0.0,0.0,0.0,0.0,0.0,0.0,0.0,1,1,0,0
0.0,24.707731,0.13440543,24.4495,24.88902,0.5249894,0.016417792,0.4794581,0.56830806,89.57486,2.2723262,86.378365,93.53186,0,1,1,1
0.0,25.861004,0.22450621,25.33269,26.381008,0.56640786,0.08364767,0.3268703,0.7456168,101.00672,2.3076613,97.513145,104.31321,0,1,1,1
0.0005352782,24.95607,0.16906357,24.678316,25.242903,0.5633152,0.07744685,0.4551401,0.75176245,99.5652,2.237866,94.430664,102.78007,1,1,1,1
0.027345575,26.295195,0.17349124,25.909893,26.662455,0.0,0.0,0.0,0.0,0.0,0.0,0.0,0.0,1,1,0,0
0.043597896,25.622974,0.12281086,25.345293,25.818836,0.0,0.0,0.0,0.0,0.0,0.0,0.0,0.0,1,1,0,0
0.05095365,25.496304,0.08345614,25.354353,25.656658,0.0,0.0,0.0,0.0,0.0,0.0,0.0,0.0,1,1,0,0
0.0,24.638212,0.13038869,24.415533,24.882431,0.49962163,0.068607554,0.31879473,0.6705434,96.57722,1.5218357,93.10671,98.44944,0,1,1,1
0.024492951,24.974539,0.15450785,24.600172,25.21742,0.50026613,0.07280419,0.30007634,0.5972218,106.037125,1.7695534,103.22362,110.11789,1,1,1,1
0.0,0.0,0.0,0.0,0.0,0.4707406,0.061772805,0.36104888,0.6328691,95.21581,3.0129411,88.16937,99.26799,0,0,1,1
0.0,25.174723,0.26963383,24.805086,25.545336,0.5081257,0.0757318,0.3981029,0.6600707,97.07041,2.1877139,93.05655,100.93924,0,1,1,1
0.01150383,24.142712,0.12887195,23.987421,24.347641,0.48643118,0.04960197,0.40719113,0.5910955,107.17989,1.6749337,104.34916,109.31088,1,1,1,1
0.005601031,25.739717,0.13892019,25.525663,26.04175,0.42572305,0.05282338,0.3203905,0.482026,106.43421,0.663166,104.93806,107.17774,1,1,1,1
0.0,0.0,0.0,0.0,0.0,0.496834,0.042685665,0.37990224,0.5991455,102.476364,2.101941,98.316246,107.47618,0,0,1,1
0.0,0.0,0.0,0.0,0.0,0.44439778,0.06670754,0.25163898,0.57051045,99.118935,2.280217,93.44917,101.9525,0,0,1,1
0.062442802,24.315876,0.14292987,24.062737,24.514494,0.508096,0.07078738,0.42268068,0.6691783,106.449646,0.78577197,104.84838,108.04498,1,1,1,1
0.0,0.0,0.0,0.0,0.0,0.45475963,0.046608984,0.3302332,0.50837296,94.15195,1.0886458,91.68084,96.18717,0,0,1,1
0.0,0.0,0.0,0.0,0.0,0.49871805,0.04194434,0.39977258,0.6052898,112.29122,2.9744496,109.04325,117.924194,0,0,1,1
0.0,0.0,0.0,0.0,0.0,0.41118163,0.07039022,0.2378767,0.50744843,97.65067,1.883257,93.30061,101.493004,0,0,1,1
0.0076113036,25.647406,0.090120584,25.43247,25.776432,0.5375074,0.06743951,0.34114236,0.73723054,97.332405,2.622389,93.84465,103.150894,1,1,1,1
0.0,0.0,0.0,0.0,0.0,0.58763236,0.066514276,0.45955265,0.76408285,102.883545,1.8289698,99.2718,105.45454,0,0,1,1
0.0,0.0,0.0,0.0,0.0,0.63173705,0.06111824,0.47442588,0.74578345,94.945656,3.0531547,90.93338,100.69088,0,0,1,1
0.07820596,24.65398,0.12752582,24.465082,24.92651,0.0,0.0,0.0,0.0,0.0,0.0,0.0,0.0,1,1,0,0
0.100665286,24.845488,0.17866813,24.63888,25.135336,0.5484902,0.067485556,0.4058347,0.7415949,100.54351,3.2082927,95.13239,103.84931,1,1,1,1
0.0,24.658134,0.11828345,24.491135,24.84762,0.4733102,0.05014414,0.40693247,0.5328379,103.899345,2.5270104,99.293625,107.26718,0,1,1,1
0.07898756,24.93024,0.24210754,24.463821,25.393982,0.6246964,0.031695485,0.5312263,0.6693244,95.021545,2.3452876,91.32555,100.64288,1,1,1,1
0.0,25.717804,0.15376997,25.41439,26.094826,0.5290198,0.06463627,0.3909811,0.6847152,97.16139,1.565425,94.01446,99.79815,0,1,1,1
0.0028181574,24.506865,0.22876883,24.275528,24.790897,0.48301974,0.032204192,0.41282815,0.55927926,96.08299,4.1416717,87.60945,103.916725,1,1,1,1
0.0,0.0,0.0,0.0,0.0,0.57646567,0.051291794,0.45676774,0.6761555,96.61244,1.248469,94.90586,97.88186,0,0,1,1
0.078522466,25.183348,0.19468994,24.755512,25.657719,0.49990407,0.056069337,0.3567379,0.572564,98.01403,1.7672902,95.35501,100.197586,1,1,1,1
0.0,0.0,0.0,0.0,0.0,0.4668413,0.036755104,0.42267922,0.5471276,100.39309,1.39604,98.326,102.38272,0,0,1,1
0.016496666,25.024708,0.20712946,24.660452,25.48646,0.52719384,0.040300205,0.4291732,0.6380275,88.82482,2.2501554,86.2388,93.121216,1,1,1,1
0.0055377916,24.236229,0.11777721,23.973253,24.408691,0.54003596,0.055536393,0.43197465,0.6683377,96.26942,2.608773,93.27684,102.12306,1,1,1,1
0.03694726,24.759247,0.11246377,24.6281,24.885122,0.50122243,0.04413194,0.37859726,0.6126179,108.00024,2.2957273,103.26319,113.561,1,1,1,1
0.013005742,23.723099,0.09909412,23.577309,23.843193,0.50921834,0.08901887,0.3129465,0.6655335,101.52218,1.4846088,99.472176,103.5192,1,1,1,1
0.10958076,24.968018,0.1484628,24.613724,25.286781,0.51589996,0.03431483,0.43748876,0.6132624,111.49832,1.9371885,109.27769,115.319756,1,1,1,1
0.009015112,25.951603,0.16109914,25.646051,26.219486,0.58137006,0.048819155,0.4960418,0.673739,96.167694,1.152963,93.74942,98.09624,1,1,1,1
0.037880093,24.0713,0.136732,23.86535,24.333338,0.0,0.0,0.0,0.0,0.0,0.0,0.0,0.0,1,1,0,0
0.0057746465,24.747309,0.1559332,24.517399,24.951252,0.46845192,0.07114378,0.26653346,0.66407216,97.34327,0.56869024,95.95176,98.309044,1,1,1,1
0.0,0.0,0.0,0.0,0.0,0.5200964,0.034756083,0.4582114,0.5727649,97.27651,2.5150135,94.02428,103.410805,0,0,1,1
0.0,0.0,0.0,0.0,0.0,0.49500826,0.061437182,0.3928414,0.63587475,105.45792,2.3407729,102.0575,108.694695,0,0,1,1
0.04219694,24.466118,0.12538764,24.289833,24.64282,0.0,0.0,0.0,0.0,0.0,0.0,0.0,0.0,1,1,0,0
0.0,0.0,0.0,0.0,0.0,0.5261422,0.06777966,0.39679432,0.619735,95.328804,1.3675259,93.696915,98.10946,0,0,1,1
0.16296881,25.707071,0.15996191,25.344822,25.880665,0.4854967,0.050082657,0.40503013,0.5529104,110.38356,1.4082757,107.228294,113.14271,1,1,1,1
0.04371432,23.964787,0.08705968,23.861563,24.076155,0.44455984,0.05458921,0.38375697,0.59915936,103.69663,1.1867867,100.7931,105.13722,1,1,1,1
0.0,0.0,0.0,0.0,0.0,0.5484705,0.07476321,0.3704373,0.6376168,96.07929,3.2783465,89.8301,104.20921,0,0,1,1
0.0,0.0,0.0,0.0,0.0,0.60066235,0.061826415,0.45499787,0.6674573,103.90591,2.736851,101.15114,108.72509,0,0,1,1
0.0,0.0,0.0,0.0,0.0,0.5379177,0.052635968,0.43353915,0.60884744,101.1756,2.8508377,95.21587,107.72144,0,0,1,1
0.0112620825,24.250755,0.16667745,23.987057,24.556194,0.5273056,0.054852884,0.37022945,0.66570026,102.06446,1.4916989,99.11971,105.63313,1,1,1,1
0.00053201325,24.325043,0.21328874,23.887394,24.791286,0.5986098,0.046215087,0.48326603,0.6776193,98.86235,2.1786354,95.60333,101.93721,1,1,1,1
0.0,0.0,0.0,0.0,0.0,0.49430418,0.085534394,0.38499036,0.71803373,95.45501,2.2929494,90.93299,99.410965,0,0,1,1
0.00995357,24.581068,0.14742161,24.222662,24.791481,0.0,0.0,0.0,0.0,0.0,0.0,0.0,0.0,1,1,0,0
0.048816796,24.449375,0.09058056,24.28322,24.586905,0.54883325,0.05078626,0.4500465,0.6982829,104.31544,2.1239839,100.63359,106.55829,1,1,1,1
0.0,24.407766,0.07509801,24.29789,24.546547,0.5345046,0.022641154,0.48034167,0.56039596,98.21348,1.0465645,96.80886,99.5564,0,1,1,1
0.24866001,25.614855,0.12908658,25.327028,25.837555,0.0,0.0,0.0,0.0,0.0,0.0,0.0,0.0,1,1,0,0
0.037416752,25.287815,0.16602248,25.098326,25.501335,0.0,0.0,0.0,0.0,0.0,0.0,0.0,0.0,1,1,0,0
0.009843058,25.279797,0.08415375,25.122553,25.426003,0.0,0.0,0.0,0.0,0.0,0.0,0.0,0.0,1,1,0,0
0.0,0.0,0.0,0.0,0.0,0.5500917,0.07853969,0.35275376,0.7066966,90.779396,2.1785574,85.520874,94.00096,0,0,1,1
0.0,25.36935,0.07736212,25.28903,25.516294,0.44623557,0.067395225,0.2525543,0.58723366,105.48664,2.5188973,102.72603,110.791916,0,1,1,1
0.0,25.668196,0.10736535,25.510708,25.777569,0.5242561,0.056739133,0.3765813,0.649571,104.36174,2.1300843,99.51972,108.11008,0,1,1,1
0.0,0.0,0.0,0.0,0.0,0.54830647,0.04259259,0.5034819,0.6115713,108.22151,1.3864046,105.744,111.44447,0,0,1,1
0.018227529,25.237085,0.01252823,25.14936,25.337477,0.45907512,0.07162901,0.27658594,0.586963,98.11404,0.6582289,97.41757,99.097046,1,1,1,1
0.03424298,24.665697,0.21522568,24.338701,25.069832,0.43205613,0.07146516,0.31337854,0.6027214,98.91428,2.194141,95.26858,104.04651,1,1,1,1
0.0,24.650204,0.18101862,24.424877,24.968954,0.47793087,0.053030815,0.32781157,0.57921183,104.697105,2.683193,98.52733,111.09272,0,1,1,1
0.0,0.0,0.0,0.0,0.0,0.5352008,0.02982068,0.47263828,0.62135446,103.23807,1.8780779,100.97042,107.08428,0,0,1,1
0.0,0.0,0.0,0.0,0.0,0.5431575,0.04676558,0.42713726,0.67662,103.86945,0.87562025,102.085,105.59613,0,0,1,1
0.006977323,24.59569,0.13693678,24.40705,24.836555,0.0,0.0,0.0,0.0,0.0,0.0,0.0,0.0,1,1,0,0
0.102714546,24.851906,0.17439957,24.616795,25.188505,0.4825915,0.065282285,0.3062923,0.66025954,92.65868,1.837343,89.71173,94.920975,1,1,1,1
0.0,24.44977,0.15324715,24.084057,24.791883,0.45971408,0.043096863,0.33175024,0.5241785,106.29925,1.6329095,103.86102,108.72169,0,1,1,1
0.0,0.0,0.0,0.0,0.0,0.49720272,0.0048157224,0.48192206,0.5109599,102.428444,1.1027042,99.87188,104.08802,0,0,1,1
0.037475396,24.649668,0.149586,24.492208,25.021584,0.48603895,0.030699745,0.39993826,0.51799387,101.62442,3.3148654,94.38364,104.97268,1,1,1,1
0.0,0.0,0.0,0.0,0.0,0.5213062,0.04953154,0.39321557,0.63222855,97.44582,1.2484083,94.38705,99.51671,0,0,1,1
0.0,0.0,0.0,0.0,0.0,0.52918935,0.062021837,0.39861208,0.64483964,90.708786,1.653962,86.74231,93.76273,0,0,1,1
0.0,24.572172,0.20259275,24.114822,24.945848,0.5354831,0.08342242,0.41724926,0.70205677,92.271545,1.9717603,87.76816,96.04754,0,1,1,1
0.0,24.785162,0.09470824,24.582727,24.935566,0.54722077,0.052732047,0.4343205,0.6000206,99.423325,2.7450185,94.343216,104.21294,0,1,1,1
0.041086044,25.475504,0.0697472,25.304144,25.641388,0.50535774,0.024414921,0.47253576,0.55630445,100.50085,1.8011307,96.354,102.598236,1,1,1,1
0.0,0.0,0.0,0.0,0.0,0.50319886,0.04253114,0.45143113,0.5587895,97.89331,2.685015,95.01207,100.644745,0,0,1,1
0.0,24.051214,0.18520951,23.67011,24.457375,0.57308996,0.03307796,0.5297946,0.6262517,98.861176,2.540548,92.94466,102.2601,0,1,1,1
0.012510028,23.86241,0.2210538,23.457926,24.197538,0.48483992,0.07191045,0.2980011,0.6284133,103.05371,0.5037496,102.16133,104.094765,1,1,1,1
0.0,25.011036,0.12505312,24.851385,25.31867,0.565502,0.067486845,0.43283528,0.745989,101.327644,2.0626564,98.83044,104.34032,0,1,1,1
0.0064622513,25.602085,0.20396578,25.163843,26.04837,0.0,0.0,0.0,0.0,0.0,0.0,0.0,0.0,1,1,0,0
0.0,24.853884,0.21610679,24.341125,25.32955,0.50807625,0.082962245,0.2957995,0.6395871,102.72939,1.274364,99.914345,104.16968,0,1,1,1
0.0,25.645433,0.16783781,25.367247,25.885485,0.4969954,0.05025157,0.42462826,0.6412728,100.20168,1.7814122,97.76166,102.51473,0,1,1,1
0.06199054,24.932701,0.22805932,24.46705,25.285795,0.51759654,0.059425008,0.3435665,0.65092385,98.32534,2.6041646,92.45746,103.54061,1,1,1,1
0.0,24.90758,0.17022726,24.573238,25.126263,0.58027416,0.07097906,0.4242823,0.71026284,96.286606,1.1707207,93.672165,97.837776,0,1,1,1
0.0,0.0,0.0,0.0,0.0,0.5463428,0.044945553,0.4765359,0.594004,102.90599,1.4215598,101.37397,105.93934,0,0,1,1
0.0,24.898075,0.21906395,24.396688,25.21484,0.44048283,0.05981214,0.35636908,0.53829426,103.924774,2.2542841,100.260254,109.15291,0,1,1,1
0.0,24.63498,0.055103224,24.504797,24.763647,0.5278788,0.023249127,0.4851092,0.5609493,100.39225,1.9568343,96.74523,103.40558,0,1,1,1
0.03369258,25.808393,0.24004953,25.468185,26.067648,0.0,0.0,0.0,0.0,0.0,0.0,0.0,0.0,1,1,0,0
0.0,0.0,0.0,0.0,0.0,0.62463695,0.04144891,0.5478974,0.7064609,106.98046,2.6777718,102.90484,113.48324,0,0,1,1
0.0,0.0,0.0,0.0,0.0,0.5035068,0.066122,0.35800222,0.5818293,103.93259,1.972763,100.70637,106.79135,0,0,1,1
0.0,0.0,0.0,0.0,0.0,0.471028,0.040731106,0.39526597,0.58371836,90.73636,2.603231,85.46102,93.577126,0,0,1,1
0.03007944,25.631245,0.14680646,25.265936,25.944168,0.4536961,0.07453882,0.270291,0.64776564,105.953,1.5430425,102.9326,108.687904,1,1,1,1
0.1391908,24.066496,0.2332388,23.568443,24.6273,0.4863004,0.020453844,0.44215474,0.5135977,106.837006,2.0361562,102.58733,111.30371,1,1,1,1
0.020449068,26.149261,0.10465315,26.005337,26.39149,0.0,0.0,0.0,0.0,0.0,0.0,0.0,0.0,1,1,0,0
0.0,25.241465,0.12852637,25.096579,25.468609,0.42090237,0.050191045,0.32407355,0.5056064,100.684364,2.3415184,95.08399,103.60569,0,1,1,1
0.005646254,24.587837,0.15398364,24.356018,24.89474,0.5068387,0.041034203,0.3869154,0.60373557,93.93641,2.2992368,89.94273,98.665215,1,1,1,1
0.097214125,25.769676,0.1105122,25.621668,25.967184,0.0,0.0,0.0,0.0,0.0,0.0,0.0,0.0,1,1,0,0
0.0,0.0,0.0,0.0,0.0,0.43866158,0.048990518,0.35547525,0.55605704,96.09405,2.365652,93.645744,99.00446,0,0,1,1
0.017045267,25.400919,0.14264633,25.254938,25.587778,0.0,0.0,0.0,0.0,0.0,0.0,0.0,0.0,1,1,0,0
0.0015505448,25.027721,0.18482059,24.621624,25.369942,0.4949611,0.07773986,0.40764448,0.6396948,101.41044,2.1729047,98.325485,105.81871,1,1,1,1
0.0,26.707176,0.13126025,26.452318,26.944431,0.475599,0.08088899,0.30654377,0.6002879,92.06254,1.4696718,89.21645,94.58136,0,1,1,1
0.0,24.779993,0.0666621,24.684301,24.890636,0.56496733,0.04435942,0.45007402,0.6344324,103.78889,1.8408055,100.146034,107.30886,0,1,1,1
0.0,0.0,0.0,0.0,0.0,0.4927591,0.024562897,0.43354046,0.5289288,97.779396,2.5315697,94.193306,101.70361,0,0,1,1
0.02327496,25.450254,0.12802683,25.231976,25.5837,0.0,0.0,0.0,0.0,0.0,0.0,0.0,0.0,1,1,0,0
0.0,25.327654,0.2045236,24.831913,25.631613,0.522995,0.04857666,0.41417235,0.6169464,90.737885,1.3383204,89.17569,92.316864,0,1,1,1
0.0,0.0,0.0,0.0,0.0,0.48353043,0.05085245,0.33576044,0.5364149,97.61558,3.0841079,90.300385,103.99761,0,0,1,1
0.043325365,24.36674,0.19196007,24.101421,24.59972,0.0,0.0,0.0,0.0,0.0,0.0,0.0,0.0,1,1,0,0
0.051588126,24.500944,0.15795481,24.31136,24.704464,0.0,0.0,0.0,0.0,0.0,0.0,0.0,0.0,1,1,0,0
0.0,0.0,0.0,0.0,0.0,0.513377,0.043902643,0.40758276,0.6038467,105.74371,1.4875945,102.28974,108.45191,0,0,1,1
0.0,0.0,0.0,0.0,0.0,0.48498458,0.06917613,0.296074,0.6076164,98.9464,1.7696624,95.79985,102.16237,0,0,1,1
0.035840955,26.286068,0.1411087,26.10107,26.545721,0.0,0.0,0.0,0.0,0.0,0.0,0.0,0.0,1,1,0,0
0.013465897,24.170357,0.14560363,24.016886,24.424528,0.50429994,0.0033164592,0.4813179,0.5242539,104.33183,1.4323777,102.50056,106.17434,1,1,1,1
0.0,0.0,0.0,0.0,0.0,0.43230963,0.043032613,0.31339163,0.49339533,94.2542,2.0072348,91.35778,97.54232,0,0,1,1
0.0,25.428469,0.09081204,25.328266,25.600103,0.44537228,0.058347415,0.37465492,0.54992706,102.81429,2.012276,98.70483,105.65315,0,1,1,1
0.016082926,25.191732,0.084908865,25.088358,25.343111,0.0,0.0,0.0,0.0,0.0,0.0,0.0,0.0,1,1,0,0
0.0,0.0,0.0,0.0,0.0,0.51618594,0.07471566,0.43328533,0.61173195,95.09457,1.7104763,93.159996,97.93657,0,0,1,1
0.067409925,25.376497,0.07007507,25.202312,25.55129,0.4681752,0.05642092,0.40265015,0.56110877,92.38843,1.8382583,90.287575,95.47631,1,1,1,1
0.0,0.0,0.0,0.0,0.0,0.447608,0.029187983,0.39757302,0.5265246,112.112236,1.6669756,109.98483,115.01769,0,0,1,1
0.0,24.853535,0.13418172,24.596128,25.04081,0.51975864,0.056461666,0.45844093,0.6400387,103.32916,2.0087597,99.95614,105.602295,0,1,1,1
0.0,24.139467,0.11222296,23.97424,24.40359,0.5175655,0.07198368,0.3517205,0.6849882,105.99865,2.328809,101.88524,109.56776,0,1,1,1
0.0,0.0,0.0,0.0,0.0,0.50575906,0.04391319,0.45095363,0.5841639,103.51513,2.8659353,99.020584,109.91285,0,0,1,1
0.013374644,24.960285,0.12961346,24.779135,25.161196,0.0,0.0,0.0,0.0,0.0,0.0,0.0,0.0,1,1,0,0
0.0,23.798311,0.112006605,23.5739,24.002247,0.45855623,0.07619052,0.2528941,0.5794001,97.72441,1.8323703,93.692986,102.21414,0,1,1,1
0.0,0.0,0.0,0.0,0.0,0.4690973,0.029305581,0.43283004,0.5446554,101.17298,3.1905549,93.626884,105.22981,0,0,1,1
0.0,0.0,0.0,0.0,0.0,0.5156356,0.04492325,0.43300754,0.57626575,101.637054,1.8210522,98.04264,105.02599,0,0,1,1
0.018810079,24.455162,0.16417207,24.063639,24.752136,0.46548352,0.06203791,0.38134345,0.54004705,98.77139,1.5452774,96.79393,100.82493,1,1,1,1
0.014736108,24.815483,0.13409863,24.548876,25.062168,0.55831444,0.05723201,0.49015298,0.6970449,108.61415,2.1196687,104.84565,111.75642,1,1,1,1
0.0,0.0,0.0,0.0,0.0,0.483951,0.050103728,0.35690224,0.5608979,93.217,0.9202608,91.857796,94.80475,0,0,1,1
0.24215913,24.723015,0.17936288,24.414705,25.117191,0.0,0.0,0.0,0.0,0.0,0.0,0.0,0.0,1,1,0,0
0.0,0.0,0.0,0.0,0.0,0.6099424,0.049648043,0.5178523,0.7102638,100.460884,1.8941821,97.13741,104.78712,0,0,1,1
0.019469934,24.893791,0.15305074,24.631826,25.105433,0.0,0.0,0.0,0.0,0.0,0.0,0.0,0.0,1,1,0,0
0.04525501,24.76757,0.19329084,24.436853,25.129276,0.49507913,0.054898784,0.43237513,0.5994884,96.85796,2.127002,93.83688,101.72881,1,1,1,1
0.08363062,24.90561,0.14198536,24.66575,25.252483,0.45876887,0.002243916,0.44286767,0.48454994,97.45011,2.7753742,90.57057,102.948074,1,1,1,1
0.0,0.0,0.0,0.0,0.0,0.55130947,0.049604844,0.43231502,0.6489631,97.79343,2.5282505,94.87026,100.82954,0,0,1,1
0.012580367,25.330208,0.19088557,25.059208,25.669737,0.0,0.0,0.0,0.0,0.0,0.0,0.0,0.0,1,1,0,0
0.112134084,23.548832,0.21382354,23.095682,24.003553,0.0,0.0,0.0,0.0,0.0,0.0,0.0,0.0,1,1,0,0
0.0007228205,24.514822,0.11956216,24.31467,24.654737,0.46468124,0.035328474,0.3813777,0.50503826,95.00008,2.2496989,92.13712,97.29734,1,1,1,1
0.0,0.0,0.0,0.0,0.0,0.48478448,0.045722887,0.35925227,0.5856679,96.1674,2.2448404,93.06128,101.69936,0,0,1,1
0.0,24.634539,0.21914361,24.161299,24.87576,0.5152664,0.04707772,0.3864472,0.6129056,101.42562,1.7335626,97.53865,104.39768,0,1,1,1
0.0,26.196657,0.14419004,25.867653,26.345343,0.5727259,0.05752139,0.47606027,0.6474845,97.2015,2.2528386,92.089195,99.693085,0,1,1,1
0.0,0.0,0.0,0.0,0.0,0.5228006,0.023367105,0.45474684,0.559207,93.272644,1.8421031,90.64819,97.3721,0,0,1,1
0.024651205,25.044193,0.11269026,24.785715,25.192652,0.0,0.0,0.0,0.0,0.0,0.0,0.0,0.0,1,1,0,0
0.0,0.0,0.0,0.0,0.0,0.5204968,0.056732476,0.3665547,0.6100323,106.02254,2.0554504,102.87144,109.97573,0,0,1,1
0.277573,25.601923,0.19109686,25.392115,25.814497,0.0,0.0,0.0,0.0,0.0,0.0,0.0,0.0,1,1,0,0
0.045145817,23.775484,0.16591457,23.438332,24.058813,0.52703047,0.09240162,0.3698927,0.62168956,100.04423,2.6213944,96.069176,106.36172,1,1,1,1
0.035257883,25.030613,0.21899162,24.504564,25.508406,0.58595544,0.042271085,0.4740014,0.67479503,116.35513,1.1652627,114.83758,118.48342,1,1,1,1
0.0,0.0,0.0,0.0,0.0,0.5198617,0.08900278,0.28132412,0.7726941,105.81232,2.4932535,103.06617,110.07848,0,0,1,1
0.0012974193,25.384472,0.15155675,25.204586,25.66528,0.45757374,0.029028168,0.37341323,0.531075,99.86522,2.1507406,95.02933,102.606026,1,1,1,1
0.038387492,23.898094,0.110473275,23.735607,24.089128,0.0,0.0,0.0,0.0,0.0,0.0,0.0,0.0,1,1,0,0
0.0,0.0,0.0,0.0,0.0,0.5755568,0.042610895,0.47674495,0.70158356,97.66605,2.6074429,92.75583,100.84696,0,0,1,1
0.0,0.0,0.0,0.0,0.0,0.46003318,0.056852944,0.38966885,0.5751083,93.64375,1.2421052,92.08548,96.23403,0,0,1,1
0.0,0.0,0.0,0.0,0.0,0.48065516,0.06532368,0.3471339,0.58779967,95.2077,2.9859142,88.45049,102.29303,0,0,1,1
0.006802286,24.591959,0.14348029,24.336794,24.876062,0.42130706,0.032686036,0.37683168,0.5034481,102.25544,1.8170052,98.26346,106.10731,1,1,1,1
0.0,0.0,0.0,0.0,0.0,0.4778315,0.071922846,0.32024217,0.6819805,100.05123,2.000189,97.56071,103.16537,0,0,1,1
0.02523538,25.02607,0.16229737,24.863228,25.312685,0.5306522,0.039158385,0.44343913,0.587701,96.420715,2.0701,93.77074,98.91965,1,1,1,1
0.013793703,23.937277,0.24184476,23.489613,24.479761,0.5510772,0.061546654,0.45238277,0.6176547,97.64539,2.0203278,92.8613,99.99797,1,1,1,1
0.013277022,25.215076,0.10531218,24.955956,25.423605,0.52595514,0.046007365,0.44918972,0.58567065,92.67734,1.2809386,89.812195,94.76702,1,1,1,1
0.0,0.0,0.0,0.0,0.0,0.47760668,0.08909385,0.35734478,0.5936617,98.1515,1.5825398,94.214386,100.29301,0,0,1,1
0.0,25.268986,0.1410417,24.990873,25.418596,0.4222645,0.038202375,0.34308475,0.47863862,104.37828,0.45811516,103.53388,105.35522,0,1,1,1
0.061990432,24.584791,0.1861137,24.249706,24.917448,0.0,0.0,0.0,0.0,0.0,0.0,0.0,0.0,1,1,0,0
0.038106125,24.354748,0.103841744,24.117542,24.578613,0.0,0.0,0.0,0.0,0.0,0.0,0.0,0.0,1,1,0,0
0.0,24.721354,0.09929654,24.553482,24.840109,0.47672066,0.03628786,0.4268092,0.56789804,106.35021,1.6267235,103.465065,110.117935,0,1,1,1
0.008869213,24.548782,0.14175779,24.354872,24.708567,0.51557046,0.05734107,0.36068514,0.6570131,103.82671,1.0047909,101.79494,105.18474,1,1,1,1
0.021348028,24.968105,0.06723137,24.833689,25.122639,0.0,0.0,0.0,0.0,0.0,0.0,0.0,0.0,1,1,0,0
0.0,0.0,0.0,0.0,0.0,0.5090329,0.08815897,0.412293,0.6024165,104.09035,1.0216353,102.523895,105.53322,0,0,1,1
0.0,0.0,0.0,0.0,0.0,0.49814197,0.029594734,0.45175174,0.5319089,102.12124,2.0135293,98.06675,104.89098,0,0,1,1
0.057687726,25.35391,0.2734598,24.980928,25.73986,0.0,0.0,0.0,0.0,0.0,0.0,0.0,0.0,1,1,0,0
0.008708594,24.629812,0.19930871,24.339785,25.091116,0.0,0.0,0.0,0.0,0.0,0.0,0.0,0.0,1,1,0,0
0.057561282,24.549868,0.23928104,24.134993,24.816187,0.0,0.0,0.0,0.0,0.0,0.0,0.0,0.0,1,1,0,0
0.0,0.0,0.0,0.0,0.0,0.5128848,0.039667506,0.39536884,0.6058667,101.07849,1.9706562,96.4098,104.95209,0,0,1,1
0.0,0.0,0.0,0.0,0.0,0.50295466,0.037179682,0.42883787,0.5944032,102.13818,1.7758315,97.75709,105.0717,0,0,1,1
0.009454811,23.70858,0.16202107,23.376455,23.948816,0.55428046,0.023846662,0.52536017,0.6245449,108.00786,2.5246854,102.926285,112.301155,1,1,1,1
0.0076680947,24.550787,0.1545647,24.346292,24.922966,0.49201936,0.04422188,0.43813312,0.59132856,103.92671,1.2606285,102.29708,105.688484,1,1,1,1
0.0,25.623552,0.09063385,25.496038,25.802351,0.464792,0.078629546,0.2776927,0.5710755,108.97116,0.9507733,108.019066,110.5976,0,1,1,1
0.0,24.451267,0.16503572,24.039965,24.843655,0.55289173,0.05544667,0.44602332,0.70197827,102.82355,2.014839,100.432594,106.09786,0,1,1,1
0.120934725,25.215012,0.23905192,24.946169,25.661772,0.0,0.0,0.0,0.0,0.0,0.0,0.0,0.0,1,1,0,0
0.046230435,24.815971,0.18220742,24.550001,25.007723,0.0,0.0,0.0,0.0,0.0,0.0,0.0,0.0,1,1,0,0
0.01946339,25.385292,0.17229642,25.01656,25.7481,0.0,0.0,0.0,0.0,0.0,0.0,0.0,0.0,1,1,0,0
0.0,25.186825,0.17188366,24.794094,25.546558,0.4550991,0.0012332518,0.4305588,0.48218966,98.23452,2.5608249,94.13638,102.63335,0,1,1,1
0.047618482,24.724955,0.1924258,24.507578,25.040888,0.4853648,0.06514237,0.3405019,0.6679174,101.651535,2.826369,97.36351,106.980804,1,1,1,1
0.0,0.0,0.0,0.0,0.0,0.5022069,0.048918497,0.40957522,0.60425746,100.948204,1.2594866,99.55617,102.84362,0,0,1,1
0.0,0.0,0.0,0.0,0.0,0.50487965,0.08981974,0.3414024,0.65154815,97.24592,3.161228,92.96241,104.71891,0,0,1,1
0.0106100645,25.040472,0.19230627,24.78308,25.45753,0.0,0.0,0.0,0.0,0.0,0.0,0.0,0.0,1,1,0,0
0.0,25.47225,0.11508737,25.280657,25.693874,0.42174357,0.0320711,0.37705746,0.48779726,94.00299,0.20056641,92.8099,94.91166,0,1,1,1
0.0,24.63673,0.22597623,24.388649,25.17866,0.49905086,0.049153905,0.35926068,0.59807867,96.17452,2.1190171,91.96143,100.104164,0,1,1,1
0.0,0.0,0.0,0.0,0.0,0.52134204,0.041038744,0.4476911,0.562742,95.66205,2.0493474,93.38215,99.035095,0,0,1,1
0.023709582,26.512424,0.19428429,26.147566,26.988503,0.59264326,0.03425996,0.507021,0.6362789,97.76937,2.390753,95.318275,101.14355,1,1,1,1
0.0039493656,25.968468,0.15504508,25.711826,26.172056,0.0,0.0,0.0,0.0,0.0,0.0,0.0,0.0,1,1,0,0
0.051432855,24.882998,0.120353706,24.683887,25.107882,0.0,0.0,0.0,0.0,0.0,0.0,0.0,0.0,1,1,0,0
0.01608355,24.943665,0.20395619,24.586555,25.313,0.47550738,0.013748232,0.4542073,0.50753814,102.87674,2.2955306,99.19642,105.78836,1,1,1,1
0.0,0.0,0.0,0.0,0.0,0.5275864,0.05852895,0.36265498,0.65560246,95.58567,1.5915337,92.22719,97.9703,0,0,1,1
0.0,0.0,0.0,0.0,0.0,0.514369,0.053095844,0.4482147,0.58403164,99.745766,1.7503719,97.273544,102.6227,0,0,1,1
0.029200166,24.906363,0.1354113,24.729984,25.190327,0.0,0.0,0.0,0.0,0.0,0.0,0.0,0.0,1,1,0,0
0.004069098,24.971348,0.13646631,24.777828,25.211267,0.49608135,0.046240017,0.3781516,0.60356283,93.8487,1.2645353,92.13298,95.95262,1,1,1,1
0.023787286,24.63469,0.1584103,24.34454,24.845827,0.0,0.0,0.0,0.0,0.0,0.0,0.0,0.0,1,1,0,0
0.0,0.0,0.0,0.0,0.0,0.5089586,0.10714946,0.36972123,0.7440097,106.028366,2.257607,100.858955,111.14904,0,0,1,1
0.0,0.0,0.0,0.0,0.0,0.4250945,0.0820175,0.2784743,0.6711002,109.19306,1.7616457,106.26317,111.66478,0,0,1,1
0.0,0.0,0.0,0.0,0.0,0.4574988,0.023880353,0.40943366,0.52382827,98.25808,2.859104,94.16173,101.88866,0,0,1,1
0.0,0.0,0.0,0.0,0.0,0.5033985,0.01886568,0.46294433,0.55544645,109.906,2.405489,106.71856,112.74656,0,0,1,1
0.02279435,25.507704,0.12762682,25.301985,25.70993,0.5204346,0.060853526,0.35250607,0.6390238,97.69032,1.0701233,95.84175,99.91083,1,1,1,1
0.0,24.658936,0.14670983,24.37363,24.97896,0.4991283,0.049204756,0.43479455,0.58413416,109.40438,1.8968982,106.97295,113.74356,0,1,1,1
0.0,24.596611,0.22348619,24.194948,25.088505,0.467479,0.04094762,0.37284133,0.565027,90.550735,1.0790355,89.08663,93.21699,0,1,1,1
0.016735235,24.389206,0.21002102,24.129175,24.64934,0.44986108,0.0192783,0.4214966,0.4694956,104.34088,2.6316571,101.58624,109.42485,1,1,1,1
0.0,0.0,0.0,0.0,0.0,0.48393288,0.045976203,0.3577001,0.5834407,98.826614,2.8482242,95.08855,105.14347,0,0,1,1
0.0,0.0,0.0,0.0,0.0,0.47354808,0.045534205,0.40762052,0.5473809,103.331436,2.3558626,99.79951,107.92457,0,0,1,1
0.0,0.0,0.0,0.0,0.0,0.48337016,0.09306936,0.38902053,0.73557794,100.90168,1.0537429,98.90668,102.308754,0,0,1,1
0.01768697,24.340645,0.12293428,24.076302,24.494307,0.4860817,0.058827173,0.3361872,0.62147593,107.963646,1.8796989,105.4215,111.34272,1,1,1,1
0.013672686,25.368786,0.21275792,25.016424,25.874983,0.39588794,0.051411793,0.279747,0.5125935,110.531204,2.8684175,106.27688,115.946785,1,1,1,1
0.00161544,25.214146,0.09558461,25.090147,25.438156,0.41354644,0.048973143,0.28984123,0.48609945,98.312614,2.5795567,94.19326,101.8432,1,1,1,1
0.014221741,25.633966,0.18418144,25.29547,25.85138,0.52681506,0.042283226,0.43808204,0.6155789,91.64471,2.4897714,88.5252,94.73647,1,1,1,1
0.010203876,26.133627,0.21925299,25.823523,26.518366,0.0,0.0,0.0,0.0,0.0,0.0,0.0,0.0,1,1,0,0
0.0,25.677982,0.10850908,25.487158,25.946701,0.5561551,0.09130049,0.43755364,0.7113658,103.04445,1.3671376,100.48514,105.26612,0,1,1,1
0.0,25.152733,0.12559456,24.949219,25.426012,0.47952673,0.027815258,0.43555245,0.53027457,99.10948,1.010544,97.54664,101.628,0,1,1,1
0.02312497,24.572557,0.17932911,24.387094,24.917156,0.595027,0.021224497,0.5668109,0.6284803,101.37818,1.6537962,99.29832,104.55054,1,1,1,1
0.0,0.0,0.0,0.0,0.0,0.49670857,0.038722508,0.44894794,0.60717547,105.38739,1.7597209,103.485725,108.48313,0,0,1,1
0.0,0.0,0.0,0.0,0.0,0.4871024,0.04401028,0.3943025,0.5797483,101.17323,0.88654524,100.00235,103.27882,0,0,1,1
0.0,0.0,0.0,0.0,0.0,0.45923567,0.056040823,0.3835598,0.5398789,92.942314,3.1721022,89.506645,96.3042,0,0,1,1
0.07967194,25.65612,0.12996855,25.363377,25.960749,0.0,0.0,0.0,0.0,0.0,0.0,0.0,0.0,1,1,0,0
0.023117933,23.868217,0.20809332,23.592285,24.095901,0.49736392,0.07027794,0.344224,0.63162714,96.14419,0.8440187,94.1107,97.147285,1,1,1,1
0.039190665,25.54228,0.097535156,25.353207,25.7623,0.0,0.0,0.0,0.0,0.0,0.0,0.0,0.0,1,1,0,0
0.0,25.25152,0.15741116,25.082659,25.454292,0.5015589,0.04964303,0.39946166,0.6165214,100.36434,2.0240853,96.294235,102.55326,0,1,1,1
0.01403156,25.534546,0.11615048,25.397068,25.768286,0.49755782,0.08827572,0.33106062,0.6466564,100.19523,2.2907932,97.02029,103.07758,1,1,1,1
0.08426449,24.867508,0.18551375,24.661692,25.073387,0.0,0.0,0.0,0.0,0.0,0.0,0.0,0.0,1,1,0,0
0.044681694,24.195875,0.1499415,24.037416,24.411682,0.0,0.0,0.0,0.0,0.0,0.0,0.0,0.0,1,1,0,0
0.0,25.645424,0.26559156,25.156391,25.950361,0.4561122,0.08212398,0.30134425,0.5608424,100.1828,1.4284195,98.24895,103.32585,0,1,1,1
0.010744093,25.477213,0.23232466,25.092386,25.906374,0.4900073,0.035844043,0.4322308,0.5445833,92.886856,1.7703513,89.76381,95.192184,1,1,1,1
0.066325836,25.048832,0.10317011,24.829329,25.28754,0.0,0.0,0.0,0.0,0.0,0.0,0.0,0.0,1,1,0,0
0.009947603,24.651209,0.17344348,24.247347,24.920515,0.0,0.0,0.0,0.0,0.0,0.0,0.0,0.0,1,1,0,0
0.0,0.0,0.0,0.0,0.0,0.4757649,0.07157977,0.27965683,0.67861575,107.92631,1.4675709,104.53201,111.2105,0,0,1,1
0.02315265,24.474623,0.11763611,24.188015,24.645664,0.0,0.0,0.0,0.0,0.0,0.0,0.0,0.0,1,1,0,0
0.10900354,24.456896,0.115068376,24.236807,24.629286,0.0,0.0,0.0,0.0,0.0,0.0,0.0,0.0,1,1,0,0
0.0,0.0,0.0,0.0,0.0,0.6115893,0.06452793,0.44866896,0.7514205,95.21752,3.441836,90.42154,99.137215,0,0,1,1
0.0,25.836111,0.06296018,25.704592,25.930752,0.49600768,0.048793714,0.34975383,0.5735457,94.61386,2.160279,91.07506,97.587204,0,1,1,1
0.055201627,25.19656,0.17851004,24.930185,25.398228,0.0,0.0,0.0,0.0,0.0,0.0,0.0,0.0,1,1,0,0
0.0,25.042776,0.09141208,24.945723,25.154108,0.5126173,0.040433343,0.39768708,0.5884515,91.74411,1.8355345,87.86406,94.25904,0,1,1,1
0.0,24.19845,0.1689876,23.853277,24.536219,0.47814864,0.060748596,0.37612942,0.54404134,105.98249,2.6189315,102.19242,108.87412,0,1,1,1
0.029384214,25.232298,0.15244624,24.929441,25.533594,0.4844126,0.067357525,0.33681375,0.60790175,110.22411,1.5617436,107.15231,111.966866,1,1,1,1
0.19626948,25.493338,0.2027478,25.24639,25.999302,0.0,0.0,0.0,0.0,0.0,0.0,0.0,0.0,1,1,0,0
0.03978843,24.941765,0.22131635,24.64861,25.438301,0.5392596,0.024886796,0.47537953,0.57355094,92.562645,2.167411,90.11564,95.35024,1,1,1,1
0.0,25.31895,0.100767374,25.159586,25.5676,0.39983153,0.064812854,0.281659,0.505111,105.54174,1.5664779,103.87931,108.71029,0,1,1,1
0.0,23.892473,0.15616547,23.70198,24.17812,0.59876716,0.01948286,0.5729166,0.62707597,104.541306,2.208902,99.76554,107.84759,0,1,1,1
0.0,0.0,0.0,0.0,0.0,0.5463625,0.08541595,0.45560342,0.79576725,101.694695,3.6992304,95.8603,108.109695,0,0,1,1
0.0001403114,24.540167,0.10952413,24.278212,24.748426,0.5756072,0.08607861,0.37624356,0.7351852,106.75495,2.4991486,101.14442,110.01955,1,1,1,1
0.009092256,25.797924,0.053423196,25.72282,25.917591,0.4236707,0.03690209,0.35388148,0.46100456,108.13927,3.4158125,103.8291,116.32863,1,1,1,1
0.018351141,26.012543,0.20512332,25.77336,26.250347,0.0,0.0,0.0,0.0,0.0,0.0,0.0,0.0,1,1,0,0
0.09759558,25.072744,0.049087796,24.975302,25.127464,0.0,0.0,0.0,0.0,0.0,0.0,0.0,0.0,1,1,0,0
0.0,0.0,0.0,0.0,0.0,0.4406776,0.07868037,0.25453642,0.539546,97.17598,2.2073188,93.07116,102.69051,0,0,1,1
0.0050165113,24.742426,0.1433085,24.568338,24.974321,0.0,0.0,0.0,0.0,0.0,0.0,0.0,0.0,1,1,0,0
0.0073464215,24.66999,0.24073377,24.338799,25.258942,0.53751004,0.056142166,0.4527465,0.6128759,100.37896,2.628153,95.282776,106.45616,1,1,1,1
0.0,0.0,0.0,0.0,0.0,0.48416886,0.044984348,0.3684721,0.5823686,96.664246,1.5319885,94.05661,98.94794,0,0,1,1
0.0,25.687593,0.08740739,25.577106,25.800272,0.48662436,0.0820882,0.3316961,0.609684,96.804306,1.4200121,94.78426,100.173805,0,1,1,1
0.07943736,25.713001,0.13439523,25.508703,26.016657,0.0,0.0,0.0,0.0,0.0,0.0,0.0,0.0,1,1,0,0
0.0,25.002974,0.16181354,24.693907,25.254446,0.5015376,0.028295293,0.4421385,0.5636986,106.43585,1.6254793,104.10317,110.430244,0,1,1,1
0.0,0.0,0.0,0.0,0.0,0.53061724,0.06917022,0.42162415,0.60868955,104.714775,1.1603438,102.40206,107.405045,0,0,1,1
0.0,0.0,0.0,0.0,0.0,0.5357769,0.037467368,0.44807595,0.58442986,105.03195,3.601215,100.88408,109.57678,0,0,1,1
0.19190472,24.95428,0.16615988,24.783447,25.245367,0.0,0.0,0.0,0.0,0.0,0.0,0.0,0.0,1,1,0,0
0.19747233,24.038635,0.1482987,23.735014,24.27248,0.0,0.0,0.0,0.0,0.0,0.0,0.0,0.0,1,1,0,0
0.0,0.0,0.0,0.0,0.0,0.45648265,0.08515533,0.20943199,0.6384868,102.850174,0.7007855,101.504265,103.99953,0,0,1,1
0.0,25.53954,0.17790586,25.359116,25.86951,0.49299622,0.030495273,0.43726784,0.5585286,107.38404,2.2602375,104.89562,112.68639,0,1,1,1
0.0,25.284203,0.13067636,25.142244,25.532087,0.4559186,0.062708184,0.3873002,0.60778373,103.35307,1.627085,100.195404,105.53379,0,1,1,1
0.006389327,24.408476,0.11389389,24.184961,24.627361,0.0,0.0,0.0,0.0,0.0,0.0,0.0,0.0,1,1,0,0
0.026829552,25.353977,0.18616316,25.117613,25.657627,0.0,0.0,0.0,0.0,0.0,0.0,0.0,0.0,1,1,0,0
0.0074173035,24.43277,0.1243274,24.203505,24.6301,0.5212857,0.058047306,0.41963798,0.65162677,106.522026,0.9212489,105.48848,108.043846,1,1,1,1
0.0,25.044989,0.22127707,24.627625,25.385881,0.53392017,0.06280605,0.356572,0.69714874,99.19812,1.0130326,97.5491,100.23454,0,1,1,1
0.022860395,24.97393,0.15832244,24.65954,25.329906,0.45528585,0.005801111,0.43805215,0.47626865,100.66285,2.2596917,97.84417,104.8819,1,1,1,1
0.0,26.002169,0.23571573,25.634563,26.299162,0.44974467,0.064372435,0.3834166,0.5231085,96.835785,1.8789468,92.442696,100.25257,0,1,1,1
0.024548296,25.247114,0.2744627,24.601847,25.8732,0.0,0.0,0.0,0.0,0.0,0.0,0.0,0.0,1,1,0,0
0.0,0.0,0.0,0.0,0.0,0.5254559,0.07682231,0.43891037,0.71883315,100.97966,2.6052048,94.84234,106.8647,0,0,1,1
0.04369016,24.715305,0.10771136,24.590767,24.855055,0.52451843,0.0800423,0.42873353,0.6206219,100.789665,1.6049807,99.01963,104.53445,1,1,1,1
0.17716709,25.192175,0.14058888,24.908012,25.521646,0.0,0.0,0.0,0.0,0.0,0.0,0.0,0.0,1,1,0,0
0.09520284,25.22708,0.14560205,24.92432,25.512535,0.0,0.0,0.0,0.0,0.0,0.0,0.0,0.0,1,1,0,0
0.2845997,25.870514,0.18854909,25.671556,26.167229,0.0,0.0,0.0,0.0,0.0,0.0,0.0,0.0,1,1,0,0
0.048285756,25.113853,0.1831299,24.864883,25.311586,0.0,0.0,0.0,0.0,0.0,0.0,0.0,0.0,1,1,0,0
0.0,0.0,0.0,0.0,0.0,0.5201158,0.037782293,0.4511032,0.58498096,90.02046,3.0635715,83.5275,96.76637,0,0,1,1
0.008877533,25.350897,0.1294162,25.080948,25.497322,0.5874877,0.07259162,0.4473859,0.7858165,95.770164,0.8849172,93.71818,97.73645,1,1,1,1
0.008621867,23.83012,0.1333869,23.571589,24.067423,0.0,0.0,0.0,0.0,0.0,0.0,0.0,0.0,1,1,0,0
0.19089362,24.942701,0.16587974,24.650232,25.289448,0.0,0.0,0.0,0.0,0.0,0.0,0.0,0.0,1,1,0,0
0.00034609617,24.803114,0.12459395,24.544605,25.02557,0.0,0.0,0.0,0.0,0.0,0.0,0.0,0.0,1,1,0,0
0.0,0.0,0.0,0.0,0.0,0.51157737,0.06699341,0.41753104,0.62556446,98.10132,1.3874233,94.954254,100.989075,0,0,1,1
0.009421322,24.788969,0.13654871,24.514996,24.986631,0.61005515,0.054974444,0.49466735,0.67562795,90.76502,1.8049829,87.67842,93.10727,1,1,1,1
0.018548446,25.258432,0.15833676,24.87652,25.468895,0.34340477,0.057656914,0.17102657,0.5006467,98.79315,1.9944623,96.66902,103.24313,1,1,1,1
0.010131507,25.090809,0.15976411,24.75504,25.41186,0.0,0.0,0.0,0.0,0.0,0.0,0.0,0.0,1,1,0,0
0.0,0.0,0.0,0.0,0.0,0.5573689,0.023290863,0.5007467,0.58663607,106.85372,2.029667,103.942924,109.247,0,0,1,1
0.0,25.396765,0.060913377,25.280355,25.473797,0.55661577,0.0616705,0.4565174,0.64585286,104.34236,0.7268696,103.078514,105.11506,0,1,1,1
0.0021360288,25.689096,0.106380746,25.5001,25.93069,0.49058765,0.056435827,0.42099053,0.6419235,102.83205,1.5830077,99.270485,104.47991,1,1,1,1
0.0,0.0,0.0,0.0,0.0,0.4756442,0.083039835,0.24622363,0.6642159,106.01891,2.4095976,103.12614,111.902565,0,0,1,1
0.058601383,25.786257,0.12004011,25.52628,26.062735,0.4408066,0.039644,0.40042248,0.5396674,102.67996,1.3615451,100.97266,105.71498,1,1,1,1
0.0,0.0,0.0,0.0,0.0,0.5014075,0.04114947,0.37857974,0.56294894,101.96015,3.5908613,95.392494,106.842705,0,0,1,1
0.15281437,25.6707,0.13445467,25.37165,25.812674,0.0,0.0,0.0,0.0,0.0,0.0,0.0,0.0,1,1,0,0
0.0,24.662579,0.09944837,24.50818,24.859295,0.52861977,0.06766799,0.39897317,0.60245645,101.36276,1.8116786,98.06718,103.37903,0,1,1,1
0.0,24.770403,0.08353506,24.68506,24.873436,0.4054814,0.060153235,0.26178938,0.4945868,98.044014,1.6229017,94.909706,101.61249,0,1,1,1
0.0,24.513222,0.1412535,24.16106,24.859785,0.46146604,0.049306873,0.37814218,0.526578,98.60204,1.9920964,94.99865,103.06651,0,1,1,1
0.0,25.439627,0.19810823,25.1327,25.65043,0.49816465,0.07018224,0.3601495,0.5835386,92.72686,1.4109778,89.39425,95.34837,0,1,1,1
0.03177372,24.377804,0.17413178,24.18775,24.682186,0.48562643,0.07649474,0.2893661,0.69326997,100.886154,3.7134619,97.11622,108.08712,1,1,1,1
0.0,24.232367,0.20552814,23.978617,24.69171,0.5640615,0.073164456,0.34764454,0.76793927,99.74512,1.9581019,95.323814,104.261734,0,1,1,1
0.020560121,26.023563,0.24991445,25.400993,26.602112,0.0,0.0,0.0,0.0,0.0,0.0,0.0,0.0,1,1,0,0
0.22049852,25.030838,0.13360545,24.697493,25.270397,0.49189326,0.05270852,0.42905658,0.5726598,100.26306,1.3942356,97.728966,103.43299,1,1,1,1
0.0031066425,25.18838,0.15291321,24.88979,25.433762,0.0,0.0,0.0,0.0,0.0,0.0,0.0,0.0,1,1,0,0
0.044627976,24.27738,0.08702644,24.152653,24.382221,0.544789,0.06182506,0.48137552,0.6292407,96.539566,1.8291141,92.99335,99.35018,1,1,1,1
0.23168539,24.10986,0.18316077,23.791634,24.359373,0.0,0.0,0.0,0.0,0.0,0.0,0.0,0.0,1,1,0,0
0.0075043514,26.924896,0.03634112,26.801962,27.002987,0.46920347,0.05853538,0.33593634,0.5440822,95.44157,2.5463789,89.668686,101.1779,1,1,1,1
0.0,0.0,0.0,0.0,0.0,0.42986548,0.081898734,0.32679573,0.5719948,106.10678,1.441298,103.8382,108.11272,0,0,1,1
0.0,25.915781,0.17187588,25.54728,26.187355,0.49747214,0.07609184,0.42131686,0.58207726,97.17747,1.6123644,94.73867,98.95021,0,1,1,1
0.00090497616,25.340986,0.14193237,25.044678,25.53901,0.47520873,0.0075225015,0.44607097,0.48901913,98.43029,1.3236703,96.73075,100.0651,1,1,1,1
0.0,25.968065,0.16015832,25.660862,26.284416,0.49733284,0.06728087,0.30646726,0.663275,102.72621,1.2975644,100.730965,104.57465,0,1,1,1
0.0042733466,24.479425,0.1010311,24.29325,24.63215,0.0,0.0,0.0,0.0,0.0,0.0,0.0,0.0,1,1,0,0
0.0,25.638681,0.14174004,25.35824,25.908516,0.49266416,0.06227171,0.30821773,0.60783666,100.44506,1.5493711,97.9067,104.2967,0,1,1,1
0.0,0.0,0.0,0.0,0.0,0.5809718,0.07879886,0.43428028,0.6655564,96.820984,1.787952,93.26144,99.14109,0,0,1,1
0.0,0.0,0.0,0.0,0.0,0.5378712,0.09266321,0.39655253,0.74596953,93.276276,2.5435958,90.21351,96.563255,0,0,1,1
0.0,0.0,0.0,0.0,0.0,0.5415312,0.046834018,0.42086622,0.602295,94.014725,3.3925517,88.04764,99.94316,0,0,1,1
0.0,25.372694,0.1822257,25.150244,25.740067,0.488306,0.07202385,0.41176024,0.68220145,100.77732,2.349316,97.55519,103.67426,0,1,1,1
0.0,0.0,0.0,0.0,0.0,0.5359638,0.026939692,0.48551333,0.5868612,93.33927,2.5568218,90.222755,97.8511,0,0,1,1
0.0,0.0,0.0,0.0,0.0,0.37036416,0.09110954,0.22247535,0.5438816,92.75379,1.4313192,90.27059,95.94241,0,0,1,1
0.006709715,26.087221,0.11571467,25.860407,26.233704,0.0,0.0,0.0,0.0,0.0,0.0,0.0,0.0,1,1,0,0
0.041450024,25.59464,0.10785939,25.387077,25.76376,0.48377016,0.03582977,0.41717032,0.5451836,101.537056,2.1222284,97.342834,104.0118,1,1,1,1
0.05848413,24.579264,0.17194083,24.1911,24.770452,0.0,0.0,0.0,0.0,0.0,0.0,0.0,0.0,1,1,0,0
0.0,24.323112,0.12584208,24.19197,24.536034,0.5500855,0.068886444,0.47764212,0.6238476,92.74147,2.547218,87.686195,98.154015,0,1,1,1
0.0,24.873503,0.14291105,24.647085,25.034986,0.4264892,0.06472112,0.29644307,0.6165823,89.57697,1.9044684,85.61657,94.13397,0,1,1,1
0.34922597,24.69124,0.11612454,24.407,24.842974,0.46791837,0.033971224,0.4279093,0.54898036,108.81746,3.4656453,101.66392,113.09809,1,1,1,1
0.0,25.593002,0.16432968,25.258133,25.882017,0.47612906,0.08228492,0.3134122,0.65720963,86.66541,1.9532479,82.177124,88.94066,0,1,1,1
0.012511459,25.146566,0.11161022,24.949707,25.336777,0.0,0.0,0.0,0.0,0.0,0.0,0.0,0.0,1,1,0,0
0.07967616,25.605812,0.077427335,25.423208,25.785536,0.0,0.0,0.0,0.0,0.0,0.0,0.0,0.0,1,1,0,0
0.0,0.0,0.0,0.0,0.0,0.585719,0.045397278,0.48240173,0.7177983,93.368256,1.8453817,88.97827,97.32628,0,0,1,1
0.0,25.332497,0.11256588,25.134161,25.524769,0.45843172,0.052903336,0.35050347,0.5249893,91.84671,2.987534,86.92066,95.755905,0,1,1,1
0.0,24.627174,0.11872477,24.335112,24.87124,0.5104333,0.06522301,0.4065868,0.6898912,96.69188,2.6328454,91.27188,102.76845,0,1,1,1
0.0,25.012304,0.1879364,24.577023,25.277967,0.49849883,0.06787637,0.4032493,0.58492607,100.05144,2.6052096,96.92512,105.005714,0,1,1,1
0.0,0.0,0.0,0.0,0.0,0.49217308,0.045246325,0.432854,0.58781177,94.81637,1.6285331,92.680504,96.45079,0,0,1,1
0.07037903,24.70285,0.2406868,24.455664,25.217398,0.5359174,0.07014598,0.3908154,0.62815696,104.6328,1.187799,101.880615,107.05158,1,1,1,1
0.0,0.0,0.0,0.0,0.0,0.45082098,0.038737997,0.36021432,0.55021167,96.75791,2.0360882,94.37227,100.00037,0,0,1,1
0.05403597,25.32209,0.3050943,24.839186,25.859167,0.53718036,0.082906656,0.35892856,0.7021473,102.81699,3.8003511,94.38325,107.903435,1,1,1,1
0.0,25.169098,0.08596564,25.022701,25.343227,0.5037122,0.0328444,0.45216945,0.5687987,100.51729,1.6085583,97.10699,103.2648,0,1,1,1
0.03410054,24.5695,0.13809942,24.31623,24.884777,0.6048755,0.014763661,0.5782561,0.6375684,92.765274,2.3966787,89.95507,95.32528,1,1,1,1
0.0,0.0,0.0,0.0,0.0,0.51481795,0.06100526,0.42369893,0.61824286,99.69016,1.6273355,95.94282,103.11146,0,0,1,1
0.17552812,24.92704,0.12822972,24.63548,25.086136,0.57196677,0.053293753,0.4715638,0.6755738,91.90133,0.71501094,90.20513,92.96704,1,1,1,1
0.014246171,25.373356,0.10977511,25.166634,25.57787,0.0,0.0,0.0,0.0,0.0,0.0,0.0,0.0,1,1,0,0
0.021478161,24.509892,0.25351992,24.008717,24.8435,0.0,0.0,0.0,0.0,0.0,0.0,0.0,0.0,1,1,0,0
0.033670336,24.495626,0.20378177,23.986328,24.791931,0.0,0.0,0.0,0.0,0.0,0.0,0.0,0.0,1,1,0,0
0.0,25.020824,0.123827666,24.84609,25.328978,0.44978827,0.031157624,0.39067063,0.49164152,110.60185,1.684693,107.63934,114.163795,0,1,1,1
0.24213567,25.436628,0.0914455,25.306778,25.646517,0.5742761,0.01989744,0.55125296,0.60053784,99.64859,1.020416,98.40687,102.00897,1,1,1,1
0.0,0.0,0.0,0.0,0.0,0.48733857,0.07336007,0.396647,0.6992479,103.60831,2.7586114,98.46929,108.44298,0,0,1,1
0.02015101,24.850578,0.09351023,24.696318,25.031723,0.5451362,0.051458497,0.39396015,0.69538116,92.01286,1.2900882,89.27272,93.6475,1,1,1,1
0.0,24.942791,0.14820106,24.579683,25.283028,0.510247,0.04902027,0.39328703,0.6018954,94.33154,2.869497,90.311165,97.60282,0,1,1,1
0.0,25.118261,0.13986154,24.954401,25.315123,0.51028293,0.068012945,0.42790502,0.6960935,107.09732,2.4260776,104.63446,112.12611,0,1,1,1
0.0,25.019947,0.23607884,24.434958,25.300428,0.47732243,0.07926347,0.35923776,0.5989081,98.39064,2.2321875,96.148834,102.0556,0,1,1,1
0.0,25.077425,0.1632712,24.75697,25.38348,0.5644416,0.069397956,0.4010435,0.64223164,100.38981,1.1349778,97.90568,101.97239,0,1,1,1
0.0,25.874363,0.18555751,25.581358,26.066515,0.44981554,0.015220256,0.42427498,0.48415947,89.472305,1.6189748,87.79091,93.31731,0,1,1,1
0.072084926,24.66382,0.1465826,24.434362,24.942278,0.4615435,0.07021048,0.3317627,0.5784362,99.7843,2.0826068,95.04766,102.66374,1,1,1,1
0.0,0.0,0.0,0.0,0.0,0.5225615,0.0945959,0.39158702,0.7769805,114.00043,2.5307093,109.53367,118.182755,0,0,1,1
0.0,0.0,0.0,0.0,0.0,0.47203818,0.052153725,0.37443876,0.61720306,96.740456,1.51915,93.71613,100.282455,0,0,1,1
0.0,24.126665,0.092636675,23.985004,24.350216,0.5109469,0.07130559,0.37183142,0.6465798,103.041985,2.1467755,98.26063,106.65796,0,1,1,1
0.0,0.0,0.0,0.0,0.0,0.5188048,0.07542144,0.42480543,0.70310307,98.47105,2.806878,93.04112,105.400795,0,0,1,1
0.028505286,24.064949,0.1824939,23.840101,24.481861,0.47832724,0.049208347,0.36743397,0.610124,85.82877,1.3301389,83.251205,88.05568,1,1,1,1
0.059698913,25.37689,0.13818668,25.231537,25.572105,0.4996282,0.015193609,0.4599374,0.5313126,106.30768,2.4137375,103.538086,112.258766,1,1,1,1
0.11836346,24.31112,0.12708612,24.18242,24.45629,0.41200948,0.017939998,0.37520143,0.4462915,97.766014,2.1134644,94.79348,102.34396,1,1,1,1
0.33381453,25.229902,0.23591186,24.97843,25.674978,0.46946964,0.03951634,0.4048803,0.55979514,94.95988,2.8861535,88.52484,99.542694,1,1,1,1
0.005292378,24.965178,0.1811821,24.63508,25.242815,0.445915,0.04877904,0.35965958,0.5548848,102.913734,2.0570712,99.298515,106.36867,1,1,1,1
0.0,24.645933,0.1429858,24.321444,24.869307,0.6205103,0.057849977,0.49534553,0.7514597,102.548256,1.8244967,100.20367,105.89359,0,1,1,1
0.13394772,24.891266,0.13391759,24.651628,25.216026,0.0,0.0,0.0,0.0,0.0,0.0,0.0,0.0,1,1,0,0
0.060967382,24.373652,0.12034217,24.162725,24.528698,0.5048029,0.030690866,0.46653095,0.594978,97.62793,1.4140764,95.17474,99.112854,1,1,1,1
0.0012058213,26.18012,0.27220502,25.655418,26.557453,0.0,0.0,0.0,0.0,0.0,0.0,0.0,0.0,1,1,0,0
0.0,0.0,0.0,0.0,0.0,0.46405265,0.044704564,0.4048346,0.5137566,99.43715,1.362365,96.24419,102.2343,0,0,1,1
0.0,0.0,0.0,0.0,0.0,0.4176883,0.08985486,0.21978872,0.521878,112.17383,1.7215432,109.93113,116.35761,0,0,1,1
0.053589083,23.96683,0.19096705,23.681885,24.219389,0.0,0.0,0.0,0.0,0.0,0.0,0.0,0.0,1,1,0,0
0.02065399,24.701084,0.09563823,24.53119,24.802952,0.48374203,0.0689936,0.3207838,0.63100994,93.3747,3.1308012,89.18052,98.85392,1,1,1,1
0.03984434,25.714315,0.12975718,25.507137,26.000135,0.4504225,0.027073981,0.4003035,0.49180925,90.440926,1.9675524,86.63663,93.358154,1,1,1,1
0.012288379,24.871847,0.24156502,24.286968,25.243877,0.0,0.0,0.0,0.0,0.0,0.0,0.0,0.0,1,1,0,0
0.07419313,25.405682,0.2392564,24.876286,25.99928,0.44980687,0.022630172,0.39989448,0.5026078,107.401146,2.3675504,102.712875,110.7641,1,1,1,1
0.0,0.0,0.0,0.0,0.0,0.49922645,0.042615734,0.4208029,0.58520114,96.00832,2.4198787,92.642815,101.7391,0,0,1,1
0.0,0.0,0.0,0.0,0.0,0.47730702,0.025817573,0.43902066,0.54046047,104.41892,1.7285326,101.02074,107.97991,0,0,1,1
0.0035545852,24.160965,0.17590925,23.82764,24.437836,0.48679978,0.026644962,0.42208984,0.55156356,99.525955,1.1358484,96.74244,100.86488,1,1,1,1
0.03099729,24.336878,0.0618941,24.190578,24.431896,0.0,0.0,0.0,0.0,0.0,0.0,0.0,0.0,1,1,0,0
0.0,25.446646,0.13123,25.296537,25.689062,0.50325847,0.088418014,0.31451094,0.728479,92.17236,3.0640743,84.736374,97.81586,0,1,1,1
0.0067696148,25.655144,0.11205076,25.380802,25.813316,0.51747787,0.04076014,0.42542535,0.60696644,101.237785,2.0309315,99.03088,103.65848,1,1,1,1
0.08520253,25.163857,0.20860565,24.723057,25.605,0.48003545,0.022428717,0.43389624,0.5423946,104.60207,1.2032152,103.301674,105.80762,1,1,1,1
0.0,25.208506,0.124011405,24.90284,25.33354,0.5887091,0.034192227,0.48835137,0.64899284,98.36129,2.4426208,93.89114,104.41915,0,1,1,1
0.0,0.0,0.0,0.0,0.0,0.5636211,0.07460517,0.4740269,0.71614045,109.43671,1.9877303,105.62389,114.10696,0,0,1,1
0.026922302,25.286968,0.14945681,25.114489,25.601994,0.0,0.0,0.0,0.0,0.0,0.0,0.0,0.0,1,1,0,0
0.0,24.826502,0.1740587,24.600904,25.02283,0.5325559,0.021150663,0.47069672,0.5698622,105.79401,1.8592046,103.12134,110.3853,0,1,1,1
0.010693193,25.072735,0.06469515,24.99442,25.194105,0.0,0.0,0.0,0.0,0.0,0.0,0.0,0.0,1,1,0,0
0.0,24.865162,0.1581203,24.642208,25.037947,0.49818268,0.06988146,0.3277159,0.70047325,93.09184,2.6589673,87.77919,96.616486,0,1,1,1
0.0,25.055359,0.08981999,24.903318,25.175863,0.44666103,0.07714675,0.22202684,0.64863837,95.8185,2.5316737,92.496284,100.7524,0,1,1,1
0.0,0.0,0.0,0.0,0.0,0.6163903,0.0626085,0.53110254,0.7200853,110.69087,0.8592547,108.752884,112.54132,0,0,1,1
0.013033875,24.146435,0.13998936,23.935163,24.340204,0.0,0.0,0.0,0.0,0.0,0.0,0.0,0.0,1,1,0,0
0.018162299,24.15913,0.19065179,23.926344,24.623724,0.0,0.0,0.0,0.0,0.0,0.0,0.0,0.0,1,1,0,0
0.0,0.0,0.0,0.0,0.0,0.57205385,0.04124409,0.48697975,0.6798274,99.03737,1.9363246,95.09687,101.641396,0,0,1,1
0.0,25.215895,0.15681292,24.834324,25.576982,0.53796667,0.07765041,0.4110661,0.686876,109.254265,2.6658156,104.786865,114.58158,0,1,1,1
0.0,0.0,0.0,0.0,0.0,0.49793315,0.04324325,0.4279301,0.59970826,99.04447,0.3513811,98.01094,99.66164,0,0,1,1
0.0,0.0,0.0,0.0,0.0,0.5728893,0.05600587,0.5062557,0.7243287,111.986885,2.760977,106.062645,117.764084,0,0,1,1
0.0,24.298819,0.13556926,24.013845,24.637592,0.5280229,0.060643524,0.3771086,0.6924649,108.04816,1.6083704,106.0406,111.07113,0,1,1,1
0.0,25.242113,0.0943834,25.015823,25.395592,0.4393483,0.039443817,0.35773495,0.48051226,100.17105,2.4873452,94.93974,105.081635,0,1,1,1
0.0,24.373466,0.15380472,24.193018,24.751764,0.45546958,0.035616264,0.40141457,0.52217287,103.5352,0.8764067,102.570335,104.94113,0,1,1,1
0.011061875,25.09113,0.11692105,24.887796,25.347649,0.0,0.0,0.0,0.0,0.0,0.0,0.0,0.0,1,1,0,0
0.0,24.515732,0.15472558,24.15586,24.834032,0.46998087,0.06534678,0.40389705,0.6636955,106.45446,2.1378856,102.5728,108.722305,0,1,1,1
0.0023687943,24.272179,0.17782795,24.076141,24.634295,0.0,0.0,0.0,0.0,0.0,0.0,0.0,0.0,1,1,0,0
0.00093477813,26.210958,0.12873574,26.056034,26.467005,0.53630644,0.05547768,0.44540182,0.613072,108.804405,2.3656292,105.650795,111.86826,1,1,1,1
0.0,0.0,0.0,0.0,0.0,0.63055515,0.038513117,0.5639601,0.71728444,105.30545,1.5180647,102.49162,107.48363,0,0,1,1
0.0,25.947401,0.17193341,25.655432,26.373934,0.49572137,0.058211032,0.3459146,0.62389636,98.17048,2.034151,93.53238,102.06854,0,1,1,1
0.0,0.0,0.0,0.0,0.0,0.48330575,0.031753637,0.39388487,0.5602599,105.19572,1.9054209,100.927574,108.663635,0,0,1,1
0.0,0.0,0.0,0.0,0.0,0.49563143,0.03613839,0.45554754,0.5549258,99.78927,1.2676724,97.84124,102.69228,0,0,1,1
0.0,0.0,0.0,0.0,0.0,0.51651937,0.074794136,0.33553818,0.7045284,99.14653,2.26582,94.80015,103.92664,0,0,1,1
0.010909328,25.25107,0.16724086,24.88379,25.44759,0.0,0.0,0.0,0.0,0.0,0.0,0.0,0.0,1,1,0,0
0.0,25.59416,0.20833915,25.302353,26.061546,0.49426273,0.053888116,0.33433414,0.622199,92.953156,2.4251046,88.18874,97.03816,0,1,1,1
0.0,0.0,0.0,0.0,0.0,0.51757324,0.048869822,0.4220692,0.6183742,95.9926,1.4604088,92.80803,97.729935,0,0,1,1
0.055660434,24.537565,0.1221014,24.256237,24.837477,0.43100098,0.06685375,0.35779852,0.50278205,98.94519,1.692143,95.39835,101.52385,1,1,1,1
0.0,25.583794,0.17174599,25.34074,25.865376,0.56046075,0.05269476,0.46970212,0.6824986,101.05991,2.1760406,96.7871,104.829636,0,1,1,1
0.1329986,25.397867,0.15835766,25.15879,25.669466,0.49290544,0.04838227,0.440957,0.55654234,107.72029,2.970231,102.57157,112.40282,1,1,1,1
0.015877007,24.735306,0.16261321,24.353868,25.098755,0.46904317,0.064202726,0.3830833,0.6338555,97.35538,1.2495638,95.54685,100.18003,1,1,1,1
0.032489456,25.499771,0.19233681,25.206306,25.794903,0.0,0.0,0.0,0.0,0.0,0.0,0.0,0.0,1,1,0,0
0.0,0.0,0.0,0.0,0.0,0.50367945,0.039512467,0.45921177,0.55260074,103.82402,1.5146871,102.017296,105.417,0,0,1,1
0.0,25.10659,0.12922537,24.935478,25.378931,0.42180982,0.042571478,0.34603992,0.49157712,103.2537,1.9541174,100.35778,106.71844,0,1,1,1
0.0012710666,24.43771,0.19591163,24.016994,24.85028,0.44386885,0.036444604,0.359449,0.5412173,108.333046,2.0289564,104.8996,110.65576,1,1,1,1
0.021210533,25.280006,0.084378056,25.175184,25.440247,0.47493398,0.03062094,0.4046351,0.5493731,99.493935,2.0714633,96.07349,101.84355,1,1,1,1
0.0049726334,25.709864,0.20656785,25.455557,25.931417,0.521059,0.039201215,0.45289397,0.59731996,103.07975,3.3037446,98.21912,108.45687,1,1,1,1
0.275235,24.848043,0.112991296,24.638033,24.967545,0.47762904,0.07498104,0.40212584,0.58452076,102.71995,1.7224739,99.45221,104.900604,1,1,1,1
0.0,0.0,0.0,0.0,0.0,0.5525613,0.085513964,0.38822794,0.7043155,101.94312,1.399858,99.9667,104.23446,0,0,1,1
0.0,25.029364,0.15356323,24.698708,25.250553,0.4722414,0.04762825,0.4227509,0.53518015,101.6197,0.72966677,99.795555,103.183624,0,1,1,1
0.03182036,25.011316,0.15883848,24.846748,25.289652,0.0,0.0,0.0,0.0,0.0,0.0,0.0,0.0,1,1,0,0
0.0,0.0,0.0,0.0,0.0,0.49150914,0.03125983,0.4269557,0.5687563,94.359985,3.0247486,88.51533,100.03278,0,0,1,1
0.0,0.0,0.0,0.0,0.0,0.56938607,0.06345975,0.49839202,0.7214732,105.73373,2.0451975,101.01836,109.84182,0,0,1,1
0.0035990246,24.709002,0.09835104,24.576689,24.922499,0.0,0.0,0.0,0.0,0.0,0.0,0.0,0.0,1,1,0,0
0.0,24.882023,0.15261832,24.689945,25.060032,0.5643383,0.043018118,0.5174019,0.63606113,106.85398,1.9265999,102.550026,109.15415,0,1,1,1
0.2921472,24.661764,0.12968104,24.521456,24.813305,0.4979542,0.051581997,0.37712023,0.5803131,106.74659,2.4535027,100.90897,110.301,1,1,1,1
0.0,24.171854,0.10619406,23.923353,24.423647,0.44677314,0.012556485,0.42316702,0.46675718,99.65287,1.4448624,96.8342,103.06169,0,1,1,1
0.0,24.903025,0.18481654,24.697233,25.187443,0.4954671,0.025287518,0.42452416,0.52217335,101.90981,1.060352,100.43825,104.31724,0,1,1,1
0.045621235,25.110489,0.22735631,24.672377,25.487688,0.0,0.0,0.0,0.0,0.0,0.0,0.0,0.0,1,1,0,0
0.08952622,25.48587,0.104416884,25.318108,25.684263,0.41248924,0.023568576,0.36475724,0.4631081,98.53066,1.1153748,96.11263,99.7551,1,1,1,1
0.0,25.329514,0.16001998,24.985067,25.667692,0.5246296,0.04338267,0.44625953,0.63819957,96.402824,2.945829,90.24806,103.08053,0,1,1,1
0.0,0.0,0.0,0.0,0.0,0.39068535,0.0715767,0.29934463,0.5220051,105.86781,1.3969088,102.5811,107.367256,0,0,1,1
0.0,24.331839,0.14452596,24.035135,24.668642,0.5623713,0.07267205,0.48932448,0.707268,94.47114,2.534334,90.51907,97.123024,0,1,1,1
0.0,0.0,0.0,0.0,0.0,0.5734785,0.038499605,0.48152322,0.63152695,101.75456,1.8920273,98.96251,105.63395,0,0,1,1
0.0070832307,25.503826,0.15744793,25.159,25.844639,0.0,0.0,0.0,0.0,0.0,0.0,0.0,0.0,1,1,0,0
0.05909114,24.38622,0.15904318,24.119616,24.729342,0.54805136,0.04749709,0.45194557,0.689776,98.038734,2.2367907,94.4546,101.845726,1,1,1,1
0.031817738,24.243055,0.057606492,24.127571,24.339691,0.48647195,0.054397546,0.34129533,0.5949718,104.680565,0.4794613,103.9041,105.20435,1,1,1,1
0.0179518,24.550745,0.11134533,24.420797,24.758568,0.515049,0.053165942,0.4031298,0.6365116,103.95566,1.8794459,101.56607,107.14042,1,1,1,1
0.0,23.417032,0.16887735,23.138008,23.78333,0.47375336,0.079794444,0.35028124,0.56077486,102.97318,3.203118,96.07473,108.27974,0,1,1,1
0.0,25.93142,0.17107055,25.657907,26.322304,0.5162522,0.023953572,0.47955778,0.5689515,98.02066,1.7181873,95.1732,100.60066,0,1,1,1
0.086517096,25.28264,0.16378453,25.010633,25.571152,0.5335111,0.06506225,0.34992474,0.7009525,107.65199,1.6654689,104.37614,110.036514,1,1,1,1
0.0,0.0,0.0,0.0,0.0,0.45960888,0.04292296,0.33918267,0.57539207,96.74252,2.186356,94.16119,99.02066,0,0,1,1
0.0074126585,24.991518,0.14036562,24.717491,25.132698,0.0,0.0,0.0,0.0,0.0,0.0,0.0,0.0,1,1,0,0
0.034349725,23.928028,0.20583163,23.428078,24.34506,0.0,0.0,0.0,0.0,0.0,0.0,0.0,0.0,1,1,0,0
0.0,0.0,0.0,0.0,0.0,0.45137337,0.02629852,0.379124,0.4882731,105.73053,2.0828943,102.727036,109.39095,0,0,1,1
0.03147457,25.152514,0.07589147,24.99547,25.285389,0.0,0.0,0.0,0.0,0.0,0.0,0.0,0.0,1,1,0,0
0.021185849,26.108686,0.14913563,25.874643,26.318476,0.5589983,0.03950243,0.49151513,0.6366916,106.63387,2.5824926,101.02586,110.53121,1,1,1,1
0.0,24.840046,0.14170451,24.57319,25.13084,0.50022525,0.056170266,0.40828732,0.6186422,98.48472,2.7196476,93.90607,103.84875,0,1,1,1
0.024518,25.397327,0.12948886,25.239367,25.683048,0.0,0.0,0.0,0.0,0.0,0.0,0.0,0.0,1,1,0,0
0.0,0.0,0.0,0.0,0.0,0.4333901,0.03352608,0.39382142,0.5133952,88.99016,2.9621298,84.86953,95.14588,0,0,1,1
0.011936416,25.379921,0.12252564,25.237717,25.553293,0.5016805,0.054615457,0.42358083,0.6331056,96.89301,1.3911978,94.28889,99.29307,1,1,1,1
0.009997653,25.740305,0.2018039,25.52672,25.98063,0.43587276,0.045901153,0.3730552,0.53582406,96.25053,1.7990322,94.33456,98.754715,1,1,1,1
0.0,23.881376,0.11269397,23.747772,24.103645,0.52516586,0.055130966,0.36546174,0.6104386,97.64943,1.2032422,95.16748,98.9606,0,1,1,1
0.0,0.0,0.0,0.0,0.0,0.46958256,0.073587246,0.2920709,0.64017206,97.445435,1.8432125,95.31706,99.702515,0,0,1,1
0.0,25.054653,0.12949751,24.8117,25.198534,0.47182095,0.031902548,0.41701412,0.54351425,107.39016,1.5094452,103.71895,109.32434,0,1,1,1
0.0,25.672602,0.14470091,25.449291,26.031046,0.50853145,0.060986757,0.34101623,0.67935306,108.09148,1.8477435,106.1025,112.516174,0,1,1,1
0.0,0.0,0.0,0.0,0.0,0.44578603,0.044146575,0.36682758,0.5617739,95.15066,3.054738,91.20804,99.05301,0,0,1,1
0.0,0.0,0.0,0.0,0.0,0.49871802,0.06123689,0.40122232,0.6282095,89.76785,2.3077953,85.30391,93.13376,0,0,1,1
0.0,25.512547,0.18111476,25.273071,25.862871,0.4655664,0.05372432,0.34766507,0.54625034,101.557144,1.8018739,98.97966,105.803246,0,1,1,1
0.014714262,25.287474,0.22086667,24.981678,25.543064,0.0,0.0,0.0,0.0,0.0,0.0,0.0,0.0,1,1,0,0
0.0,0.0,0.0,0.0,0.0,0.42777604,0.05491047,0.34437376,0.5585846,97.29771,1.8308537,93.23102,100.52995,0,0,1,1
0.0,0.0,0.0,0.0,0.0,0.62758166,0.028428145,0.5629366,0.6645396,101.33809,1.8671794,97.28651,105.72464,0,0,1,1
0.12662546,24.799208,0.13226181,24.48305,25.124474,0.0,0.0,0.0,0.0,0.0,0.0,0.0,0.0,1,1,0,0
0.0,0.0,0.0,0.0,0.0,0.4796496,0.07343049,0.26712102,0.6509088,95.5078,3.0097713,88.59753,98.76815,0,0,1,1
0.011062005,25.515858,0.0869703,25.311775,25.639103,0.0,0.0,0.0,0.0,0.0,0.0,0.0,0.0,1,1,0,0
0.0,25.282951,0.10331646,25.095097,25.512625,0.46853277,0.00500297,0.4392142,0.492927,102.33568,2.9749753,99.350624,106.38585,0,1,1,1
0.018838307,25.403896,0.14047942,25.06378,25.631441,0.60346854,0.09244395,0.43947005,0.8307936,105.95836,1.1689618,103.75285,107.76704,1,1,1,1
0.00013541394,24.548172,0.19590358,24.10628,24.79413,0.51977295,0.020053064,0.48135996,0.5771709,106.22596,3.4827468,97.63403,112.579956,1,1,1,1
0.0,0.0,0.0,0.0,0.0,0.46288666,0.053450145,0.32911834,0.6134957,105.13802,1.2290101,102.82382,107.43099,0,0,1,1
0.0,24.262846,0.14757143,23.972208,24.462002,0.5436883,0.04880999,0.4031777,0.6077852,99.87903,1.6060523,97.97037,103.84701,0,1,1,1
0.0,24.753199,0.17592059,24.517355,25.047636,0.4710047,0.0670336,0.4027881,0.5705533,94.22966,0.96667624,92.95776,96.08848,0,1,1,1
0.0,25.37293,0.14979106,25.039198,25.733831,0.4701381,0.08300738,0.37019008,0.6094478,103.980255,1.848971,99.38494,105.95293,0,1,1,1
0.3761895,25.344934,0.079469495,25.176216,25.510914,0.52976936,0.044763457,0.4617325,0.64972603,94.50949,1.6654288,92.10482,96.82487,1,1,1,1
0.009462379,23.995031,0.13238491,23.7186,24.202137,0.0,0.0,0.0,0.0,0.0,0.0,0.0,0.0,1,1,0,0
0.12560126,24.01743,0.19490859,23.6183,24.390324,0.0,0.0,0.0,0.0,0.0,0.0,0.0,0.0,1,1,0,0
0.05766588,24.946156,0.17643084,24.623158,25.134281,0.0,0.0,0.0,0.0,0.0,0.0,0.0,0.0,1,1,0,0
0.0,24.914406,0.07773525,24.803719,25.022375,0.4793192,0.075555325,0.31236845,0.64305747,99.88863,2.2222626,94.9118,102.41998,0,1,1,1
0.0,0.0,0.0,0.0,0.0,0.5167372,0.06352451,0.34069175,0.6595294,92.291695,3.4364138,87.748375,96.97131,0,0,1,1
0.0,0.0,0.0,0.0,0.0,0.45329568,0.04635088,0.35568115,0.5212009,107.961075,2.0530097,103.83856,112.13318,0,0,1,1
0.0,0.0,0.0,0.0,0.0,0.5789396,0.047374282,0.44016355,0.6916913,103.82048,2.34238,101.21279,109.30179,0,0,1,1
0.030661676,24.956448,0.14657113,24.697845,25.110481,0.0,0.0,0.0,0.0,0.0,0.0,0.0,0.0,1,1,0,0
0.0,0.0,0.0,0.0,0.0,0.46780428,0.10313619,0.23596215,0.73630387,97.47129,3.4283454,93.45685,105.654366,0,0,1,1
0.0,25.149036,0.16668011,24.826159,25.368923,0.5607915,0.040980864,0.51800936,0.68216884,100.49547,1.4442074,98.400826,102.74255,0,1,1,1
0.0,0.0,0.0,0.0,0.0,0.41517156,0.052965693,0.26041257,0.5135431,105.77366,2.4115427,101.16592,109.042885,0,0,1,1
0.0,24.536297,0.22494859,24.117674,24.901077,0.47533312,0.031393997,0.39473736,0.5273193,104.57634,2.1504018,101.98225,108.97852,0,1,1,1
0.32783532,24.169693,0.16383511,23.97877,24.560946,0.5063626,0.065129735,0.39266232,0.5791959,101.82258,0.027896307,101.04917,103.03048,1,1,1,1
0.015985081,25.333237,0.13421732,25.171158,25.614529,0.5631742,0.080431186,0.450491,0.76696235,95.23113,2.8938816,91.97482,101.71709,1,1,1,1
0.0,25.255398,0.095736094,25.02552,25.379082,0.58155227,0.06417048,0.45481336,0.66586787,110.69841,1.391972,108.749146,112.866,0,1,1,1
0.019330695,25.734476,0.09020607,25.591045,25.892902,0.0,0.0,0.0,0.0,0.0,0.0,0.0,0.0,1,1,0,0
0.0,0.0,0.0,0.0,0.0,0.5307134,0.059141297,0.36335075,0.63117766,120.12912,2.4838974,117.61316,125.176956,0,0,1,1
0.06088005,26.066809,0.21235834,25.72923,26.348984,0.56686836,0.049018916,0.50614053,0.68370515,105.12843,0.30186412,103.90068,106.29946,1,1,1,1
0.0,24.690552,0.1083929,24.548874,24.887922,0.5271027,0.027769687,0.4823475,0.57867646,101.262596,2.645719,98.3654,107.63325,0,1,1,1
0.0,25.816431,0.07385206,25.665104,25.953207,0.54300445,0.03624385,0.4928595,0.6256291,93.5248,1.3268142,91.77466,96.21479,0,1,1,1
0.0,25.405674,0.17271517,25.042923,25.6208,0.55292904,0.059541553,0.45113757,0.71154565,99.39128,1.972712,97.00172,101.432526,0,1,1,1
0.067550674,25.658312,0.16748664,25.290817,25.995295,0.0,0.0,0.0,0.0,0.0,0.0,0.0,0.0,1,1,0,0
0.28051132,24.306307,0.18531965,23.848179,24.524881,0.0,0.0,0.0,0.0,0.0,0.0,0.0,0.0,1,1,0,0
0.07742868,24.5878,0.11402266,24.404463,24.810545,0.5242606,0.025244076,0.456788,0.5701614,99.022575,3.2854967,92.945946,102.84191,1,1,1,1
0.045118146,24.35807,0.1830386,23.991331,24.660528,0.0,0.0,0.0,0.0,0.0,0.0,0.0,0.0,1,1,0,0
0.0,26.024115,0.17808194,25.829775,26.346464,0.46844503,0.05327116,0.31048062,0.60649776,100.256935,2.2576606,96.00713,105.33994,0,1,1,1
0.0,0.0,0.0,0.0,0.0,0.5639844,0.04296071,0.45979816,0.68256927,95.41882,2.8882616,90.36366,101.06672,0,0,1,1
0.003502266,24.340199,0.09499949,24.23187,24.475117,0.0,0.0,0.0,0.0,0.0,0.0,0.0,0.0,1,1,0,0
0.037868533,24.747494,0.17880973,24.3101,25.085192,0.5052432,0.059044614,0.34201834,0.64048856,100.391685,1.8854958,97.317024,104.53584,1,1,1,1
0.31765825,25.239328,0.22358367,25.008348,25.60844,0.0,0.0,0.0,0.0,0.0,0.0,0.0,0.0,1,1,0,0
0.0,0.0,0.0,0.0,0.0,0.44315892,0.07617886,0.34367722,0.66774905,99.16602,1.6310747,95.2053,102.980995,0,0,1,1
0.0,0.0,0.0,0.0,0.0,0.5077683,0.06147453,0.33327496,0.6498384,101.37218,0.91214484,99.56625,102.973465,0,0,1,1
0.029426632,24.794708,0.18333094,24.60435,25.055868,0.63767886,0.06228271,0.51942974,0.7348786,95.03544,1.7799778,92.790215,99.02336,1,1,1,1
0.0,25.241951,0.13928278,24.927553,25.578033,0.53622377,0.06681455,0.37469745,0.630703,96.74639,2.3282452,91.31828,101.18792,0,1,1,1
0.0,0.0,0.0,0.0,0.0,0.50893056,0.062131863,0.37762585,0.57181954,98.667076,1.6403306,96.6283,101.7806,0,0,1,1
0.0,0.0,0.0,0.0,0.0,0.47007248,0.061328158,0.33891436,0.5608699,102.59585,1.0105407,101.14869,104.407974,0,0,1,1
0.24487434,25.272772,0.17398092,24.937643,25.542187,0.0,0.0,0.0,0.0,0.0,0.0,0.0,0.0,1,1,0,0
0.0,0.0,0.0,0.0,0.0,0.5264277,0.06393837,0.44507408,0.6970152,103.37361,1.6043683,99.967186,105.61503,0,0,1,1
0.0,0.0,0.0,0.0,0.0,0.511902,0.034500074,0.4130745,0.59740937,111.227844,3.566564,102.58471,115.3946,0,0,1,1
0.0,0.0,0.0,0.0,0.0,0.49577257,0.07333093,0.421347,0.6151751,107.51601,2.790177,102.61518,113.42812,0,0,1,1
0.046238933,24.493784,0.078664824,24.321692,24.589628,0.0,0.0,0.0,0.0,0.0,0.0,0.0,0.0,1,1,0,0
0.0,0.0,0.0,0.0,0.0,0.54190946,0.024647895,0.5024745,0.60967034,108.558556,0.4709573,107.40823,109.24382,0,0,1,1
0.0,0.0,0.0,0.0,0.0,0.45880857,0.04403102,0.37468857,0.56398183,101.18817,1.9910707,96.378654,105.57601,0,0,1,1
0.0,25.175993,0.101155594,24.995241,25.280575,0.50636834,0.077679254,0.4043266,0.6747876,91.03983,1.6707458,89.36439,94.83683,0,1,1,1
0.0,0.0,0.0,0.0,0.0,0.49518952,0.07913378,0.33910963,0.67520344,101.65869,2.1291559,96.74616,105.24582,0,0,1,1
0.0,25.796663,0.13199958,25.533955,26.057251,0.44204485,0.059670232,0.31836772,0.507753,102.49329,1.199399,100.10255,104.446396,0,1,1,1
0.017709829,25.44634,0.15549734,25.27456,25.628672,0.0,0.0,0.0,0.0,0.0,0.0,0.0,0.0,1,1,0,0
0.03583676,24.451122,0.18276775,24.103577,24.68766,0.49108994,0.070468195,0.4136753,0.60416865,98.129944,2.1626992,93.16223,101.94276,1,1,1,1
0.0,25.027817,0.1562302,24.846321,25.296238,0.5039702,0.05428908,0.39136624,0.5598298,101.54699,2.5954294,98.728096,105.385864,0,1,1,1
0.0,0.0,0.0,0.0,0.0,0.54884917,0.048224527,0.43457815,0.62096834,107.3164,2.184623,104.07555,112.610085,0,0,1,1
0.0077665527,24.694286,0.098518744,24.532866,24.833082,0.0,0.0,0.0,0.0,0.0,0.0,0.0,0.0,1,1,0,0
0.006983951,25.087658,0.08283368,24.894333,25.178814,0.0,0.0,0.0,0.0,0.0,0.0,0.0,0.0,1,1,0,0
0.057366908,24.692703,0.16489123,24.35623,24.891176,0.4183426,0.054064006,0.270692,0.49903154,100.14862,1.8415653,97.59838,102.07839,1,1,1,1
0.0,25.683983,0.15423916,25.454174,25.840866,0.48249316,0.03661634,0.41001436,0.53007406,110.270004,2.3207648,107.55628,113.552635,0,1,1,1
0.013047065,25.02109,0.16048595,24.852068,25.265875,0.44366008,0.050996,0.3123984,0.5676491,99.813385,1.7770988,97.516396,101.74008,1,1,1,1
0.0,0.0,0.0,0.0,0.0,0.48395234,0.037667256,0.38581815,0.55875665,90.07101,2.0023,86.54666,94.852585,0,0,1,1
0.021438863,24.805464,0.14734074,24.551939,25.121477,0.0,0.0,0.0,0.0,0.0,0.0,0.0,0.0,1,1,0,0
0.059496958,25.116304,0.15501672,24.80781,25.310888,0.0,0.0,0.0,0.0,0.0,0.0,0.0,0.0,1,1,0,0
0.0,0.0,0.0,0.0,0.0,0.5605341,0.05607836,0.4266115,0.71268517,98.69744,2.6634948,93.14661,103.014626,0,0,1,1
0.0,0.0,0.0,0.0,0.0,0.47582057,0.09362751,0.35648412,0.61402065,101.03429,2.172326,97.582886,103.83561,0,0,1,1
0.008039201,24.703968,0.20047711,24.207434,25.074371,0.0,0.0,0.0,0.0,0.0,0.0,0.0,0.0,1,1,0,0
0.0,0.0,0.0,0.0,0.0,0.5106183,0.025830504,0.4347541,0.5715388,100.157036,1.3231868,98.47735,102.37012,0,0,1,1
0.07031692,25.019037,0.2319762,24.706642,25.465378,0.5149205,0.030220574,0.43520865,0.5986539,106.14146,2.4197612,101.020004,110.591965,1,1,1,1
0.0478775,24.878304,0.14292644,24.675325,25.048632,0.0,0.0,0.0,0.0,0.0,0.0,0.0,0.0,1,1,0,0
0.012577863,24.666384,0.14702986,24.337843,25.032242,0.0,0.0,0.0,0.0,0.0,0.0,0.0,0.0,1,1,0,0
0.17465495,26.312756,0.124832496,26.042656,26.605415,0.5047801,0.043431163,0.40575254,0.6122987,100.2858,2.0124645,96.095825,105.18684,1,1,1,1
0.0,0.0,0.0,0.0,0.0,0.5408115,0.027968625,0.48176286,0.5738254,94.076515,1.870088,91.9775,97.764656,0,0,1,1
0.014119528,25.135197,0.16083415,24.829834,25.483915,0.46304077,0.067606136,0.31545964,0.63845456,90.82384,2.3495238,87.94588,93.65054,1,1,1,1
0.0,0.0,0.0,0.0,0.0,0.4771804,0.04462296,0.35383314,0.60718924,100.150345,1.1350285,98.65111,101.94498,0,0,1,1
0.0,0.0,0.0,0.0,0.0,0.4435286,0.01875393,0.42224088,0.48002297,98.15932,2.2055614,94.618774,102.50985,0,0,1,1
0.14410904,25.02172,0.187535,24.785803,25.347315,0.0,0.0,0.0,0.0,0.0,0.0,0.0,0.0,1,1,0,0
0.0,0.0,0.0,0.0,0.0,0.57539594,0.072539724,0.41082928,0.6515156,85.74838,1.7714485,82.38658,89.58424,0,0,1,1
0.0,0.0,0.0,0.0,0.0,0.5347928,0.07793341,0.3396496,0.6508712,101.162254,1.0828485,99.69138,102.736916,0,0,1,1
0.0067128805,24.731127,0.19057077,24.269667,24.989996,0.48344874,0.07405055,0.34380624,0.59224755,93.93099,2.0064483,90.05661,97.15818,1,1,1,1
0.028089821,24.192762,0.121413946,23.935263,24.31545,0.0,0.0,0.0,0.0,0.0,0.0,0.0,0.0,1,1,0,0
0.0,24.556087,0.21180719,24.19502,25.005775,0.57018036,0.051120233,0.48321462,0.68371993,101.93638,1.7732791,97.605484,105.862946,0,1,1,1
0.0,24.60259,0.16592367,24.327839,25.000877,0.49885273,0.055620186,0.35813165,0.6418997,95.658844,2.553301,90.33538,99.930374,0,1,1,1
0.012341107,24.219042,0.1109509,24.046156,24.442024,0.0,0.0,0.0,0.0,0.0,0.0,0.0,0.0,1,1,0,0
0.03218229,26.182295,0.11506779,26.003595,26.326258,0.0,0.0,0.0,0.0,0.0,0.0,0.0,0.0,1,1,0,0
0.0,0.0,0.0,0.0,0.0,0.50276196,0.07429368,0.29281875,0.6564528,107.090355,2.0318904,102.53657,109.294556,0,0,1,1
0.00053651346,24.998991,0.12787049,24.761875,25.249365,0.42517462,0.016411526,0.3841924,0.45080873,94.24248,2.2100601,90.750885,99.37661,1,1,1,1
0.0,25.263042,0.15791517,25.018568,25.522387,0.52125514,0.082805656,0.361591,0.7651965,98.25137,0.9037196,97.01411,99.817924,0,1,1,1
0.0,25.099657,0.21903156,24.84176,25.498669,0.522834,0.043015435,0.44121295,0.62470764,99.046814,1.7541257,94.72934,103.02309,0,1,1,1
0.069671966,24.68658,0.24417603,24.10961,25.108578,0.5879442,0.04101877,0.48450056,0.69680655,99.138245,0.95775074,97.69712,101.41427,1,1,1,1
0.0,24.939745,0.18807332,24.670185,25.3819,0.53497547,0.014354519,0.5193461,0.5525148,99.412025,1.1856263,97.14629,101.144684,0,1,1,1
0.0,24.009886,0.1566676,23.757177,24.399738,0.5262908,0.010170018,0.50430083,0.5551663,104.01111,2.906828,97.05697,109.69342,0,1,1,1
0.013393149,24.286299,0.12373465,24.126356,24.521975,0.44260794,0.06885103,0.28073084,0.55925107,107.639854,2.3227391,103.003815,112.3209,1,1,1,1
0.0033340554,24.68746,0.12435295,24.476051,24.879078,0.0,0.0,0.0,0.0,0.0,0.0,0.0,0.0,1,1,0,0
0.000749482,24.190243,0.12667723,23.982903,24.442741,0.0,0.0,0.0,0.0,0.0,0.0,0.0,0.0,1,1,0,0
0.0038289903,25.295969,0.23972815,24.91687,25.73586,0.5879208,0.038438804,0.5094906,0.6632893,93.81137,2.4979062,88.58174,97.06435,1,1,1,1
0.0,0.0,0.0,0.0,0.0,0.5649989,0.047791563,0.42312917,0.64765793,92.36652,1.0014409,90.713646,94.63824,0,0,1,1
0.0,25.113731,0.19996518,24.728218,25.569017,0.4063026,0.06560822,0.22625165,0.5176712,102.57013,2.743277,98.7685,107.82436,0,1,1,1
0.0,24.870745,0.095264725,24.670567,25.026,0.5447012,0.05624133,0.41023478,0.656733,99.993095,1.6620837,97.96746,102.74076,0,1,1,1
0.0,25.533306,0.07909426,25.37403,25.618315,0.5806875,0.07108561,0.4454092,0.70405704,106.7471,1.1781942,104.950134,108.84801,0,1,1,1
0.041869923,24.77917,0.12913947,24.587004,25.076029,0.5477112,0.022989,0.5021364,0.5889659,91.64383,0.55309033,90.839264,92.338936,1,1,1,1
0.00207178,24.068808,0.24427785,23.643019,24.596472,0.0,0.0,0.0,0.0,0.0,0.0,0.0,0.0,1,1,0,0
0.0,25.215693,0.09351893,25.065931,25.44722,0.49647328,0.02662857,0.4301123,0.55548805,100.29613,2.1451845,96.657684,103.38266,0,1,1,1
0.0208737,25.219934,0.2141881,24.911417,25.594452,0.45016146,0.028058698,0.3970214,0.49798915,97.75822,2.998057,91.94573,102.62888,1,1,1,1
0.0,24.038807,0.22186212,23.690214,24.305553,0.44409236,0.052015636,0.3146821,0.5982038,113.63915,2.3387587,110.73143,119.40785,0,1,1,1
0.0330117,25.393196,0.22411449,24.908525,25.880087,0.50358105,0.037447244,0.4067674,0.5857521,100.92646,3.4921236,95.836044,106.30776,1,1,1,1
0.12380024,25.02992,0.27036628,24.518738,25.49124,0.5382143,0.085267216,0.31163958,0.66469646,95.04378,1.6049626,91.56596,98.63584,1,1,1,1
0.0,0.0,0.0,0.0,0.0,0.44232118,0.0397491,0.3310228,0.5132296,104.27016,4.4051495,99.11799,113.33773,0,0,1,1
0.098578274,24.7221,0.24924774,24.44878,25.254314,0.53195816,0.0678411,0.38258886,0.60590565,105.25456,1.5344243,102.99855,108.91999,1,1,1,1
0.02931152,25.295204,0.20299022,24.921537,25.62136,0.0,0.0,0.0,0.0,0.0,0.0,0.0,0.0,1,1,0,0
0.079181805,24.837397,0.13584478,24.680895,25.163568,0.5172075,0.03846234,0.4181241,0.58400935,92.143166,1.1551012,90.9649,94.104645,1,1,1,1
0.034977894,25.645462,0.12765588,25.469164,25.882523,0.52289504,0.034798164,0.42637068,0.5811415,102.10241,2.360738,97.11997,105.46336,1,1,1,1
0.0,25.326807,0.19156735,24.982903,25.667948,0.5466665,0.032538746,0.4750053,0.6198048,102.06834,1.9509014,98.32401,105.94091,0,1,1,1
0.023137318,25.245554,0.12214887,25.122631,25.5209,0.54763985,0.05184985,0.43595037,0.64093155,103.18478,1.2851225,101.85582,105.96712,1,1,1,1
0.0,24.39443,0.057402782,24.277954,24.478577,0.41039124,0.057378523,0.28349525,0.47578904,97.91665,1.3395525,95.30996,100.286514,0,1,1,1
0.0,0.0,0.0,0.0,0.0,0.50479037,0.046397306,0.39323667,0.6269635,102.35427,2.1405754,97.360825,104.76514,0,0,1,1
0.0709771,25.996578,0.1734518,25.70227,26.279013,0.5566381,0.06846129,0.42268342,0.6955634,101.01762,1.6446768,98.78154,102.69418,1,1,1,1
0.0,0.0,0.0,0.0,0.0,0.49690938,0.07381702,0.34147286,0.6019033,91.66134,1.6824422,88.55294,95.52255,0,0,1,1
0.089118846,25.525843,0.12279489,25.2906,25.738888,0.50049776,0.012731537,0.47131714,0.521944,108.19969,3.5155997,99.611534,116.25148,1,1,1,1
0.020378273,26.08208,0.12666558,25.948902,26.316782,0.0,0.0,0.0,0.0,0.0,0.0,0.0,0.0,1,1,0,0
0.0,23.04204,0.12786013,22.887691,23.254404,0.54317725,0.07404055,0.39563754,0.64774525,92.883705,2.9020414,86.62142,98.2042,0,1,1,1
0.06037724,24.859636,0.111466356,24.630207,25.021063,0.44250128,0.0415969,0.355756,0.52790767,109.87173,0.45268288,108.665085,110.55967,1,1,1,1
0.0,0.0,0.0,0.0,0.0,0.5358233,0.046700165,0.47627917,0.6016304,103.0684,0.68478674,101.38377,104.65427,0,0,1,1
0.015880363,26.940096,0.21099354,26.532602,27.327118,0.0,0.0,0.0,0.0,0.0,0.0,0.0,0.0,1,1,0,0
0.0,0.0,0.0,0.0,0.0,0.45374197,0.024784014,0.42799786,0.48261112,91.940956,1.4953715,89.21808,95.12923,0,0,1,1
0.015384088,23.782501,0.14705436,23.470322,23.98518,0.49631366,0.046084516,0.36207843,0.6257812,98.413315,2.7725654,91.960945,103.6412,1,1,1,1
0.0,0.0,0.0,0.0,0.0,0.49139452,0.024615908,0.46146193,0.5641076,91.11165,2.9885354,85.269684,96.92948,0,0,1,1
0.023993455,25.119894,0.065860726,25.046799,25.244162,0.5174764,0.049934834,0.38690785,0.5849775,102.87334,1.9202906,99.9144,105.6726,1,1,1,1
0.19190587,24.217031,0.15373828,24.044188,24.558912,0.0,0.0,0.0,0.0,0.0,0.0,0.0,0.0,1,1,0,0
0.066833705,24.657192,0.18179066,24.378637,25.072794,0.4062992,0.021691842,0.38076305,0.47076955,108.3871,2.4945414,103.93209,113.1184,1,1,1,1
0.10487214,25.52158,0.05320226,25.418167,25.58301,0.4795182,0.056092527,0.38266167,0.60736233,98.93831,1.5375892,95.843864,100.799194,1,1,1,1
0.0,24.539299,0.15035473,24.241621,24.815207,0.5794921,0.058304798,0.5123616,0.7115305,94.8659,1.6942599,92.11004,98.38514,0,1,1,1
0.0,0.0,0.0,0.0,0.0,0.47471938,0.042890668,0.3732931,0.5279,96.68693,0.55192614,96.0824,97.424736,0,0,1,1
0.018993812,24.886312,0.13697769,24.721188,25.172127,0.51986474,0.036463834,0.43692335,0.59230417,101.256065,2.608528,95.80246,105.98119,1,1,1,1
0.046553742,25.231335,0.1466496,24.96853,25.593863,0.42304742,0.06917026,0.25774086,0.5798005,112.84294,1.3263417,110.64562,114.189514,1,1,1,1
0.0,0.0,0.0,0.0,0.0,0.5811456,0.03305566,0.50019413,0.6253046,103.27005,1.0695676,101.00816,105.59857,0,0,1,1
0.014502276,24.648182,0.0740806,24.548384,24.758009,0.4901871,0.04581615,0.39202884,0.6101052,103.551544,2.3236468,98.704056,106.38418,1,1,1,1
0.0,0.0,0.0,0.0,0.0,0.48865387,0.06497919,0.31145677,0.61832756,96.20409,1.9938754,93.61143,99.56681,0,0,1,1
0.011464821,24.53021,0.105309226,24.362366,24.69254,0.5107438,0.04800621,0.38259143,0.5660519,93.60795,2.9147959,86.33946,100.5618,1,1,1,1
0.15973094,24.827478,0.2540584,24.348337,25.348507,0.0,0.0,0.0,0.0,0.0,0.0,0.0,0.0,1,1,0,0
0.0,24.746405,0.17988954,24.559017,25.18476,0.52021396,0.055247206,0.46436033,0.6701429,92.831245,3.2868016,88.79387,98.3263,0,1,1,1
0.0,24.548674,0.067459635,24.475342,24.671759,0.5084334,0.07268434,0.37400267,0.6033823,93.48317,1.72815,91.45617,97.74624,0,1,1,1
0.01301013,25.318035,0.10232762,25.090883,25.482409,0.4415679,0.06458034,0.3767648,0.56915206,100.54749,0.8203974,98.685776,101.37768,1,1,1,1
0.0,26.110651,0.20356564,25.759901,26.427574,0.46224493,0.025574828,0.42438132,0.5006431,104.66709,1.8004783,102.060616,107.48508,0,1,1,1
0.010719876,24.726688,0.0085247345,24.627224,24.81497,0.0,0.0,0.0,0.0,0.0,0.0,0.0,0.0,1,1,0,0
0.016010083,25.277897,0.18195589,24.851873,25.688578,0.0,0.0,0.0,0.0,0.0,0.0,0.0,0.0,1,1,0,0
0.0,0.0,0.0,0.0,0.0,0.47478867,0.05396831,0.38618058,0.53093565,92.28909,1.2805911,89.568665,94.57738,0,0,1,1
0.030859925,26.411388,0.17020279,26.125626,26.71716,0.5000329,0.03734211,0.4109016,0.54372764,105.13078,0.84717524,103.36658,106.67002,1,1,1,1
0.0,25.685844,0.2850984,25.119574,26.267447,0.5294285,0.036355667,0.45549768,0.6138341,86.89173,2.0862632,82.80752,89.64909,0,1,1,1
0.007430434,24.273449,0.1817753,24.079416,24.507463,0.0,0.0,0.0,0.0,0.0,0.0,0.0,0.0,1,1,0,0
0.022575233,25.385351,0.2270705,24.9238,25.861519,0.4477897,0.028382445,0.38022313,0.47938788,102.86383,2.0709193,99.827156,106.12001,1,1,1,1
0.0,0.0,0.0,0.0,0.0,0.50280243,0.0601853,0.3262266,0.58399016,102.37215,1.9794985,99.206276,106.97721,0,0,1,1
0.0,0.0,0.0,0.0,0.0,0.47784907,0.04055961,0.40088752,0.54970944,103.28442,2.5853386,98.7749,107.634514,0,0,1,1
0.015680075,25.590582,0.2284989,25.359106,25.877483,0.0,0.0,0.0,0.0,0.0,0.0,0.0,0.0,1,1,0,0
0.0,25.468332,0.22849977,25.035942,25.76954,0.5309927,0.05457621,0.45348692,0.64593977,97.23748,2.148057,93.86996,99.50199,0,1,1,1
0.0,24.9416,0.19675101,24.638489,25.18507,0.5601245,0.08740097,0.3575057,0.75461286,100.84468,2.002004,98.382805,104.35,0,1,1,1
0.0,24.690855,0.09439235,24.536497,24.78533,0.4819857,0.038666327,0.3798457,0.5714316,94.34743,1.0986208,91.88366,96.86649,0,1,1,1
0.033404507,25.148382,0.18689363,24.898304,25.578049,0.38328022,0.040713288,0.33937535,0.49850944,106.19889,1.9724522,104.19512,110.82724,1,1,1,1
0.0,24.671734,0.16355832,24.312717,25.005295,0.5326613,0.07198833,0.43157527,0.707239,99.97907,4.0291605,91.66766,107.31674,0,1,1,1
0.0,0.0,0.0,0.0,0.0,0.52122563,0.06455174,0.34577522,0.59967875,99.16288,1.9365234,96.49233,102.04879,0,0,1,1
0.0,23.975819,0.16614777,23.782764,24.364094,0.5593437,0.06158188,0.42450345,0.62594473,112.051674,1.5882323,108.88034,113.71987,0,1,1,1
0.0,25.574081,0.14692126,25.410587,25.871027,0.5703563,0.06186279,0.3998993,0.66827023,101.30632,2.2491682,96.46795,105.93776,0,1,1,1
0.0,0.0,0.0,0.0,0.0,0.41584274,0.066838965,0.27240023,0.5239454,103.24023,2.5875778,99.716965,108.27983,0,0,1,1
0.00015305642,23.770575,0.19051631,23.443861,24.173876,0.0,0.0,0.0,0.0,0.0,0.0,0.0,0.0,1,1,0,0
0.013319678,25.052206,0.08904338,24.961094,25.142595,0.4255253,0.10651654,0.28073668,0.6456298,104.84518,3.2699785,96.74664,109.76666,1,1,1,1
0.0059263385,24.51808,0.14983992,24.30507,24.6706,0.5759542,0.06446479,0.43315315,0.7640576,108.49684,1.4378544,106.32675,110.65692,1,1,1,1
0.0,25.619207,0.0041459883,25.558708,25.695904,0.5462255,0.025605533,0.5121524,0.59095377,102.064964,0.6816701,100.65605,102.95389,0,1,1,1
0.0,24.71538,0.17606379,24.497818,24.99597,0.44263703,0.062449854,0.34035993,0.5956535,99.39036,1.8521297,97.08902,103.84079,0,1,1,1
0.002762104,25.265211,0.1867992,24.799212,25.512133,0.0,0.0,0.0,0.0,0.0,0.0,0.0,0.0,1,1,0,0
0.041897804,25.34912,0.08772024,25.162537,25.532366,0.5193429,0.012434299,0.4846116,0.54725266,98.08236,2.6264493,95.397064,102.67656,1,1,1,1
0.0,24.596563,0.07493107,24.468662,24.743013,0.5280149,0.05881212,0.3862257,0.5869769,98.63305,1.2488514,96.6112,101.45446,0,1,1,1
0.0,0.0,0.0,0.0,0.0,0.45774174,0.051778536,0.3657745,0.5857449,93.27102,1.9124309,89.969955,97.51514,0,0,1,1
0.0,25.506927,0.12751667,25.303593,25.818089,0.4299474,0.036957953,0.35420117,0.53396535,102.79474,1.8357824,100.49304,106.68358,0,1,1,1
0.009181325,24.88725,0.09883443,24.768805,25.128,0.484224,0.038719233,0.39153245,0.5871764,98.268555,0.84215367,96.583664,99.24131,1,1,1,1
0.051283184,25.382292,0.15586829,25.17205,25.76611,0.52055115,0.025933614,0.4527804,0.5802884,103.39892,1.658426,99.384026,107.19827,1,1,1,1
0.015510371,26.234682,0.16172953,25.967169,26.62514,0.523667,0.018740382,0.49321875,0.5451777,94.77145,1.4756826,93.01531,96.60908,1,1,1,1
0.044365514,24.975222,0.22637261,24.584637,25.488447,0.51251245,0.0715235,0.3357765,0.6814997,113.83713,0.98612463,112.83937,116.04416,1,1,1,1
0.0,24.25953,0.13776264,24.014612,24.587578,0.51239616,0.058866106,0.40443042,0.6508452,91.77008,2.183672,89.44201,95.06789,0,1,1,1
0.0,26.194414,0.10299446,25.969282,26.34652,0.53791773,0.04291204,0.44688198,0.6130213,100.64053,0.9235166,98.39621,102.819405,0,1,1,1
0.0,25.278868,0.16175568,25.08152,25.562843,0.53933,0.04602215,0.47587118,0.60559684,95.95497,1.0730168,93.70319,97.45955,0,1,1,1
0.0,0.0,0.0,0.0,0.0,0.39336586,0.042326882,0.3330345,0.43985477,99.172615,2.730094,94.068085,103.32871,0,0,1,1
0.0,0.0,0.0,0.0,0.0,0.36137232,0.08467046,0.116068184,0.46616328,96.08837,0.7655846,95.322266,97.91155,0,0,1,1
0.0,25.644957,0.14563529,25.322578,25.93289,0.48718357,0.04320036,0.4017588,0.591008,105.41983,1.8822392,102.95723,108.0308,0,1,1,1
0.0010494533,24.376434,0.08596413,24.217983,24.551825,0.50001657,0.0690903,0.33441234,0.6800521,101.514336,2.5068023,96.347626,106.80215,1,1,1,1
0.0,24.68288,0.1848185,24.48052,24.967812,0.496841,0.051704977,0.41052392,0.57699585,100.881386,2.6293864,96.834206,105.09264,0,1,1,1
0.0,0.0,0.0,0.0,0.0,0.54145765,0.051312003,0.46597674,0.627421,91.54999,2.5387805,88.830826,95.569954,0,0,1,1
0.09099882,24.300426,0.14010262,23.973661,24.52685,0.0,0.0,0.0,0.0,0.0,0.0,0.0,0.0,1,1,0,0
0.023033766,24.824741,0.070425116,24.722536,24.939995,0.5160301,0.06199034,0.35603917,0.6056984,96.260704,0.8664034,94.60973,97.58738,1,1,1,1
0.0,25.056196,0.21263275,24.693935,25.283604,0.6070636,0.04287254,0.49180657,0.68750864,90.80703,1.4714979,88.92689,94.24371,0,1,1,1
0.04930055,24.501865,0.087623075,24.406193,24.676987,0.5171801,0.033989858,0.41606903,0.5678249,93.0927,1.3716048,90.591354,96.25246,1,1,1,1
0.0,25.091904,0.26788497,24.541449,25.412872,0.51794255,0.014977682,0.48581707,0.5628473,108.64937,3.0691702,103.98551,114.061455,0,1,1,1
0.0,0.0,0.0,0.0,0.0,0.4224205,0.045614,0.303159,0.51601946,97.176765,0.7693505,96.15577,97.94961,0,0,1,1
0.0,0.0,0.0,0.0,0.0,0.45378673,0.02444924,0.38588643,0.49720138,97.48392,2.5439327,94.91093,100.74805,0,0,1,1
0.09572716,25.176737,0.05473481,25.089853,25.300274,0.48093534,0.062090807,0.3742164,0.6459072,99.24841,1.493369,96.50022,102.40507,1,1,1,1
0.03607688,24.779978,0.10990765,24.558023,24.902597,0.43295243,0.03816908,0.3615709,0.50914127,106.90271,2.370861,104.46232,109.66965,1,1,1,1
0.0,24.3133,0.057767138,24.188307,24.420067,0.49673465,0.05239254,0.4427748,0.62056977,104.16038,2.1365001,99.405556,108.74347,0,1,1,1
0.04697662,24.576712,0.20100367,24.201956,24.948914,0.5107446,0.0706838,0.43240258,0.63748115,99.42694,2.6261997,93.14734,102.65519,1,1,1,1
0.0,24.96802,0.06293215,24.885271,25.049923,0.47518688,0.030741721,0.40465385,0.52234393,100.196434,1.7594427,98.09404,103.32362,0,1,1,1
0.0,24.536083,0.2040737,24.306429,24.745619,0.47655502,0.058375828,0.3962518,0.584411,99.488205,2.7490516,94.73636,102.69683,0,1,1,1
0.0,24.707514,0.19430257,24.335182,24.902966,0.49954396,0.04228434,0.41545135,0.5670062,102.248825,1.4635892,98.76995,104.63667,0,1,1,1
0.10110742,24.667599,0.029319383,24.611315,24.721123,0.48768136,0.08281813,0.2565709,0.7013652,93.85914,0.8556164,92.00214,95.391235,1,1,1,1
0.0,25.183315,0.12593694,24.939137,25.4931,0.52300835,0.053228118,0.3947277,0.6029426,95.28665,1.9644938,92.73395,98.630066,0,1,1,1
0.0,0.0,0.0,0.0,0.0,0.43700266,0.017285135,0.39319018,0.4831524,100.396736,2.569308,95.96221,104.637825,0,0,1,1
0.0,24.511305,0.1597654,24.118088,24.683472,0.5374123,0.040749077,0.4753566,0.6299254,99.74331,2.817571,92.7269,105.250404,0,1,1,1
0.010398327,25.605984,0.17872435,25.250189,25.99146,0.0,0.0,0.0,0.0,0.0,0.0,0.0,0.0,1,1,0,0
0.0,26.199627,0.19010839,25.960745,26.565554,0.5283419,0.04888262,0.42239553,0.5855109,98.65486,2.3714654,94.329155,103.81059,0,1,1,1
0.08629792,24.831657,0.21862216,24.300833,25.34754,0.35395023,0.07089019,0.15601037,0.48632365,97.05641,1.7096304,95.066086,100.07204,1,1,1,1
0.002823579,25.336966,0.19102128,24.948263,25.750204,0.5087603,0.06168081,0.33292916,0.62884504,95.96864,1.8312752,93.46949,100.115074,1,1,1,1
0.0,24.641594,0.13210687,24.403904,24.956945,0.4785134,0.021760149,0.45538926,0.53374946,96.729774,1.8183408,94.71214,100.74286,0,1,1,1
0.0,0.0,0.0,0.0,0.0,0.457917,0.07504505,0.30503625,0.65445536,102.00876,1.9752659,98.757576,104.5008,0,0,1,1
0.0,0.0,0.0,0.0,0.0,0.5542094,0.026290568,0.49800366,0.6075535,96.22485,1.8814706,92.03491,100.01837,0,0,1,1
0.03246709,24.575178,0.17051174,24.274424,24.865734,0.0,0.0,0.0,0.0,0.0,0.0,0.0,0.0,1,1,0,0
0.014942951,24.580013,0.10122887,24.356108,24.774824,0.50716853,0.03416584,0.44191158,0.55689937,97.31769,1.5564184,93.66509,100.58062,1,1,1,1
0.0,24.94499,0.20138648,24.707767,25.259163,0.45993036,0.032915324,0.37646562,0.5063035,108.411316,2.0304658,105.948616,112.22089,0,1,1,1
0.15058191,26.312185,0.18165104,25.883217,26.651358,0.54556257,0.022846134,0.51188034,0.5713209,109.77245,3.328526,105.620735,114.58907,1,1,1,1
0.0,24.015783,0.15390153,23.715033,24.186344,0.5455354,0.04605156,0.44903135,0.6200826,102.68521,1.6449375,99.10059,106.74092,0,1,1,1
0.0,0.0,0.0,0.0,0.0,0.539727,0.018592019,0.490781,0.5681855,92.78368,1.7151948,89.92507,96.59975,0,0,1,1
0.0,0.0,0.0,0.0,0.0,0.5071267,0.07058859,0.3986885,0.67623836,100.66859,2.5105984,96.35777,103.6764,0,0,1,1
0.0,23.969318,0.13367938,23.790901,24.227945,0.52984667,0.03728666,0.47915003,0.57478404,94.431816,1.2872412,92.579155,97.18079,0,1,1,1
0.0,0.0,0.0,0.0,0.0,0.5310399,0.07385345,0.38548818,0.7156923,105.10261,1.5303003,102.427284,108.54055,0,0,1,1
0.0,0.0,0.0,0.0,0.0,0.46840066,0.030812506,0.40489262,0.5502312,108.57629,0.7922575,106.61268,110.408165,0,0,1,1
0.010367093,24.565535,0.18583664,24.211092,24.996214,0.0,0.0,0.0,0.0,0.0,0.0,0.0,0.0,1,1,0,0
0.02273206,25.55499,0.16249402,25.153465,25.851618,0.52294904,0.039870456,0.41686267,0.5975053,113.01684,2.217072,108.755585,116.21748,1,1,1,1
0.024397118,25.692633,0.16544253,25.518576,25.90013,0.0,0.0,0.0,0.0,0.0,0.0,0.0,0.0,1,1,0,0
0.0,25.996729,0.12294132,25.760954,26.262959,0.5151866,0.04765104,0.4641729,0.6304445,108.64233,2.0797727,105.1167,111.84915,0,1,1,1
0.0728387,24.888712,0.17937534,24.489096,25.276035,0.0,0.0,0.0,0.0,0.0,0.0,0.0,0.0,1,1,0,0
0.07452569,24.615606,0.13610621,24.340456,24.788233,0.0,0.0,0.0,0.0,0.0,0.0,0.0,0.0,1,1,0,0
0.0,0.0,0.0,0.0,0.0,0.5093008,0.07185483,0.31677866,0.6508547,97.269035,2.3461092,94.270874,102.02988,0,0,1,1
0.0,23.786335,0.15349278,23.565125,23.997185,0.55230165,0.053044364,0.4147935,0.60888684,94.668335,2.320797,90.30901,97.50966,0,1,1,1
0.04422181,24.755693,0.23623006,24.299088,25.083828,0.5714696,0.032193914,0.5304453,0.60560966,96.58116,2.1712358,91.75139,100.45598,1,1,1,1
0.045076445,24.375288,0.08529462,24.276968,24.49251,0.0,0.0,0.0,0.0,0.0,0.0,0.0,0.0,1,1,0,0
0.004155819,24.80431,0.10376329,24.664892,25.053707,0.0,0.0,0.0,0.0,0.0,0.0,0.0,0.0,1,1,0,0
0.0,0.0,0.0,0.0,0.0,0.42250377,0.03860379,0.32964897,0.46893957,104.07252,0.36828622,103.02752,104.77127,0,0,1,1
0.0,26.045525,0.091546856,25.939651,26.16222,0.4639255,0.04252952,0.36619195,0.56519693,97.72449,2.8932784,92.950195,103.91778,0,1,1,1
0.0,25.348543,0.18862051,25.066656,25.559383,0.5658174,0.06354515,0.48676917,0.72145617,98.36698,2.0425355,95.57616,102.876785,0,1,1,1
0.12617601,25.17991,0.14233482,24.940935,25.412025,0.5545945,0.027357532,0.47821358,0.5968863,99.50683,2.605086,94.264885,104.038376,1,1,1,1
0.0,0.0,0.0,0.0,0.0,0.49449915,0.04494243,0.4308559,0.58850336,98.39051,2.354128,95.854256,103.19885,0,0,1,1
0.0,24.445992,0.227351,24.16849,24.952332,0.49368265,0.071724735,0.34115797,0.5987784,108.17142,2.6763036,102.36596,111.272514,0,1,1,1
0.0842563,24.860754,0.30630866,24.381048,25.194817,0.44957516,0.08544198,0.21545345,0.61428106,101.24093,2.8778136,97.0716,107.404625,1,1,1,1
0.007498455,25.038445,0.06617934,24.94791,25.111197,0.0,0.0,0.0,0.0,0.0,0.0,0.0,0.0,1,1,0,0
0.0,0.0,0.0,0.0,0.0,0.48692915,0.066618934,0.2965116,0.6481961,109.640366,2.3518825,104.98756,115.27914,0,0,1,1
0.0,0.0,0.0,0.0,0.0,0.4357252,0.069119975,0.28130025,0.6158252,100.114655,1.4471663,97.25025,103.11869,0,0,1,1
0.0,24.588503,0.12652168,24.356117,24.889492,0.4875129,0.01067067,0.47133923,0.51501745,104.815704,1.9486517,101.72993,107.12621,0,1,1,1
0.0,24.771585,0.24931324,24.38133,25.364498,0.47302303,0.0637982,0.34869152,0.5948288,93.958626,1.5765187,90.11011,97.47166,0,1,1,1
0.0,25.910358,0.14862113,25.55256,26.140028,0.5058218,0.06500631,0.3146523,0.69403774,95.203995,1.2874599,92.00922,96.9128,0,1,1,1
0.0,24.677778,0.043199323,24.576088,24.768002,0.49666384,0.053606953,0.34182325,0.6149091,101.71596,2.4105244,96.101326,107.42715,0,1,1,1
0.010850068,25.249664,0.10173748,25.09637,25.39293,0.0,0.0,0.0,0.0,0.0,0.0,0.0,0.0,1,1,0,0
0.0,25.113678,0.14388819,24.816235,25.305403,0.39507392,0.012389499,0.36048123,0.42255843,108.983894,1.315238,107.31194,111.970245,0,1,1,1
0.048087396,25.39793,0.13315596,25.089153,25.72454,0.43277514,0.020020554,0.38042638,0.4787219,90.6444,1.9558377,87.02933,95.102516,1,1,1,1
0.004915755,25.045628,0.1776734,24.831617,25.406185,0.0,0.0,0.0,0.0,0.0,0.0,0.0,0.0,1,1,0,0
0.0,0.0,0.0,0.0,0.0,0.5277018,0.040276717,0.425589,0.5875123,103.34404,2.244104,98.318146,107.24974,0,0,1,1
0.0,25.8973,0.14829746,25.690462,26.266945,0.47548062,0.02329465,0.40974045,0.5229304,93.962364,2.3503795,88.62322,99.71372,0,1,1,1
0.0,23.47776,0.12998568,23.228651,23.764662,0.50449693,0.065257326,0.39098105,0.6028334,100.32107,3.3036246,92.69641,105.70007,0,1,1,1
0.0,24.442987,0.09827941,24.312925,24.579048,0.47222164,0.039643083,0.39970404,0.5575931,93.67777,1.8188894,91.25362,96.438446,0,1,1,1
0.0,25.143934,0.12216764,24.950924,25.442778,0.60602164,0.028918196,0.55818164,0.69026107,105.28527,1.7210295,102.221725,107.59454,0,1,1,1
0.047648888,25.635496,0.10751496,25.366924,25.861027,0.0,0.0,0.0,0.0,0.0,0.0,0.0,0.0,1,1,0,0
0.0,0.0,0.0,0.0,0.0,0.4455756,0.031514812,0.37922117,0.49204832,98.833336,1.644418,95.176,100.605705,0,0,1,1
0.0,0.0,0.0,0.0,0.0,0.46461812,0.040828984,0.3884664,0.5755988,95.88847,1.4961675,93.01744,99.3316,0,0,1,1
0.0075302892,24.955677,0.13697352,24.79676,25.179983,0.5059267,0.063025326,0.39713848,0.6247876,101.026,2.0973246,97.1972,105.25117,1,1,1,1
0.07547089,25.401167,0.05649227,25.277727,25.478037,0.48921943,0.06677587,0.29224592,0.6603039,97.43316,3.106734,90.10299,102.77224,1,1,1,1
0.017184684,24.858934,0.12310091,24.71304,24.990953,0.56946,0.04237711,0.51527447,0.624237,111.090706,2.0062122,108.48157,113.20338,1,1,1,1
0.1912579,24.519781,0.15000445,24.160194,24.85601,0.5547707,0.05145767,0.41236988,0.6811262,98.131935,2.2601147,93.46968,103.11975,1,1,1,1
0.039157495,25.579134,0.1866659,25.328829,25.77072,0.0,0.0,0.0,0.0,0.0,0.0,0.0,0.0,1,1,0,0
0.014342851,24.75229,0.15189359,24.550121,24.98476,0.0,0.0,0.0,0.0,0.0,0.0,0.0,0.0,1,1,0,0
0.088210426,23.95167,0.13381696,23.782833,24.118721,0.59912986,0.011108188,0.58535266,0.6250829,101.739044,1.0096174,100.483284,103.5186,1,1,1,1
0.0,24.96312,0.053130746,24.899742,25.065357,0.48818606,0.07348399,0.40298644,0.5845891,107.97557,2.0317066,104.795845,111.60221,0,1,1,1
0.022432793,25.95165,0.19259691,25.674309,26.351553,0.0,0.0,0.0,0.0,0.0,0.0,0.0,0.0,1,1,0,0
0.01660625,25.6181,0.22502516,25.143206,26.042866,0.0,0.0,0.0,0.0,0.0,0.0,0.0,0.0,1,1,0,0
0.14457466,24.918839,0.14095819,24.604145,25.157715,0.0,0.0,0.0,0.0,0.0,0.0,0.0,0.0,1,1,0,0
0.0,26.10289,0.24371731,25.767702,26.539896,0.4509571,0.062851496,0.35792556,0.53894734,102.31942,2.3773155,99.124275,105.95803,0,1,1,1
0.06277843,25.162489,0.18357497,24.94128,25.5006,0.47682196,0.04088185,0.4207689,0.5437931,102.09056,2.6856623,98.58401,105.02808,1,1,1,1
0.0,25.932741,0.1417752,25.764048,26.161167,0.55665153,0.07343617,0.3944599,0.70377356,95.63782,3.347649,90.86049,103.81302,0,1,1,1
0.02159807,25.349054,0.18910953,25.02112,25.779284,0.0,0.0,0.0,0.0,0.0,0.0,0.0,0.0,1,1,0,0
0.08302734,25.001478,0.09705549,24.764786,25.222113,0.0,0.0,0.0,0.0,0.0,0.0,0.0,0.0,1,1,0,0
0.02554203,25.6659,0.16359699,25.358461,25.967133,0.5083011,0.07248249,0.40358865,0.6313341,100.65307,2.5343165,97.177025,104.52325,1,1,1,1
0.042104237,24.481712,0.17038944,24.300018,24.864231,0.0,0.0,0.0,0.0,0.0,0.0,0.0,0.0,1,1,0,0
0.066022806,25.92549,0.16532888,25.699524,26.20939,0.0,0.0,0.0,0.0,0.0,0.0,0.0,0.0,1,1,0,0
0.058477156,25.448145,0.12881383,25.184721,25.676771,0.0,0.0,0.0,0.0,0.0,0.0,0.0,0.0,1,1,0,0
0.03227048,24.753664,0.13134278,24.593428,24.976131,0.47303298,0.05460736,0.31764975,0.5495278,109.19696,3.0587385,104.02646,116.305214,1,1,1,1
0.0,0.0,0.0,0.0,0.0,0.46884656,0.05035757,0.32549733,0.53649646,103.115425,1.9151772,98.864845,105.520966,0,0,1,1
0.0,0.0,0.0,0.0,0.0,0.49839935,0.033323027,0.46089816,0.53608656,101.28538,2.3638625,96.8046,104.668564,0,0,1,1
0.0,25.145971,0.10501601,24.968672,25.335026,0.46382898,0.051064108,0.3984458,0.5870104,98.78694,2.327375,95.283394,102.70054,0,1,1,1
0.13743697,24.17284,0.13586976,23.837666,24.46902,0.0,0.0,0.0,0.0,0.0,0.0,0.0,0.0,1,1,0,0
0.0,0.0,0.0,0.0,0.0,0.48161384,0.04686235,0.41856706,0.5860542,97.34573,1.4696728,95.05504,99.94598,0,0,1,1
0.003634255,25.238157,0.0697954,25.115068,25.393326,0.47871757,0.09422405,0.3645955,0.69562507,115.99471,1.3593777,113.222466,119.05627,1,1,1,1
0.004537682,24.815401,0.20460285,24.35063,25.177898,0.5410277,0.020335576,0.5109936,0.59207946,103.150764,2.9948664,98.92582,107.34863,1,1,1,1
0.0,0.0,0.0,0.0,0.0,0.5164992,0.04405765,0.4029708,0.58310795,102.75814,1.6053886,99.13607,106.6762,0,0,1,1
0.016936276,24.735441,0.121964194,24.612507,24.94755,0.47986758,0.051942207,0.39782548,0.62257314,105.50891,1.6995478,102.89664,109.28842,1,1,1,1
0.0,25.18396,0.07859217,25.100784,25.272184,0.5487345,0.05599778,0.47561565,0.7007283,98.49239,1.268016,96.037895,100.94739,0,1,1,1
0.12855479,25.734554,0.08563489,25.618965,25.914814,0.0,0.0,0.0,0.0,0.0,0.0,0.0,0.0,1,1,0,0
0.000680438,24.495447,0.1552579,24.110092,24.774921,0.0,0.0,0.0,0.0,0.0,0.0,0.0,0.0,1,1,0,0
0.03544128,23.90678,0.15723735,23.678383,24.178873,0.5031267,0.044100996,0.43509674,0.6352124,103.41384,1.1368643,101.82417,105.15306,1,1,1,1
0.0,25.691376,0.1765809,25.36389,25.975166,0.51980716,0.01437722,0.5049789,0.5600198,106.118324,1.6456394,102.68648,109.667,0,1,1,1
0.012603387,23.977081,0.06929903,23.882643,24.098234,0.0,0.0,0.0,0.0,0.0,0.0,0.0,0.0,1,1,0,0
0.0,25.4042,0.19484138,24.963232,25.61353,0.49394763,0.078873985,0.35777652,0.68258584,101.6551,2.934768,97.503555,107.46334,0,1,1,1
0.07484511,25.615005,0.17718437,25.383581,26.047619,0.59508485,0.018550491,0.54504055,0.63381344,106.538605,2.1579015,103.8842,110.09473,1,1,1,1
0.0,0.0,0.0,0.0,0.0,0.5566314,0.06597278,0.41239384,0.73245126,86.78949,1.1287919,84.133514,89.28307,0,0,1,1
0.0,24.664696,0.094838664,24.538696,24.854048,0.5250596,0.037327956,0.43072706,0.587271,99.35086,0.23044929,98.121704,100.43313,0,1,1,1
0.0,0.0,0.0,0.0,0.0,0.40996283,0.025128389,0.36358783,0.44698685,101.010864,2.4914992,96.961945,104.525665,0,0,1,1
0.010445245,25.533993,0.15196565,25.3222,25.912445,0.45101056,0.07397303,0.28258798,0.5831455,95.60234,1.9796617,93.38761,99.13426,1,1,1,1
0.12756851,24.873137,0.13563474,24.688835,25.168861,0.55402094,0.026906386,0.49085036,0.62517524,97.44817,1.1477662,94.61585,99.147125,1,1,1,1
0.14864326,24.859667,0.092647806,24.696014,25.059792,0.4404817,0.03682253,0.3321601,0.53090686,105.41373,1.7478776,102.06969,108.70899,1,1,1,1
0.019508418,25.621983,0.1725097,25.303822,25.940176,0.55850357,0.03390777,0.5019031,0.6368319,100.707184,1.029725,98.48497,102.38139,1,1,1,1
0.038617343,24.441862,0.15913646,24.173805,24.760817,0.49427387,0.043477297,0.3832621,0.53820854,91.70974,1.256999,88.670204,93.922775,1,1,1,1
0.07750312,25.599958,0.051725082,25.532791,25.67253,0.0,0.0,0.0,0.0,0.0,0.0,0.0,0.0,1,1,0,0
0.0,25.947018,0.1776929,25.715296,26.323624,0.43224382,0.05530672,0.3430014,0.5811286,103.48797,1.6402769,99.830765,107.12838,0,1,1,1
0.016063161,25.304567,0.14362457,25.143726,25.547855,0.0,0.0,0.0,0.0,0.0,0.0,0.0,0.0,1,1,0,0
0.0,25.283146,0.03538493,25.229069,25.340296,0.43720272,0.06764922,0.25187683,0.5467421,90.02384,1.6017612,86.05927,91.853,0,1,1,1
0.016272912,25.848083,0.1789747,25.481138,26.075644,0.5579085,0.050335765,0.41048834,0.6201396,94.41981,1.1323608,92.673744,96.76381,1,1,1,1
0.0,0.0,0.0,0.0,0.0,0.45404598,0.040746376,0.3323682,0.5184623,99.162125,2.3564787,95.78408,102.05829,0,0,1,1
0.0,0.0,0.0,0.0,0.0,0.50612944,0.10532932,0.37669128,0.7424279,101.85111,1.4457842,98.95002,105.37767,0,0,1,1
0.0,24.335333,0.16719538,24.02237,24.610224,0.5427059,0.05747637,0.46818864,0.70770615,104.06501,2.7174156,98.27185,106.83078,0,1,1,1
0.0,0.0,0.0,0.0,0.0,0.4989789,0.051513717,0.4122715,0.6173574,95.8983,2.264576,93.62839,99.33653,0,0,1,1
0.021687986,25.785656,0.12377729,25.543287,25.910944,0.50292397,0.03229602,0.42070678,0.5473869,106.42612,1.9929819,102.48313,108.94509,1,1,1,1
0.004222448,24.708101,0.15545939,24.457174,25.027426,0.5666558,0.061601683,0.42207193,0.7035111,100.486946,1.2341279,97.69263,103.50611,1,1,1,1
0.0,0.0,0.0,0.0,0.0,0.5912492,0.0701897,0.38096166,0.72969085,102.784584,2.2303293,99.76048,105.17245,0,0,1,1
0.016909108,25.285929,0.11751712,25.085552,25.435474,0.0,0.0,0.0,0.0,0.0,0.0,0.0,0.0,1,1,0,0
0.0,24.72943,0.15092243,24.53085,25.011707,0.5426588,0.04518521,0.41965452,0.6353018,102.85076,2.132045,100.66823,107.90417,0,1,1,1
0.0,24.974884,0.17250067,24.685188,25.272148,0.48580703,0.05407186,0.41269922,0.5461704,100.03912,1.9969727,96.94062,104.70929,0,1,1,1
0.022722028,23.958015,0.110373564,23.690052,24.233183,0.0,0.0,0.0,0.0,0.0,0.0,0.0,0.0,1,1,0,0
0.003719391,24.4915,0.19975871,24.22682,24.702854,0.43632352,0.06951445,0.36634162,0.57685196,99.92298,1.2119985,98.64028,101.223274,1,1,1,1
0.03811339,25.396584,0.085318044,25.26034,25.607021,0.0,0.0,0.0,0.0,0.0,0.0,0.0,0.0,1,1,0,0
0.0010878433,24.741222,0.15333821,24.529049,24.982704,0.0,0.0,0.0,0.0,0.0,0.0,0.0,0.0,1,1,0,0
0.42850423,24.864948,0.09217406,24.687351,25.069506,0.48217988,0.021175334,0.4231605,0.5394095,104.21058,1.9113201,99.474075,108.46247,1,1,1,1
0.0,0.0,0.0,0.0,0.0,0.5212176,0.08872206,0.3541427,0.7415214,94.73273,2.3402317,89.75459,97.74258,0,0,1,1
0.051467713,24.753143,0.1186441,24.528425,24.896694,0.0,0.0,0.0,0.0,0.0,0.0,0.0,0.0,1,1,0,0
0.0,25.121174,0.15900648,24.748552,25.518465,0.43441036,0.029337388,0.373391,0.4904431,110.32597,1.0558146,108.97722,112.38188,0,1,1,1
0.0,0.0,0.0,0.0,0.0,0.48483336,0.07147939,0.3385389,0.6189622,104.07314,3.2674983,100.399666,112.20366,0,0,1,1
0.0,24.918007,0.14752428,24.742117,25.235018,0.4576326,0.068731874,0.36443454,0.6299826,93.64427,2.0436003,91.26586,97.89682,0,1,1,1
0.0070611555,25.869041,0.1822606,25.598928,26.079695,0.0,0.0,0.0,0.0,0.0,0.0,0.0,0.0,1,1,0,0
0.018527415,24.8508,0.12018707,24.649258,25.00632,0.0,0.0,0.0,0.0,0.0,0.0,0.0,0.0,1,1,0,0
0.005223407,24.602386,0.17822921,24.177906,24.849281,0.42711765,0.09651823,0.3027645,0.6789737,97.296875,1.5431609,93.85721,100.268654,1,1,1,1
0.0126456795,25.021265,0.021598542,24.90317,25.128542,0.0,0.0,0.0,0.0,0.0,0.0,0.0,0.0,1,1,0,0
0.0,0.0,0.0,0.0,0.0,0.43203616,0.080264375,0.34329855,0.65576035,97.0389,1.9429038,94.938614,101.89316,0,0,1,1
0.0044708364,25.475441,0.15719937,25.163496,25.777287,0.51460594,0.01912505,0.48229575,0.55329657,94.4296,1.9950204,90.13024,96.883865,1,1,1,1
0.05847326,24.282137,0.14108363,24.126328,24.593359,0.0,0.0,0.0,0.0,0.0,0.0,0.0,0.0,1,1,0,0
0.0,0.0,0.0,0.0,0.0,0.47272208,0.030226266,0.40005964,0.53949034,99.30912,2.4431968,94.28833,103.60112,0,0,1,1
0.0045008394,24.492388,0.093124524,24.27233,24.6398,0.0,0.0,0.0,0.0,0.0,0.0,0.0,0.0,1,1,0,0
0.0,25.764784,0.21660404,25.320648,26.239443,0.5112823,0.04076818,0.45678818,0.6306927,107.31321,2.3604608,102.45565,110.23217,0,1,1,1
0.0,0.0,0.0,0.0,0.0,0.41484267,0.043720856,0.32245106,0.5455626,103.883514,2.893758,100.44186,108.480774,0,0,1,1
0.0,24.988216,0.095891036,24.794716,25.21157,0.5124093,0.050186735,0.44690806,0.5699236,103.32609,2.002391,100.608734,106.20784,0,1,1,1
0.06386198,24.407846,0.22641332,23.974552,24.68388,0.0,0.0,0.0,0.0,0.0,0.0,0.0,0.0,1,1,0,0
0.08327029,24.270947,0.21263453,23.961056,24.489115,0.0,0.0,0.0,0.0,0.0,0.0,0.0,0.0,1,1,0,0
0.0,25.50485,0.17370172,25.139818,25.722094,0.4949693,0.043419424,0.4183847,0.60085076,100.96085,1.044926,99.302574,103.12764,0,1,1,1
0.0,25.644423,0.10901934,25.401487,25.802454,0.4785295,0.027825015,0.40221778,0.5350695,96.313576,2.8395498,90.06341,102.85971,0,1,1,1
0.025182517,25.070337,0.15604822,24.764032,25.42707,0.51959187,0.05319863,0.46036917,0.61629397,98.99026,2.722675,94.054504,101.86235,1,1,1,1
0.0,25.277054,0.13117552,25.007006,25.428677,0.54369694,0.08082593,0.44347802,0.7830531,98.3922,2.0288618,95.84064,102.60997,0,1,1,1
0.0032866602,25.135672,0.107850134,24.943926,25.379755,0.0,0.0,0.0,0.0,0.0,0.0,0.0,0.0,1,1,0,0
0.03481656,24.84311,0.12490472,24.646883,25.024992,0.45979863,0.071793295,0.297388,0.62113684,101.594154,1.932157,99.15788,103.95362,1,1,1,1
0.0,23.922836,0.13797393,23.756643,24.078533,0.49634823,0.008657795,0.48343104,0.5092708,100.48498,1.7122514,96.82565,104.38748,0,1,1,1
0.0,25.034851,0.1049875,24.848015,25.239582,0.4916895,0.09842094,0.32797378,0.6193055,98.60383,1.7043248,95.17468,102.518135,0,1,1,1
0.01216044,23.94935,0.126853,23.685238,24.174355,0.0,0.0,0.0,0.0,0.0,0.0,0.0,0.0,1,1,0,0
0.00040021932,25.037846,0.14942677,24.751793,25.299389,0.46758613,0.06175351,0.39661846,0.6426333,102.06921,1.8674182,99.512764,106.65305,1,1,1,1
0.0,0.0,0.0,0.0,0.0,0.50814813,0.040744692,0.4492385,0.59070414,97.01804,1.0351888,95.11107,98.86501,0,0,1,1
0.0,0.0,0.0,0.0,0.0,0.51681495,0.062994376,0.44305876,0.5956902,100.79595,2.162426,98.46387,105.892715,0,0,1,1
0.0,0.0,0.0,0.0,0.0,0.55472267,0.051128298,0.47168586,0.6839053,103.768906,0.7494304,102.503716,104.74556,0,0,1,1
0.0,24.24088,0.15502296,24.046337,24.406723,0.51527655,0.024142595,0.48262864,0.55286026,99.273125,1.2118315,97.25158,102.20024,0,1,1,1
0.0,0.0,0.0,0.0,0.0,0.4789091,0.055653177,0.35016876,0.5390619,95.332886,1.0218294,93.88781,97.31773,0,0,1,1
0.09496953,25.579205,0.11841027,25.421515,25.809341,0.51473796,0.045770004,0.37743276,0.5641908,94.31607,1.9120034,91.96114,97.53086,1,1,1,1
0.0727274,25.640093,0.1729495,25.376114,26.0502,0.6411559,0.025623618,0.58095574,0.685593,103.7636,2.3411722,99.779755,109.12037,1,1,1,1
0.0,0.0,0.0,0.0,0.0,0.48980546,0.07491788,0.36057332,0.62421536,97.18249,2.400484,94.26407,100.38842,0,0,1,1
0.0,24.364635,0.14715154,24.076292,24.664202,0.5494648,0.053009517,0.48660633,0.6570992,113.05538,3.1522038,107.78363,120.67989,0,1,1,1
0.0,0.0,0.0,0.0,0.0,0.50316715,0.06864239,0.37690106,0.5927959,98.66518,2.3865325,95.44203,104.18087,0,0,1,1
0.010909761,24.666874,0.12141625,24.502066,24.956133,0.39225173,0.0383637,0.3131167,0.4437987,111.3827,2.9848282,104.38232,118.5083,1,1,1,1
0.006495066,24.720987,0.13834459,24.544886,24.898712,0.0,0.0,0.0,0.0,0.0,0.0,0.0,0.0,1,1,0,0
0.02659725,24.667412,0.12662718,24.393482,24.855392,0.46099278,0.051778056,0.38977975,0.5734167,99.92184,1.9734031,96.89378,103.43069,1,1,1,1
0.0,25.33305,0.09065568,25.191235,25.454094,0.603875,0.07560258,0.42670175,0.799208,97.58427,2.1987305,92.302055,102.17851,0,1,1,1
0.0020043808,25.12981,0.17022638,24.725935,25.542368,0.0,0.0,0.0,0.0,0.0,0.0,0.0,0.0,1,1,0,0
0.18924275,24.738787,0.16043393,24.462088,24.901834,0.46047425,0.052160237,0.34044746,0.6054054,89.95811,2.41326,86.603165,95.45951,1,1,1,1
0.0,0.0,0.0,0.0,0.0,0.5386635,0.022031495,0.48513412,0.58289987,88.65568,2.1248307,84.79529,92.09955,0,0,1,1
0.017356535,24.853386,0.113403246,24.636944,25.104586,0.0,0.0,0.0,0.0,0.0,0.0,0.0,0.0,1,1,0,0
0.033368852,24.337864,0.11898403,24.062538,24.497501,0.0,0.0,0.0,0.0,0.0,0.0,0.0,0.0,1,1,0,0
0.01925925,24.996239,0.1024608,24.764212,25.218367,0.0,0.0,0.0,0.0,0.0,0.0,0.0,0.0,1,1,0,0
0.0,24.67285,0.08915985,24.550625,24.790493,0.40338472,0.020511437,0.37400827,0.42521986,107.50288,2.4314356,102.68806,112.00808,0,1,1,1
0.011778619,25.482807,0.26207626,24.96382,25.815733,0.0,0.0,0.0,0.0,0.0,0.0,0.0,0.0,1,1,0,0
0.13794424,25.026146,0.23994988,24.490599,25.497633,0.0,0.0,0.0,0.0,0.0,0.0,0.0,0.0,1,1,0,0
0.026237153,23.904488,0.11853924,23.742792,24.180548,0.4606166,0.04040818,0.36329308,0.541973,97.35739,1.2567497,96.092255,99.00198,1,1,1,1
0.019047584,24.916359,0.12998228,24.766165,25.085846,0.0,0.0,0.0,0.0,0.0,0.0,0.0,0.0,1,1,0,0
0.13397875,24.704447,0.19047728,24.510729,25.08233,0.0,0.0,0.0,0.0,0.0,0.0,0.0,0.0,1,1,0,0
0.0,25.321758,0.12017933,25.100824,25.509611,0.45720437,0.045407195,0.32520866,0.5290073,104.74779,1.5622579,101.6291,107.06644,0,1,1,1
0.00501223,24.670736,0.16744883,24.482807,24.936281,0.5266888,0.05048881,0.41272938,0.62823707,95.71291,2.234598,93.201805,98.959564,1,1,1,1
0.0,0.0,0.0,0.0,0.0,0.55070865,0.051980194,0.47076434,0.63799095,90.819595,2.8909745,86.409225,94.5583,0,0,1,1
0.030097704,25.201284,0.15284957,24.991259,25.493399,0.51885617,0.035457473,0.41394994,0.5740699,109.24024,1.5407655,107.286835,112.17575,1,1,1,1
0.0,24.992382,0.15602279,24.759295,25.162357,0.5453504,0.05121358,0.41520113,0.662147,110.96002,1.6986362,108.32915,114.26952,0,1,1,1
0.19212152,25.227285,0.21101913,24.966543,25.502907,0.0,0.0,0.0,0.0,0.0,0.0,0.0,0.0,1,1,0,0
0.0,0.0,0.0,0.0,0.0,0.50080526,0.049226955,0.36246693,0.5809271,105.993256,1.746014,103.73534,108.070564,0,0,1,1
0.07181652,25.150967,0.19506384,24.7446,25.573689,0.0,0.0,0.0,0.0,0.0,0.0,0.0,0.0,1,1,0,0
0.0,0.0,0.0,0.0,0.0,0.50932395,0.06094631,0.33383527,0.6414338,101.23651,1.8711455,98.574615,105.17589,0,0,1,1
0.0,0.0,0.0,0.0,0.0,0.43026155,0.065914325,0.30643392,0.5090062,104.541336,2.1111057,99.938065,108.31701,0,0,1,1
0.0,24.169355,0.09071064,24.00838,24.304123,0.51535267,0.040750843,0.40166518,0.5671364,101.934,2.3496377,98.07893,104.75414,0,1,1,1
0.0,0.0,0.0,0.0,0.0,0.37855548,0.06293052,0.28193069,0.5009163,93.56578,1.7789588,89.25641,95.936455,0,0,1,1
0.10792503,25.544031,0.1973856,25.140263,25.864769,0.0,0.0,0.0,0.0,0.0,0.0,0.0,0.0,1,1,0,0
0.0,24.877245,0.11759593,24.73477,25.101906,0.47834668,0.06199801,0.40470085,0.62164176,108.97158,1.506139,105.25273,111.19154,0,1,1,1
0.01292954,24.098663,0.12828484,23.942314,24.35025,0.0,0.0,0.0,0.0,0.0,0.0,0.0,0.0,1,1,0,0
0.22174403,25.480871,0.14886503,25.159492,25.750298,0.49088246,0.073678784,0.31439993,0.6632993,99.69146,1.2086035,98.05465,101.182396,1,1,1,1
0.0,25.869173,0.1480698,25.573807,26.068554,0.52190626,0.051867317,0.45422462,0.60057825,100.85061,1.2583585,98.84054,102.54845,0,1,1,1
0.00055363117,25.347136,0.116099276,25.11801,25.62606,0.0,0.0,0.0,0.0,0.0,0.0,0.0,0.0,1,1,0,0
0.0,24.65979,0.22615474,24.141794,25.150763,0.5865662,0.063710436,0.40245754,0.6940698,96.241875,2.1105356,93.590675,99.00342,0,1,1,1
0.0,0.0,0.0,0.0,0.0,0.45942587,0.046385065,0.33410448,0.5376423,95.11521,1.2068018,92.258446,96.55878,0,0,1,1
0.0,0.0,0.0,0.0,0.0,0.45518866,0.04274409,0.3330607,0.56614643,113.42188,2.385605,109.67106,117.25824,0,0,1,1
0.0,25.440214,0.18396771,25.057714,25.75053,0.50105536,0.065495215,0.39286292,0.6455208,99.21343,1.3315808,97.34334,101.934006,0,1,1,1
0.001040691,24.278734,0.13879928,24.119068,24.570606,0.0,0.0,0.0,0.0,0.0,0.0,0.0,0.0,1,1,0,0
0.0,0.0,0.0,0.0,0.0,0.49652514,0.09266661,0.34160563,0.7208413,101.300674,1.5873361,99.071754,104.44497,0,0,1,1
0.0,0.0,0.0,0.0,0.0,0.48210976,0.016774561,0.46524698,0.50537896,100.28713,2.7633555,95.20856,105.68994,0,0,1,1
0.0,24.708242,0.07647447,24.614935,24.857645,0.5857711,0.060566407,0.4136792,0.7612508,98.96724,2.5682352,93.84484,101.67263,0,1,1,1
0.012048738,24.33251,0.18968661,23.992014,24.576902,0.0,0.0,0.0,0.0,0.0,0.0,0.0,0.0,1,1,0,0
0.0,0.0,0.0,0.0,0.0,0.4879449,0.05511209,0.36042425,0.63548017,107.03974,2.232275,102.31946,109.723076,0,0,1,1
0.0,25.646463,0.17143598,25.462307,25.858213,0.5251586,0.049356036,0.38359597,0.6029752,99.88313,0.060721368,98.95815,100.69176,0,1,1,1
0.0,0.0,0.0,0.0,0.0,0.4437945,0.043271083,0.3541918,0.52404517,96.58937,2.37082,92.021774,101.487526,0,0,1,1
0.14359292,25.25589,0.117022105,25.000996,25.472523,0.0,0.0,0.0,0.0,0.0,0.0,0.0,0.0,1,1,0,0
0.112906344,25.153242,0.13646448,24.985586,25.324896,0.5128431,0.025969394,0.48560923,0.579062,107.89356,1.809652,103.91271,110.19164,1,1,1,1
0.0,0.0,0.0,0.0,0.0,0.4901686,0.072968155,0.40198392,0.6634674,102.29216,3.652096,93.60545,110.59548,0,0,1,1
0.14808789,24.347586,0.1418337,24.180412,24.62235,0.54934055,0.04643334,0.44860741,0.6691717,114.61822,3.2024624,107.93307,121.595764,1,1,1,1
0.0,25.479359,0.13310514,25.168705,25.765223,0.43266943,0.029373413,0.40199226,0.49185982,96.457184,1.4439367,93.00516,98.23244,0,1,1,1
0.07397148,24.787422,0.17939804,24.559776,25.02187,0.41546938,0.08430961,0.22414012,0.5099912,106.67262,2.600363,101.92162,111.5081,1,1,1,1
0.042367283,24.740063,0.10533553,24.51413,24.900387,0.0,0.0,0.0,0.0,0.0,0.0,0.0,0.0,1,1,0,0
0.0,24.842243,0.096279316,24.626238,25.012762,0.46821028,0.043493323,0.37984014,0.53453,96.495125,2.0879574,94.00281,99.33465,0,1,1,1
0.0,0.0,0.0,0.0,0.0,0.48557475,0.061586764,0.38696676,0.57972693,103.383865,1.3140311,100.40386,104.9929,0,0,1,1
0.019140849,25.809025,0.26173666,25.525282,26.21583,0.0,0.0,0.0,0.0,0.0,0.0,0.0,0.0,1,1,0,0
0.0,0.0,0.0,0.0,0.0,0.4916819,0.045018315,0.3720341,0.6127176,101.59313,2.3249748,96.93202,105.661835,0,0,1,1
0.02256583,24.23115,0.13763458,23.9505,24.55694,0.52080756,0.050554574,0.4481943,0.6193018,103.67982,1.8607707,101.287735,107.78091,1,1,1,1
0.08969151,24.651752,0.15649655,24.329988,24.992912,0.40571013,0.042587,0.31394204,0.49813783,99.56539,2.170557,95.919945,103.706764,1,1,1,1
0.006271159,24.574226,0.13902548,24.39264,24.899088,0.0,0.0,0.0,0.0,0.0,0.0,0.0,0.0,1,1,0,0
0.026415218,24.708714,0.056210794,24.61263,24.785545,0.0,0.0,0.0,0.0,0.0,0.0,0.0,0.0,1,1,0,0
0.012042981,24.989456,0.120897666,24.699675,25.22307,0.0,0.0,0.0,0.0,0.0,0.0,0.0,0.0,1,1,0,0
0.0,24.105768,0.063867055,23.948439,24.214493,0.5974981,0.03539244,0.49404827,0.6880107,92.16907,2.8986452,85.01846,95.385635,0,1,1,1
0.0036174706,23.908665,0.12095603,23.684973,24.102419,0.48362797,0.031384468,0.393149,0.5521307,94.30112,2.5045762,91.78793,99.7408,1,1,1,1
0.0031563912,25.19886,0.17287195,24.962923,25.375998,0.40438786,0.07326038,0.21659234,0.5835671,107.35462,1.6463128,104.65249,109.696724,1,1,1,1
0.007984143,26.490055,0.13174897,26.28894,26.758232,0.0,0.0,0.0,0.0,0.0,0.0,0.0,0.0,1,1,0,0
0.0,0.0,0.0,0.0,0.0,0.57370037,0.048466943,0.4874164,0.6740889,97.73649,1.4490329,94.58825,100.01487,0,0,1,1
0.031992886,26.81599,0.22390868,26.477507,27.308716,0.0,0.0,0.0,0.0,0.0,0.0,0.0,0.0,1,1,0,0
0.019967912,25.795712,0.19203727,25.362938,26.144358,0.53745615,0.03858057,0.4503635,0.5902717,101.95465,2.1779017,96.73389,107.18354,1,1,1,1
0.02939981,25.163784,0.18923156,24.87656,25.49907,0.0,0.0,0.0,0.0,0.0,0.0,0.0,0.0,1,1,0,0
0.016128566,24.551357,0.18456535,24.172817,24.737865,0.47312286,0.050063156,0.38262525,0.52581066,94.12198,2.3434618,89.98412,97.33832,1,1,1,1
0.013714134,25.699121,0.13533522,25.474165,26.014496,0.5253817,0.058072582,0.44340694,0.6795785,97.78527,1.5511131,94.77052,99.76506,1,1,1,1
0.0,0.0,0.0,0.0,0.0,0.44739038,0.0074389507,0.43282822,0.47723866,96.7175,3.3324223,91.03522,100.695366,0,0,1,1
0.021198343,24.310799,0.10214173,24.18353,24.44105,0.581586,0.053917855,0.50772524,0.64571434,95.10713,2.0362763,92.209015,100.131905,1,1,1,1
0.006978536,25.068876,0.13658907,24.762655,25.205505,0.4724889,0.048059396,0.38475472,0.5609475,99.05206,1.8701819,95.67695,103.4575,1,1,1,1
0.021766651,25.435047,0.114597045,25.220676,25.654802,0.4876466,0.063984096,0.33822128,0.63545436,88.16039,1.730103,85.50998,91.543686,1,1,1,1
0.0,0.0,0.0,0.0,0.0,0.45854282,0.036863137,0.3675105,0.5290998,105.28621,1.5921781,102.134796,108.66703,0,0,1,1
0.064111866,24.982496,0.090193614,24.758123,25.093966,0.0,0.0,0.0,0.0,0.0,0.0,0.0,0.0,1,1,0,0
0.089007,25.03474,0.13657743,24.742151,25.173983,0.4669776,0.010355809,0.44204062,0.47766596,92.57855,2.3311923,90.084045,98.04776,1,1,1,1
0.015424874,24.892672,0.14262567,24.657318,25.126656,0.47659233,0.056114305,0.35058555,0.632918,96.22144,2.5988307,89.927185,100.885544,1,1,1,1
0.0,24.035826,0.14483023,23.823423,24.181463,0.384236,0.019183354,0.32771793,0.4284741,98.23092,1.3638797,95.70537,101.63999,0,1,1,1
0.0,0.0,0.0,0.0,0.0,0.5100078,0.043127354,0.4501236,0.55408674,100.2936,1.0280476,98.91388,102.11433,0,0,1,1
0.11431739,25.08698,0.20720932,24.815819,25.58743,0.0,0.0,0.0,0.0,0.0,0.0,0.0,0.0,1,1,0,0
0.0068322625,25.075033,0.19383533,24.83031,25.355072,0.0,0.0,0.0,0.0,0.0,0.0,0.0,0.0,1,1,0,0
0.0027824673,24.463598,0.15991811,24.116983,24.859488,0.5237292,0.025023626,0.45325938,0.5615126,96.34632,2.057788,93.48492,99.79645,1,1,1,1
0.0,24.541506,0.26439872,24.126339,24.850744,0.6085226,0.026574116,0.579753,0.64125055,97.95424,1.0453653,96.81627,99.245964,0,1,1,1
0.0,25.392052,0.1967783,24.964113,25.770271,0.41376287,0.033641,0.32028714,0.49667737,108.99001,2.9020836,103.666046,112.819435,0,1,1,1
0.0,24.529943,0.22463523,24.24826,24.762611,0.53871936,0.01672944,0.50931126,0.56350875,98.52792,1.5895056,95.331726,101.630165,0,1,1,1
0.047767285,25.40895,0.13969004,25.226158,25.704252,0.48793012,0.08741278,0.35513285,0.6541604,104.59409,1.6696501,101.273964,107.34434,1,1,1,1
0.0,0.0,0.0,0.0,0.0,0.47046202,0.07795716,0.23742348,0.672115,106.99998,2.117722,104.54578,109.32427,0,0,1,1
0.086148664,24.01735,0.11022459,23.894712,24.208384,0.52985245,0.060534135,0.45524856,0.61431354,101.82025,2.9513931,95.605804,105.980515,1,1,1,1
0.0,0.0,0.0,0.0,0.0,0.47153172,0.049198523,0.38325328,0.5447156,98.9022,2.0200071,94.487885,103.92326,0,0,1,1
0.038147487,24.478548,0.19334185,24.00412,24.950558,0.52769464,0.075852446,0.34861648,0.72929895,95.73174,1.1038736,94.128815,97.376396,1,1,1,1
0.0,0.0,0.0,0.0,0.0,0.4849584,0.066014394,0.36635503,0.6612094,101.94887,1.7445045,97.723015,104.024506,0,0,1,1
0.24701403,24.775045,0.07779877,24.63084,24.868547,0.52484655,0.024710974,0.47631758,0.55225927,98.56001,1.3451828,97.05994,100.32629,1,1,1,1
0.011888122,24.559078,0.15094182,24.30713,24.844236,0.5550381,0.04025056,0.45392928,0.671728,96.473724,2.4007788,93.12193,99.408066,1,1,1,1
0.0,0.0,0.0,0.0,0.0,0.5042275,0.034234338,0.44623044,0.5486515,99.48638,3.1009152,95.51016,106.20548,0,0,1,1
0.0,0.0,0.0,0.0,0.0,0.45879886,0.08947622,0.29194835,0.59521914,101.80474,1.7820735,98.1329,105.803345,0,0,1,1
0.024806682,24.685719,0.1553479,24.348154,24.904392,0.0,0.0,0.0,0.0,0.0,0.0,0.0,0.0,1,1,0,0
0.0,24.237312,0.20856518,23.793932,24.605513,0.4653493,0.025442997,0.42259726,0.49602216,102.93837,1.327105,100.39719,105.92888,0,1,1,1
0.011916427,25.749552,0.25027314,25.271852,26.223927,0.0,0.0,0.0,0.0,0.0,0.0,0.0,0.0,1,1,0,0
0.008520742,25.62563,0.20305084,25.14769,25.908787,0.48473734,0.019882157,0.42597827,0.5111747,98.274864,2.9132147,91.849724,105.489,1,1,1,1
0.011873566,25.23128,0.19242005,24.759531,25.69135,0.0,0.0,0.0,0.0,0.0,0.0,0.0,0.0,1,1,0,0
0.02554269,24.561901,0.15067142,24.260159,24.879631,0.0,0.0,0.0,0.0,0.0,0.0,0.0,0.0,1,1,0,0
0.04394679,25.545322,0.093061455,25.318375,25.7334,0.5176683,0.02899237,0.46483493,0.60378236,106.519135,2.3706143,102.8291,109.87027,1,1,1,1
0.09668112,25.329414,0.16431184,25.037386,25.5041,0.0,0.0,0.0,0.0,0.0,0.0,0.0,0.0,1,1,0,0
0.0,0.0,0.0,0.0,0.0,0.46905404,0.053679846,0.40196776,0.6081831,112.69253,2.822197,106.38227,116.968315,0,0,1,1
0.0,0.0,0.0,0.0,0.0,0.5534347,0.06573211,0.4321151,0.64845425,94.22366,2.3110785,91.87303,99.894165,0,0,1,1
0.0,0.0,0.0,0.0,0.0,0.5043222,0.06933518,0.30741382,0.64114434,89.55158,1.1359581,86.93079,90.908615,0,0,1,1
0.29921567,24.669886,0.29791674,24.351017,25.24242,0.0,0.0,0.0,0.0,0.0,0.0,0.0,0.0,1,1,0,0
0.010502287,24.86485,0.19189914,24.40153,25.085394,0.49917632,0.026501197,0.47231883,0.5394907,90.61974,2.1184647,88.08605,95.08668,1,1,1,1
0.029619258,24.929312,0.056304175,24.834316,25.052937,0.48321998,0.028940575,0.43218133,0.531457,104.66369,3.1103327,99.29946,110.611,1,1,1,1
0.0,24.283827,0.05959042,24.174599,24.42672,0.475541,0.04566805,0.40209022,0.5740872,93.70568,2.0009074,89.57033,98.33574,0,1,1,1
0.0,23.711075,0.19763377,23.350252,24.20383,0.41423374,0.021217983,0.37021655,0.4381844,93.95629,2.1299956,91.73711,98.39375,0,1,1,1
0.010901904,25.057152,0.18847972,24.867546,25.440235,0.0,0.0,0.0,0.0,0.0,0.0,0.0,0.0,1,1,0,0
0.0036745346,25.73993,0.054172106,25.680782,25.864841,0.467065,0.10258474,0.25747895,0.5949421,101.90636,1.4960979,99.36755,105.520546,1,1,1,1
0.0037021313,24.908773,0.17584585,24.69275,25.2538,0.50183624,0.028684027,0.4680659,0.56063676,90.055504,1.3048729,87.28721,93.02045,1,1,1,1
0.07608972,24.210459,0.11720754,24.016893,24.46093,0.5411337,0.06930184,0.40106297,0.6618778,96.216774,1.9316175,92.70996,99.88198,1,1,1,1
0.10234407,24.212778,0.21217005,23.946972,24.608473,0.0,0.0,0.0,0.0,0.0,0.0,0.0,0.0,1,1,0,0
0.06357834,23.668467,0.17274106,23.385365,23.891125,0.0,0.0,0.0,0.0,0.0,0.0,0.0,0.0,1,1,0,0
0.0,0.0,0.0,0.0,0.0,0.5204095,0.015189145,0.48943675,0.54393303,101.817314,2.4028702,97.17331,106.606606,0,0,1,1
0.024204427,25.259518,0.16280219,24.88274,25.51246,0.46254733,0.073098116,0.36591783,0.6225291,99.05841,1.6172569,95.69116,100.70128,1,1,1,1
0.0,24.386784,0.2235504,23.975128,24.689514,0.5118482,0.049285337,0.41919768,0.64606404,100.6503,1.8770255,98.07265,104.3189,0,1,1,1
0.0,24.85447,0.16818924,24.533413,25.102564,0.4831721,0.034698345,0.4098744,0.5590697,99.017746,2.4101102,95.4933,103.62977,0,1,1,1
0.2168978,24.906126,0.167904,24.611847,25.28516,0.5093658,0.043251477,0.37991014,0.6313424,98.13172,2.5445626,95.22358,103.26299,1,1,1,1
0.04451217,24.57204,0.13386628,24.269487,24.854095,0.47089255,0.040599287,0.40009227,0.5525804,100.31361,1.1244683,98.18025,102.65281,1,1,1,1
0.0,23.731865,0.19270688,23.504791,24.144665,0.56497467,0.04951487,0.4912043,0.6632114,88.17559,1.9440618,85.17675,90.66087,0,1,1,1
0.15722218,25.601507,0.18809687,25.289198,25.833967,0.5509049,0.05289576,0.40172896,0.64176714,103.27999,2.2011077,98.11962,107.214005,1,1,1,1
0.0,0.0,0.0,0.0,0.0,0.47953913,0.03816195,0.4206491,0.5772816,110.90265,2.6383095,107.49184,115.434616,0,0,1,1
0.0,0.0,0.0,0.0,0.0,0.5014728,0.06794834,0.29885966,0.69171387,97.13333,2.143556,92.03479,102.14685,0,0,1,1
0.0,24.925812,0.20325656,24.67051,25.359074,0.50739354,0.08671778,0.35290027,0.691074,90.455,0.99624383,88.49082,92.21168,0,1,1,1
0.09834234,24.3357,0.16218579,23.961008,24.522806,0.0,0.0,0.0,0.0,0.0,0.0,0.0,0.0,1,1,0,0
0.13325341,24.51034,0.15180436,24.243084,24.760008,0.59931105,0.044692732,0.5086805,0.67957425,102.19986,2.8644702,96.80942,108.708725,1,1,1,1
0.05400584,25.561428,0.19773462,25.15826,26.024021,0.0,0.0,0.0,0.0,0.0,0.0,0.0,0.0,1,1,0,0
0.0,0.0,0.0,0.0,0.0,0.49465427,0.0008029284,0.4705275,0.50879395,94.494705,2.5698915,88.810074,97.15299,0,0,1,1
0.029534599,25.541973,0.19251075,25.167799,25.800108,0.0,0.0,0.0,0.0,0.0,0.0,0.0,0.0,1,1,0,0
0.062271994,25.68454,0.15068097,25.424528,26.025219,0.0,0.0,0.0,0.0,0.0,0.0,0.0,0.0,1,1,0,0
0.0,0.0,0.0,0.0,0.0,0.5332189,0.070969135,0.43006986,0.71785015,96.59289,2.1290755,94.38672,100.09907,0,0,1,1
0.025330381,24.092117,0.16732398,23.774298,24.326561,0.0,0.0,0.0,0.0,0.0,0.0,0.0,0.0,1,1,0,0
0.052654136,23.87794,0.14240079,23.580544,24.020487,0.5557515,0.087085105,0.40224952,0.6854247,101.99481,1.7318205,99.61838,104.93832,1,1,1,1
0.012376895,25.187199,0.25664556,24.59474,25.820686,0.0,0.0,0.0,0.0,0.0,0.0,0.0,0.0,1,1,0,0
0.10131882,23.984655,0.17293376,23.70387,24.255579,0.0,0.0,0.0,0.0,0.0,0.0,0.0,0.0,1,1,0,0
0.021799447,24.964832,0.12757394,24.766384,25.192226,0.0,0.0,0.0,0.0,0.0,0.0,0.0,0.0,1,1,0,0
0.06335955,24.422365,0.07874447,24.274746,24.582195,0.0,0.0,0.0,0.0,0.0,0.0,0.0,0.0,1,1,0,0
0.0,0.0,0.0,0.0,0.0,0.45086572,0.040008757,0.34321928,0.51576984,101.712,2.7446682,95.99012,108.0091,0,0,1,1
0.021743812,25.408152,0.107682206,25.166136,25.579918,0.0,0.0,0.0,0.0,0.0,0.0,0.0,0.0,1,1,0,0
0.08916585,26.117935,0.15771315,25.911531,26.453972,0.0,0.0,0.0,0.0,0.0,0.0,0.0,0.0,1,1,0,0
0.0,0.0,0.0,0.0,0.0,0.42498454,0.0069847624,0.39578187,0.45011392,101.03214,1.1256623,98.691956,103.32329,0,0,1,1
0.0,26.044086,0.1189363,25.842817,26.233484,0.49397355,0.08703918,0.33233663,0.68187016,101.90712,1.9881774,97.8107,104.88807,0,1,1,1
0.0,0.0,0.0,0.0,0.0,0.5689721,0.07498524,0.4657181,0.71813613,102.70104,1.6879314,99.35325,104.46756,0,0,1,1
0.034024287,24.839224,0.22490904,24.532784,25.369884,0.52468526,0.07314563,0.40462744,0.7103024,104.95155,2.1218367,100.6108,110.157166,1,1,1,1
0.012786847,26.129309,0.1626403,25.799915,26.358604,0.46430343,0.04388446,0.3853052,0.556178,101.35032,2.2738569,97.9434,105.618996,1,1,1,1
0.0,25.186573,0.17659603,24.78083,25.616821,0.5786358,0.06994136,0.40768299,0.71587,91.20949,0.46200296,90.52115,92.303894,0,1,1,1
0.0,25.422148,0.1364879,25.123425,25.67508,0.48999158,0.06687025,0.3009135,0.64356846,102.85108,1.8608425,99.74498,107.25091,0,1,1,1
0.0,0.0,0.0,0.0,0.0,0.4431818,0.05609258,0.29954904,0.5827194,106.71798,3.3474557,98.615,112.56728,0,0,1,1
0.0,0.0,0.0,0.0,0.0,0.60381365,0.07152224,0.51769274,0.72783273,95.19362,1.9520587,91.64995,99.42241,0,0,1,1
0.0,0.0,0.0,0.0,0.0,0.5914962,0.047841243,0.48470515,0.69264317,107.458824,0.8620152,105.8875,109.37768,0,0,1,1
0.022806874,25.56043,0.19025037,25.32576,25.843964,0.0,0.0,0.0,0.0,0.0,0.0,0.0,0.0,1,1,0,0
0.0,25.429832,0.093523845,25.225197,25.624437,0.48627052,0.05795356,0.33819622,0.56626993,93.32949,2.4301515,88.71886,97.72354,0,1,1,1
0.0,0.0,0.0,0.0,0.0,0.49450403,0.06782665,0.32391405,0.69332296,104.10108,0.85609764,102.22541,105.62499,0,0,1,1
0.0034151191,25.034079,0.119135305,24.783611,25.155638,0.0,0.0,0.0,0.0,0.0,0.0,0.0,0.0,1,1,0,0
0.0,25.849953,0.22000892,25.315155,26.209671,0.4285148,0.054133814,0.33911613,0.5665486,82.77708,2.6090436,79.31306,88.500015,0,1,1,1
0.0,25.593018,0.18139827,25.29033,26.03153,0.43662617,0.048855107,0.38682008,0.49101314,101.51897,2.9172583,97.56527,105.87518,0,1,1,1
0.0,24.19843,0.15830846,24.039099,24.463501,0.59526616,0.052117202,0.44850332,0.74641013,100.274796,3.8137436,94.093735,108.904625,0,1,1,1
0.0,0.0,0.0,0.0,0.0,0.45285872,0.08125316,0.33869705,0.5466354,95.68062,2.9694233,89.00389,102.41238,0,0,1,1
0.0,25.306921,0.16501138,24.943583,25.690348,0.44078484,0.059882138,0.29503953,0.5830729,103.332726,1.9102529,100.19583,106.53422,0,1,1,1
0.0,0.0,0.0,0.0,0.0,0.5694273,0.07902573,0.38009098,0.7325823,101.9394,2.5421956,99.015366,105.77572,0,0,1,1
0.13593198,25.709345,0.25064895,25.2478,26.319906,0.53233624,0.050186057,0.4542308,0.67597944,97.6789,1.8755463,93.024635,100.74483,1,1,1,1
0.0,26.095346,0.18371691,25.862495,26.502056,0.44812685,0.038602132,0.40304837,0.53428245,94.95684,3.1215467,89.35424,100.78616,0,1,1,1
0.21907383,24.751637,0.2139631,24.475176,25.040293,0.0,0.0,0.0,0.0,0.0,0.0,0.0,0.0,1,1,0,0
0.0,0.0,0.0,0.0,0.0,0.61838144,0.02492383,0.59176046,0.64649624,94.81999,1.6834942,91.04241,97.36704,0,0,1,1
0.019257488,25.165443,0.14437167,25.018665,25.501741,0.0,0.0,0.0,0.0,0.0,0.0,0.0,0.0,1,1,0,0
0.0,25.642147,0.26142296,25.378471,26.198017,0.51279306,0.036841564,0.40721554,0.60682875,97.89765,2.6314468,94.768074,102.32379,0,1,1,1
0.0,0.0,0.0,0.0,0.0,0.51184964,0.06920836,0.3634499,0.61693215,97.639565,2.0012207,92.88385,102.44145,0,0,1,1
0.20698206,25.457842,0.09362573,25.324379,25.637941,0.48253155,0.02009712,0.44017202,0.5196362,91.22692,0.9854588,90.16963,93.16039,1,1,1,1
0.019258155,24.678549,0.16733925,24.286947,25.03102,0.0,0.0,0.0,0.0,0.0,0.0,0.0,0.0,1,1,0,0
0.0,0.0,0.0,0.0,0.0,0.40052807,0.057348516,0.32801026,0.48013514,94.813,2.0089338,91.95973,99.52815,0,0,1,1
0.0,25.422865,0.14463584,25.210413,25.704697,0.5022596,0.07592727,0.3734176,0.57838696,105.94855,2.2162933,103.45299,110.157585,0,1,1,1
0.0,0.0,0.0,0.0,0.0,0.38648266,0.091523625,0.2192802,0.5161907,101.747284,1.3366281,99.59781,104.97269,0,0,1,1
0.0055152345,25.320936,0.19783238,24.862682,25.532038,0.0,0.0,0.0,0.0,0.0,0.0,0.0,0.0,1,1,0,0
0.0270408,25.869886,0.042421836,25.771513,25.9293,0.5231529,0.015453709,0.49729046,0.5603586,97.20441,0.9588156,95.19491,99.30508,1,1,1,1
0.026541991,25.238914,0.13331246,24.991154,25.44545,0.5295765,0.07293626,0.3607857,0.63931894,102.010994,1.6149516,100.07955,104.11085,1,1,1,1
0.08231276,24.878016,0.17247586,24.601318,25.256725,0.0,0.0,0.0,0.0,0.0,0.0,0.0,0.0,1,1,0,0
0.0,0.0,0.0,0.0,0.0,0.5293507,0.039854594,0.4520549,0.63194245,97.239975,3.0675833,92.91237,102.61216,0,0,1,1
0.0,24.440365,0.18694948,24.024643,24.714659,0.5386307,0.057746455,0.3994597,0.69843596,100.6276,1.7622827,97.16992,105.03098,0,1,1,1
0.07216287,23.846344,0.13786879,23.579973,24.123068,0.49462485,0.06678462,0.3439897,0.68481904,104.63323,2.330321,100.04541,109.17719,1,1,1,1
0.0443551,24.371712,0.2216892,24.04979,24.657726,0.5254489,0.036993943,0.4420085,0.63239247,99.33544,2.6590016,96.0641,102.838356,1,1,1,1
0.0,25.162466,0.16715936,24.766401,25.48343,0.54067475,0.03748847,0.43171868,0.6365414,98.34073,2.8793101,92.868065,105.02081,0,1,1,1
0.010331711,25.356512,0.17438029,25.105227,25.54489,0.48557028,0.035866715,0.40567145,0.5697702,101.73204,1.0624434,100.436615,103.27681,1,1,1,1
0.0,0.0,0.0,0.0,0.0,0.44590387,0.022920115,0.38710642,0.5022559,98.836685,1.7717459,96.681114,101.32385,0,0,1,1
0.0,0.0,0.0,0.0,0.0,0.5799285,0.018010156,0.5502848,0.6066213,106.96856,0.56999147,106.207245,108.093,0,0,1,1
0.0103315655,25.472422,0.12882659,25.191217,25.660595,0.0,0.0,0.0,0.0,0.0,0.0,0.0,0.0,1,1,0,0
0.02478735,24.70507,0.22674917,24.215023,25.24319,0.49124375,0.059089098,0.40871188,0.5830645,101.2791,0.74794126,99.72171,103.0025,1,1,1,1
0.0,24.326544,0.16140257,23.959581,24.543514,0.4765773,0.08243614,0.23320892,0.56093377,106.33606,1.7737324,103.794655,110.28463,0,1,1,1
0.0,0.0,0.0,0.0,0.0,0.47219762,0.024765218,0.41218236,0.51710886,101.94389,2.7431643,97.050316,108.72707,0,0,1,1
0.0,26.720778,0.17634615,26.342976,27.043043,0.42843306,0.03410256,0.37984434,0.4656551,96.182014,1.1412293,94.76254,98.42769,0,1,1,1
0.0,0.0,0.0,0.0,0.0,0.6024573,0.046234652,0.5268887,0.7301524,101.32169,1.1036174,99.13855,103.61935,0,0,1,1
0.12810732,24.46202,0.246985,24.053425,24.935606,0.41138688,0.030319523,0.32082358,0.46185276,108.11856,2.0071466,104.16643,111.55,1,1,1,1
0.032876965,24.924192,0.21654907,24.670725,25.211214,0.48133647,0.06414368,0.3480177,0.60458195,104.09515,2.609702,99.2278,109.524895,1,1,1,1
0.063259,25.4216,0.14647882,25.072882,25.617596,0.0,0.0,0.0,0.0,0.0,0.0,0.0,0.0,1,1,0,0
0.07876981,25.874943,0.19339699,25.622337,26.29436,0.5204211,0.04102729,0.41105628,0.59934026,101.580536,2.5148127,96.58878,106.31554,1,1,1,1
0.0021611534,25.239578,0.20039287,24.985275,25.620821,0.5557486,0.035518408,0.47341067,0.5945055,97.72937,1.0112497,96.66648,99.24675,1,1,1,1
0.03889351,24.505558,0.17308918,24.303383,24.925137,0.3606466,0.103045836,0.21273457,0.49196476,94.33298,1.4819986,92.24164,97.47396,1,1,1,1
0.22902882,24.796995,0.12023862,24.507484,25.064777,0.0,0.0,0.0,0.0,0.0,0.0,0.0,0.0,1,1,0,0
0.0,0.0,0.0,0.0,0.0,0.52976316,0.028687065,0.44614995,0.60981184,95.17514,2.1250634,91.88845,100.104805,0,0,1,1
0.0,25.235262,0.14111726,24.906374,25.383339,0.53455186,0.050710045,0.42955777,0.64212215,110.31771,2.8403878,104.05366,113.482735,0,1,1,1
0.009571543,24.653698,0.13784298,24.453941,24.963436,0.0,0.0,0.0,0.0,0.0,0.0,0.0,0.0,1,1,0,0
0.025487201,24.591599,0.043496367,24.4983,24.702724,0.0,0.0,0.0,0.0,0.0,0.0,0.0,0.0,1,1,0,0
0.0023670883,25.84535,0.11085512,25.60747,26.08584,0.49112862,0.07184373,0.35973746,0.65633374,91.725784,1.3700653,88.66708,94.332535,1,1,1,1
0.0,25.299799,0.11262393,25.175474,25.514896,0.5705703,0.047611184,0.52242124,0.67311364,100.67392,1.5282674,98.53288,104.19888,0,1,1,1
0.0038402497,24.543463,0.16233015,24.29458,24.716642,0.44699174,0.050925944,0.30346885,0.54681265,100.857445,3.3618305,97.00002,106.44235,1,1,1,1
0.023258982,24.80324,0.14206117,24.534807,25.015203,0.47035685,0.03512482,0.43064755,0.5346158,95.35262,2.5723224,92.634026,98.57189,1,1,1,1
0.082816936,23.75592,0.22959398,23.290325,24.080627,0.0,0.0,0.0,0.0,0.0,0.0,0.0,0.0,1,1,0,0
0.0,24.05856,0.2707723,23.701338,24.42771,0.51339597,0.01724213,0.47242597,0.54127836,102.32105,1.7295411,100.261444,105.191444,0,1,1,1
0.038038157,24.564484,0.20219555,24.18746,24.893476,0.0,0.0,0.0,0.0,0.0,0.0,0.0,0.0,1,1,0,0
0.46506923,24.934814,0.1270895,24.787401,25.210924,0.5422903,0.061787598,0.37909868,0.7092859,106.65522,3.6273627,101.08225,111.21577,1,1,1,1
0.0,0.0,0.0,0.0,0.0,0.5423656,0.0642087,0.36585593,0.6144291,95.16421,2.3905659,90.61492,100.53771,0,0,1,1
0.00969087,25.091316,0.24751142,24.687807,25.577372,0.0,0.0,0.0,0.0,0.0,0.0,0.0,0.0,1,1,0,0
0.0,25.060162,0.15990196,24.753063,25.316694,0.471636,0.08741806,0.24853098,0.6025016,96.295784,1.1273887,94.368645,98.72617,0,1,1,1
0.0064397124,25.53096,0.21956164,25.174784,25.848946,0.43676537,0.07108872,0.35213977,0.6361163,97.02821,1.8866036,94.97655,101.12103,1,1,1,1
0.0,25.38879,0.16397321,24.999407,25.712454,0.4567956,0.03998616,0.38150328,0.49783555,108.97357,3.3684297,103.43272,116.174065,0,1,1,1
0.0,0.0,0.0,0.0,0.0,0.5110004,0.034199852,0.42710543,0.57043415,101.922424,1.3880324,98.70877,103.90048,0,0,1,1
0.0,0.0,0.0,0.0,0.0,0.5510984,0.048786197,0.4969284,0.69518286,101.22769,2.7015452,95.393814,105.35694,0,0,1,1
0.0,0.0,0.0,0.0,0.0,0.5507828,0.028163107,0.48253047,0.603292,97.80428,0.98285925,95.71617,99.32082,0,0,1,1
0.14927633,24.469229,0.18571396,24.104668,24.894909,0.0,0.0,0.0,0.0,0.0,0.0,0.0,0.0,1,1,0,0
0.0,0.0,0.0,0.0,0.0,0.60665107,0.011907024,0.5834523,0.63875324,102.37021,2.2389703,99.52157,105.77399,0,0,1,1
0.10106709,25.490915,0.18303391,25.21246,25.702175,0.0,0.0,0.0,0.0,0.0,0.0,0.0,0.0,1,1,0,0
0.01117648,24.845959,0.12846874,24.632393,25.003925,0.52566206,0.033686273,0.43900758,0.588689,99.00464,1.9168664,94.60257,101.01227,1,1,1,1
0.0,23.724642,0.21975458,23.207787,24.193737,0.47813922,0.031061487,0.40312213,0.52499366,91.31124,2.229418,87.11614,96.50054,0,1,1,1
0.0046685142,23.992765,0.1692067,23.724152,24.365065,0.0,0.0,0.0,0.0,0.0,0.0,0.0,0.0,1,1,0,0
0.0,24.387756,0.09680525,24.276386,24.558842,0.52393216,0.054895177,0.4587583,0.61600244,98.970856,2.8154383,92.57302,105.361176,0,1,1,1
0.076758005,25.765028,0.15293181,25.585995,25.98509,0.0,0.0,0.0,0.0,0.0,0.0,0.0,0.0,1,1,0,0
0.0,0.0,0.0,0.0,0.0,0.4368018,0.06099948,0.35427392,0.5591735,98.76842,0.8998353,96.77235,99.73472,0,0,1,1
0.014187283,25.511267,0.15013386,25.234251,25.822552,0.0,0.0,0.0,0.0,0.0,0.0,0.0,0.0,1,1,0,0
0.0,25.009546,0.09503233,24.86223,25.182493,0.52790457,0.054213714,0.43922204,0.67197037,100.97219,1.8220501,98.64871,104.23734,0,1,1,1
0.0,24.938257,0.22382388,24.447386,25.354654,0.6202555,0.08305357,0.4363092,0.8410382,110.960915,1.9424483,107.88096,115.070526,0,1,1,1
0.0,25.195774,0.0958323,25.006262,25.357822,0.589885,0.06103148,0.42513117,0.67616385,107.745895,0.7381013,105.99717,108.52161,0,1,1,1
0.041926775,25.069616,0.20818472,24.816153,25.527298,0.0,0.0,0.0,0.0,0.0,0.0,0.0,0.0,1,1,0,0
0.0,0.0,0.0,0.0,0.0,0.42609116,0.041340612,0.31523177,0.4827401,95.69412,2.6538482,89.91088,98.58103,0,0,1,1
0.0,25.003702,0.123854384,24.774994,25.13799,0.4802126,0.07200019,0.27215096,0.5588759,102.580345,1.5714277,100.757996,106.39293,0,1,1,1
0.075723134,24.541767,0.22987242,24.105165,25.0469,0.0,0.0,0.0,0.0,0.0,0.0,0.0,0.0,1,1,0,0
0.038707905,23.583977,0.15352358,23.385445,23.7822,0.5211096,0.020973755,0.47212157,0.5588918,97.99903,1.9556829,93.56144,100.11769,1,1,1,1
0.0,25.11242,0.1630925,24.93892,25.413097,0.42404708,0.069146365,0.2439465,0.6026586,102.04555,2.8805814,97.16116,105.09632,0,1,1,1
0.011512126,24.642202,0.119154446,24.417027,24.895681,0.0,0.0,0.0,0.0,0.0,0.0,0.0,0.0,1,1,0,0
0.17235304,25.95392,0.21956727,25.51435,26.386206,0.0,0.0,0.0,0.0,0.0,0.0,0.0,0.0,1,1,0,0
0.0,24.454107,0.1499697,24.134972,24.657885,0.6146753,0.04480966,0.5452715,0.69997495,98.664955,1.7494854,96.91365,101.72925,0,1,1,1
0.0069789058,25.138752,0.13793471,24.93599,25.430853,0.0,0.0,0.0,0.0,0.0,0.0,0.0,0.0,1,1,0,0
0.016831882,24.966183,0.122057915,24.677057,25.211897,0.0,0.0,0.0,0.0,0.0,0.0,0.0,0.0,1,1,0,0
0.033188544,25.497425,0.07717089,25.309265,25.677837,0.46892506,0.03483293,0.41358867,0.54427254,95.33555,1.9620916,92.92127,99.84882,1,1,1,1
0.012842171,24.633547,0.16181462,24.397509,25.023813,0.0,0.0,0.0,0.0,0.0,0.0,0.0,0.0,1,1,0,0
0.004123956,24.118582,0.22244817,23.887121,24.375391,0.4491841,0.050305646,0.39213887,0.567772,105.56705,1.9358565,103.09693,109.80929,1,1,1,1
0.0,0.0,0.0,0.0,0.0,0.43058932,0.03536214,0.38647377,0.5329365,96.04379,2.6753552,92.7055,102.47701,0,0,1,1
0.02537998,25.79667,0.23501046,25.381205,26.34908,0.0,0.0,0.0,0.0,0.0,0.0,0.0,0.0,1,1,0,0
0.0,0.0,0.0,0.0,0.0,0.597778,0.081139624,0.50388724,0.83797574,102.50344,1.6540478,100.237175,104.709015,0,0,1,1
0.024669603,24.86474,0.1977129,24.41006,25.170547,0.41977283,0.029433968,0.35836926,0.49239823,102.42898,1.2441443,101.00715,105.02614,1,1,1,1
0.0,24.667303,0.12013563,24.380335,24.844204,0.48212016,0.039099548,0.39787212,0.54199356,105.25349,1.1933409,104.05314,107.45939,0,1,1,1
0.0,0.0,0.0,0.0,0.0,0.4386977,0.04864978,0.32978377,0.50728554,99.362724,1.0814378,97.941956,102.03246,0,0,1,1
0.066614956,25.301056,0.08208775,25.184477,25.403063,0.0,0.0,0.0,0.0,0.0,0.0,0.0,0.0,1,1,0,0
0.0,0.0,0.0,0.0,0.0,0.46088666,0.05683049,0.3204324,0.5286499,101.829,2.0389657,98.84822,105.91522,0,0,1,1
0.043188613,25.627026,0.14609274,25.303854,25.897385,0.0,0.0,0.0,0.0,0.0,0.0,0.0,0.0,1,1,0,0
0.0,24.662617,0.17096373,24.26718,24.847399,0.45051736,0.03695166,0.3589607,0.5118593,103.749565,2.3080776,100.218254,109.06089,0,1,1,1
0.016604956,24.525852,0.09855392,24.395494,24.715382,0.0,0.0,0.0,0.0,0.0,0.0,0.0,0.0,1,1,0,0
0.0,23.698572,0.22824073,23.382748,24.219162,0.52532333,0.0788079,0.30048984,0.7338328,99.47163,2.3609593,96.16248,102.868965,0,1,1,1
0.07182014,23.824366,0.11099618,23.65366,23.959688,0.5598657,0.026277672,0.49174395,0.6254571,107.26769,2.0934594,103.82573,111.964424,1,1,1,1
0.0,24.055952,0.1514349,23.754581,24.25283,0.47156188,0.05386791,0.36287263,0.5678355,99.63763,1.4017068,98.160164,102.69935,0,1,1,1
0.017314661,25.059788,0.104428425,24.876268,25.313608,0.56385815,0.06566663,0.37453896,0.7214937,98.647,1.7020732,96.06612,101.667015,1,1,1,1
0.11274627,25.145782,0.14899993,24.949873,25.506668,0.0,0.0,0.0,0.0,0.0,0.0,0.0,0.0,1,1,0,0
0.0,0.0,0.0,0.0,0.0,0.45563185,0.0060984045,0.43624118,0.47910783,104.52684,2.2723606,102.06985,109.590935,0,0,1,1
0.05497986,24.578838,0.090049095,24.43452,24.757425,0.0,0.0,0.0,0.0,0.0,0.0,0.0,0.0,1,1,0,0
0.0,0.0,0.0,0.0,0.0,0.48806107,0.04111138,0.42069554,0.5950066,109.82639,2.5305774,106.92769,113.169975,0,0,1,1
0.0065878853,25.72683,0.023172732,25.650429,25.844057,0.0,0.0,0.0,0.0,0.0,0.0,0.0,0.0,1,1,0,0
0.0,25.434116,0.15847413,25.177256,25.663483,0.52151376,0.020543499,0.4885106,0.5565058,103.24531,2.9785793,95.99139,108.08531,0,1,1,1
0.0,0.0,0.0,0.0,0.0,0.45588154,0.040921893,0.34980384,0.5727633,103.26265,2.745766,99.171974,106.361244,0,0,1,1
0.44272912,24.338932,0.15058452,24.168468,24.630247,0.0,0.0,0.0,0.0,0.0,0.0,0.0,0.0,1,1,0,0
0.0,0.0,0.0,0.0,0.0,0.47572213,0.049226236,0.36403915,0.59121174,103.67875,2.2539937,99.70276,106.89887,0,0,1,1
0.087158315,25.140537,0.16722387,24.825607,25.541838,0.5662492,0.050463326,0.49281898,0.67130846,94.993164,0.78135955,93.563095,96.19018,1,1,1,1
0.018725637,25.500652,0.14491397,25.207748,25.770609,0.0,0.0,0.0,0.0,0.0,0.0,0.0,0.0,1,1,0,0
0.0,0.0,0.0,0.0,0.0,0.4428258,0.068965584,0.24110097,0.5201684,102.204346,0.42075178,101.01529,103.12806,0,0,1,1
0.08923445,24.97562,0.15074036,24.609676,25.188646,0.0,0.0,0.0,0.0,0.0,0.0,0.0,0.0,1,1,0,0
0.0,0.0,0.0,0.0,0.0,0.50367475,0.05799718,0.33071634,0.5671207,94.7119,2.9593909,91.412796,98.62168,0,0,1,1
0.004765184,24.210114,0.1713214,24.00354,24.586405,0.0,0.0,0.0,0.0,0.0,0.0,0.0,0.0,1,1,0,0
0.03261945,24.775745,0.122918196,24.588411,25.025616,0.51797163,0.045214202,0.4532188,0.62495977,101.58477,1.3949248,99.30247,103.47996,1,1,1,1
0.0,0.0,0.0,0.0,0.0,0.50853,0.02092975,0.46397805,0.53569573,98.23882,2.1064098,96.03225,102.274864,0,0,1,1
0.0,24.308683,0.20769031,24.035976,24.61134,0.4876803,0.062450927,0.38753474,0.64270604,102.817375,2.624576,98.420456,107.90193,0,1,1,1
0.048914753,25.05123,0.15574281,24.719204,25.422283,0.0,0.0,0.0,0.0,0.0,0.0,0.0,0.0,1,1,0,0
0.026608404,24.660597,0.06919843,24.59099,24.817724,0.49224502,0.04982084,0.36423755,0.6022974,97.90118,1.1798716,95.38051,100.59382,1,1,1,1
0.0,0.0,0.0,0.0,0.0,0.44195497,0.06300271,0.30234748,0.5334057,102.05111,2.4223874,96.81929,107.989105,0,0,1,1
0.16210803,24.271343,0.06254708,24.177542,24.410963,0.48058838,0.047775656,0.3816473,0.54449517,102.529655,1.3264163,101.17251,105.342,1,1,1,1
0.0,0.0,0.0,0.0,0.0,0.55861187,0.046478245,0.4740663,0.6077227,102.74907,1.9945571,99.914444,107.57625,0,0,1,1
0.038651112,24.57011,0.13642298,24.252718,24.861164,0.0,0.0,0.0,0.0,0.0,0.0,0.0,0.0,1,1,0,0
0.0,25.163048,0.15343273,24.867037,25.343258,0.48131955,0.061209854,0.38301307,0.64385724,99.765564,2.9500372,94.14825,107.03471,0,1,1,1
0.0,0.0,0.0,0.0,0.0,0.50085706,0.07445547,0.36475492,0.6394831,93.06056,3.343153,88.203026,96.905075,0,0,1,1
0.0,24.789324,0.027625807,24.688889,24.903862,0.48099795,0.021444257,0.42731032,0.54305,104.32259,1.3773186,101.578674,107.61258,0,1,1,1
0.01362404,24.543451,0.11058016,24.375507,24.813808,0.39352906,0.026680646,0.3372544,0.44883877,99.32959,2.81887,96.18459,102.90893,1,1,1,1
0.050928842,24.473497,0.19100669,24.14004,24.818872,0.0,0.0,0.0,0.0,0.0,0.0,0.0,0.0,1,1,0,0
0.0,0.0,0.0,0.0,0.0,0.4917286,0.04056753,0.44600892,0.5897072,98.04429,1.542841,94.20223,100.48,0,0,1,1
0.0,24.901869,0.15574875,24.678324,25.058985,0.56018436,0.07518677,0.37674513,0.7795277,100.04248,2.4832318,97.11733,104.23157,0,1,1,1
0.0,25.378714,0.24785641,24.914911,25.773422,0.48927447,0.042638656,0.4044329,0.5502748,94.8698,2.1188705,89.57428,98.04423,0,1,1,1
0.0965056,24.57956,0.12129205,24.38724,24.82581,0.0,0.0,0.0,0.0,0.0,0.0,0.0,0.0,1,1,0,0
0.0,24.405285,0.15117419,24.046831,24.719313,0.4464335,0.04364066,0.31655675,0.5543579,95.034546,1.4828316,93.50306,96.63901,0,1,1,1
0.004180894,25.899,0.12126154,25.63646,26.107729,0.51626617,0.04405018,0.40809658,0.62829244,102.60676,1.8567233,99.06104,105.487404,1,1,1,1
0.0,24.154642,0.14717853,23.84884,24.326216,0.44462457,0.079593524,0.21610066,0.620267,101.24169,3.180775,97.437164,108.608055,0,1,1,1
0.0,0.0,0.0,0.0,0.0,0.5645379,0.067564584,0.42496663,0.7134587,102.27979,1.0474511,99.772964,103.84445,0,0,1,1
0.0,0.0,0.0,0.0,0.0,0.52187425,0.011412926,0.48894647,0.5412632,99.1415,1.1247122,97.30382,101.89894,0,0,1,1
0.0,25.240501,0.16094133,25.057852,25.570946,0.43859017,0.016412217,0.39324096,0.46839944,95.17355,2.1035435,92.76552,98.788635,0,1,1,1
0.0,0.0,0.0,0.0,0.0,0.49125797,0.064762086,0.3964201,0.6791416,107.41035,1.6187892,103.44669,110.61754,0,0,1,1
0.06154237,25.228489,0.13380156,24.929272,25.498281,0.549822,0.058552206,0.48086295,0.72007316,113.38254,2.852647,107.83297,117.69635,1,1,1,1
0.0,0.0,0.0,0.0,0.0,0.48341075,0.060228452,0.4015791,0.5655716,93.052185,0.8572324,92.018105,94.319084,0,0,1,1
0.0,0.0,0.0,0.0,0.0,0.4370883,0.037258603,0.3385709,0.47439522,96.897644,1.6226059,94.360504,99.56177,0,0,1,1
0.033799175,25.23413,0.21629238,24.94747,25.500097,0.0,0.0,0.0,0.0,0.0,0.0,0.0,0.0,1,1,0,0
0.26189074,24.545845,0.062254976,24.406773,24.672081,0.0,0.0,0.0,0.0,0.0,0.0,0.0,0.0,1,1,0,0
0.0,24.45127,0.14432792,24.19935,24.61247,0.42180112,0.037444692,0.3841961,0.52677286,103.21408,2.7621837,99.81936,107.65266,0,1,1,1
0.0,25.16326,0.1504754,24.854446,25.366465,0.43245408,0.047029905,0.3589081,0.502692,100.362976,1.3873485,98.60557,102.93261,0,1,1,1
0.0,0.0,0.0,0.0,0.0,0.530333,0.04663991,0.41660094,0.63770735,97.97157,3.3113678,91.56692,106.12637,0,0,1,1
0.06383005,24.806944,0.11471072,24.641024,25.041323,0.45266885,0.07220016,0.3030128,0.61534256,92.78114,2.0215676,90.52931,97.77386,1,1,1,1
0.0,0.0,0.0,0.0,0.0,0.55284864,0.058808275,0.48404762,0.6424927,98.3218,2.5537984,93.55028,101.1226,0,0,1,1
0.013547952,24.119822,0.12652986,23.883575,24.427889,0.5662598,0.041331112,0.49470264,0.62636536,99.28009,1.3628719,96.305374,101.14374,1,1,1,1
0.0098033445,24.197609,0.16193831,23.984638,24.360294,0.0,0.0,0.0,0.0,0.0,0.0,0.0,0.0,1,1,0,0
0.0,0.0,0.0,0.0,0.0,0.53587794,0.067471325,0.33404112,0.62777597,107.51008,3.3176181,100.98476,115.6207,0,0,1,1
0.0,0.0,0.0,0.0,0.0,0.47690743,0.090282835,0.27362218,0.6569415,97.47356,1.5202184,95.70225,99.68408,0,0,1,1
0.0957395,24.854736,0.09544849,24.621666,25.020493,0.0,0.0,0.0,0.0,0.0,0.0,0.0,0.0,1,1,0,0
0.09814318,24.298239,0.16508164,23.941853,24.64114,0.0,0.0,0.0,0.0,0.0,0.0,0.0,0.0,1,1,0,0
0.07360169,25.471174,0.17859451,25.094349,25.855242,0.53499794,0.049274478,0.46684667,0.6429481,106.33462,1.2941484,103.19975,107.94865,1,1,1,1
0.0028661327,24.261383,0.24692628,23.766748,24.688076,0.48789322,0.07505717,0.39752996,0.5723949,95.442635,2.1851676,90.97614,100.45122,1,1,1,1
0.02050687,25.106606,0.17193812,24.870165,25.529959,0.0,0.0,0.0,0.0,0.0,0.0,0.0,0.0,1,1,0,0
0.07019261,25.262035,0.139113,24.92005,25.545969,0.46623397,0.074648574,0.33693606,0.6321371,100.25178,2.3205283,95.50782,105.59875,1,1,1,1
0.25621405,24.802471,0.12386154,24.640686,25.111525,0.47881863,0.044722352,0.4076314,0.60870147,100.94061,1.8201622,97.43623,104.92587,1,1,1,1
0.0739787,24.662525,0.13563313,24.48635,24.881409,0.0,0.0,0.0,0.0,0.0,0.0,0.0,0.0,1,1,0,0
0.025121821,25.325863,0.12562922,25.131306,25.489054,0.0,0.0,0.0,0.0,0.0,0.0,0.0,0.0,1,1,0,0
0.019157764,25.676,0.2131475,25.38943,25.926485,0.0,0.0,0.0,0.0,0.0,0.0,0.0,0.0,1,1,0,0
0.009222624,25.041763,0.1423749,24.705448,25.389116,0.0,0.0,0.0,0.0,0.0,0.0,0.0,0.0,1,1,0,0
0.0,0.0,0.0,0.0,0.0,0.43071234,0.0005081456,0.4178945,0.44242477,95.692314,0.17216717,94.588806,96.38648,0,0,1,1
0.1945022,25.665476,0.09905696,25.464409,25.865973,0.478202,0.034187466,0.38091972,0.5629519,94.559975,1.5332706,92.96159,96.41094,1,1,1,1
0.0,0.0,0.0,0.0,0.0,0.4539065,0.03049054,0.4127222,0.501199,96.98248,0.70026463,95.461945,98.18768,0,0,1,1
0.0,0.0,0.0,0.0,0.0,0.44853556,0.07043407,0.34227017,0.54508525,95.52637,1.3304728,93.08323,97.471924,0,0,1,1
0.0,0.0,0.0,0.0,0.0,0.42844272,0.040304452,0.31145552,0.49473625,100.47724,2.001036,96.26429,103.98669,0,0,1,1
0.0,0.0,0.0,0.0,0.0,0.4397302,0.050236553,0.3184648,0.5565504,100.88759,1.629864,97.69477,103.914246,0,0,1,1
0.012424098,25.424536,0.19210164,24.974691,25.686453,0.0,0.0,0.0,0.0,0.0,0.0,0.0,0.0,1,1,0,0
0.100515254,26.078987,0.2583424,25.495214,26.529045,0.35684,0.06836724,0.2133739,0.5456212,93.86933,1.9376764,91.161896,96.78628,1,1,1,1
0.0,25.398281,0.14379346,25.078777,25.57943,0.44065335,0.077784404,0.35186943,0.54603165,101.40359,3.1610281,97.82851,108.467125,0,1,1,1
0.0,0.0,0.0,0.0,0.0,0.47618967,0.07190355,0.27655706,0.68602735,97.5174,2.7152104,93.663994,102.94006,0,0,1,1
0.10079545,24.738243,0.14982425,24.55498,25.098518,0.0,0.0,0.0,0.0,0.0,0.0,0.0,0.0,1,1,0,0
0.00588786,24.777689,0.101964645,24.564598,24.983051,0.4434949,0.046260547,0.39323673,0.5360746,100.77699,2.1642606,96.506,104.33479,1,1,1,1
0.059173167,25.655191,0.21134192,25.305592,25.997665,0.0,0.0,0.0,0.0,0.0,0.0,0.0,0.0,1,1,0,0
0.0,24.99962,0.14679791,24.738348,25.2496,0.53594035,0.05488931,0.40368226,0.67427766,103.32413,1.035745,102.16056,105.909355,0,1,1,1
0.0,0.0,0.0,0.0,0.0,0.5799764,0.03454949,0.5221827,0.670096,97.87247,0.9968363,95.96365,99.08038,0,0,1,1
0.0,0.0,0.0,0.0,0.0,0.44584185,0.03660329,0.3627023,0.49307927,106.51082,1.944399,102.79596,111.17256,0,0,1,1
0.0120659545,24.996706,0.026028872,24.906584,25.097363,0.0,0.0,0.0,0.0,0.0,0.0,0.0,0.0,1,1,0,0
0.00037861255,24.570316,0.1265919,24.254055,24.767223,0.0,0.0,0.0,0.0,0.0,0.0,0.0,0.0,1,1,0,0
0.009577468,25.225735,0.15494207,24.991493,25.501942,0.48710755,0.08528624,0.34842223,0.7234516,94.54616,1.6094886,92.84662,97.1671,1,1,1,1
0.019271238,24.816711,0.14512223,24.530167,25.102493,0.5322114,0.056339286,0.44194487,0.5942512,94.65614,1.0006528,93.1612,96.947296,1,1,1,1
0.024375083,24.858944,0.22270122,24.35419,25.383944,0.40285113,0.02355023,0.3759087,0.43941706,99.64088,2.1984746,95.56938,104.79493,1,1,1,1
0.09317578,25.236437,0.15154654,24.976519,25.422953,0.5028138,0.040404662,0.3857018,0.5860001,97.21521,0.95767915,95.27958,98.79938,1,1,1,1
0.0,0.0,0.0,0.0,0.0,0.61763,0.06603019,0.47122443,0.7472368,105.35488,2.0186684,102.34874,107.75114,0,0,1,1
0.0020598518,25.533081,0.12196866,25.380272,25.784739,0.5274319,0.037126135,0.4543367,0.5926903,97.3233,1.7294083,95.007164,101.1999,1,1,1,1
0.0,0.0,0.0,0.0,0.0,0.48664606,0.056904793,0.4178358,0.55788326,98.787445,2.1915443,94.199646,101.65329,0,0,1,1
0.011967252,25.155853,0.15701327,24.91926,25.372814,0.52572244,0.04470208,0.47571477,0.5985192,100.48743,2.799749,93.54242,104.79708,1,1,1,1
0.102029406,24.899166,0.14458558,24.575167,25.147596,0.0,0.0,0.0,0.0,0.0,0.0,0.0,0.0,1,1,0,0
0.0,24.588108,0.19091628,24.164963,25.014969,0.5403009,0.07484186,0.32023242,0.7568902,90.63593,2.907351,85.53587,95.18078,0,1,1,1
0.0,24.7668,0.21777397,24.331394,25.02035,0.50172776,0.07125338,0.3173824,0.71347386,100.28226,3.1208518,96.35574,104.015785,0,1,1,1
0.0,26.353447,0.20796078,25.897827,26.649551,0.5365137,0.06525464,0.45620996,0.6381477,99.19597,1.6501566,95.651024,101.145,0,1,1,1
0.0,25.747902,0.17310789,25.449053,26.09339,0.54402757,0.044399712,0.42733347,0.5938863,93.216446,1.8996731,90.753746,95.37164,0,1,1,1
0.0,0.0,0.0,0.0,0.0,0.4272863,0.03387957,0.35454056,0.47170067,105.22107,2.3595514,101.82659,108.16272,0,0,1,1
0.28878376,24.257801,0.16913499,23.853382,24.552977,0.0,0.0,0.0,0.0,0.0,0.0,0.0,0.0,1,1,0,0
0.0,24.367233,0.10377971,24.229319,24.54546,0.58197814,0.018219776,0.5330555,0.60333663,106.44428,2.292057,103.26661,108.78573,0,1,1,1
0.0077963914,25.344572,0.12871061,25.116568,25.647373,0.54456896,0.05440326,0.41168648,0.6755733,101.773445,2.357933,98.27567,104.314384,1,1,1,1
0.10962908,25.868708,0.14218323,25.553768,26.220158,0.0,0.0,0.0,0.0,0.0,0.0,0.0,0.0,1,1,0,0
0.03695683,24.68438,0.17023833,24.383259,24.949863,0.0,0.0,0.0,0.0,0.0,0.0,0.0,0.0,1,1,0,0
0.021715004,24.408611,0.21404648,24.153423,24.658783,0.5001652,0.00905049,0.47096097,0.5157479,98.11885,0.9828325,96.5941,99.6073,1,1,1,1
0.0,24.741255,0.10361274,24.509733,24.942877,0.4968214,0.024367481,0.4344758,0.5551347,93.5041,1.6226386,90.26624,95.14306,0,1,1,1
0.019911004,24.74009,0.14046709,24.56629,24.884747,0.5038878,0.06841593,0.38070175,0.70650125,105.220146,2.1459866,101.73252,108.75342,1,1,1,1
0.021552853,24.29071,0.19870171,23.842995,24.776844,0.0,0.0,0.0,0.0,0.0,0.0,0.0,0.0,1,1,0,0
0.0,25.20839,0.16100833,24.85093,25.487925,0.5760487,0.045226816,0.49396396,0.6400963,99.89954,1.2328447,98.50476,102.95147,0,1,1,1
0.0,24.87546,0.16305277,24.684258,25.219357,0.47768238,0.09035743,0.29184788,0.74058545,100.58641,2.715005,96.36966,105.405975,0,1,1,1
0.041842427,24.791044,0.09893312,24.639296,24.982342,0.5213008,0.0361862,0.4160488,0.5770499,99.65414,1.2721623,98.079475,102.445076,1,1,1,1
0.09669719,24.455736,0.12934121,24.144855,24.658463,0.0,0.0,0.0,0.0,0.0,0.0,0.0,0.0,1,1,0,0
0.0,0.0,0.0,0.0,0.0,0.5494848,0.019832559,0.50369227,0.5840233,97.86711,1.2680398,95.71359,100.35922,0,0,1,1
0.0,0.0,0.0,0.0,0.0,0.4785326,0.029605638,0.42165348,0.54045206,109.050804,2.2886677,104.94181,112.28504,0,0,1,1
0.0,0.0,0.0,0.0,0.0,0.498435,0.090532854,0.36793464,0.7078184,100.54866,2.2095473,95.65846,104.18919,0,0,1,1
0.0,0.0,0.0,0.0,0.0,0.551611,0.050439656,0.41886294,0.6125336,102.60307,2.250984,98.67911,106.17177,0,0,1,1
0.22372128,25.663857,0.13641897,25.34596,25.925797,0.0,0.0,0.0,0.0,0.0,0.0,0.0,0.0,1,1,0,0
0.0,0.0,0.0,0.0,0.0,0.42656988,0.02222228,0.36215633,0.47753307,96.53717,1.1888459,94.42857,98.33684,0,0,1,1
0.06358563,25.202847,0.25575846,24.603987,25.749882,0.54314685,0.06392431,0.3609196,0.7338985,99.87808,2.1654627,96.331665,102.52597,1,1,1,1
0.0,0.0,0.0,0.0,0.0,0.47050455,0.065667644,0.38593826,0.60077924,98.92507,1.7547092,96.02647,102.03976,0,0,1,1
0.06146748,24.71906,0.16820654,24.409319,24.9739,0.0,0.0,0.0,0.0,0.0,0.0,0.0,0.0,1,1,0,0
0.015115554,25.348528,0.19012241,24.960192,25.701843,0.41001278,0.071844466,0.2763771,0.5524036,96.37429,2.5626855,93.00294,101.723274,1,1,1,1
0.052000955,24.48055,0.104142554,24.230179,24.716839,0.5378437,0.072250634,0.37169492,0.7365516,103.49632,1.6459409,100.21697,105.89102,1,1,1,1
0.0,0.0,0.0,0.0,0.0,0.45891547,0.041050147,0.41740674,0.54531276,101.42989,2.1992073,96.71515,105.77811,0,0,1,1
0.0968018,24.248236,0.25867432,23.792667,24.662912,0.0,0.0,0.0,0.0,0.0,0.0,0.0,0.0,1,1,0,0
0.0,0.0,0.0,0.0,0.0,0.55711055,0.04748747,0.47136244,0.63308257,98.65754,2.292843,95.7995,101.82651,0,0,1,1
0.0,24.573147,0.11154132,24.39353,24.814503,0.533113,0.06594089,0.38473457,0.70394,99.157745,0.7803914,97.4831,99.966125,0,1,1,1
0.013855365,25.928741,0.06986468,25.81776,26.058685,0.0,0.0,0.0,0.0,0.0,0.0,0.0,0.0,1,1,0,0
0.068850465,25.81069,0.19208391,25.420227,26.019186,0.0,0.0,0.0,0.0,0.0,0.0,0.0,0.0,1,1,0,0
0.01046864,25.537893,0.28167978,25.135433,26.044762,0.0,0.0,0.0,0.0,0.0,0.0,0.0,0.0,1,1,0,0
0.0,0.0,0.0,0.0,0.0,0.5088679,0.031698946,0.42038336,0.54605484,97.3524,1.9192662,94.4848,100.30049,0,0,1,1
0.0,0.0,0.0,0.0,0.0,0.60380167,0.05296747,0.46676132,0.7623686,96.89971,2.7348766,93.61764,99.67848,0,0,1,1
0.05030551,25.652025,0.14374003,25.410898,25.95159,0.45141512,0.08727245,0.28718373,0.67280793,99.723404,1.4353582,97.71186,101.45831,1,1,1,1
0.0,0.0,0.0,0.0,0.0,0.4420122,0.05529512,0.31041667,0.5877608,106.33371,3.518805,97.56667,114.93331,0,0,1,1
0.003220273,25.791286,0.048213623,25.70151,25.887295,0.457742,0.04519702,0.36086732,0.57986856,93.53031,1.0423479,91.565475,94.92122,1,1,1,1
0.0,24.416403,0.21167468,23.915285,24.749413,0.4522268,0.062670745,0.28003767,0.61850876,108.62374,2.2550972,104.229576,111.36013,0,1,1,1
0.034077726,24.7471,0.19195385,24.465223,25.194092,0.0,0.0,0.0,0.0,0.0,0.0,0.0,0.0,1,1,0,0
0.0,0.0,0.0,0.0,0.0,0.3747905,0.05466294,0.2771023,0.43083286,98.9774,2.0639868,93.913956,103.80371,0,0,1,1
0.0,0.0,0.0,0.0,0.0,0.47561947,0.09044786,0.3581312,0.57350475,96.65482,2.6532001,93.186134,99.92092,0,0,1,1
0.0,0.0,0.0,0.0,0.0,0.46237984,0.08372346,0.3603572,0.6239372,95.27664,2.7058682,90.889626,99.27464,0,0,1,1
0.09346909,24.342907,0.14860265,24.149477,24.617598,0.5413451,0.049521055,0.47284198,0.6856204,99.21198,1.3390194,96.27101,101.49616,1,1,1,1
0.005791503,25.6634,0.1963103,25.460754,26.085114,0.38210875,0.05735322,0.28366712,0.5106796,99.19166,2.185204,94.38802,101.784836,1,1,1,1
0.0,0.0,0.0,0.0,0.0,0.49334294,0.059242032,0.40263963,0.621588,107.82557,2.358791,103.48203,112.10134,0,0,1,1
0.0,24.97455,0.097497925,24.855526,25.093287,0.40081456,0.024725175,0.33676553,0.43251607,97.53055,1.8106375,93.01832,99.59865,0,1,1,1
0.0,24.67915,0.13934158,24.536299,24.925093,0.5209447,0.06363452,0.4206783,0.64588475,106.35798,2.269812,100.93734,110.00104,0,1,1,1
0.0,0.0,0.0,0.0,0.0,0.5864588,0.055012204,0.44247875,0.70388556,99.82049,1.7654911,97.2707,102.44882,0,0,1,1
0.0,25.149933,0.10311546,24.892982,25.291555,0.52568966,0.058961626,0.41856936,0.6492482,95.0652,2.2710388,89.98204,98.062386,0,1,1,1
0.043322243,25.001034,0.2383966,24.660177,25.423746,0.5247807,0.06743617,0.3332834,0.6891731,103.55624,0.3013559,102.498474,104.29108,1,1,1,1
0.039454445,25.320305,0.08585472,25.107191,25.415266,0.0,0.0,0.0,0.0,0.0,0.0,0.0,0.0,1,1,0,0
0.0,0.0,0.0,0.0,0.0,0.39389065,0.04917555,0.3017125,0.5005228,97.8731,2.7970364,94.80116,103.9654,0,0,1,1
0.0,0.0,0.0,0.0,0.0,0.48690438,0.059911765,0.37672812,0.5519588,101.33415,2.4629204,97.586266,104.794655,0,0,1,1
0.160372,25.06019,0.17150366,24.647846,25.273865,0.43321484,0.07974059,0.31090117,0.65982544,101.35678,2.8115435,96.048195,104.92909,1,1,1,1
0.0,0.0,0.0,0.0,0.0,0.34330806,0.057907723,0.27804917,0.48171014,104.75135,2.7795432,100.42196,108.51862,0,0,1,1
0.0,0.0,0.0,0.0,0.0,0.56895304,0.07932435,0.38986573,0.70654386,112.411354,2.0440671,108.68464,117.26976,0,0,1,1
0.12266652,25.39598,0.21133335,25.111715,25.8394,0.4770247,0.024564708,0.4171862,0.518949,99.89012,0.8661272,98.55733,101.54488,1,1,1,1
0.0,23.942575,0.16769165,23.592129,24.189297,0.42157817,0.07708018,0.25952873,0.58324206,104.950775,2.2474494,102.342865,107.65804,0,1,1,1
0.0,0.0,0.0,0.0,0.0,0.50694096,0.04429499,0.43921685,0.5781914,97.486176,2.4535687,92.93658,100.84083,0,0,1,1
0.15181042,24.466732,0.08232542,24.27386,24.559269,0.0,0.0,0.0,0.0,0.0,0.0,0.0,0.0,1,1,0,0
0.0,25.249992,0.10595815,25.063416,25.50645,0.4413667,0.05126311,0.35744363,0.5769506,105.77763,3.1334312,99.00874,110.37911,0,1,1,1
0.0,24.88832,0.032343663,24.816813,24.968523,0.5370042,0.032387417,0.45316306,0.5813932,99.700005,0.9298834,97.73067,101.35088,0,1,1,1
0.04408168,24.947714,0.09084969,24.774323,25.053867,0.51240194,0.07333602,0.39239803,0.59776294,98.39331,2.3428369,93.191864,102.965164,1,1,1,1
0.056110725,25.802404,0.22937858,25.34034,26.245382,0.41703293,0.07990589,0.24471726,0.61510307,103.348076,1.9466231,100.57711,107.5681,1,1,1,1
0.0014353815,25.093395,0.12000028,24.90648,25.27412,0.0,0.0,0.0,0.0,0.0,0.0,0.0,0.0,1,1,0,0
0.0,0.0,0.0,0.0,0.0,0.5369788,0.033432964,0.43831795,0.570789,97.2715,2.6742563,92.34542,102.66604,0,0,1,1
0.021970259,25.233774,0.1460215,24.880924,25.47379,0.5226347,0.055837225,0.46391273,0.60801744,101.24108,1.8786484,98.0728,105.596825,1,1,1,1
0.074592575,25.98771,0.18488108,25.74869,26.424582,0.0,0.0,0.0,0.0,0.0,0.0,0.0,0.0,1,1,0,0
0.0736092,24.95909,0.25362715,24.698013,25.484573,0.0,0.0,0.0,0.0,0.0,0.0,0.0,0.0,1,1,0,0
0.010254303,24.982836,0.19216855,24.754005,25.283371,0.0,0.0,0.0,0.0,0.0,0.0,0.0,0.0,1,1,0,0
0.038235303,24.89101,0.18908773,24.523203,25.257467,0.0,0.0,0.0,0.0,0.0,0.0,0.0,0.0,1,1,0,0
0.032094926,25.013056,0.14273365,24.729864,25.253214,0.0,0.0,0.0,0.0,0.0,0.0,0.0,0.0,1,1,0,0
6.8768595e-06,25.241198,0.15474524,24.944002,25.62781,0.57844716,0.058451377,0.4472083,0.7397345,104.79456,1.4917655,102.84409,106.54537,1,1,1,1
0.0,0.0,0.0,0.0,0.0,0.48677865,0.059040155,0.4253113,0.61696774,98.64204,3.079106,93.52201,105.18003,0,0,1,1
0.03701733,25.369787,0.24265946,24.949602,25.940115,0.0,0.0,0.0,0.0,0.0,0.0,0.0,0.0,1,1,0,0
0.092563026,25.330841,0.079580665,25.134726,25.475527,0.595657,0.063375674,0.5286801,0.7324552,101.19446,1.9788246,96.706566,105.5536,1,1,1,1
0.0,26.212542,0.21373884,25.754004,26.583714,0.4608436,0.054111797,0.3404692,0.5416113,91.76307,0.9916908,89.68647,93.84969,0,1,1,1
0.0023663158,25.991035,0.13766906,25.843645,26.241013,0.5370137,0.052208956,0.45184773,0.591687,100.63773,2.2622025,96.73999,102.96997,1,1,1,1
0.0014263636,25.60531,0.18871178,25.337164,26.030787,0.0,0.0,0.0,0.0,0.0,0.0,0.0,0.0,1,1,0,0
0.0,25.76516,0.17194287,25.367311,25.95124,0.5963655,0.07827062,0.408154,0.80005014,96.21605,0.3295167,95.49963,97.14212,0,1,1,1
0.0,25.714108,0.18377152,25.525679,26.159288,0.45873177,0.0467315,0.3258816,0.5741911,93.488144,1.8620627,91.35498,97.60883,0,1,1,1
0.0,24.785925,0.10336084,24.585608,24.973835,0.4931566,0.0891486,0.2647057,0.62020904,97.67767,1.4508952,94.86282,100.47544,0,1,1,1
0.0,24.827543,0.1680719,24.47201,25.15167,0.46050844,0.09761419,0.28442103,0.5719591,98.26139,0.35021824,97.06601,98.78069,0,1,1,1
0.0,24.993746,0.12348755,24.731398,25.253462,0.5469858,0.039973065,0.50120777,0.62769765,98.157486,1.3830928,95.1502,99.763695,0,1,1,1
0.0,0.0,0.0,0.0,0.0,0.5556224,0.07040778,0.3496221,0.6414738,105.48247,2.633337,100.29609,110.6782,0,0,1,1
0.0017044959,25.744637,0.11790678,25.518885,25.90984,0.4806719,0.05090216,0.39164868,0.61570406,98.06684,2.7883487,93.4624,104.48176,1,1,1,1
0.076844364,25.879957,0.20011368,25.453123,26.135862,0.577042,0.052733682,0.44408014,0.70512176,97.45026,1.7767512,93.63671,101.75096,1,1,1,1
0.010006296,24.49665,0.16236071,24.23969,24.691767,0.61768943,0.046888776,0.5602872,0.6701892,99.685715,2.1916595,97.48558,103.98533,1,1,1,1
0.067360155,25.897644,0.2580429,25.54304,26.348936,0.5085175,0.06330939,0.3856863,0.5943146,104.64139,1.7014922,101.43714,107.6947,1,1,1,1
0.08675522,25.376007,0.1702155,25.120192,25.589375,0.0,0.0,0.0,0.0,0.0,0.0,0.0,0.0,1,1,0,0
0.23383927,25.720154,0.19009462,25.498583,26.069084,0.0,0.0,0.0,0.0,0.0,0.0,0.0,0.0,1,1,0,0
0.002006707,24.452436,0.12835565,24.278433,24.61495,0.0,0.0,0.0,0.0,0.0,0.0,0.0,0.0,1,1,0,0
0.0045041125,24.980925,0.12506047,24.77846,25.112593,0.0,0.0,0.0,0.0,0.0,0.0,0.0,0.0,1,1,0,0
0.093630545,25.225754,0.1943611,24.757391,25.47968,0.39666805,0.040142868,0.29109898,0.491209,109.24232,3.1930664,104.072914,116.70977,1,1,1,1
0.0,0.0,0.0,0.0,0.0,0.45207807,0.04048383,0.36652443,0.5594222,95.40831,2.2811036,89.70706,99.965294,0,0,1,1
0.0,0.0,0.0,0.0,0.0,0.483879,0.070280574,0.29112005,0.65939474,101.73325,1.971507,97.13645,104.186264,0,0,1,1
0.025613641,25.183542,0.17143255,24.826746,25.377663,0.5625483,0.07077209,0.38774982,0.71709746,98.955124,2.1329908,96.63829,102.21875,1,1,1,1
0.0,0.0,0.0,0.0,0.0,0.5120515,0.022487186,0.4800066,0.5445751,106.71015,1.4297487,104.17868,109.5651,0,0,1,1
0.051769037,26.594513,0.07827895,26.416477,26.741617,0.49212816,0.052972768,0.340779,0.5897671,98.16526,1.8046404,94.72316,101.18573,1,1,1,1
0.0,25.2611,0.14652285,25.110302,25.622662,0.55108935,0.07829601,0.34830305,0.742415,97.919586,1.8594037,93.36652,100.33851,0,1,1,1
0.0,24.82573,0.09768709,24.668905,25.00319,0.58622515,0.06520081,0.4269779,0.7757465,96.10844,1.6088223,93.2668,99.216896,0,1,1,1
0.0,26.373722,0.102834985,26.236443,26.532454,0.5660628,0.046353023,0.4547772,0.6405776,100.68356,1.0924643,99.23887,103.35194,0,1,1,1
0.0,0.0,0.0,0.0,0.0,0.59080774,0.08710827,0.43376574,0.6916856,101.39061,2.3072867,95.8541,107.12627,0,0,1,1
0.057079874,25.592384,0.17476973,25.185528,25.886166,0.49436402,0.058037244,0.3506708,0.6151799,101.45461,2.975002,96.95489,108.65196,1,1,1,1
0.04510951,24.910618,0.05853945,24.849325,25.024366,0.5019845,0.06112075,0.38913938,0.57967997,94.0348,1.6912025,90.86431,96.422356,1,1,1,1
0.0,0.0,0.0,0.0,0.0,0.52020514,0.066480115,0.3670922,0.61711967,103.36419,2.0785642,99.47789,106.37888,0,0,1,1
0.0,0.0,0.0,0.0,0.0,0.3945623,0.03786607,0.34063867,0.5000325,99.31583,1.4065119,96.87058,101.188736,0,0,1,1
0.0,24.742277,0.11641768,24.60491,25.011236,0.451638,0.07329086,0.35784233,0.6253763,98.53194,1.4516919,96.282875,100.072365,0,1,1,1
0.0,24.867577,0.18086047,24.46224,25.164045,0.39770067,0.032664794,0.29973722,0.44170973,102.846825,1.1076186,100.439125,105.38535,0,1,1,1
0.0,0.0,0.0,0.0,0.0,0.58049953,0.065492004,0.4057942,0.72189534,109.11119,3.9579113,102.5045,115.262474,0,0,1,1
0.0047040298,24.496239,0.16861767,24.268808,24.77612,0.0,0.0,0.0,0.0,0.0,0.0,0.0,0.0,1,1,0,0
0.04814512,24.948263,0.15304688,24.604616,25.105902,0.5679589,0.030214578,0.49421996,0.6026887,98.22001,1.7974769,94.987755,102.03924,1,1,1,1
0.0,0.0,0.0,0.0,0.0,0.46060756,0.06197342,0.3890474,0.53388053,102.18721,0.51844,101.172264,102.88378,0,0,1,1
0.0,0.0,0.0,0.0,0.0,0.4200381,0.0544159,0.28646973,0.5441833,90.47691,0.8218101,88.57091,92.30541,0,0,1,1
0.039113745,25.35428,0.21057954,24.927347,25.808475,0.49027765,0.044047598,0.4163411,0.5875239,108.62517,1.4778914,106.98884,112.15839,1,1,1,1
0.0,26.303408,0.12804729,26.112982,26.534739,0.502052,0.04797387,0.40808618,0.6271011,103.04843,2.718891,98.79487,106.34198,0,1,1,1
0.14854893,24.578531,0.19520265,24.339632,24.999033,0.48172575,0.07489415,0.33213392,0.70167065,95.358086,2.1939373,93.14548,99.62072,1,1,1,1
0.0,0.0,0.0,0.0,0.0,0.5028582,0.065860435,0.33770198,0.6651573,100.2224,0.8075732,98.84741,101.53565,0,0,1,1
0.0,0.0,0.0,0.0,0.0,0.50162727,0.044808574,0.40361857,0.5777682,108.237595,1.5901482,104.43437,111.0114,0,0,1,1
0.009464695,25.089006,0.1396164,24.864155,25.246069,0.57013506,0.081346184,0.4083754,0.67012745,98.26113,2.2383046,93.445435,102.273445,1,1,1,1
0.00039700518,25.983969,0.22234315,25.582886,26.28636,0.0,0.0,0.0,0.0,0.0,0.0,0.0,0.0,1,1,0,0
0.0,0.0,0.0,0.0,0.0,0.47426525,0.050401814,0.41490334,0.56873024,104.92493,2.819017,99.270805,111.712685,0,0,1,1
0.028307362,24.859045,0.12482649,24.65351,25.125528,0.0,0.0,0.0,0.0,0.0,0.0,0.0,0.0,1,1,0,0
0.029827705,24.451582,0.14786892,24.1091,24.803577,0.0,0.0,0.0,0.0,0.0,0.0,0.0,0.0,1,1,0,0
0.20341112,24.3022,0.13551773,24.012123,24.569353,0.0,0.0,0.0,0.0,0.0,0.0,0.0,0.0,1,1,0,0
0.0,0.0,0.0,0.0,0.0,0.4847791,0.059666276,0.34327212,0.64744306,100.104965,2.735593,94.60751,104.004425,0,0,1,1
0.0,25.060055,0.19284041,24.682701,25.424965,0.42539722,0.068987474,0.337546,0.60464805,109.76033,3.2940884,102.19044,116.82226,0,1,1,1
0.0,0.0,0.0,0.0,0.0,0.52208525,0.08031059,0.42276412,0.72498167,111.38552,2.6557925,108.49242,114.307045,0,0,1,1
0.18662061,25.213392,0.14032708,24.897856,25.39568,0.0,0.0,0.0,0.0,0.0,0.0,0.0,0.0,1,1,0,0
0.04766835,25.789034,0.17851695,25.537552,26.228096,0.0,0.0,0.0,0.0,0.0,0.0,0.0,0.0,1,1,0,0
0.0,0.0,0.0,0.0,0.0,0.62429863,0.044604063,0.541765,0.6689521,102.5303,2.029511,97.85421,106.20542,0,0,1,1
0.30658954,25.408619,0.17102735,25.077284,25.710728,0.0,0.0,0.0,0.0,0.0,0.0,0.0,0.0,1,1,0,0
0.22566445,25.394419,0.19480999,25.071554,25.842104,0.5483962,0.018467933,0.5296546,0.5988398,98.20835,3.1313763,91.66259,102.17355,1,1,1,1
0.1781303,25.062767,0.05433359,24.942495,25.152903,0.0,0.0,0.0,0.0,0.0,0.0,0.0,0.0,1,1,0,0
0.0,0.0,0.0,0.0,0.0,0.43884394,0.06635861,0.2413149,0.6236333,110.95854,2.4445,105.99499,116.91984,0,0,1,1
0.040989105,25.036812,0.14718671,24.81366,25.271837,0.0,0.0,0.0,0.0,0.0,0.0,0.0,0.0,1,1,0,0
0.014371462,24.719185,0.15967567,24.467691,25.034668,0.47746682,0.05134445,0.4047491,0.5957281,107.11535,2.7932336,101.824196,113.40156,1,1,1,1
0.0,0.0,0.0,0.0,0.0,0.44234285,0.062948525,0.33543238,0.5344647,96.14641,2.4601665,93.18124,99.9691,0,0,1,1
0.0,0.0,0.0,0.0,0.0,0.43063542,0.03461421,0.37399507,0.5004559,111.3192,1.9689609,107.84374,114.178024,0,0,1,1
0.23102927,25.557146,0.21492508,25.285725,25.869848,0.53750926,0.038104597,0.47513905,0.6239578,93.62491,2.2848306,91.054955,98.61914,1,1,1,1
0.0,25.26109,0.118543446,24.991808,25.530638,0.44988835,0.024413614,0.41852152,0.4768362,103.33616,3.4008596,98.39154,110.52323,0,1,1,1
0.20685075,25.113722,0.12075361,24.990202,25.40984,0.44530162,0.034004018,0.35735062,0.5293433,99.92132,2.6709998,93.58793,104.11169,1,1,1,1
0.0,0.0,0.0,0.0,0.0,0.5138497,0.06247982,0.3955581,0.68066823,95.867935,1.6895428,93.41402,98.84136,0,0,1,1
0.025321012,25.18127,0.184626,24.73849,25.393719,0.44561815,0.05226337,0.36237323,0.5405588,97.728714,1.459803,94.43315,99.41314,1,1,1,1
0.02427432,24.90526,0.094949685,24.691336,25.131235,0.0,0.0,0.0,0.0,0.0,0.0,0.0,0.0,1,1,0,0
0.0,25.145206,0.13042417,24.864868,25.315714,0.4126528,0.051225066,0.27178907,0.5325491,102.612274,2.047326,99.83965,106.72283,0,1,1,1
0.009495201,25.361618,0.16241585,25.111357,25.527636,0.4595729,0.040933535,0.39094493,0.56450593,108.80888,2.1855166,104.348175,113.12931,1,1,1,1
0.0,0.0,0.0,0.0,0.0,0.44494936,0.057072476,0.3374447,0.50721085,91.781334,0.5918294,91.030846,93.06939,0,0,1,1
0.0,0.0,0.0,0.0,0.0,0.4741997,0.03633436,0.37058076,0.5314036,100.99797,2.5715415,96.326355,104.36163,0,0,1,1
0.019332401,25.480513,0.17625919,25.103104,25.816969,0.0,0.0,0.0,0.0,0.0,0.0,0.0,0.0,1,1,0,0
0.06254139,24.597294,0.17759623,24.238647,24.795382,0.0,0.0,0.0,0.0,0.0,0.0,0.0,0.0,1,1,0,0
0.0,25.19293,0.16029078,24.975468,25.423105,0.48464254,0.07879267,0.37799677,0.6050151,92.19494,1.4317017,88.74187,94.44294,0,1,1,1
0.05055732,25.146778,0.17607181,24.842558,25.415585,0.0,0.0,0.0,0.0,0.0,0.0,0.0,0.0,1,1,0,0
0.050791647,24.49788,0.18166032,24.262918,24.87899,0.49854997,0.033229366,0.43205762,0.5813497,97.99741,0.7291997,96.97058,99.180954,1,1,1,1
0.017563183,24.200573,0.18652608,23.820307,24.393202,0.0,0.0,0.0,0.0,0.0,0.0,0.0,0.0,1,1,0,0
0.0005105359,25.774982,0.12996241,25.575974,26.03267,0.52401364,0.056839224,0.43559197,0.6186675,94.42605,1.7034042,91.83129,98.620674,1,1,1,1
0.0058520706,25.411264,0.09794884,25.259405,25.618633,0.0,0.0,0.0,0.0,0.0,0.0,0.0,0.0,1,1,0,0
0.03594814,26.066866,0.17168623,25.695349,26.3847,0.0,0.0,0.0,0.0,0.0,0.0,0.0,0.0,1,1,0,0
0.014366819,23.931608,0.03746272,23.872639,24.026814,0.44259226,0.0646462,0.30115476,0.5260917,99.7764,3.150645,94.158775,103.088615,1,1,1,1
0.0,24.62008,0.20341715,24.122387,24.953266,0.49224916,0.0412537,0.3952048,0.5711255,95.41493,2.2567935,92.68774,97.94237,0,1,1,1
0.0,25.292728,0.0970122,25.108173,25.42927,0.46124396,0.032391757,0.37675333,0.54753435,110.115326,2.2022135,104.875206,113.47735,0,1,1,1
0.027909918,23.982353,0.11693794,23.847546,24.108603,0.0,0.0,0.0,0.0,0.0,0.0,0.0,0.0,1,1,0,0
0.05574488,26.414879,0.16625838,26.092833,26.826689,0.0,0.0,0.0,0.0,0.0,0.0,0.0,0.0,1,1,0,0
0.0066574705,24.720509,0.081118785,24.527771,24.80527,0.47053632,0.047144935,0.36045864,0.52688736,99.16629,2.8123147,94.1629,104.12827,1,1,1,1
0.052217722,25.594511,0.0823913,25.487917,25.789848,0.5692331,0.054419506,0.40629482,0.6468807,96.580055,1.4739143,93.27732,98.18828,1,1,1,1
0.063590884,25.204493,0.15816177,24.846321,25.577583,0.53181326,0.08159188,0.4001324,0.7486735,98.955666,2.2038512,95.47653,102.1553,1,1,1,1
0.0,24.324888,0.16984269,24.031519,24.562971,0.5854007,0.022035144,0.544972,0.62691146,100.76534,2.733763,95.935555,106.09222,0,1,1,1
0.0,25.198301,0.1909783,24.80118,25.421999,0.49616656,0.02843851,0.44212982,0.56340444,98.12597,3.3247976,90.44617,102.542915,0,1,1,1
0.004525376,24.914454,0.1347882,24.713268,25.18992,0.5807211,0.04594975,0.45119232,0.67769367,107.34892,2.4832275,102.2109,110.27053,1,1,1,1
0.1311484,25.838451,0.18860556,25.505985,26.306246,0.0,0.0,0.0,0.0,0.0,0.0,0.0,0.0,1,1,0,0
0.0,0.0,0.0,0.0,0.0,0.41755468,0.048298504,0.2958537,0.5347366,91.42417,1.8177152,88.75278,94.32611,0,0,1,1
0.0,0.0,0.0,0.0,0.0,0.53807527,0.04878308,0.43604997,0.6260209,100.73387,2.5563617,95.74806,103.410065,0,0,1,1
0.1466681,24.723225,0.17559116,24.334583,25.074186,0.57475084,0.01631777,0.5353329,0.6153123,102.840355,2.4144945,98.10301,105.709015,1,1,1,1
0.06762419,25.471989,0.09878257,25.247404,25.694975,0.0,0.0,0.0,0.0,0.0,0.0,0.0,0.0,1,1,0,0
0.012938765,24.615305,0.21896106,24.294708,24.836342,0.0,0.0,0.0,0.0,0.0,0.0,0.0,0.0,1,1,0,0
0.056024935,24.494476,0.15550488,24.19643,24.747034,0.5426913,0.06047609,0.4204436,0.6816122,108.7631,2.387518,105.17556,111.95531,1,1,1,1
0.0,0.0,0.0,0.0,0.0,0.48552948,0.029061701,0.39859027,0.5390316,104.468,1.4663696,102.90968,106.14364,0,0,1,1
0.019997008,24.304058,0.18912071,24.063267,24.58299,0.5273937,0.032435738,0.43513215,0.5768,98.37438,1.9362555,95.01242,100.44788,1,1,1,1
0.091643326,24.639341,0.18797316,24.335903,25.077826,0.5455385,0.033873137,0.5110223,0.6191414,101.60359,2.160655,98.83686,106.40695,1,1,1,1
0.027360396,24.180449,0.11600604,23.924347,24.336086,0.53354937,0.021074336,0.5110672,0.59175974,97.34236,2.1591449,92.56247,101.38823,1,1,1,1
0.11100177,23.42698,0.16271214,23.182865,23.807705,0.4945913,0.042958837,0.39425313,0.6047894,96.13267,1.4331421,92.80324,98.876175,1,1,1,1
0.0,0.0,0.0,0.0,0.0,0.5674039,0.019873988,0.5266676,0.6102108,110.02634,1.6234971,106.78222,112.53041,0,0,1,1
0.023771705,25.162638,0.19259496,24.77795,25.436071,0.0,0.0,0.0,0.0,0.0,0.0,0.0,0.0,1,1,0,0
0.21975647,25.142633,0.19097938,24.75984,25.338545,0.0,0.0,0.0,0.0,0.0,0.0,0.0,0.0,1,1,0,0
0.0,0.0,0.0,0.0,0.0,0.5092085,0.05716727,0.42548096,0.57585365,93.17078,2.023019,91.00333,96.043205,0,0,1,1
0.0,0.0,0.0,0.0,0.0,0.47983816,0.027517928,0.4255073,0.5517482,100.751144,1.7886406,97.976364,103.662254,0,0,1,1
0.0,24.543125,0.16236371,24.150564,24.771006,0.5631519,0.038633715,0.48227486,0.6194029,100.831085,1.8271009,97.651024,103.891655,0,1,1,1
0.009855567,25.405766,0.19400439,25.16524,25.87289,0.5225687,0.061097812,0.35877362,0.59535265,93.83162,2.2165644,90.86755,97.67957,1,1,1,1
0.0800522,25.205055,0.10218331,25.10213,25.341112,0.43438676,0.032918926,0.39744622,0.51753616,100.755775,2.7156117,94.18029,105.26464,1,1,1,1
0.0,24.791079,0.2169761,24.539152,25.1246,0.43171585,0.07803388,0.21011287,0.5131723,91.92683,1.8163297,88.78982,94.552,0,1,1,1
0.014963749,24.404905,0.18274456,24.10516,24.732124,0.0,0.0,0.0,0.0,0.0,0.0,0.0,0.0,1,1,0,0
0.0,24.934156,0.2073569,24.456106,25.289394,0.5384742,0.07609929,0.379451,0.70485216,97.068115,1.9070531,94.37982,99.01594,0,1,1,1
0.16677906,25.331665,0.09707289,25.211761,25.530012,0.49754867,0.02984078,0.41664037,0.55667347,95.5693,2.0274765,90.51957,98.44316,1,1,1,1
0.0,0.0,0.0,0.0,0.0,0.5221709,0.030423827,0.43483478,0.5751414,105.952034,1.4157021,104.22002,108.12208,0,0,1,1
0.019835465,24.543903,0.10753314,24.314352,24.773539,0.0,0.0,0.0,0.0,0.0,0.0,0.0,0.0,1,1,0,0
0.0,25.66099,0.16719528,25.265816,26.008556,0.46155313,0.023110192,0.40147215,0.49736756,100.42195,3.3007243,94.52752,104.68411,0,1,1,1
0.073174216,24.730623,0.14940652,24.403807,25.060389,0.0,0.0,0.0,0.0,0.0,0.0,0.0,0.0,1,1,0,0
0.0,24.39676,0.0733254,24.315855,24.527014,0.45045406,0.0454382,0.3426817,0.53398746,96.69587,1.0872409,95.116356,98.50766,0,1,1,1
0.0,0.0,0.0,0.0,0.0,0.5444598,0.057057798,0.37858364,0.61295927,97.58386,3.0405943,91.61634,103.82984,0,0,1,1
0.0,0.0,0.0,0.0,0.0,0.40114707,0.030675458,0.31153974,0.4465485,104.396576,3.4481404,100.22386,112.63673,0,0,1,1
0.21775404,25.524817,0.17309025,25.247799,25.699303,0.0,0.0,0.0,0.0,0.0,0.0,0.0,0.0,1,1,0,0
0.0,0.0,0.0,0.0,0.0,0.5448858,0.024307497,0.49415204,0.5718228,94.29784,1.5745394,91.542816,96.67302,0,0,1,1
0.0,0.0,0.0,0.0,0.0,0.60607374,0.048410356,0.50083345,0.6883505,96.13663,0.6556332,95.32359,97.46717,0,0,1,1
0.0,24.512386,0.18536021,24.107254,24.729624,0.5191006,0.044205375,0.40966228,0.6427917,103.78079,1.5026214,100.69078,105.85072,0,1,1,1
0.03906482,24.503452,0.19825256,24.254616,24.858442,0.0,0.0,0.0,0.0,0.0,0.0,0.0,0.0,1,1,0,0
0.110562354,24.850292,0.07197852,24.704832,24.924606,0.5194507,0.058392204,0.4514425,0.6836799,104.53727,2.798217,100.91875,111.24427,1,1,1,1
0.05637484,25.678228,0.10247356,25.460115,25.899618,0.54503953,0.016487636,0.4999714,0.5701304,87.34292,2.1110008,84.851944,90.4548,1,1,1,1
0.0,25.096708,0.1825755,24.727303,25.33774,0.5137171,0.037891075,0.40828642,0.5815379,103.90037,1.7476779,100.37873,107.69804,0,1,1,1
0.0,0.0,0.0,0.0,0.0,0.45310786,0.053430654,0.32625973,0.54314536,102.96117,1.4644198,99.807175,104.837204,0,0,1,1
0.0,0.0,0.0,0.0,0.0,0.47013873,0.048993662,0.36752704,0.5708967,104.538376,1.3131837,102.939766,106.0162,0,0,1,1
0.0,23.841352,0.12740229,23.676962,23.997295,0.47827762,0.062043108,0.36449054,0.61217654,97.05919,1.9999181,92.60763,100.485374,0,1,1,1
0.046582792,25.282154,0.036431145,25.171385,25.363113,0.49451473,0.079314455,0.34268323,0.67783993,103.969604,2.1192355,98.72737,109.085526,1,1,1,1
0.087487705,24.285892,0.15824753,23.966072,24.466234,0.5258798,0.082513385,0.33763874,0.6396257,92.65129,3.5353403,87.52349,97.14978,1,1,1,1
0.059236716,24.942053,0.18559809,24.701336,25.131344,0.0,0.0,0.0,0.0,0.0,0.0,0.0,0.0,1,1,0,0
0.074439935,25.498505,0.091153994,25.318,25.624151,0.55628055,0.038345024,0.4946559,0.64982206,102.186424,1.703329,98.33413,105.362755,1,1,1,1
0.045470588,25.573267,0.13203222,25.441214,25.811625,0.5693643,0.076117456,0.44168013,0.69384056,95.06585,2.532554,90.75155,101.37311,1,1,1,1
0.0,25.00783,0.18639043,24.667955,25.407345,0.5096187,0.051963907,0.40626463,0.65955734,96.492546,0.88053423,95.40534,97.37779,0,1,1,1
0.0,0.0,0.0,0.0,0.0,0.56303585,0.07648589,0.42939946,0.72846866,92.8402,2.6515205,89.27575,98.83531,0,0,1,1
0.0,25.290998,0.050164804,25.199886,25.36347,0.5626038,0.078592576,0.3978196,0.64993376,94.854416,2.3737729,90.74994,98.89649,0,1,1,1
0.013229684,23.762934,0.12342857,23.627556,23.908375,0.4608572,0.059055414,0.30336684,0.5441421,88.8115,3.4667072,82.032005,94.80527,1,1,1,1
0.0,24.569351,0.106216885,24.35516,24.722881,0.46686915,0.03367176,0.41199803,0.51467055,106.00568,1.8217983,103.836136,110.11281,0,1,1,1
0.0,25.137978,0.13903007,24.853596,25.362762,0.44729304,0.07386095,0.29497677,0.55794585,102.102104,3.3796532,94.48293,105.74392,0,1,1,1
0.03435397,24.646584,0.191653,24.202314,25.03755,0.4512265,0.069989435,0.35917297,0.5720775,104.88715,1.9405326,101.08969,109.70226,1,1,1,1
0.096979775,25.243553,0.18505658,24.980053,25.458168,0.0,0.0,0.0,0.0,0.0,0.0,0.0,0.0,1,1,0,0
0.03216757,25.35658,0.15848039,25.012037,25.686398,0.0,0.0,0.0,0.0,0.0,0.0,0.0,0.0,1,1,0,0
0.017835513,25.112886,0.15286335,24.908823,25.401966,0.0,0.0,0.0,0.0,0.0,0.0,0.0,0.0,1,1,0,0
0.0,25.621805,0.18759757,25.295929,26.05682,0.49364355,0.06365631,0.3301036,0.6392199,103.09706,1.4584951,100.4856,105.4365,0,1,1,1
0.21628395,26.213343,0.25758794,25.750566,26.58737,0.4981,0.045808632,0.38020456,0.5441908,102.77967,2.2939186,97.18379,107.68578,1,1,1,1
0.057826262,25.163046,0.17085876,24.741423,25.41819,0.0,0.0,0.0,0.0,0.0,0.0,0.0,0.0,1,1,0,0
0.0,0.0,0.0,0.0,0.0,0.53108567,0.0736676,0.36862895,0.64974636,104.65389,1.5386504,102.29801,107.91892,0,0,1,1
0.034906317,25.088709,0.085232615,24.999043,25.260761,0.4583738,0.05750984,0.32918897,0.59780896,94.800674,1.5823755,91.37309,97.804985,1,1,1,1
0.0,25.052402,0.12564285,24.791904,25.198563,0.4716113,0.051176302,0.36239153,0.56275654,104.73769,2.018707,101.74539,108.319374,0,1,1,1
0.38670573,25.286789,0.21163595,24.782665,25.80088,0.537808,0.041851327,0.49352708,0.5836114,93.14497,3.4393423,88.533325,97.53588,1,1,1,1
0.0,0.0,0.0,0.0,0.0,0.5135681,0.04474427,0.42034987,0.61013156,97.13527,3.2693393,90.172516,101.82466,0,0,1,1
0.11608906,25.239313,0.15714426,25.073347,25.597374,0.39038908,0.05428683,0.31888384,0.47502923,100.74656,1.8136221,97.846275,104.96019,1,1,1,1
0.0,0.0,0.0,0.0,0.0,0.5190683,0.064321086,0.3362203,0.7094602,106.67786,2.5907667,103.44528,111.70947,0,0,1,1
0.0,0.0,0.0,0.0,0.0,0.5570686,0.081415094,0.34195828,0.76599056,99.80159,2.4015691,96.8465,104.02448,0,0,1,1
0.03771981,24.43387,0.21236724,23.914545,24.648115,0.0,0.0,0.0,0.0,0.0,0.0,0.0,0.0,1,1,0,0
0.09584852,25.212652,0.1072055,25.03979,25.445965,0.5048791,0.056198463,0.34308073,0.6574789,110.66029,2.1662688,106.80079,114.1108,1,1,1,1
0.0,24.95002,0.1338389,24.658627,25.09472,0.53825146,0.06976545,0.4365991,0.61327326,105.49608,2.3457024,99.64582,107.87409,0,1,1,1
0.0033937618,25.588617,0.21017851,25.186089,25.87186,0.0,0.0,0.0,0.0,0.0,0.0,0.0,0.0,1,1,0,0
0.30096573,23.839752,0.11138354,23.602057,24.065294,0.4707432,0.10117463,0.29087067,0.7634052,101.212685,2.4126217,98.665436,106.710175,1,1,1,1
0.042519394,24.8691,0.17546484,24.61374,25.126427,0.5169458,0.051712755,0.41726327,0.6155606,102.44177,1.3106672,100.30575,103.92742,1,1,1,1
0.038750377,25.247202,0.11894434,24.976686,25.513096,0.5408369,0.05035418,0.40329787,0.6720908,100.44992,2.0424411,96.32572,103.951355,1,1,1,1
0.092164986,25.496931,0.17000654,25.084078,25.792358,0.0,0.0,0.0,0.0,0.0,0.0,0.0,0.0,1,1,0,0
0.0,25.365751,0.15330112,25.12495,25.743378,0.60409397,0.041370668,0.5136921,0.64849645,101.65556,2.1730244,97.38833,105.831856,0,1,1,1
0.019753201,24.529718,0.16201201,24.335917,24.82723,0.5074651,0.049339067,0.36458468,0.65472686,95.97305,2.5077083,90.72455,99.151924,1,1,1,1
0.0,0.0,0.0,0.0,0.0,0.49495107,0.04805642,0.357621,0.61109114,103.86579,2.9283538,97.35599,108.80619,0,0,1,1
0.0,0.0,0.0,0.0,0.0,0.5501428,0.081395924,0.31133348,0.6710975,108.1894,1.3963114,106.16372,110.38942,0,0,1,1
0.0048842826,25.864365,0.1495425,25.659754,26.120363,0.5270258,0.030056912,0.43716958,0.6087663,95.33167,2.9641118,89.33654,101.25851,1,1,1,1
0.04134731,25.209812,0.16500428,24.806042,25.497742,0.0,0.0,0.0,0.0,0.0,0.0,0.0,0.0,1,1,0,0
0.0,24.40435,0.192644,23.957775,24.861814,0.440766,0.06624833,0.24446903,0.63035804,101.77104,1.4502832,99.00623,103.66349,0,1,1,1
0.07571039,24.182505,0.083444305,24.067669,24.266869,0.51900154,0.041209493,0.44203296,0.5762963,103.133224,2.1498845,99.42198,107.87781,1,1,1,1
0.0,24.603354,0.065580316,24.476559,24.735361,0.49462387,0.028278338,0.4347169,0.5639102,104.379196,1.1168752,101.95166,105.98132,0,1,1,1
0.0544316,25.708841,0.11322766,25.567055,25.970802,0.0,0.0,0.0,0.0,0.0,0.0,0.0,0.0,1,1,0,0
0.0,24.821754,0.08678829,24.724176,25.004936,0.47947136,0.037018415,0.4299217,0.5318673,94.42794,1.8963687,89.99469,98.612,0,1,1,1
0.0,0.0,0.0,0.0,0.0,0.5192991,0.036001094,0.42692915,0.55579,92.55469,0.56048274,91.4968,93.9545,0,0,1,1
0.0,24.555805,0.2567432,23.919395,25.10762,0.61695266,0.06875149,0.428947,0.7010374,103.44077,2.021907,101.237366,106.34704,0,1,1,1
0.021324148,24.783749,0.074030645,24.694742,24.884554,0.54592633,0.035317983,0.5079179,0.65182453,98.46713,1.6915976,95.36761,102.325745,1,1,1,1
0.0,25.596365,0.1762226,25.292484,25.88442,0.4363567,0.07248214,0.28241277,0.51869696,93.98444,3.046006,86.70894,98.015076,0,1,1,1
0.0,25.159233,0.1753404,24.76828,25.463463,0.5304217,0.07885783,0.4081269,0.74848247,102.975655,3.0097783,96.75863,108.854294,0,1,1,1
0.0,0.0,0.0,0.0,0.0,0.5405193,0.021225903,0.51920897,0.5638918,92.911156,2.2607522,89.52759,97.82104,0,0,1,1
0.0,0.0,0.0,0.0,0.0,0.53829396,0.097113796,0.3497392,0.66766375,101.185074,2.3365462,96.36957,106.54691,0,0,1,1
0.00811525,24.838367,0.12633371,24.584799,25.130568,0.47373578,0.030061135,0.4434614,0.5286187,97.65701,2.9602206,90.662674,102.86472,1,1,1,1
0.0,24.477093,0.093773134,24.361877,24.619614,0.45881557,0.061917588,0.2870208,0.5802897,101.951256,1.5112417,99.73679,105.58564,0,1,1,1
0.0,0.0,0.0,0.0,0.0,0.4418002,0.060720704,0.36549687,0.5403472,101.272606,1.5541049,98.024345,103.21724,0,0,1,1
0.0,25.76975,0.21040307,25.363058,26.070505,0.52978987,0.051972892,0.41862568,0.60380375,96.964096,2.9809513,91.85754,101.84045,0,1,1,1
0.020770922,24.988657,0.16080783,24.760324,25.310781,0.0,0.0,0.0,0.0,0.0,0.0,0.0,0.0,1,1,0,0
0.0025981697,24.088839,0.15310673,23.92111,24.332087,0.5340148,0.02279502,0.47307387,0.5729603,99.28756,0.4850464,98.60631,99.880844,1,1,1,1
0.0,0.0,0.0,0.0,0.0,0.42437133,0.057514254,0.25623456,0.5167197,105.92492,1.6603843,103.47278,108.54453,0,0,1,1
0.0,23.843977,0.26320443,23.32049,24.232903,0.47692457,0.019138273,0.4341851,0.5044454,101.744194,2.3101594,97.25023,106.11783,0,1,1,1
0.2790633,26.26439,0.0848968,26.150429,26.430326,0.0,0.0,0.0,0.0,0.0,0.0,0.0,0.0,1,1,0,0
0.0,0.0,0.0,0.0,0.0,0.48709762,0.07195165,0.37540102,0.66764617,102.501686,2.337516,99.426895,108.004585,0,0,1,1
0.012895929,25.361311,0.1649278,25.057001,25.667086,0.0,0.0,0.0,0.0,0.0,0.0,0.0,0.0,1,1,0,0
0.0,25.85514,0.17237279,25.451345,26.123753,0.54890865,0.06030405,0.48721203,0.6299805,104.82576,1.8199345,101.29125,106.67402,0,1,1,1
0.0,24.310822,0.17812759,24.10674,24.535131,0.544262,0.030099431,0.49633804,0.59021825,91.75861,2.9551332,87.03896,98.72172,0,1,1,1
0.05624265,25.222712,0.1328566,24.92074,25.391462,0.5689469,0.06166666,0.43327856,0.6599206,98.45265,0.5355819,97.420166,99.53677,1,1,1,1
0.0,0.0,0.0,0.0,0.0,0.55738866,0.045444015,0.45041052,0.61410624,105.00004,2.16674,99.689316,109.21697,0,0,1,1
0.15400995,25.023045,0.16646318,24.62085,25.42031,0.45848072,0.06217469,0.2932785,0.5564952,95.18091,3.0805545,91.23893,99.99361,1,1,1,1
0.0,0.0,0.0,0.0,0.0,0.5075988,0.079368554,0.32795295,0.6351552,94.99149,1.9245406,90.371765,98.290634,0,0,1,1
0.043526746,24.216211,0.124688,23.912893,24.407513,0.0,0.0,0.0,0.0,0.0,0.0,0.0,0.0,1,1,0,0
0.0,0.0,0.0,0.0,0.0,0.49521926,0.08444004,0.28948906,0.68703806,109.99837,1.8991716,105.68006,112.420044,0,0,1,1
0.084960714,24.930737,0.10065337,24.753464,25.163548,0.0,0.0,0.0,0.0,0.0,0.0,0.0,0.0,1,1,0,0
0.0,0.0,0.0,0.0,0.0,0.5296638,0.097252354,0.26447952,0.6685345,98.223274,3.0447462,93.40026,103.924446,0,0,1,1
0.009345686,24.789034,0.15865764,24.596443,25.10081,0.0,0.0,0.0,0.0,0.0,0.0,0.0,0.0,1,1,0,0
0.0028889754,24.26856,0.19942662,23.87542,24.554462,0.0,0.0,0.0,0.0,0.0,0.0,0.0,0.0,1,1,0,0
0.039777968,24.48223,0.2496416,23.920538,24.983843,0.51833814,0.062858865,0.41901684,0.62140346,99.4601,1.1696496,97.92398,101.57989,1,1,1,1
0.0,26.080303,0.20244606,25.586277,26.38487,0.48240468,0.03261341,0.43409407,0.56842995,108.82826,1.4205046,107.33069,112.22858,0,1,1,1
0.06245964,25.891972,0.18665335,25.695244,26.252533,0.0,0.0,0.0,0.0,0.0,0.0,0.0,0.0,1,1,0,0
0.0,25.558727,0.1465881,25.19927,25.92421,0.48696482,0.064735934,0.40488368,0.64496595,106.109024,1.3290055,104.58458,108.14183,0,1,1,1
0.0,0.0,0.0,0.0,0.0,0.50270075,0.06312256,0.35290042,0.5807034,97.47322,1.5935117,94.31872,100.67476,0,0,1,1
0.0,0.0,0.0,0.0,0.0,0.5520578,0.052171145,0.41361478,0.6641436,97.966995,1.0178907,95.84643,100.4394,0,0,1,1
0.0061851414,24.527739,0.19563203,24.046232,25.003847,0.55955285,0.056282584,0.42806515,0.6162876,102.203705,1.1197417,99.5701,104.73182,1,1,1,1
0.0,25.049833,0.11736456,24.868994,25.292002,0.46550825,0.06561053,0.35578662,0.5544406,101.16021,1.4548349,98.57673,104.01576,0,1,1,1
0.08220043,25.232965,0.17755327,25.041828,25.588087,0.0,0.0,0.0,0.0,0.0,0.0,0.0,0.0,1,1,0,0
0.20016077,25.132889,0.05871139,24.986479,25.19521,0.41257995,0.09083077,0.24632432,0.61923015,101.16037,2.4231644,98.47949,105.18506,1,1,1,1
0.3438515,24.253605,0.17594247,23.889055,24.591032,0.49621424,0.08851746,0.36499247,0.5878544,110.91055,1.232683,109.03606,112.43611,1,1,1,1
0.00848328,25.03529,0.034383725,24.950642,25.115572,0.0,0.0,0.0,0.0,0.0,0.0,0.0,0.0,1,1,0,0
0.0,0.0,0.0,0.0,0.0,0.45785356,0.04536425,0.38230994,0.582991,93.38916,1.4448302,91.71136,95.6186,0,0,1,1
0.0026700844,24.657993,0.13186845,24.363811,24.805067,0.0,0.0,0.0,0.0,0.0,0.0,0.0,0.0,1,1,0,0
0.0,0.0,0.0,0.0,0.0,0.5682994,0.06764627,0.37904862,0.7679395,101.9485,3.6400185,93.82039,105.83076,0,0,1,1
0.0,0.0,0.0,0.0,0.0,0.47827882,0.077654205,0.30380803,0.63070965,95.85229,2.3177066,93.386604,98.956276,0,0,1,1
0.40686214,23.940321,0.13647692,23.795237,24.090406,0.57912,0.05164528,0.45722035,0.6546223,98.07686,2.4952705,91.95267,101.18661,1,1,1,1
0.0,25.765831,0.15376359,25.439642,26.031813,0.49633545,0.040383335,0.45189232,0.6051293,98.391174,0.69822645,97.32201,99.17035,0,1,1,1
0.0,25.546425,0.19063137,25.088985,25.93228,0.53071976,0.06357827,0.37973663,0.6815624,100.35122,1.7650064,97.61202,103.05151,0,1,1,1
0.0023150847,25.266966,0.21456014,24.944746,25.790771,0.0,0.0,0.0,0.0,0.0,0.0,0.0,0.0,1,1,0,0
0.0,25.642153,0.15276971,25.272202,25.849674,0.4573886,0.05643136,0.38958538,0.55519396,101.121155,2.944141,97.04468,107.37338,0,1,1,1
0.0028331003,24.878536,0.14503787,24.609924,25.20145,0.46546662,0.085638516,0.27114552,0.6332076,97.73979,2.7509766,93.01867,102.13973,1,1,1,1
0.33124775,24.924488,0.1962397,24.472895,25.22971,0.52883255,0.057229508,0.3849831,0.6433982,101.15835,2.2209005,98.34725,105.25683,1,1,1,1
0.0,24.496048,0.12637788,24.244581,24.701544,0.54729384,0.058601104,0.40981692,0.7000294,95.84466,2.7952402,92.464806,101.78361,0,1,1,1
0.0,24.910053,0.13987415,24.745718,25.224047,0.4372118,0.0776929,0.25346476,0.5901502,93.33226,2.2221792,88.90719,97.497375,0,1,1,1
0.0,23.845638,0.13541666,23.696253,24.090225,0.4548133,0.06600713,0.370225,0.6411965,106.37496,1.1829048,103.79633,109.27687,0,1,1,1
0.0,0.0,0.0,0.0,0.0,0.43840262,0.085506946,0.24364997,0.6803178,104.362175,1.8933984,99.86403,108.39609,0,0,1,1
0.0859338,24.878677,0.14210673,24.55132,25.20813,0.4821587,0.044605687,0.36669394,0.5532202,97.50277,3.164247,90.396225,103.7332,1,1,1,1
0.0,25.588993,0.07064031,25.453184,25.707798,0.6118167,0.07023103,0.46770504,0.79560506,96.87096,1.7232084,93.51763,100.47276,0,1,1,1
0.0,0.0,0.0,0.0,0.0,0.4518969,0.05473076,0.39029014,0.55304515,103.35209,2.9578795,98.993614,107.05832,0,0,1,1
0.005689522,26.174969,0.1917634,25.756674,26.39963,0.48511854,0.064189985,0.3320342,0.67069757,102.17528,1.7707912,100.20153,104.84031,1,1,1,1
0.0,24.096315,0.15111303,23.89943,24.423908,0.5003096,0.03189644,0.45668232,0.53931606,96.41355,1.2943857,94.078384,99.05281,0,1,1,1
0.040965635,25.406395,0.17247935,25.130774,25.791683,0.0,0.0,0.0,0.0,0.0,0.0,0.0,0.0,1,1,0,0
0.0,24.982405,0.0989165,24.873573,25.118622,0.57247597,0.06830272,0.36757627,0.6604053,96.87024,2.8726838,91.849045,103.8567,0,1,1,1
0.0,0.0,0.0,0.0,0.0,0.43307772,0.059902243,0.34807324,0.52226543,98.356514,0.49813706,97.83228,99.05618,0,0,1,1
0.0,0.0,0.0,0.0,0.0,0.50226855,0.02848297,0.44994116,0.5813973,109.80547,1.8206749,107.5473,112.36634,0,0,1,1
0.0,24.02604,0.13976435,23.792475,24.356377,0.4853366,0.020864878,0.4391864,0.539537,104.21706,1.8081214,101.79974,107.14542,0,1,1,1
0.0,25.83501,0.15143666,25.568298,26.021654,0.47015345,0.037097286,0.4046366,0.56605124,98.85452,3.357693,91.16788,106.70359,0,1,1,1
0.0,25.931005,0.10875519,25.782091,26.051014,0.6001903,0.08998806,0.4478488,0.70011896,98.58045,1.6024221,96.53662,102.515366,0,1,1,1
0.00015429514,24.784124,0.17707056,24.387527,24.993439,0.4784865,0.065737,0.35952988,0.6307165,99.86309,1.4483303,97.41545,102.77818,1,1,1,1
0.0,25.251423,0.14439477,24.93784,25.515282,0.5526339,0.07756556,0.36156458,0.65113443,97.82437,3.9754782,88.27123,107.497955,0,1,1,1
0.0,0.0,0.0,0.0,0.0,0.49687314,0.05370326,0.3852138,0.6389068,101.58412,3.8743572,92.23183,111.250786,0,0,1,1
0.042910416,24.89036,0.054643057,24.81108,25.02005,0.45022,0.0787016,0.26511145,0.59066904,100.59783,3.1159375,95.33746,108.11329,1,1,1,1
0.0,0.0,0.0,0.0,0.0,0.55437356,0.061369404,0.3817064,0.6517651,97.22639,3.1814458,91.61874,104.12245,0,0,1,1
0.04170202,26.511541,0.26543272,26.231483,26.895523,0.50026,0.043028012,0.424141,0.58672285,92.39666,2.1841164,88.975784,94.65492,1,1,1,1
0.01769999,25.296839,0.14011967,25.112461,25.614847,0.605184,0.055487603,0.49710527,0.6685262,94.41177,2.2560833,89.80854,99.75213,1,1,1,1
0.06643028,24.230444,0.08114968,24.098663,24.320211,0.0,0.0,0.0,0.0,0.0,0.0,0.0,0.0,1,1,0,0
0.0,0.0,0.0,0.0,0.0,0.54896295,0.078664355,0.32021624,0.6358889,112.52895,1.0740011,110.95691,115.07294,0,0,1,1
0.0,0.0,0.0,0.0,0.0,0.54467785,0.030424464,0.4562162,0.614901,104.066734,2.5566561,101.19467,108.07305,0,0,1,1
0.0,0.0,0.0,0.0,0.0,0.46317253,0.0307041,0.41978607,0.5289672,103.20656,2.3717299,98.76563,106.86885,0,0,1,1
0.18552297,25.438744,0.14360383,25.085957,25.598682,0.0,0.0,0.0,0.0,0.0,0.0,0.0,0.0,1,1,0,0
0.0,24.233355,0.14409228,23.92794,24.412073,0.5371125,0.028779294,0.48940384,0.576987,98.58824,2.821535,94.52321,105.0651,0,1,1,1
0.0032980382,25.324306,0.10694051,25.191406,25.50509,0.56758547,0.023712087,0.5063524,0.63136756,99.66411,2.1983957,94.18768,103.805824,1,1,1,1
0.0,24.86578,0.21523118,24.506044,25.224512,0.49804202,0.0745914,0.34645534,0.57680887,105.060196,3.257774,97.47801,112.182495,0,1,1,1
0.0,25.837046,0.22359262,25.41068,26.222023,0.5659517,0.019165453,0.5430883,0.60487807,100.5122,1.2580335,98.93909,102.974846,0,1,1,1
0.0,26.22008,0.17148806,25.963594,26.645966,0.4267579,0.05920125,0.25027776,0.58424395,100.71688,1.1354326,98.59216,102.96438,0,1,1,1
0.12059971,25.35855,0.17962767,25.097214,25.721975,0.53533894,0.050145887,0.47184113,0.63321656,100.96081,3.1320734,94.5504,104.83519,1,1,1,1
0.0,24.339142,0.18650337,24.143408,24.646345,0.6484536,0.038599752,0.53315735,0.72061247,96.25187,1.4431807,93.76272,99.386,0,1,1,1
0.035943553,25.207539,0.23868054,24.751625,25.60735,0.49635512,0.04001909,0.3806899,0.5863081,88.16783,2.1571732,85.11112,91.41152,1,1,1,1
0.0,26.15838,0.17315075,25.757692,26.460121,0.5511031,0.08538554,0.36116162,0.7532558,103.08537,2.2901495,100.53399,108.72066,0,1,1,1
0.013129954,25.311169,0.11121715,25.15195,25.538132,0.4620667,0.045180753,0.3690436,0.5835615,93.502014,3.372767,87.429665,100.855736,1,1,1,1
0.0,25.814589,0.15835804,25.530445,25.978407,0.5434705,0.009061908,0.51464605,0.56624025,99.34695,3.7537184,91.201515,104.92289,0,1,1,1
0.034464136,25.447252,0.23225126,24.893902,25.974567,0.62959737,0.06674749,0.52087164,0.74715275,106.851074,1.8258542,102.30318,108.70663,1,1,1,1
0.0,0.0,0.0,0.0,0.0,0.48246294,0.053190727,0.36074805,0.5991601,97.79203,1.1367544,95.37694,99.80794,0,0,1,1
0.0,0.0,0.0,0.0,0.0,0.47964457,0.034096725,0.4226773,0.5791943,102.80147,1.1126455,100.82115,105.47731,0,0,1,1
0.00801011,25.155853,0.13832198,24.823551,25.433413,0.0,0.0,0.0,0.0,0.0,0.0,0.0,0.0,1,1,0,0
0.39758497,24.223288,0.1664112,24.028257,24.624945,0.47832006,0.0740345,0.34139508,0.6226453,101.821724,1.8481185,99.7561,104.79907,1,1,1,1
0.2595956,25.275833,0.1335051,25.01228,25.492657,0.0,0.0,0.0,0.0,0.0,0.0,0.0,0.0,1,1,0,0
0.1296682,25.137691,0.22835115,24.627201,25.457737,0.0,0.0,0.0,0.0,0.0,0.0,0.0,0.0,1,1,0,0
0.0,25.394417,0.20920153,24.9424,25.699919,0.5665161,0.08567918,0.45021933,0.6775191,97.627075,0.9787093,96.413605,98.88507,0,1,1,1
0.0,0.0,0.0,0.0,0.0,0.5528859,0.047810152,0.454678,0.6946592,99.090126,3.3963387,92.604126,104.123055,0,0,1,1
0.0,0.0,0.0,0.0,0.0,0.4817284,0.014918595,0.46417344,0.49984312,98.37222,1.9974385,93.65725,100.72955,0,0,1,1
0.19137213,24.434813,0.15163584,24.10093,24.792881,0.0,0.0,0.0,0.0,0.0,0.0,0.0,0.0,1,1,0,0
0.10583624,24.455166,0.16459018,24.045591,24.735739,0.0,0.0,0.0,0.0,0.0,0.0,0.0,0.0,1,1,0,0
0.050502308,23.936659,0.14156803,23.650818,24.19865,0.0,0.0,0.0,0.0,0.0,0.0,0.0,0.0,1,1,0,0
0.0016435686,24.76016,0.15537992,24.530718,24.930632,0.4094158,0.03616982,0.31917024,0.46012777,111.32348,1.9644458,106.51233,113.41339,1,1,1,1
0.06676378,24.787169,0.084324904,24.576399,24.972641,0.0,0.0,0.0,0.0,0.0,0.0,0.0,0.0,1,1,0,0
0.0,0.0,0.0,0.0,0.0,0.5509972,0.04932886,0.45164445,0.6125753,104.738914,1.5201361,102.11208,106.88609,0,0,1,1
0.055672936,25.517845,0.24094139,25.216719,25.93751,0.0,0.0,0.0,0.0,0.0,0.0,0.0,0.0,1,1,0,0
0.0,0.0,0.0,0.0,0.0,0.53687894,0.037398066,0.45838276,0.641096,93.663,2.230597,91.1342,96.66739,0,0,1,1
0.019685019,25.868483,0.17600548,25.616995,26.144247,0.4825976,0.059759457,0.3457563,0.6226902,100.043,2.3228264,97.019424,102.854675,1,1,1,1
0.0,0.0,0.0,0.0,0.0,0.55527854,0.060543615,0.48079395,0.629314,105.66726,2.655046,102.95661,109.42349,0,0,1,1
0.089879185,24.098768,0.15744478,23.729519,24.475357,0.5222644,0.068928,0.34328908,0.59521425,98.532196,2.911768,93.51956,102.85469,1,1,1,1
0.0056479555,25.83747,0.23300304,25.388216,26.241205,0.0,0.0,0.0,0.0,0.0,0.0,0.0,0.0,1,1,0,0
0.0,24.230675,0.14958191,24.077717,24.499905,0.4980947,0.08134456,0.29540327,0.617811,101.58221,1.3997273,98.36606,103.4873,0,1,1,1
0.14657103,24.895763,0.11431532,24.637276,25.016706,0.0,0.0,0.0,0.0,0.0,0.0,0.0,0.0,1,1,0,0
0.0,0.0,0.0,0.0,0.0,0.52349985,0.04340034,0.42833692,0.56734395,105.22774,2.0281873,101.282906,110.01519,0,0,1,1
0.0,0.0,0.0,0.0,0.0,0.45385513,0.016762918,0.43311867,0.49720782,100.41244,2.206908,95.06864,104.168686,0,0,1,1
0.0,24.804842,0.12628956,24.493511,25.04111,0.5083941,0.07731969,0.3403798,0.73257095,98.885735,1.988573,95.26658,102.417366,0,1,1,1
0.0037074597,23.893795,0.09851803,23.75548,24.12554,0.48434043,0.0724797,0.36238733,0.6843627,101.25217,1.6832188,98.24518,103.21929,1,1,1,1
0.032626096,25.252748,0.13308744,24.930605,25.468994,0.0,0.0,0.0,0.0,0.0,0.0,0.0,0.0,1,1,0,0
0.002146051,25.228088,0.18233167,24.842192,25.646976,0.0,0.0,0.0,0.0,0.0,0.0,0.0,0.0,1,1,0,0
0.0,24.97495,0.21893851,24.544754,25.440004,0.566061,0.050412174,0.50417596,0.6382868,99.59909,1.850357,95.4968,102.4836,0,1,1,1
0.19775054,25.997557,0.13160856,25.709982,26.275272,0.548935,0.055461317,0.38898003,0.665832,99.59553,2.906349,92.65879,106.28935,1,1,1,1
0.0,0.0,0.0,0.0,0.0,0.5039302,0.05204114,0.4206603,0.6018696,87.25311,2.6448624,83.45467,92.550735,0,0,1,1
0.02939815,25.182074,0.046991892,25.05819,25.292889,0.46256286,0.044569768,0.36007884,0.5151365,92.598976,1.9938152,90.01541,95.89349,1,1,1,1
0.01821791,25.056818,0.13440688,24.832085,25.29999,0.0,0.0,0.0,0.0,0.0,0.0,0.0,0.0,1,1,0,0
0.0,0.0,0.0,0.0,0.0,0.4503584,0.061641116,0.36101812,0.61142236,96.36184,1.465096,94.11026,99.71345,0,0,1,1
0.07640029,24.582874,0.22190365,24.171299,24.925749,0.5275892,0.04785587,0.46420848,0.5935175,100.683556,1.9672277,98.52854,105.16626,1,1,1,1
0.0,24.34938,0.16346028,24.100094,24.540956,0.49134627,0.049206894,0.40171447,0.611898,96.66254,2.8711362,90.97496,101.02597,0,1,1,1
0.010610147,25.138731,0.1290076,24.906042,25.409,0.0,0.0,0.0,0.0,0.0,0.0,0.0,0.0,1,1,0,0
0.11179198,25.462442,0.12404322,25.260801,25.622927,0.53429383,0.071159735,0.45886168,0.7429542,104.74445,1.8160919,102.69513,108.163,1,1,1,1
0.0,0.0,0.0,0.0,0.0,0.47443524,0.06750167,0.34460875,0.58352643,96.45891,1.8527898,94.57303,99.05897,0,0,1,1
0.0,0.0,0.0,0.0,0.0,0.4777822,0.038571496,0.37412843,0.57433456,99.37026,1.5487431,97.73656,102.82783,0,0,1,1
0.0,0.0,0.0,0.0,0.0,0.5382672,0.03492802,0.46096212,0.6258763,98.60304,1.5899483,94.81504,100.46213,0,0,1,1
0.0,25.632807,0.118597336,25.351498,25.823677,0.5265608,0.03732236,0.48306277,0.59045345,104.78062,2.109797,101.04045,109.97804,0,1,1,1
0.024645016,25.462477,0.06049599,25.379969,25.542215,0.0,0.0,0.0,0.0,0.0,0.0,0.0,0.0,1,1,0,0
0.0,25.499275,0.23156618,25.216402,25.878405,0.5355081,0.060833383,0.3832365,0.66159606,94.673004,1.207885,93.16436,97.488686,0,1,1,1
0.0,24.750696,0.18324043,24.529303,25.15715,0.48667508,0.0664126,0.3426832,0.5556159,99.72287,1.4674331,97.067024,101.9211,0,1,1,1
0.0,24.18116,0.20362186,23.746038,24.66475,0.558028,0.029363023,0.50145644,0.60089785,106.54753,3.311006,99.22731,112.887695,0,1,1,1
0.0027238147,25.244532,0.101951726,25.060421,25.379313,0.0,0.0,0.0,0.0,0.0,0.0,0.0,0.0,1,1,0,0
0.0,0.0,0.0,0.0,0.0,0.41316244,0.041909035,0.3131129,0.47288516,99.7037,2.0857522,95.655136,104.07876,0,0,1,1
0.0,0.0,0.0,0.0,0.0,0.40015268,0.043626446,0.2900368,0.47953242,95.6797,1.8317808,93.39338,100.146,0,0,1,1
0.024887243,25.991558,0.14859262,25.793322,26.212934,0.4681163,0.0072835116,0.44771236,0.4855163,87.223076,2.1318004,82.007286,89.57117,1,1,1,1
0.022948124,24.924486,0.16905187,24.630262,25.1587,0.0,0.0,0.0,0.0,0.0,0.0,0.0,0.0,1,1,0,0
0.062190484,25.860926,0.21443917,25.628485,26.392612,0.46820837,0.03830799,0.39123344,0.53520685,107.473915,1.2436209,105.3098,109.536095,1,1,1,1
0.032308213,24.538326,0.1751014,24.142471,24.79668,0.0,0.0,0.0,0.0,0.0,0.0,0.0,0.0,1,1,0,0
0.004344858,24.471882,0.20188048,24.121685,24.96511,0.0,0.0,0.0,0.0,0.0,0.0,0.0,0.0,1,1,0,0
0.0,25.641127,0.12770295,25.48909,25.909206,0.5272861,0.046110574,0.43106836,0.65449744,92.08892,1.9469062,89.97671,95.883354,0,1,1,1
0.0,24.77362,0.12703547,24.510157,24.958616,0.5982946,0.055510867,0.48292765,0.7610113,92.00735,1.4187245,88.81764,94.04637,0,1,1,1
0.0,0.0,0.0,0.0,0.0,0.45209143,0.033036325,0.35896084,0.5432026,96.863976,1.7841282,92.805435,100.578445,0,0,1,1
0.020935593,25.635883,0.1663213,25.423191,25.907972,0.53102857,0.06440146,0.3657423,0.6610959,100.25061,2.1883676,94.849915,105.55206,1,1,1,1
0.0,25.01415,0.14754753,24.753496,25.271904,0.4603486,0.060879126,0.29598546,0.54568654,99.743286,2.5737166,93.91429,104.22082,0,1,1,1
0.17336404,25.568373,0.19029404,25.36747,25.766493,0.0,0.0,0.0,0.0,0.0,0.0,0.0,0.0,1,1,0,0
0.0,0.0,0.0,0.0,0.0,0.4944915,0.0692881,0.40950033,0.5741225,98.01335,2.4593773,92.88647,102.828766,0,0,1,1
0.009940556,25.296618,0.18047862,24.896967,25.525301,0.5187529,0.045764998,0.38255474,0.5786565,106.419106,1.6741246,102.923035,109.634544,1,1,1,1
0.0,0.0,0.0,0.0,0.0,0.50268716,0.059986133,0.3978059,0.5932791,104.47028,2.7903407,98.18421,107.97669,0,0,1,1
0.020470548,25.499977,0.20559281,25.19793,25.975595,0.0,0.0,0.0,0.0,0.0,0.0,0.0,0.0,1,1,0,0
0.0,23.938784,0.1791799,23.608286,24.260637,0.5066718,0.045596085,0.45674855,0.59888595,96.07879,1.8353062,92.943184,100.617676,0,1,1,1
0.021238126,24.735394,0.18175225,24.442793,25.177032,0.5518653,0.07169013,0.4483368,0.73466104,106.189735,3.136926,102.64484,113.12575,1,1,1,1
0.48096266,23.957012,0.1636079,23.588055,24.241714,0.0,0.0,0.0,0.0,0.0,0.0,0.0,0.0,1,1,0,0
0.019751588,24.785906,0.13352583,24.505398,25.09277,0.48433506,0.02356237,0.42396697,0.53220195,99.733604,2.4274838,95.099915,103.97299,1,1,1,1
0.3114219,25.742128,0.24566698,25.195812,26.120714,0.46497965,0.093721054,0.33399752,0.70362484,87.42745,1.0541409,86.21655,89.085304,1,1,1,1
0.02670187,25.018114,0.1790624,24.630342,25.26647,0.50190634,0.035864104,0.42081943,0.5894525,105.17322,2.5535104,99.079994,108.3649,1,1,1,1
0.0,0.0,0.0,0.0,0.0,0.52327335,0.035805825,0.42208824,0.5711032,106.884544,0.73182964,105.78259,108.41869,0,0,1,1
0.0,0.0,0.0,0.0,0.0,0.48796418,0.057808667,0.35025108,0.6365488,92.62486,0.7809339,91.4301,94.14433,0,0,1,1
0.0,0.0,0.0,0.0,0.0,0.51018447,0.049385343,0.36578745,0.61185545,100.45594,1.8623532,97.03019,103.82508,0,0,1,1
0.023973102,25.889471,0.10279924,25.634415,26.113304,0.0,0.0,0.0,0.0,0.0,0.0,0.0,0.0,1,1,0,0
0.036696147,24.241861,0.2467473,23.902782,24.726135,0.0,0.0,0.0,0.0,0.0,0.0,0.0,0.0,1,1,0,0
0.04285011,25.810364,0.1285143,25.542107,25.998814,0.0,0.0,0.0,0.0,0.0,0.0,0.0,0.0,1,1,0,0
0.0,24.848465,0.059037007,24.772085,24.911772,0.57776916,0.06414892,0.46306777,0.7102639,89.802704,1.6045657,85.86448,91.72174,0,1,1,1
0.018642358,25.191221,0.17556202,24.987942,25.454365,0.0,0.0,0.0,0.0,0.0,0.0,0.0,0.0,1,1,0,0
0.070121326,24.864643,0.22297071,24.451445,25.221825,0.52025896,0.05200205,0.38925624,0.6013805,105.395485,3.0750217,99.42537,108.86575,1,1,1,1
0.0060716537,24.376528,0.16534442,24.107979,24.64038,0.0,0.0,0.0,0.0,0.0,0.0,0.0,0.0,1,1,0,0
0.0,25.367685,0.1415013,25.125242,25.582602,0.52574515,0.04502008,0.42924333,0.6504546,106.65681,2.1058455,101.81577,109.89378,0,1,1,1
0.0,0.0,0.0,0.0,0.0,0.48010692,0.03281898,0.38598958,0.54381925,89.96761,2.5008469,86.72663,94.49415,0,0,1,1
0.0,24.498817,0.07047124,24.398397,24.57149,0.5398498,0.05538761,0.44699433,0.68125737,98.729774,1.3456217,95.49724,101.9357,0,1,1,1
0.0,0.0,0.0,0.0,0.0,0.52783847,0.03543511,0.4548052,0.57157344,95.067085,2.0236125,90.67352,98.91771,0,0,1,1
0.0,24.365473,0.13173036,24.209347,24.643698,0.50702876,0.054907855,0.3672652,0.59302855,93.27541,1.540949,91.53177,95.94288,0,1,1,1
0.0,0.0,0.0,0.0,0.0,0.5550196,0.013481783,0.51799154,0.58980453,112.07821,1.7808412,108.03073,114.26811,0,0,1,1
0.006116372,24.27998,0.014941804,24.157177,24.37467,0.0,0.0,0.0,0.0,0.0,0.0,0.0,0.0,1,1,0,0
0.00090933754,24.448608,0.10625091,24.285587,24.624788,0.0,0.0,0.0,0.0,0.0,0.0,0.0,0.0,1,1,0,0
0.0,0.0,0.0,0.0,0.0,0.39486805,0.052564126,0.3086102,0.53877985,103.54281,2.7441003,100.43727,108.31597,0,0,1,1
0.0,0.0,0.0,0.0,0.0,0.5667326,0.02650731,0.4950193,0.598976,95.36739,1.7824057,91.628235,99.66357,0,0,1,1
0.0,25.647049,0.1611693,25.365753,26.005302,0.5361278,0.013699302,0.50236446,0.55659324,105.17208,1.556123,102.63151,107.104126,0,1,1,1
0.023394901,24.195257,0.009407316,24.131966,24.306183,0.4811216,0.031471223,0.413034,0.5347386,102.253876,2.4469259,98.99262,106.17772,1,1,1,1
0.03804523,25.36022,0.19448406,25.095154,25.557947,0.0,0.0,0.0,0.0,0.0,0.0,0.0,0.0,1,1,0,0
0.0,25.336578,0.18633546,25.036304,25.674896,0.52984816,0.047335155,0.47280687,0.65935683,105.003555,2.1628602,102.48874,107.31414,0,1,1,1
0.109234095,24.150906,0.1275537,23.923689,24.42938,0.0,0.0,0.0,0.0,0.0,0.0,0.0,0.0,1,1,0,0
0.0,25.146706,0.08807388,24.993156,25.352673,0.52552754,0.054626066,0.37130052,0.67840135,107.55919,2.3809807,102.283485,111.13667,0,1,1,1
0.0,0.0,0.0,0.0,0.0,0.46433145,0.05013181,0.40674025,0.59185916,101.939926,1.7408346,99.361115,106.240944,0,0,1,1
0.029369077,25.886509,0.14963593,25.63518,26.203592,0.0,0.0,0.0,0.0,0.0,0.0,0.0,0.0,1,1,0,0
0.0,0.0,0.0,0.0,0.0,0.46288916,0.051820915,0.3648838,0.56930906,101.462326,2.41194,96.01837,104.64282,0,0,1,1
0.0,0.0,0.0,0.0,0.0,0.4764939,0.058137555,0.35522088,0.59195507,98.817406,1.2549158,96.76073,100.3831,0,0,1,1
0.0,23.695103,0.1112884,23.559597,23.860395,0.5391331,0.07098633,0.35731623,0.632229,88.44716,2.5698178,85.42976,92.93725,0,1,1,1
0.016992569,25.18165,0.15465017,24.824633,25.383217,0.0,0.0,0.0,0.0,0.0,0.0,0.0,0.0,1,1,0,0
0.0,0.0,0.0,0.0,0.0,0.47386563,0.03153775,0.37985498,0.50747,94.53337,2.293438,90.83644,97.33577,0,0,1,1
0.0,0.0,0.0,0.0,0.0,0.5198627,0.0476662,0.40362337,0.6107584,97.92069,1.7401227,94.44321,100.35062,0,0,1,1
0.042076916,25.92565,0.2534599,25.395864,26.554934,0.5424949,0.045831442,0.42902553,0.6575086,102.59568,2.030487,99.87161,105.453064,1,1,1,1
0.015078669,26.027563,0.1311087,25.864145,26.240597,0.0,0.0,0.0,0.0,0.0,0.0,0.0,0.0,1,1,0,0
0.46306702,25.292446,0.13823853,24.980047,25.587206,0.0,0.0,0.0,0.0,0.0,0.0,0.0,0.0,1,1,0,0
0.036909375,25.35437,0.18480746,24.919092,25.729414,0.0,0.0,0.0,0.0,0.0,0.0,0.0,0.0,1,1,0,0
0.0,24.791039,0.20336077,24.36681,25.220829,0.43024042,0.09062564,0.18979791,0.5837836,92.1481,2.1454403,88.005165,95.77514,0,1,1,1
0.02796689,24.321604,0.16944231,24.09758,24.725817,0.0,0.0,0.0,0.0,0.0,0.0,0.0,0.0,1,1,0,0
0.1412915,24.930126,0.18040614,24.625017,25.152422,0.0,0.0,0.0,0.0,0.0,0.0,0.0,0.0,1,1,0,0
0.0023688662,25.89263,0.15681073,25.704107,26.061508,0.41266447,0.056584638,0.3258988,0.5780758,99.77814,1.899304,95.56837,104.306526,1,1,1,1
0.0,25.24305,0.13870941,25.030386,25.428352,0.49350074,0.06848967,0.3712554,0.63559765,101.54245,2.9550695,97.718735,108.06858,0,1,1,1
0.0,0.0,0.0,0.0,0.0,0.49209931,0.053681355,0.37879035,0.6102075,101.71418,2.242676,97.69184,104.60927,0,0,1,1
0.06731421,25.202822,0.112396106,25.036345,25.473694,0.4537513,0.033837862,0.38293856,0.52734303,89.9369,2.1971695,85.363014,92.93256,1,1,1,1
0.0,0.0,0.0,0.0,0.0,0.6504885,0.045223523,0.55390507,0.714059,100.330345,1.5308311,97.81653,102.27339,0,0,1,1
0.031779435,24.751684,0.10002868,24.626627,24.864153,0.0,0.0,0.0,0.0,0.0,0.0,0.0,0.0,1,1,0,0
0.018585756,24.780773,0.11039506,24.64406,24.895573,0.0,0.0,0.0,0.0,0.0,0.0,0.0,0.0,1,1,0,0
0.037573647,25.397398,0.11263082,25.281496,25.673843,0.50278705,0.08113509,0.34460402,0.66795564,97.08735,1.3074136,95.11368,99.02626,1,1,1,1
0.0,25.525213,0.20382261,25.116909,26.016748,0.5872343,0.048598696,0.4954855,0.68225586,99.292725,3.055526,95.24099,104.68495,0,1,1,1
0.0034585502,24.851545,0.20490143,24.364029,25.350496,0.48758063,0.059227366,0.3847517,0.582992,102.38421,1.457708,99.22173,104.630196,1,1,1,1
0.043014463,25.089788,0.17827556,24.66278,25.373335,0.4460996,0.04043326,0.40395588,0.5552002,102.88407,2.7154899,99.148415,108.63183,1,1,1,1
0.03398966,24.510183,0.19147848,24.045286,24.935358,0.0,0.0,0.0,0.0,0.0,0.0,0.0,0.0,1,1,0,0
0.022104101,25.758415,0.24526733,25.338379,26.329573,0.0,0.0,0.0,0.0,0.0,0.0,0.0,0.0,1,1,0,0
0.0,0.0,0.0,0.0,0.0,0.49784008,0.041414455,0.43830112,0.5732674,109.627365,2.7701864,103.79226,115.394966,0,0,1,1
0.08464599,24.327187,0.28765136,23.680288,24.746685,0.0,0.0,0.0,0.0,0.0,0.0,0.0,0.0,1,1,0,0
0.0,25.317932,0.092969134,25.17876,25.426023,0.45104986,0.03537252,0.36953247,0.5531238,107.61999,2.3522563,102.4937,112.00611,0,1,1,1
0.0,0.0,0.0,0.0,0.0,0.47047818,0.06791631,0.38732165,0.6524153,96.434525,1.4997749,93.53059,98.30905,0,0,1,1
0.0,25.57355,0.16396223,25.394941,25.93388,0.48486423,0.08055977,0.2865084,0.5718927,94.77062,1.5908684,92.629456,97.4363,0,1,1,1
0.0,0.0,0.0,0.0,0.0,0.41916144,0.065075584,0.27902558,0.5996819,109.89902,1.0753205,108.07273,111.28218,0,0,1,1
0.003717647,24.757597,0.12544648,24.552681,24.91188,0.0,0.0,0.0,0.0,0.0,0.0,0.0,0.0,1,1,0,0
0.056879234,24.531223,0.1719125,24.134266,24.944544,0.0,0.0,0.0,0.0,0.0,0.0,0.0,0.0,1,1,0,0
0.087204926,25.143658,0.16647254,24.795944,25.51962,0.53444886,0.032796603,0.44569144,0.5884745,107.50261,1.9826456,104.81895,109.83749,1,1,1,1
0.01879893,25.301813,0.116005644,25.074375,25.581203,0.5832081,0.067897476,0.38680422,0.73425573,101.38908,1.6550279,99.651695,103.22923,1,1,1,1
0.0,0.0,0.0,0.0,0.0,0.44942957,0.053253405,0.37736866,0.56503206,102.97127,1.1938133,100.465576,104.50126,0,0,1,1
0.030033033,24.594831,0.17210184,24.368036,24.76915,0.43319252,0.05012371,0.2923054,0.5456366,101.227875,1.4282856,98.04795,104.39376,1,1,1,1
0.14949588,25.482296,0.12526004,25.351341,25.753723,0.0,0.0,0.0,0.0,0.0,0.0,0.0,0.0,1,1,0,0
0.012888175,25.312643,0.18303752,25.023561,25.562763,0.0,0.0,0.0,0.0,0.0,0.0,0.0,0.0,1,1,0,0
0.021518618,24.529367,0.18089114,24.273323,24.758305,0.54396677,0.043743204,0.4193656,0.6539798,101.33879,0.46787563,100.375175,102.266464,1,1,1,1
0.005734681,25.414818,0.24046442,25.118263,25.7354,0.0,0.0,0.0,0.0,0.0,0.0,0.0,0.0,1,1,0,0
0.0,24.5888,0.15427339,24.412415,24.8196,0.4271624,0.0704038,0.27573308,0.6159037,101.13152,1.3063661,98.53742,104.13145,0,1,1,1
0.0,25.153158,0.17695057,24.948252,25.466125,0.43210825,0.047561593,0.3107841,0.5428114,101.71875,1.1498692,100.12325,103.730125,0,1,1,1
0.0,0.0,0.0,0.0,0.0,0.5251773,0.06303126,0.43411258,0.6241561,105.2156,1.6892728,101.20427,107.77461,0,0,1,1
0.0,0.0,0.0,0.0,0.0,0.479843,0.07256892,0.29627383,0.68401074,98.67334,2.0820062,95.46449,102.10458,0,0,1,1
0.0066367993,24.505531,0.19295602,24.25482,24.80448,0.0,0.0,0.0,0.0,0.0,0.0,0.0,0.0,1,1,0,0
0.06514053,24.636591,0.17197509,24.441492,24.83872,0.47235608,0.044155058,0.39853093,0.5226427,101.35531,2.2751257,95.893776,105.82774,1,1,1,1
0.0,24.387814,0.24025862,24.065386,24.928108,0.55172694,0.040792573,0.46008432,0.6591325,103.18261,1.9287765,101.04453,106.919464,0,1,1,1
0.22054234,24.382515,0.10331553,24.195562,24.570093,0.47986472,0.07934431,0.3480969,0.5948712,92.30357,0.84347135,90.31942,93.23521,1,1,1,1
0.02590903,25.630514,0.19376422,25.232983,25.868364,0.0,0.0,0.0,0.0,0.0,0.0,0.0,0.0,1,1,0,0
0.0,0.0,0.0,0.0,0.0,0.47625583,0.053295042,0.32998988,0.56302416,101.85894,3.05528,95.695564,107.72754,0,0,1,1
0.0,0.0,0.0,0.0,0.0,0.503985,0.04849539,0.431625,0.6298273,95.985725,2.4023316,92.06385,98.63675,0,0,1,1
0.0,0.0,0.0,0.0,0.0,0.5036129,0.030341396,0.46526146,0.5627523,103.2893,1.7486389,99.865456,106.11402,0,0,1,1
0.0,0.0,0.0,0.0,0.0,0.46294528,0.06927953,0.30841377,0.58735627,99.5455,2.5791392,94.17904,105.81078,0,0,1,1
0.019594532,25.17953,0.1620332,24.83783,25.379778,0.45038936,0.03682894,0.37116817,0.5071864,105.322365,2.1586864,101.00786,109.53372,1,1,1,1
0.029201703,25.063923,0.062237583,24.961285,25.202414,0.5588799,0.0010952747,0.5442564,0.58384895,94.00033,2.2093399,91.65864,96.559326,1,1,1,1
0.0,0.0,0.0,0.0,0.0,0.4601723,0.04200616,0.37378213,0.56817204,90.32911,1.982733,85.712776,94.10875,0,0,1,1
0.0,0.0,0.0,0.0,0.0,0.43570277,0.037211854,0.33504632,0.5395844,102.746895,2.3174036,99.45036,106.19466,0,0,1,1
0.009281279,25.222109,0.10893229,25.04056,25.367634,0.0,0.0,0.0,0.0,0.0,0.0,0.0,0.0,1,1,0,0
0.10970679,26.143633,0.073488675,26.069809,26.269934,0.49857044,0.07693541,0.40659752,0.61403024,99.34677,0.5164778,98.33337,100.36184,1,1,1,1
0.0,0.0,0.0,0.0,0.0,0.6232929,0.05561916,0.47947827,0.7686952,102.70251,1.9397657,99.17073,104.9047,0,0,1,1
0.0,0.0,0.0,0.0,0.0,0.48246726,0.058884222,0.4050678,0.6242778,94.95457,2.102794,91.355736,98.35841,0,0,1,1
0.0,0.0,0.0,0.0,0.0,0.5081836,0.048869837,0.3965392,0.63856465,90.09722,2.6161225,87.0025,95.03205,0,0,1,1
0.0,25.324793,0.14087036,25.037317,25.466393,0.513361,0.018695671,0.4577159,0.56064564,104.53606,2.6544578,99.42914,108.53391,0,1,1,1
0.0053520594,24.979458,0.17402336,24.594051,25.346544,0.0,0.0,0.0,0.0,0.0,0.0,0.0,0.0,1,1,0,0
0.0,0.0,0.0,0.0,0.0,0.50856364,0.060528606,0.33167735,0.61815125,103.87841,2.3400416,100.7132,108.42598,0,0,1,1
0.0,24.959404,0.15442254,24.767935,25.34246,0.48439777,0.06736207,0.3140272,0.63284737,109.53163,1.2509971,108.16717,111.16401,0,1,1,1
0.0,24.8649,0.14835547,24.548782,25.016642,0.47027293,0.041437037,0.37134933,0.5342583,98.44622,0.43142265,97.756065,99.53437,0,1,1,1
0.0,24.789968,0.13095212,24.515303,24.976774,0.5333895,0.07765624,0.3642621,0.7288462,108.643456,2.1602833,103.988106,110.90794,0,1,1,1
0.0,0.0,0.0,0.0,0.0,0.53435254,0.049207147,0.3922448,0.62230057,94.08411,2.0785687,90.4937,97.500725,0,0,1,1
0.0,0.0,0.0,0.0,0.0,0.43759954,0.040149238,0.3629963,0.49683642,95.48789,1.2317916,93.35211,97.41348,0,0,1,1
0.01816682,25.152618,0.20324816,24.948107,25.607876,0.46583816,0.027643956,0.38580492,0.5387723,100.80505,1.7845527,96.801956,104.04852,1,1,1,1
0.010268461,24.89856,0.18629356,24.707409,25.342531,0.4646454,0.046097785,0.3466943,0.568512,99.37755,2.0323985,96.57533,103.121284,1,1,1,1
0.0,25.66423,0.12588443,25.442125,25.83427,0.48924127,0.028008217,0.43692088,0.56575775,101.24763,2.8582156,96.37179,106.02176,0,1,1,1
0.0,0.0,0.0,0.0,0.0,0.5803201,0.06693374,0.51267964,0.6655995,99.31634,2.0365674,97.268,102.62791,0,0,1,1
0.08023166,25.761797,0.13332774,25.565958,26.003687,0.4134704,0.08477954,0.251976,0.563751,94.73789,1.0640988,93.03074,96.51672,1,1,1,1
0.08938853,24.686134,0.1734205,24.43289,25.035349,0.0,0.0,0.0,0.0,0.0,0.0,0.0,0.0,1,1,0,0
0.13488258,24.474146,0.13970947,24.166023,24.76349,0.0,0.0,0.0,0.0,0.0,0.0,0.0,0.0,1,1,0,0
0.0,24.352486,0.1419519,24.198683,24.679798,0.47328386,0.05858664,0.3687557,0.60083306,94.47709,2.4399254,91.4977,99.6312,0,1,1,1
0.0,0.0,0.0,0.0,0.0,0.51901114,0.041051634,0.44887945,0.5955418,105.95227,2.9249048,100.062874,110.736015,0,0,1,1
0.0,0.0,0.0,0.0,0.0,0.5075922,0.05482113,0.35660863,0.6128981,106.475365,1.5993176,103.10822,109.77313,0,0,1,1
0.0,25.361992,0.115401536,25.24273,25.605858,0.49417663,0.0660542,0.30777073,0.60191476,98.51127,2.8507562,92.95718,104.52936,0,1,1,1
0.011830992,26.276846,0.12899362,26.132528,26.480984,0.5418328,0.025605781,0.48285282,0.5911602,101.285484,0.93712693,99.812035,103.219666,1,1,1,1
0.06481831,25.948719,0.1018027,25.809633,26.16523,0.0,0.0,0.0,0.0,0.0,0.0,0.0,0.0,1,1,0,0
0.18623479,25.071096,0.15033805,24.919228,25.283356,0.0,0.0,0.0,0.0,0.0,0.0,0.0,0.0,1,1,0,0
0.020457005,25.18155,0.16262864,24.90996,25.482271,0.4094158,0.0703393,0.22137628,0.57549137,96.9395,1.5565413,94.85658,99.810165,1,1,1,1
0.18721,23.734865,0.1658312,23.36584,24.14413,0.5599603,0.032986157,0.50763744,0.5987166,100.183655,1.8414619,96.93506,103.05585,1,1,1,1
0.0,25.241669,0.25721014,24.919695,25.75885,0.47082466,0.051232144,0.3201824,0.5248218,97.73601,2.1678529,94.363785,101.14347,0,1,1,1
0.009061515,25.576046,0.19650577,25.36869,26.06113,0.45520383,0.06936589,0.33000755,0.5559265,102.96619,2.9782805,95.87849,106.871704,1,1,1,1
0.0,0.0,0.0,0.0,0.0,0.41720295,0.026064135,0.34502193,0.45854953,96.66433,2.0935743,92.46472,100.75919,0,0,1,1
0.0,0.0,0.0,0.0,0.0,0.46662316,0.047879636,0.4013364,0.55977046,103.81851,3.195456,99.12153,110.20781,0,0,1,1
0.0,0.0,0.0,0.0,0.0,0.46792358,0.044261627,0.3924893,0.5756995,98.1837,2.5138812,93.898445,100.80755,0,0,1,1
0.005044108,25.239363,0.15362962,24.963478,25.448126,0.4984624,0.034070335,0.4175869,0.5784105,103.40201,3.199444,96.98766,110.60528,1,1,1,1
0.09240588,24.162916,0.09625437,24.011076,24.275217,0.0,0.0,0.0,0.0,0.0,0.0,0.0,0.0,1,1,0,0
0.0,0.0,0.0,0.0,0.0,0.5030231,0.034030627,0.40466556,0.6016685,92.94508,2.1765866,89.55651,96.614815,0,0,1,1
0.0481243,25.524544,0.114919774,25.253786,25.779922,0.0,0.0,0.0,0.0,0.0,0.0,0.0,0.0,1,1,0,0
0.023131486,24.36625,0.21488334,23.844824,24.697762,0.42755058,0.028978877,0.36828184,0.468103,96.00243,1.594755,93.62163,98.98316,1,1,1,1
0.0,24.715027,0.15156461,24.419815,24.968866,0.45237666,0.07336522,0.36296153,0.54271734,91.4235,1.9268111,88.85087,93.826675,0,1,1,1
0.0,24.37095,0.11325994,24.158651,24.551552,0.54451245,0.051475875,0.43797562,0.63290447,101.29677,1.881028,97.34922,103.36478,0,1,1,1
0.10682807,25.530338,0.18343534,25.169968,25.856363,0.0,0.0,0.0,0.0,0.0,0.0,0.0,0.0,1,1,0,0
0.0068039903,25.740053,0.13442108,25.46605,25.9812,0.46793494,0.07516198,0.34130144,0.55338895,105.51797,1.4180063,104.09695,107.00187,1,1,1,1
0.0,25.450787,0.12601583,25.196016,25.656332,0.48123753,0.08659435,0.2912794,0.71417594,104.280495,0.49541444,103.14737,105.44037,0,1,1,1
0.022782572,25.301254,0.13475879,25.156027,25.517992,0.53117555,0.07291606,0.3787845,0.6777567,96.823364,2.1140912,93.29778,99.029305,1,1,1,1
0.0,0.0,0.0,0.0,0.0,0.47904998,0.055867217,0.4091149,0.6373523,99.46502,1.5941731,96.928474,101.290924,0,0,1,1
0.13004099,25.043932,0.11538146,24.895758,25.227814,0.0,0.0,0.0,0.0,0.0,0.0,0.0,0.0,1,1,0,0
0.042986635,24.929092,0.14642586,24.781538,25.261566,0.4344221,0.09067605,0.18443754,0.53132087,100.63918,0.7917835,99.730995,102.55408,1,1,1,1
0.0,0.0,0.0,0.0,0.0,0.43078396,0.03288525,0.3374263,0.4781922,102.21361,1.3111964,99.48101,103.84,0,0,1,1
0.03265924,25.236437,0.13834284,24.999817,25.52136,0.0,0.0,0.0,0.0,0.0,0.0,0.0,0.0,1,1,0,0
0.011344203,25.114492,0.1605721,24.720987,25.470242,0.0,0.0,0.0,0.0,0.0,0.0,0.0,0.0,1,1,0,0
0.0,0.0,0.0,0.0,0.0,0.5008062,0.05715283,0.3814656,0.56966156,106.294525,1.9007446,104.20512,109.4597,0,0,1,1
0.0,0.0,0.0,0.0,0.0,0.45480078,0.100975625,0.1858429,0.7014033,98.18803,2.5005157,94.242,103.70966,0,0,1,1
0.043644622,23.233883,0.16513044,22.923622,23.510612,0.46458226,0.049603164,0.3314342,0.5529297,107.316124,2.7918534,101.28512,110.938156,1,1,1,1
0.0,24.191927,0.13866645,24.044762,24.46159,0.53172123,0.0672684,0.41669446,0.65269905,102.59942,3.564839,94.491615,111.28481,0,1,1,1
0.0,0.0,0.0,0.0,0.0,0.5916002,0.0265082,0.5347038,0.6378353,92.61577,2.4986532,89.84296,96.53415,0,0,1,1
0.024243902,24.795406,0.096023224,24.642515,24.910334,0.5202191,0.07408078,0.40354645,0.6849632,94.9448,2.2061408,90.58963,99.6663,1,1,1,1
0.019629586,24.51917,0.11936076,24.38957,24.69829,0.0,0.0,0.0,0.0,0.0,0.0,0.0,0.0,1,1,0,0
0.018942274,25.00193,0.026093105,24.939325,25.123865,0.5393266,0.0075201206,0.51478976,0.56356096,94.6079,2.5473144,90.474815,98.17809,1,1,1,1
0.0,24.658356,0.21654284,24.197601,25.099874,0.561615,0.0543857,0.4690591,0.6943754,111.958115,1.7830209,109.837395,115.70081,0,1,1,1
0.0,0.0,0.0,0.0,0.0,0.53599155,0.043924153,0.4193677,0.590605,99.636086,1.9279053,95.8058,102.82237,0,0,1,1
0.0,0.0,0.0,0.0,0.0,0.54530615,0.039911103,0.47283402,0.655288,102.50182,3.0016725,99.42396,107.652954,0,0,1,1
0.0,0.0,0.0,0.0,0.0,0.4746996,0.04716885,0.39080378,0.5606134,100.53326,1.4440148,98.498405,102.75836,0,0,1,1
0.0,24.889238,0.15006529,24.571041,25.115604,0.44829628,0.054035388,0.33905452,0.5722698,99.16656,1.7522352,96.495636,103.35489,0,1,1,1
0.0,23.482582,0.19117843,23.196617,23.919794,0.47440568,0.05903007,0.39976266,0.6256136,98.5638,3.3042858,93.8184,104.256485,0,1,1,1
0.010930253,25.362364,0.04401948,25.277948,25.462818,0.0,0.0,0.0,0.0,0.0,0.0,0.0,0.0,1,1,0,0
0.11006228,24.611782,0.17550847,24.220139,24.89481,0.41386175,0.04374249,0.3435843,0.4956882,96.36201,2.3733253,90.82187,102.26481,1,1,1,1
0.011020395,24.83548,0.16679618,24.609747,25.067366,0.5267249,0.057281286,0.44935963,0.60389864,95.01252,1.5621349,92.538216,98.38625,1,1,1,1
0.0,25.737152,0.16476431,25.350792,26.059462,0.5366453,0.054815497,0.40152165,0.67100513,100.59837,2.479397,95.221146,106.29982,0,1,1,1
0.06584163,25.181183,0.09738863,25.067398,25.383566,0.43446097,0.09203546,0.18178634,0.59425104,101.90351,1.7609327,99.01584,104.57107,1,1,1,1
0.11580811,24.630142,0.15478207,24.277943,24.970854,0.0,0.0,0.0,0.0,0.0,0.0,0.0,0.0,1,1,0,0
0.04912201,25.758114,0.056482345,25.681654,25.861565,0.5297316,0.051551234,0.4005846,0.5991933,95.037186,2.3666797,92.112495,98.256485,1,1,1,1
0.0,0.0,0.0,0.0,0.0,0.4353777,0.03950819,0.33320373,0.50221103,104.877205,1.9165499,101.836075,107.51657,0,0,1,1
0.02298358,24.987005,0.20915128,24.728544,25.438913,0.47292927,0.0693295,0.2694183,0.61225903,103.39569,2.7337327,99.80965,108.514084,1,1,1,1
0.04479489,24.679,0.15277392,24.467985,24.84077,0.4194145,0.047952943,0.33399975,0.56296766,93.10459,1.7447041,89.06666,95.19019,1,1,1,1
0.10578807,23.667763,0.18115011,23.277779,24.073853,0.0,0.0,0.0,0.0,0.0,0.0,0.0,0.0,1,1,0,0
0.0,0.0,0.0,0.0,0.0,0.4622437,0.068886094,0.29372573,0.5329338,98.787415,2.0323956,93.82599,101.03556,0,0,1,1
0.0,0.0,0.0,0.0,0.0,0.57931435,0.030562863,0.54036254,0.6211835,98.5163,2.952275,95.39744,104.26987,0,0,1,1
0.016512865,24.590803,0.17312461,24.227095,24.97921,0.0,0.0,0.0,0.0,0.0,0.0,0.0,0.0,1,1,0,0
0.0,0.0,0.0,0.0,0.0,0.5923706,0.06110615,0.42043057,0.65874094,107.44086,2.8662992,102.62272,112.19123,0,0,1,1
0.10780462,24.121244,0.13281216,23.823112,24.315672,0.50417316,0.028600961,0.4730424,0.57167214,92.88533,1.4736795,89.55916,95.2865,1,1,1,1
0.0,0.0,0.0,0.0,0.0,0.50820035,0.049005765,0.4572136,0.5841331,101.71426,1.6530957,98.52322,104.31296,0,0,1,1
0.0,0.0,0.0,0.0,0.0,0.60303414,0.042322107,0.559248,0.7248915,107.002625,1.4321707,104.01105,109.26891,0,0,1,1
0.0,26.500807,0.16813011,26.11927,26.79891,0.56681347,0.051630825,0.43504706,0.63601774,98.27501,1.8524867,95.82416,102.15243,0,1,1,1
0.007429995,24.400742,0.17612584,24.10725,24.603502,0.5193489,0.032550093,0.4268575,0.5871087,98.75094,2.0365667,96.44095,101.86796,1,1,1,1
0.04800068,24.130339,0.12204855,23.98304,24.318193,0.5199908,0.061480727,0.3818173,0.6556355,91.818146,1.7478373,89.94986,95.6393,1,1,1,1
0.0,24.68125,0.0877794,24.499153,24.790567,0.4843497,0.026269745,0.40645137,0.52561486,92.75585,2.018181,88.20509,96.17387,0,1,1,1
0.21090126,24.935904,0.21852349,24.682367,25.220423,0.5085289,0.026927765,0.47647506,0.58296376,93.9945,2.212788,90.26739,97.964226,1,1,1,1
0.016030092,25.371126,0.16792987,24.955872,25.564978,0.0,0.0,0.0,0.0,0.0,0.0,0.0,0.0,1,1,0,0
0.011528223,24.090836,0.18121946,23.757574,24.273636,0.49563012,0.073213145,0.30895904,0.67731595,101.797966,3.4996893,93.86492,109.91806,1,1,1,1
0.010217616,25.862572,0.15751962,25.602264,26.161278,0.5881224,0.06002353,0.5009477,0.71047306,103.62227,1.7035221,99.68417,106.30039,1,1,1,1
0.0,0.0,0.0,0.0,0.0,0.6295961,0.021869238,0.5776076,0.6907153,102.580025,1.937221,98.07829,106.81153,0,0,1,1
0.09512537,25.321419,0.16044533,24.968073,25.688196,0.5429993,0.04680275,0.43245658,0.6463851,107.734276,2.6309643,101.61031,110.92542,1,1,1,1
0.07154248,24.57754,0.095170416,24.437014,24.714506,0.52413005,0.05053329,0.46364692,0.662589,99.01232,1.9848162,95.61406,101.203224,1,1,1,1
0.0,26.632315,0.16922869,26.26914,26.971819,0.4773724,0.009057925,0.45794865,0.48933882,104.51368,1.9698818,102.503334,107.229416,0,1,1,1
0.021348441,25.554333,0.10127125,25.416733,25.71678,0.5609245,0.041898295,0.5164624,0.6476602,103.60997,2.7665207,98.63581,108.23399,1,1,1,1
0.08234715,24.699219,0.14168946,24.469063,24.90136,0.4545144,0.045312177,0.32504585,0.5199543,99.50609,1.5015149,96.06214,102.675354,1,1,1,1
0.02282323,24.434483,0.1583839,24.210325,24.714355,0.0,0.0,0.0,0.0,0.0,0.0,0.0,0.0,1,1,0,0
0.0,0.0,0.0,0.0,0.0,0.4832553,0.05387851,0.420751,0.572199,101.4434,2.0824358,97.11945,106.62893,0,0,1,1
0.0,25.29742,0.15681125,24.95979,25.518223,0.53858954,0.067911014,0.35456508,0.61102843,108.771,2.7404063,105.938576,113.5647,0,1,1,1
0.0,0.0,0.0,0.0,0.0,0.5042781,0.08116955,0.39476407,0.6282329,100.826096,2.6594887,94.73268,105.96654,0,0,1,1
0.0,25.1721,0.106530815,24.951345,25.343988,0.40822473,0.08680744,0.15207952,0.62492794,104.37006,2.4762554,101.76585,108.8472,0,1,1,1
0.09722112,24.260555,0.08917417,24.041529,24.419958,0.52427477,0.06979715,0.4319412,0.6208463,106.41467,2.519486,103.8363,110.979355,1,1,1,1
0.0,0.0,0.0,0.0,0.0,0.49892086,0.05747985,0.4160933,0.66689664,103.750786,2.48352,99.072334,107.77829,0,0,1,1
0.0,24.323418,0.14633544,24.022444,24.596952,0.5560474,0.032431677,0.48122877,0.6122348,96.87646,1.9921924,93.165565,99.7648,0,1,1,1
0.0,0.0,0.0,0.0,0.0,0.58816016,0.040546633,0.5306543,0.6420772,103.2651,1.4412781,100.16746,105.46383,0,0,1,1
0.0,0.0,0.0,0.0,0.0,0.4718149,0.056979418,0.40697664,0.54826736,100.758865,1.8012446,97.63032,104.00444,0,0,1,1
0.0,0.0,0.0,0.0,0.0,0.48132583,0.05956888,0.35963959,0.6550435,102.356476,3.6597326,98.347565,107.45983,0,0,1,1
0.026383223,25.177408,0.13521175,24.850088,25.373777,0.0,0.0,0.0,0.0,0.0,0.0,0.0,0.0,1,1,0,0
0.014632262,23.838482,0.16446318,23.544136,24.167841,0.47036278,0.070450276,0.35455075,0.63811535,96.31244,1.031772,93.86525,98.05091,1,1,1,1
0.14302625,25.237741,0.18198688,24.896524,25.493042,0.0,0.0,0.0,0.0,0.0,0.0,0.0,0.0,1,1,0,0
0.0,0.0,0.0,0.0,0.0,0.6054352,0.07774181,0.46548945,0.7257778,98.33476,2.254309,95.469124,101.215416,0,0,1,1
0.009904716,25.166895,0.09988813,25.010403,25.372503,0.0,0.0,0.0,0.0,0.0,0.0,0.0,0.0,1,1,0,0
0.0,25.183937,0.19890824,24.687895,25.560957,0.46433166,0.043117292,0.33792102,0.51989233,100.904785,1.3980285,99.49816,103.48043,0,1,1,1
0.0,0.0,0.0,0.0,0.0,0.4740311,0.044252276,0.38133794,0.5678337,102.670204,2.3086176,97.9028,105.059494,0,0,1,1
0.04130261,25.496603,0.15254682,25.325783,25.869284,0.5016573,0.0642603,0.435605,0.6127503,99.21451,1.6167814,95.81744,101.46324,1,1,1,1
0.028694194,24.92731,0.12155918,24.69782,25.164024,0.0,0.0,0.0,0.0,0.0,0.0,0.0,0.0,1,1,0,0
0.0,0.0,0.0,0.0,0.0,0.5338984,0.086876094,0.43891597,0.6501372,102.30534,3.3615975,98.71965,108.42016,0,0,1,1
0.023755949,25.06518,0.118780404,24.854319,25.342457,0.5351219,0.054551497,0.47656512,0.63739306,102.77478,1.9957409,99.30335,105.701904,1,1,1,1
0.0,24.452847,0.1456881,24.219357,24.701332,0.5921161,0.031575635,0.4979395,0.6254513,101.212135,1.1586869,98.96597,104.08035,0,1,1,1
0.0,0.0,0.0,0.0,0.0,0.45027074,0.0371168,0.3927208,0.53072584,98.3676,2.0387218,93.290184,101.03874,0,0,1,1
0.0,0.0,0.0,0.0,0.0,0.46735033,0.063561775,0.29724005,0.6347966,109.04484,2.2222192,106.43497,111.70892,0,0,1,1
0.028062388,25.563622,0.13377689,25.325474,25.734547,0.0,0.0,0.0,0.0,0.0,0.0,0.0,0.0,1,1,0,0
0.0,23.817093,0.1722699,23.488602,24.12103,0.5323955,0.052063093,0.44971117,0.59707624,103.55965,1.5550053,101.48657,107.18751,0,1,1,1
0.044171147,24.360256,0.17409018,23.93344,24.728085,0.0,0.0,0.0,0.0,0.0,0.0,0.0,0.0,1,1,0,0
0.017373078,24.30874,0.16418976,24.022364,24.500116,0.0,0.0,0.0,0.0,0.0,0.0,0.0,0.0,1,1,0,0
0.0,0.0,0.0,0.0,0.0,0.5006859,0.05983349,0.39739597,0.6299004,100.77314,2.1173725,95.983055,104.30549,0,0,1,1
0.04432522,25.263418,0.066568874,25.127691,25.360735,0.0,0.0,0.0,0.0,0.0,0.0,0.0,0.0,1,1,0,0
0.02916346,25.678236,0.11768803,25.541817,25.832218,0.0,0.0,0.0,0.0,0.0,0.0,0.0,0.0,1,1,0,0
0.0,0.0,0.0,0.0,0.0,0.56080705,0.053608082,0.44179317,0.61807734,112.429405,2.1685946,107.12252,116.37358,0,0,1,1
0.06358738,25.6632,0.05842862,25.548254,25.793196,0.0,0.0,0.0,0.0,0.0,0.0,0.0,0.0,1,1,0,0
0.0,24.260723,0.21269503,23.893618,24.654224,0.49263892,0.08746918,0.24176432,0.6405211,92.99032,2.6523638,86.94288,96.094666,0,1,1,1
0.0,24.980637,0.16486521,24.60254,25.209084,0.44034636,0.07697782,0.21953298,0.6377304,94.82625,1.6267568,92.64854,97.955086,0,1,1,1
0.02203705,24.902328,0.24255434,24.374897,25.256964,0.0,0.0,0.0,0.0,0.0,0.0,0.0,0.0,1,1,0,0
0.0,0.0,0.0,0.0,0.0,0.48983288,0.054078054,0.41546285,0.5628208,103.07714,2.3799937,100.20922,108.43687,0,0,1,1
0.0,24.84543,0.13255896,24.519312,25.043995,0.41485155,0.032643672,0.33993736,0.51220673,96.69741,3.2703862,92.16466,101.255165,0,1,1,1
0.040939093,25.236202,0.18994153,24.875334,25.547365,0.0,0.0,0.0,0.0,0.0,0.0,0.0,0.0,1,1,0,0
0.048516963,24.987873,0.15598583,24.78279,25.151075,0.0,0.0,0.0,0.0,0.0,0.0,0.0,0.0,1,1,0,0
0.19380787,25.271843,0.22063491,25.030735,25.814749,0.46126804,0.06800551,0.3591655,0.56458664,93.485435,2.63525,90.37778,100.00352,1,1,1,1
0.011899508,25.477917,0.14542407,25.174305,25.680147,0.0,0.0,0.0,0.0,0.0,0.0,0.0,0.0,1,1,0,0
0.032913912,24.914526,0.24539226,24.448423,25.315453,0.42721725,0.04776802,0.37267616,0.5363865,95.31851,1.1626419,93.31297,97.38837,1,1,1,1
0.044622526,24.349102,0.14660765,24.129234,24.664589,0.4483585,0.04791012,0.37831077,0.58021533,108.17576,2.1398675,105.07187,113.26412,1,1,1,1
0.0,0.0,0.0,0.0,0.0,0.48625982,0.05059312,0.3432266,0.56856,98.00977,1.6595098,95.33373,101.564804,0,0,1,1
0.010386976,25.176401,0.20190038,24.969627,25.626902,0.0,0.0,0.0,0.0,0.0,0.0,0.0,0.0,1,1,0,0
0.0,25.411694,0.16593452,25.223482,25.747944,0.49760324,0.030467384,0.45599386,0.53321457,103.41043,1.8693334,99.21624,106.08111,0,1,1,1
0.004358366,25.027697,0.14105992,24.70041,25.17752,0.43166485,0.056174707,0.36681613,0.57760733,99.5558,2.0365565,95.22122,104.5915,1,1,1,1
0.0,0.0,0.0,0.0,0.0,0.6053908,0.041220192,0.5067401,0.6726675,97.19434,3.50188,90.2101,102.493385,0,0,1,1
0.04251573,25.02117,0.047520168,24.954618,25.11658,0.0,0.0,0.0,0.0,0.0,0.0,0.0,0.0,1,1,0,0
0.036979243,24.783129,0.12676266,24.475142,25.047255,0.54125345,0.056436285,0.44063422,0.6408469,102.04965,3.4244542,97.519196,106.242966,1,1,1,1
0.016615907,25.528389,0.12368846,25.352137,25.813917,0.0,0.0,0.0,0.0,0.0,0.0,0.0,0.0,1,1,0,0
0.0,23.656464,0.07950578,23.499418,23.846756,0.50516915,0.04410848,0.44034642,0.5795673,98.9625,2.152081,94.64585,103.97882,0,1,1,1
0.14690126,25.144506,0.1656582,24.741938,25.427912,0.5137666,0.09290837,0.3768063,0.7107798,99.94581,1.7383331,97.35013,103.1199,1,1,1,1
0.0,24.965183,0.11117693,24.8532,25.182756,0.5357537,0.037169985,0.438987,0.6352797,97.483116,3.1892953,92.822464,102.703735,0,1,1,1
0.059588343,24.988817,0.1337655,24.78619,25.211428,0.4226982,0.064731196,0.2709719,0.5203691,102.20725,2.6133628,98.52647,105.244576,1,1,1,1
0.0,0.0,0.0,0.0,0.0,0.48256648,0.040645156,0.37597358,0.5693429,107.239876,2.3932421,102.20632,111.43865,0,0,1,1
0.0,24.66981,0.18285531,24.33663,24.937843,0.40012017,0.013474693,0.38576066,0.43357763,93.495804,1.8093436,90.41374,97.95187,0,1,1,1
0.035083767,25.419113,0.09901968,25.298029,25.581043,0.0,0.0,0.0,0.0,0.0,0.0,0.0,0.0,1,1,0,0
0.0,25.04856,0.20512483,24.549541,25.46558,0.39111513,0.07324185,0.28727427,0.50925934,101.96108,2.6251333,98.56341,106.207504,0,1,1,1
0.0,24.792116,0.16217755,24.596207,25.087301,0.46285063,0.09468218,0.30963564,0.66719425,102.898994,1.9620486,98.52685,105.41208,0,1,1,1
0.0,24.47785,0.17684087,24.279863,24.746124,0.52145624,0.03599693,0.46502843,0.57495606,101.288895,1.8420116,97.85023,105.16182,0,1,1,1
0.037471116,25.2827,0.1180752,25.038351,25.445396,0.0,0.0,0.0,0.0,0.0,0.0,0.0,0.0,1,1,0,0
0.09592483,24.718218,0.11958179,24.571371,24.990213,0.0,0.0,0.0,0.0,0.0,0.0,0.0,0.0,1,1,0,0
0.0,0.0,0.0,0.0,0.0,0.59709597,0.038646173,0.48467416,0.70588744,104.931816,2.3203928,99.85091,107.67673,0,0,1,1
0.0,25.290958,0.061590675,25.182554,25.437893,0.5138711,0.05938942,0.33840883,0.5917831,99.51829,1.8575827,97.2162,102.306595,0,1,1,1
0.012061273,25.16376,0.13234182,24.919426,25.475588,0.0,0.0,0.0,0.0,0.0,0.0,0.0,0.0,1,1,0,0
0.074982494,24.94458,0.08744153,24.842009,25.052067,0.0,0.0,0.0,0.0,0.0,0.0,0.0,0.0,1,1,0,0
0.21942563,25.80749,0.17347732,25.600302,26.169802,0.0,0.0,0.0,0.0,0.0,0.0,0.0,0.0,1,1,0,0
0.0,0.0,0.0,0.0,0.0,0.50137657,0.058031045,0.38351458,0.5687192,97.77928,1.20246,95.3712,99.377014,0,0,1,1
0.0,0.0,0.0,0.0,0.0,0.5089646,0.041022595,0.45844156,0.57325125,116.63736,1.7889966,112.19873,119.64939,0,0,1,1
0.0,25.320158,0.15185417,25.166553,25.643013,0.556665,0.032547273,0.52274406,0.59813154,91.369026,2.6012404,88.51895,95.14456,0,1,1,1
0.0,24.049805,0.15119773,23.754164,24.288456,0.50412726,0.04845917,0.3789105,0.6021027,106.81611,1.5948968,103.77579,110.34415,0,1,1,1
0.17148364,24.877058,0.21856324,24.520325,25.397316,0.5281285,0.066029325,0.442707,0.6467927,98.74278,2.7919807,92.15436,103.59286,1,1,1,1
0.0,25.908077,0.11406192,25.726234,26.06154,0.5271054,0.03484715,0.44209996,0.59590685,94.794174,1.6127115,91.22884,98.7207,0,1,1,1
0.039524842,24.656528,0.0989145,24.462118,24.878572,0.5642135,0.053148177,0.5061144,0.66630846,96.83472,0.9066483,95.192314,97.80594,1,1,1,1
0.07734358,25.831667,0.16291076,25.510288,26.12651,0.0,0.0,0.0,0.0,0.0,0.0,0.0,0.0,1,1,0,0
0.028065477,24.645575,0.23119608,24.319937,24.984772,0.0,0.0,0.0,0.0,0.0,0.0,0.0,0.0,1,1,0,0
0.0861098,25.564623,0.11334721,25.43495,25.755983,0.5048557,0.064560406,0.34404287,0.600159,93.37309,1.9163146,90.76119,97.234344,1,1,1,1
0.0,25.22368,0.08875382,25.004288,25.362772,0.49503154,0.04464385,0.43707278,0.6143135,95.111786,2.9726555,89.0062,102.03495,0,1,1,1
0.008169623,24.902863,0.23215494,24.627602,25.252165,0.55023056,0.056197956,0.4090508,0.66063803,99.93077,2.1428542,96.51089,104.920296,1,1,1,1
0.11517618,24.352999,0.18709382,24.025564,24.670776,0.0,0.0,0.0,0.0,0.0,0.0,0.0,0.0,1,1,0,0
0.037070673,24.024746,0.20486568,23.609905,24.273556,0.5172558,0.056354664,0.35858977,0.57864374,103.655914,1.3387221,102.02012,106.961136,1,1,1,1
0.0,23.84224,0.17822634,23.636604,24.281736,0.49734873,0.04208097,0.4353857,0.58998364,90.15921,2.5171547,87.46605,94.923645,0,1,1,1
0.0,0.0,0.0,0.0,0.0,0.5177485,0.04749191,0.41071185,0.5661472,97.77147,1.139265,96.23509,99.05804,0,0,1,1
0.0,0.0,0.0,0.0,0.0,0.5829608,0.038934603,0.5208248,0.68366134,99.12081,1.9632773,95.07232,103.21468,0,0,1,1
0.0,22.881754,0.14496715,22.667084,23.134995,0.55238175,0.07142492,0.35226762,0.73763835,95.92704,2.2013276,91.31426,99.76023,0,1,1,1
0.0,0.0,0.0,0.0,0.0,0.4834685,0.060003474,0.41151014,0.6109354,90.4716,2.7148325,86.66431,96.39212,0,0,1,1
0.0047435486,25.24338,0.17160591,24.819296,25.537483,0.0,0.0,0.0,0.0,0.0,0.0,0.0,0.0,1,1,0,0
0.0,23.932745,0.14284472,23.747873,24.154728,0.4842126,0.05928578,0.397183,0.61557436,110.461464,2.035171,106.67614,113.868355,0,1,1,1
0.16011001,25.67242,0.1732023,25.478712,25.943708,0.54114246,0.032529615,0.48683643,0.5941723,98.60426,1.9903079,94.69595,101.569725,1,1,1,1
0.0,0.0,0.0,0.0,0.0,0.56527764,0.037476685,0.47353935,0.6439835,95.5152,2.582224,89.85872,98.498146,0,0,1,1
0.0,24.112593,0.15671892,23.749249,24.457226,0.52485657,0.06220406,0.42252293,0.67364186,104.744484,1.6229967,101.313934,106.476295,0,1,1,1
0.0,24.65364,0.20313185,24.297237,24.899153,0.5681595,0.023946887,0.51078755,0.6376568,100.81185,2.120274,98.47755,105.22685,0,1,1,1
0.0,24.391262,0.24809803,23.843908,24.801132,0.55135864,0.057258595,0.43240234,0.69720566,102.86085,2.070328,98.56606,107.24955,0,1,1,1
0.009285626,25.096481,0.09300166,24.86941,25.193552,0.6380506,0.0525996,0.5495886,0.71593064,105.10048,2.1583912,102.81128,108.13314,1,1,1,1
0.0,25.153063,0.110793896,24.904325,25.419075,0.5223728,0.019390527,0.4767525,0.56471175,102.19129,1.4361122,99.5753,104.21908,0,1,1,1
0.0,25.911348,0.17009239,25.679216,26.203886,0.50234026,0.08003981,0.39158303,0.72019213,95.962456,1.9871094,91.45436,100.40909,0,1,1,1
0.03848722,24.957415,0.14405142,24.750326,25.216852,0.0,0.0,0.0,0.0,0.0,0.0,0.0,0.0,1,1,0,0
0.13330732,24.67409,0.1302454,24.428024,24.902363,0.51726353,0.010490135,0.49140772,0.54256094,103.941765,0.6613541,102.40714,104.80236,1,1,1,1
0.0002108691,23.656637,0.20738664,23.402576,23.981455,0.0,0.0,0.0,0.0,0.0,0.0,0.0,0.0,1,1,0,0
0.0,23.811777,0.13508457,23.66468,24.137644,0.49317753,0.03928066,0.45032814,0.59737617,101.27786,1.6531396,97.28359,104.44762,0,1,1,1
0.005097991,23.357243,0.15426746,23.122332,23.544813,0.47938296,0.048778165,0.35382,0.6047966,92.92452,1.5764872,89.057625,95.98321,1,1,1,1
0.0,25.91674,0.29927966,25.52865,26.254326,0.48672345,0.07197986,0.3126923,0.61097175,99.81597,2.3416395,95.404076,102.89789,0,1,1,1
0.065034844,25.160608,0.16861811,24.989346,25.451458,0.0,0.0,0.0,0.0,0.0,0.0,0.0,0.0,1,1,0,0
0.0,25.941679,0.115783624,25.653582,26.18266,0.49380487,0.050908063,0.42970464,0.63898736,97.27166,2.9235258,93.15174,100.87556,0,1,1,1
0.0033224197,25.541021,0.15984784,25.379398,25.900461,0.54216796,0.021909643,0.49950576,0.5755764,101.77986,2.955203,95.403946,106.80114,1,1,1,1
0.001983462,25.695642,0.011508455,25.637789,25.772629,0.0,0.0,0.0,0.0,0.0,0.0,0.0,0.0,1,1,0,0
0.035394255,26.451483,0.17010453,26.214798,26.833115,0.55921084,0.049223695,0.44506288,0.6404433,98.64693,2.8356102,94.655716,102.446434,1,1,1,1
0.033144023,25.069977,0.22742046,24.685482,25.607307,0.0,0.0,0.0,0.0,0.0,0.0,0.0,0.0,1,1,0,0
0.0,24.984455,0.10364536,24.760157,25.2175,0.5034579,0.04446589,0.39680433,0.61931837,107.89558,2.2294745,105.06964,112.60446,0,1,1,1
0.11572356,25.213457,0.09739252,25.035059,25.42018,0.50854963,0.01858534,0.48762918,0.5574165,97.55103,2.7885535,93.65292,102.60364,1,1,1,1
0.0,0.0,0.0,0.0,0.0,0.52536964,0.070858896,0.40248322,0.65789133,106.045235,1.358554,103.53774,108.74422,0,0,1,1
0.0,25.62808,0.09149243,25.524244,25.720524,0.47831333,0.07195613,0.39422464,0.67525744,99.11679,2.1048892,95.20197,101.25405,0,1,1,1
0.09472474,25.405619,0.2030529,24.964958,25.832438,0.5721102,0.0332467,0.5037996,0.6226121,100.23664,1.2257715,98.85902,101.57875,1,1,1,1
0.06976724,24.383545,0.12284759,24.120872,24.606329,0.4476387,0.052818857,0.35760555,0.5661384,101.07421,1.4983917,98.707146,104.08881,1,1,1,1
0.0,25.54805,0.1895407,25.34968,25.993958,0.55503833,0.057701904,0.4414204,0.64830196,98.94372,1.9389439,95.85288,103.53488,0,1,1,1
0.0,0.0,0.0,0.0,0.0,0.60043544,0.047950834,0.49244854,0.72457516,94.983116,1.9115878,91.27413,98.35826,0,0,1,1
0.013317414,25.323603,0.08604776,25.143042,25.460413,0.0,0.0,0.0,0.0,0.0,0.0,0.0,0.0,1,1,0,0
0.03887522,24.574062,0.124060206,24.33093,24.875698,0.0,0.0,0.0,0.0,0.0,0.0,0.0,0.0,1,1,0,0
0.0,0.0,0.0,0.0,0.0,0.46505028,0.037919343,0.38561612,0.5411398,97.61398,1.3678515,94.85956,100.29074,0,0,1,1
0.027642146,24.544668,0.14975713,24.23669,24.721296,0.0,0.0,0.0,0.0,0.0,0.0,0.0,0.0,1,1,0,0
0.0,0.0,0.0,0.0,0.0,0.5156806,0.036293525,0.44480017,0.60946345,106.272766,2.5026824,101.67826,111.94088,0,0,1,1
0.016954534,25.355677,0.17480141,25.05609,25.550222,0.4576217,0.09216108,0.20692487,0.58823824,100.19348,2.0391202,97.32971,104.22761,1,1,1,1
0.0,25.918158,0.20887268,25.675377,26.238293,0.49961427,0.046019077,0.42416158,0.6349423,99.943756,2.055637,97.86911,104.90095,0,1,1,1
0.0,25.26815,0.20299076,25.051895,25.515875,0.63445204,0.031508505,0.5996715,0.6765245,110.06156,2.2707248,106.40808,112.99466,0,1,1,1
0.007838647,24.87596,0.21860999,24.458027,25.215195,0.0,0.0,0.0,0.0,0.0,0.0,0.0,0.0,1,1,0,0
0.060938824,24.934444,0.20115918,24.497173,25.331753,0.0,0.0,0.0,0.0,0.0,0.0,0.0,0.0,1,1,0,0
0.0,0.0,0.0,0.0,0.0,0.51688534,0.08369474,0.39781564,0.6452362,100.98994,2.0338008,97.60635,103.620834,0,0,1,1
0.07192138,24.826206,0.17763394,24.513456,25.136126,0.0,0.0,0.0,0.0,0.0,0.0,0.0,0.0,1,1,0,0
0.03228588,25.403484,0.17627184,25.107382,25.782309,0.56583905,0.05343534,0.4400504,0.64452255,102.78378,3.256941,96.70461,107.36182,1,1,1,1
0.018501565,25.37896,0.20699479,25.129337,25.616306,0.57127863,0.066573896,0.38075083,0.679119,104.92718,3.429698,98.80458,112.23359,1,1,1,1
0.0,0.0,0.0,0.0,0.0,0.4640229,0.028508613,0.41313714,0.5132605,94.84061,2.26096,90.51862,98.49856,0,0,1,1
0.0,0.0,0.0,0.0,0.0,0.4523232,0.05375143,0.294332,0.5373436,98.606346,2.126675,94.9447,101.65344,0,0,1,1
0.061742973,25.8253,0.17636357,25.446854,26.23054,0.0,0.0,0.0,0.0,0.0,0.0,0.0,0.0,1,1,0,0
0.0,0.0,0.0,0.0,0.0,0.44468674,0.055533104,0.33739236,0.5855902,108.54778,1.5222768,106.42086,110.339806,0,0,1,1
0.0,0.0,0.0,0.0,0.0,0.5734687,0.029169822,0.5421233,0.63706756,96.55144,2.3268578,93.073685,100.35443,0,0,1,1
0.0,25.472029,0.06130253,25.40759,25.560352,0.4336894,0.030713428,0.39187303,0.504103,105.55969,2.2175088,102.91417,107.85087,0,1,1,1
0.0,25.48176,0.17669253,25.161825,25.746859,0.5328847,0.05770468,0.45903957,0.6008851,90.841606,2.1689165,86.64068,95.37724,0,1,1,1
0.04780336,24.882956,0.215465,24.351236,25.226093,0.4699561,0.08669158,0.38107476,0.6613145,89.54703,1.3620396,87.85404,91.98782,1,1,1,1
0.022182304,26.328743,0.13490361,26.010088,26.564651,0.0,0.0,0.0,0.0,0.0,0.0,0.0,0.0,1,1,0,0
0.0,24.421423,0.0985702,24.286936,24.635653,0.4007812,0.02133781,0.35542592,0.46296072,105.31206,2.0046537,102.70994,108.36081,0,1,1,1
0.099666625,25.312395,0.086934835,25.137516,25.514313,0.43198153,0.05516794,0.3597812,0.49063382,100.734985,1.5433283,98.41249,102.403465,1,1,1,1
0.06938493,24.875683,0.053026713,24.766317,24.986217,0.5293031,0.092204735,0.38181126,0.7658983,101.89661,2.1387172,97.385925,106.696106,1,1,1,1
0.36263302,25.46739,0.2009037,25.091032,25.873213,0.0,0.0,0.0,0.0,0.0,0.0,0.0,0.0,1,1,0,0
0.00012183716,24.680407,0.17415705,24.345072,25.054813,0.0,0.0,0.0,0.0,0.0,0.0,0.0,0.0,1,1,0,0
0.0029662393,24.960217,0.10278069,24.747526,25.06901,0.0,0.0,0.0,0.0,0.0,0.0,0.0,0.0,1,1,0,0
0.0,0.0,0.0,0.0,0.0,0.50788933,0.055158533,0.36655304,0.64052284,92.63658,1.5866743,88.80266,95.757126,0,0,1,1
0.06814244,25.229576,0.16253778,25.050894,25.584105,0.5177293,0.07564384,0.4328052,0.72134024,102.427284,1.7106798,99.1009,104.488335,1,1,1,1
0.0,24.755272,0.16914777,24.453762,25.165989,0.5544085,0.013263928,0.52062136,0.5700183,103.03696,1.7501184,100.36431,106.869995,0,1,1,1
0.0,0.0,0.0,0.0,0.0,0.522637,0.0144297285,0.49423963,0.53873384,97.69571,2.4064267,93.5067,103.073235,0,0,1,1
0.012591754,24.495693,0.24623826,24.132542,24.91669,0.5021552,0.074679784,0.3204694,0.6443053,104.052605,1.4258125,101.64155,106.84877,1,1,1,1
0.0,25.107613,0.14718372,24.746355,25.429392,0.47191912,0.036027227,0.4201832,0.51396316,106.48419,1.2780287,103.34102,108.66847,0,1,1,1
0.014748051,24.617832,0.03661381,24.521015,24.731556,0.0,0.0,0.0,0.0,0.0,0.0,0.0,0.0,1,1,0,0
0.02183394,24.527237,0.17954,24.24236,24.873867,0.507227,0.057113774,0.4050076,0.6673475,104.74935,1.1886808,102.46637,106.62543,1,1,1,1
0.0,0.0,0.0,0.0,0.0,0.54077816,0.038384464,0.44401217,0.65198475,105.31332,2.4563367,99.62853,110.578674,0,0,1,1
0.0,24.190664,0.14390042,23.927523,24.424723,0.48185337,0.064907566,0.3209268,0.6123325,101.54832,1.8545021,98.98301,105.1837,0,1,1,1
0.0006668321,24.461096,0.16947678,24.112415,24.820284,0.0,0.0,0.0,0.0,0.0,0.0,0.0,0.0,1,1,0,0
0.0017441043,24.857857,0.1911424,24.498419,25.151854,0.51677525,0.049004346,0.3855475,0.6042848,99.56641,2.4883742,96.81794,102.21123,1,1,1,1
0.018532418,25.507082,0.16591574,25.200825,25.917885,0.0,0.0,0.0,0.0,0.0,0.0,0.0,0.0,1,1,0,0
0.006904612,25.185461,0.10029544,24.984264,25.317627,0.0,0.0,0.0,0.0,0.0,0.0,0.0,0.0,1,1,0,0
0.0,24.78684,0.17185038,24.489384,24.99891,0.49334374,0.07518466,0.39393416,0.61542964,98.044136,0.3997295,97.15262,98.84167,0,1,1,1
0.0,25.099571,0.12467729,24.970295,25.257624,0.40016973,0.04787082,0.3231477,0.5021143,89.09008,2.2037132,83.619064,92.2049,0,1,1,1
0.00047746947,24.395021,0.18263604,23.94252,24.808949,0.48041007,0.050061703,0.38691974,0.54188263,101.245056,1.7747834,97.38169,104.089836,1,1,1,1
0.012780428,25.37744,0.15016815,25.004324,25.587055,0.0,0.0,0.0,0.0,0.0,0.0,0.0,0.0,1,1,0,0
0.005768784,24.613712,0.17252702,24.42021,25.022936,0.0,0.0,0.0,0.0,0.0,0.0,0.0,0.0,1,1,0,0
0.0,0.0,0.0,0.0,0.0,0.525417,0.034956884,0.4736176,0.5648314,97.14456,1.6637894,94.82252,99.76785,0,0,1,1
0.0,0.0,0.0,0.0,0.0,0.5185155,0.05901225,0.40299475,0.67962027,94.363884,2.3884208,91.02983,97.422066,0,0,1,1
0.0,24.714907,0.13518101,24.423506,24.87699,0.5234539,0.04770692,0.45343634,0.62932956,94.410515,2.0315778,90.66734,98.65932,0,1,1,1
0.009080115,24.123817,0.17539895,23.858313,24.403713,0.5159598,0.051517278,0.43373796,0.594716,105.90536,1.7027742,103.56073,107.99372,1,1,1,1
0.032854605,25.835548,0.14776562,25.53389,26.019,0.5893044,0.073938616,0.43412226,0.7988144,99.84658,1.9870158,96.25212,102.2844,1,1,1,1
0.3630419,25.367327,0.15532357,25.050205,25.718542,0.0,0.0,0.0,0.0,0.0,0.0,0.0,0.0,1,1,0,0
0.019881021,25.28724,0.105288066,25.026142,25.548536,0.39084014,0.05645004,0.28177175,0.54505706,97.76498,2.8547328,90.63996,102.03361,1,1,1,1
0.10940187,23.88715,0.10367716,23.697601,23.995636,0.0,0.0,0.0,0.0,0.0,0.0,0.0,0.0,1,1,0,0
0.0024115588,24.241127,0.1424881,23.925062,24.538319,0.49869063,0.045465145,0.4090231,0.5475594,98.15923,1.5913852,95.12033,100.06338,1,1,1,1
0.0,25.184568,0.0542812,25.081762,25.292633,0.44509095,0.05086515,0.3540324,0.57382965,102.75087,1.5905614,100.54108,105.95981,0,1,1,1
0.0,25.045546,0.09007325,24.913895,25.239183,0.5140506,0.056362372,0.38313133,0.665432,102.61528,1.4927943,99.556366,105.697815,0,1,1,1
0.048073404,24.346395,0.18934022,24.08453,24.675606,0.0,0.0,0.0,0.0,0.0,0.0,0.0,0.0,1,1,0,0
0.03205079,24.935747,0.07770955,24.807903,25.039602,0.49133146,0.06811734,0.30763263,0.6180852,93.582886,1.1937271,91.76399,95.47122,1,1,1,1
0.34445548,25.048777,0.27602094,24.490011,25.362577,0.0,0.0,0.0,0.0,0.0,0.0,0.0,0.0,1,1,0,0
0.0,0.0,0.0,0.0,0.0,0.54598546,0.07843727,0.46317708,0.62938565,95.849754,2.465611,89.7673,98.75373,0,0,1,1
0.06289316,24.207916,0.20617597,23.99079,24.648584,0.0,0.0,0.0,0.0,0.0,0.0,0.0,0.0,1,1,0,0
0.0,25.58249,0.12907036,25.328465,25.860126,0.5540754,0.048637297,0.45468634,0.67831033,109.15627,2.0519981,104.66143,111.88627,0,1,1,1
0.0,25.79788,0.20924126,25.305176,26.177874,0.40829226,0.069298334,0.3375951,0.49398702,106.00924,1.7638544,102.16653,109.993004,0,1,1,1
0.053483695,24.277979,0.113928154,24.046017,24.535324,0.44558966,0.072630376,0.36679974,0.660818,100.90913,1.5154927,98.49882,103.01159,1,1,1,1
0.029169878,23.992897,0.1339789,23.721262,24.28769,0.0,0.0,0.0,0.0,0.0,0.0,0.0,0.0,1,1,0,0
0.09474918,25.093334,0.22147748,24.567625,25.573671,0.0,0.0,0.0,0.0,0.0,0.0,0.0,0.0,1,1,0,0
0.0053008012,25.216366,0.16807912,24.857338,25.549501,0.53712976,0.05583591,0.42714077,0.6008909,97.59664,1.8592081,94.743515,102.199844,1,1,1,1
0.0,26.921396,0.027058952,26.821287,27.037334,0.4909755,0.06085879,0.39762217,0.65498334,100.14621,2.3895967,95.81614,102.570175,0,1,1,1
0.0,24.649931,0.29095715,24.012253,25.140356,0.47460988,0.053791475,0.3381599,0.54008716,96.416695,1.4853996,94.004776,99.24177,0,1,1,1
0.007879036,24.77377,0.07921968,24.578518,24.937134,0.4712048,0.05152268,0.35098493,0.5923667,100.94788,1.5356861,98.452446,103.28962,1,1,1,1
0.006126916,24.595291,0.19254047,24.314697,25.020613,0.0,0.0,0.0,0.0,0.0,0.0,0.0,0.0,1,1,0,0
0.3998492,25.020874,0.1634837,24.734324,25.191996,0.0,0.0,0.0,0.0,0.0,0.0,0.0,0.0,1,1,0,0
0.07554446,23.861628,0.12022558,23.67429,24.146803,0.0,0.0,0.0,0.0,0.0,0.0,0.0,0.0,1,1,0,0
0.16823874,24.90246,0.11712368,24.711195,25.067375,0.45965177,0.0857962,0.26891944,0.68067557,100.950356,2.9856157,97.76787,107.702446,1,1,1,1
0.0,0.0,0.0,0.0,0.0,0.53795594,0.0026541438,0.5211454,0.5582078,94.28067,2.3834832,88.60047,97.766014,0,0,1,1
0.03755552,24.801155,0.07977787,24.664175,24.946991,0.4242441,0.08818281,0.2522561,0.5927686,101.425255,1.9525068,98.886925,103.906944,1,1,1,1
0.20440798,25.09877,0.12917586,24.862066,25.278913,0.0,0.0,0.0,0.0,0.0,0.0,0.0,0.0,1,1,0,0
0.0,0.0,0.0,0.0,0.0,0.53427786,0.07775524,0.39119375,0.72756225,96.436935,1.5062283,94.8305,99.43756,0,0,1,1
0.011246486,24.968065,0.10727532,24.788004,25.222368,0.0,0.0,0.0,0.0,0.0,0.0,0.0,0.0,1,1,0,0
0.050285675,25.017534,0.24053025,24.667608,25.300863,0.5236322,0.05273206,0.43733278,0.6367272,102.03558,2.9315016,97.14256,108.83,1,1,1,1
0.0,25.120249,0.18788384,24.847235,25.586393,0.5169719,0.033509105,0.47976846,0.5575161,104.157295,2.4913554,98.26274,107.36253,0,1,1,1
0.18251091,24.901537,0.15156086,24.703217,25.174166,0.4405031,0.019093255,0.38537362,0.47887936,96.31647,1.650089,92.70533,99.47158,1,1,1,1
0.0,0.0,0.0,0.0,0.0,0.5040518,0.06696151,0.40934128,0.6949161,99.73909,1.5633827,97.253746,102.08977,0,0,1,1
0.0041093044,24.851969,0.12925312,24.710472,25.0745,0.0,0.0,0.0,0.0,0.0,0.0,0.0,0.0,1,1,0,0
0.051203657,24.978373,0.15507396,24.77793,25.351017,0.0,0.0,0.0,0.0,0.0,0.0,0.0,0.0,1,1,0,0
0.0,0.0,0.0,0.0,0.0,0.5188752,0.06457088,0.35569537,0.6247337,90.337395,1.3068495,88.10134,92.922966,0,0,1,1
0.045502543,25.517462,0.13523088,25.38118,25.741838,0.46933234,0.06602213,0.33459845,0.55347943,86.77414,1.7638654,83.4388,89.312874,1,1,1,1
0.016075945,25.513084,0.19612992,25.036457,25.757627,0.0,0.0,0.0,0.0,0.0,0.0,0.0,0.0,1,1,0,0
0.0,0.0,0.0,0.0,0.0,0.5140736,0.077866495,0.29212955,0.66486764,96.85618,1.5273143,93.47768,99.74561,0,0,1,1
0.0,24.474228,0.10980258,24.243317,24.597334,0.49545676,0.04298173,0.3860895,0.55657834,97.59989,0.60776925,96.57526,98.53618,0,1,1,1
0.0,25.165192,0.19650096,24.862602,25.41935,0.5310135,0.037698574,0.47479054,0.63063335,108.509476,2.561708,105.829865,113.22699,0,1,1,1
0.017022805,24.566591,0.07582483,24.417185,24.696156,0.5639664,0.07756878,0.44054788,0.6615972,106.41126,1.2229571,104.229706,107.75588,1,1,1,1
0.1704295,25.915407,0.17398322,25.582167,26.108362,0.0,0.0,0.0,0.0,0.0,0.0,0.0,0.0,1,1,0,0
0.0,0.0,0.0,0.0,0.0,0.6202596,0.08885861,0.49020976,0.86494195,100.680374,2.291568,96.29892,103.67819,0,0,1,1
0.078122586,23.981106,0.20092368,23.540169,24.264954,0.4509367,0.08918274,0.204006,0.60417926,93.488396,2.4742308,88.318855,96.687065,1,1,1,1
0.0010952373,25.502579,0.178384,25.126316,25.802263,0.5038262,0.06859142,0.4071995,0.64812726,97.74773,1.4370549,96.30087,99.455536,1,1,1,1
0.0,0.0,0.0,0.0,0.0,0.5553648,0.040405713,0.4823704,0.6047533,107.75611,1.3820537,104.30202,109.54134,0,0,1,1
0.0,0.0,0.0,0.0,0.0,0.47829705,0.04359513,0.39059293,0.5716497,100.532364,2.430309,97.975,103.53835,0,0,1,1
0.07454598,24.571653,0.1287579,24.261192,24.7994,0.5879479,0.091805086,0.42994985,0.800449,104.77476,1.8487463,100.958725,107.23878,1,1,1,1
0.03779289,24.73096,0.20259464,24.453232,25.014198,0.50161046,0.015617043,0.48232636,0.52801,99.288376,2.6801198,93.012184,103.9493,1,1,1,1
0.016253183,24.910612,0.20420235,24.555138,25.372763,0.0,0.0,0.0,0.0,0.0,0.0,0.0,0.0,1,1,0,0
0.0,25.092028,0.22012645,24.605928,25.389965,0.53243124,0.0411582,0.45190814,0.63770545,95.697716,1.9499699,91.485405,98.88635,0,1,1,1
0.017747551,25.348034,0.117561355,25.107018,25.479511,0.5445197,0.03349902,0.46428192,0.5888303,106.18864,2.7442071,103.22744,112.40514,1,1,1,1
0.022757798,24.682331,0.2062028,24.303541,24.988373,0.0,0.0,0.0,0.0,0.0,0.0,0.0,0.0,1,1,0,0
0.08033671,24.388557,0.057108056,24.305481,24.472559,0.49918666,0.07564832,0.4035026,0.63117254,99.65926,2.7048695,94.783646,105.56979,1,1,1,1
0.0,24.51148,0.13876668,24.165184,24.757849,0.484862,0.054691598,0.37819415,0.5841844,108.48807,3.0405731,101.518326,113.82007,0,1,1,1
0.0129374415,25.49158,0.1382799,25.180624,25.818007,0.489417,0.05023665,0.36314088,0.5505617,93.5573,1.8934991,89.339874,97.450165,1,1,1,1
0.015971512,24.014132,0.1741457,23.771946,24.2215,0.0,0.0,0.0,0.0,0.0,0.0,0.0,0.0,1,1,0,0
0.07930013,25.12415,0.26352954,24.850216,25.58341,0.4867378,0.051154755,0.37371564,0.5547558,102.456154,0.96592903,100.44145,103.977196,1,1,1,1
0.014423427,26.641792,0.24894084,26.099817,26.9774,0.56660753,0.037296295,0.4559335,0.6271844,102.444145,1.5518022,99.055016,105.0399,1,1,1,1
0.0,0.0,0.0,0.0,0.0,0.4340551,0.097448364,0.19759183,0.623697,103.12567,2.9043589,97.97853,110.12739,0,0,1,1
0.035612978,25.218922,0.19121562,24.764236,25.501783,0.5078147,0.0489002,0.37211692,0.60045236,103.21109,1.1751387,101.945564,104.56378,1,1,1,1
0.0100492295,24.103683,0.15584031,23.877401,24.426704,0.0,0.0,0.0,0.0,0.0,0.0,0.0,0.0,1,1,0,0
0.0,25.51762,0.10841083,25.356808,25.694843,0.5710654,0.029377183,0.5144184,0.6295979,101.94962,1.9273349,98.45718,103.88462,0,1,1,1
0.016298177,25.954235,0.15634584,25.638313,26.33982,0.0,0.0,0.0,0.0,0.0,0.0,0.0,0.0,1,1,0,0
0.033413615,25.4891,0.21522327,24.962202,25.866137,0.44468823,0.047418766,0.31731245,0.5811683,100.67503,0.11473682,99.75853,101.75723,1,1,1,1
0.0,24.870453,0.15163863,24.621359,25.203213,0.49962345,0.047011133,0.4098648,0.6268589,97.61771,0.42205355,96.68281,98.63207,0,1,1,1
0.0,24.591469,0.1784639,24.175465,25.020765,0.4893148,0.036893602,0.41769013,0.5385458,90.35413,1.5789495,88.50539,94.16179,0,1,1,1
0.0,0.0,0.0,0.0,0.0,0.5120525,0.04514208,0.42353705,0.60939485,100.506516,2.4803383,96.58485,105.03226,0,0,1,1
0.11337653,25.24177,0.17758834,24.823465,25.43358,0.0,0.0,0.0,0.0,0.0,0.0,0.0,0.0,1,1,0,0
0.0,0.0,0.0,0.0,0.0,0.56521297,0.044265736,0.44926748,0.6171491,88.73472,3.2784836,80.71124,95.3694,0,0,1,1
0.0,0.0,0.0,0.0,0.0,0.4364328,0.03574112,0.33554748,0.4892445,98.321045,1.4788423,96.38906,101.65376,0,0,1,1
0.0,24.70951,0.18420582,24.31156,25.039299,0.49751446,0.062864676,0.309522,0.64323705,112.489105,2.1281848,108.75542,114.64835,0,1,1,1
0.017298061,25.018929,0.12213259,24.75327,25.27986,0.0,0.0,0.0,0.0,0.0,0.0,0.0,0.0,1,1,0,0
0.0,0.0,0.0,0.0,0.0,0.5114317,0.029433569,0.45055288,0.59231967,97.33104,0.14955382,96.8242,98.3849,0,0,1,1
0.018726356,24.486364,0.16991735,24.074306,24.854284,0.57835084,0.03491353,0.49170873,0.65287894,102.701996,2.515329,98.55479,105.339966,1,1,1,1
0.0,0.0,0.0,0.0,0.0,0.48705924,0.045586232,0.37827668,0.56949246,90.944824,1.1499845,88.47655,92.942085,0,0,1,1
0.0,24.79943,0.14358345,24.619265,25.128878,0.57761973,0.021275386,0.537267,0.6301032,106.495155,2.294994,101.48267,108.92466,0,1,1,1
0.0,25.107756,0.087672286,24.928213,25.28529,0.52598196,0.05971445,0.429051,0.6266528,98.76588,0.98536885,97.7631,101.09105,0,1,1,1
0.018907253,25.020958,0.16757947,24.757719,25.293169,0.0,0.0,0.0,0.0,0.0,0.0,0.0,0.0,1,1,0,0
0.0,0.0,0.0,0.0,0.0,0.5546344,0.072084524,0.4332189,0.745113,102.485695,2.0251245,97.58099,105.86579,0,0,1,1
0.0,0.0,0.0,0.0,0.0,0.4728233,0.026150336,0.40574333,0.54396266,89.85671,2.7604063,85.981674,93.60754,0,0,1,1
0.0917228,26.027254,0.11656815,25.8718,26.20655,0.52080023,0.057750143,0.4277782,0.6175737,95.931854,2.3645422,90.954185,100.90583,1,1,1,1
0.42169282,25.565804,0.18826914,25.337965,25.791529,0.0,0.0,0.0,0.0,0.0,0.0,0.0,0.0,1,1,0,0
0.16132037,24.318748,0.19312902,23.930758,24.609884,0.0,0.0,0.0,0.0,0.0,0.0,0.0,0.0,1,1,0,0
0.01590657,25.02842,0.17764376,24.641592,25.26186,0.46304947,0.0503605,0.3805922,0.5367108,101.32542,2.1547837,98.657616,104.90861,1,1,1,1
0.020965187,24.325611,0.14065109,23.976519,24.65191,0.0,0.0,0.0,0.0,0.0,0.0,0.0,0.0,1,1,0,0
0.0,0.0,0.0,0.0,0.0,0.5785481,0.014270852,0.55919844,0.6002023,91.90806,2.1205485,89.19842,94.74941,0,0,1,1
0.06145643,24.257114,0.16945748,23.975159,24.598042,0.0,0.0,0.0,0.0,0.0,0.0,0.0,0.0,1,1,0,0
0.0,0.0,0.0,0.0,0.0,0.46239296,0.08110985,0.24221183,0.6579366,98.114006,1.9498694,94.212006,100.83792,0,0,1,1
0.020101037,25.40048,0.13217531,25.09373,25.727322,0.0,0.0,0.0,0.0,0.0,0.0,0.0,0.0,1,1,0,0
0.21061976,24.304989,0.119663805,24.171011,24.563046,0.0,0.0,0.0,0.0,0.0,0.0,0.0,0.0,1,1,0,0
0.030861383,25.140175,0.18720442,24.731401,25.412588,0.0,0.0,0.0,0.0,0.0,0.0,0.0,0.0,1,1,0,0
0.0075288895,24.94071,0.1596855,24.67627,25.172014,0.52859235,0.056293268,0.36105588,0.61866647,103.784515,2.7104533,100.05197,109.063835,1,1,1,1
0.063800246,24.776047,0.12334365,24.501553,24.910866,0.47193545,0.053810462,0.37995815,0.59912187,108.095085,2.242055,104.06056,113.61725,1,1,1,1
0.0,0.0,0.0,0.0,0.0,0.41450575,0.06952527,0.27325007,0.59351516,95.73814,2.8993487,89.296776,98.6463,0,0,1,1
0.0,0.0,0.0,0.0,0.0,0.5103674,0.05693856,0.3429521,0.5713529,101.65561,1.7024063,98.998184,104.27679,0,0,1,1
0.011744147,25.047794,0.044054165,24.94464,25.15121,0.44345614,0.02793185,0.35994375,0.47447932,94.791916,1.5216085,93.2702,97.55779,1,1,1,1
0.0,0.0,0.0,0.0,0.0,0.5139646,0.03142787,0.45734286,0.59501404,105.23457,2.0394077,100.692604,109.749435,0,0,1,1
0.0,0.0,0.0,0.0,0.0,0.47625673,0.06460184,0.3068142,0.57209295,103.55069,1.8502371,101.47583,107.16465,0,0,1,1
0.0,0.0,0.0,0.0,0.0,0.5170902,0.051023938,0.40347493,0.5856622,95.43975,2.480006,90.769646,98.90832,0,0,1,1
0.0,0.0,0.0,0.0,0.0,0.5016389,0.06051167,0.4102394,0.5961603,95.47529,3.113326,89.94564,99.48536,0,0,1,1
0.0012411652,25.303291,0.21463348,24.93304,25.74104,0.0,0.0,0.0,0.0,0.0,0.0,0.0,0.0,1,1,0,0
0.0,0.0,0.0,0.0,0.0,0.44021785,0.031903706,0.37882861,0.51137584,96.62173,2.5017185,92.69589,100.11586,0,0,1,1
0.30971253,24.705536,0.17168592,24.53286,25.0748,0.5342723,0.05309478,0.4326909,0.632408,93.88614,2.3341525,89.01005,98.17812,1,1,1,1
0.0,0.0,0.0,0.0,0.0,0.48379797,0.05421972,0.4093605,0.58118355,113.0357,1.3554374,110.69346,114.87004,0,0,1,1
0.019497812,25.01955,0.19865403,24.543152,25.253975,0.5313355,0.050612766,0.41293067,0.585105,102.032906,1.429827,100.431,104.24788,1,1,1,1
0.0,25.842716,0.15808727,25.621191,26.100779,0.47671783,0.06744064,0.35248423,0.59768754,95.187454,2.9592187,90.84778,99.6676,0,1,1,1
0.0017620645,24.05926,0.09800297,23.929247,24.191818,0.0,0.0,0.0,0.0,0.0,0.0,0.0,0.0,1,1,0,0
0.0,24.620968,0.18365079,24.201067,24.976723,0.5409065,0.04862401,0.42522675,0.65778154,110.765015,1.1909988,108.367485,112.23593,0,1,1,1
0.045223508,25.001041,0.15536983,24.768862,25.238157,0.0,0.0,0.0,0.0,0.0,0.0,0.0,0.0,1,1,0,0
0.0,24.270834,0.16132785,23.92421,24.625244,0.49975884,0.04112322,0.42023855,0.59949094,92.1496,1.5607387,89.994095,95.34229,0,1,1,1
0.16625741,24.225506,0.15880463,23.949053,24.396786,0.52446026,0.073793754,0.3427257,0.71630394,95.67438,2.3655984,90.3298,100.08486,1,1,1,1
0.0,24.915695,0.19251837,24.447672,25.23613,0.47756258,0.061659303,0.33152935,0.6610062,106.65118,2.6943717,102.74337,112.76252,0,1,1,1
0.018295022,25.198914,0.018063588,25.113852,25.303335,0.0,0.0,0.0,0.0,0.0,0.0,0.0,0.0,1,1,0,0
0.0009574996,25.63358,0.17315203,25.271763,25.846966,0.46163964,0.016481362,0.43142867,0.5031582,107.019066,2.1272035,102.97084,110.08813,1,1,1,1
0.05214643,25.39221,0.16279066,25.068554,25.74449,0.0,0.0,0.0,0.0,0.0,0.0,0.0,0.0,1,1,0,0
0.0,23.983389,0.18546824,23.62613,24.265707,0.59855044,0.06877031,0.43947756,0.7215924,102.013336,2.4771774,99.535095,106.20531,0,1,1,1
0.0,0.0,0.0,0.0,0.0,0.43978888,0.053708136,0.27931535,0.5654021,87.8413,2.583113,82.0481,92.908066,0,0,1,1
0.0013258442,25.337494,0.14293866,25.154259,25.495653,0.48852104,0.071915716,0.34017405,0.6145989,95.11237,1.8105683,91.04425,97.43744,1,1,1,1
0.0,25.262627,0.12727544,24.994402,25.406496,0.47219378,0.056380823,0.37498116,0.57355946,101.641495,1.3924421,100.17666,103.5862,0,1,1,1
0.0,0.0,0.0,0.0,0.0,0.5413622,0.07265966,0.3821498,0.6308879,103.867676,2.3597806,98.8773,107.3761,0,0,1,1
0.0,23.996819,0.12614956,23.709501,24.249094,0.5232805,0.061465945,0.35099822,0.6865925,101.71353,1.7049125,98.09991,103.93078,0,1,1,1
0.12622067,25.981167,0.109008074,25.8509,26.206217,0.43994334,0.033315204,0.38578555,0.49806315,111.16113,3.2167983,106.033806,116.42908,1,1,1,1
0.0,0.0,0.0,0.0,0.0,0.53927606,0.07183138,0.42197487,0.6951972,103.829094,1.5560019,100.36314,106.2135,0,0,1,1
0.005549121,24.704727,0.14923747,24.470207,25.062826,0.49874407,0.072363496,0.31451514,0.6897342,98.47623,2.3237448,92.705864,103.29545,1,1,1,1
0.034613263,24.873915,0.28854567,24.447643,25.305035,0.5446845,0.023286456,0.51848716,0.58238876,102.09304,1.7417238,100.24246,103.87821,1,1,1,1
0.0,25.530987,0.061890177,25.378763,25.614122,0.45601293,0.054037172,0.33524016,0.5724222,97.21396,0.775669,96.25542,98.13999,0,1,1,1
0.0,0.0,0.0,0.0,0.0,0.53835386,0.0076287603,0.52367634,0.5574953,93.919044,2.0472414,89.26522,97.2526,0,0,1,1
0.025908379,25.606876,0.14901258,25.273813,25.907421,0.58914334,0.029468358,0.51711124,0.6607106,96.449326,2.0817173,93.020546,100.83891,1,1,1,1
0.09681181,24.968168,0.20611006,24.557558,25.475449,0.0,0.0,0.0,0.0,0.0,0.0,0.0,0.0,1,1,0,0
0.00408315,25.292353,0.12595065,25.084587,25.596165,0.50387734,0.094366565,0.30447674,0.7850884,99.69401,0.83697855,97.84837,101.14235,1,1,1,1
0.014369411,25.557327,0.2592775,25.130264,25.848833,0.4800684,0.066541515,0.3234845,0.5808874,105.6059,1.9657906,102.206375,109.73365,1,1,1,1
0.12950745,24.87859,0.18013315,24.589098,25.060587,0.5121894,0.04131826,0.396336,0.56628346,90.51902,2.7981405,85.35523,94.41586,1,1,1,1
0.007045073,25.713833,0.15129673,25.358034,25.972176,0.53977156,0.03646886,0.48820287,0.62198186,98.32937,0.9373621,96.9578,100.5277,1,1,1,1
0.0,25.306154,0.15732656,24.960417,25.570854,0.5116359,0.062765494,0.3929513,0.66566557,91.66861,1.4169413,88.745735,94.576294,0,1,1,1
0.06728176,24.070467,0.089291066,23.943499,24.172869,0.4790389,0.07422029,0.37904793,0.5895584,93.98563,1.785698,89.52705,97.14108,1,1,1,1
0.039449424,25.518555,0.24821323,25.205849,25.94643,0.0,0.0,0.0,0.0,0.0,0.0,0.0,0.0,1,1,0,0
0.0,25.452808,0.17021038,25.107155,25.681143,0.5219176,0.07629917,0.34075856,0.68045855,95.52453,2.1733668,90.10997,98.48399,0,1,1,1
0.0,25.573284,0.14929385,25.260172,25.936567,0.50255954,0.063762575,0.37377295,0.5940129,114.11299,2.148627,111.2291,116.3296,0,1,1,1
0.0,0.0,0.0,0.0,0.0,0.52145725,0.069878474,0.40555552,0.61795294,91.3896,2.3229542,86.50137,94.495926,0,0,1,1
0.0,25.380976,0.11719156,25.150959,25.535017,0.5358041,0.037573062,0.48342657,0.5914155,98.84291,2.0248954,95.25766,103.335884,0,1,1,1
0.034156863,25.351871,0.12943292,25.10887,25.611353,0.4753133,0.079175726,0.27616853,0.62654614,97.07267,1.3004868,94.86564,98.52712,1,1,1,1
0.00048403506,25.419985,0.1404077,25.102154,25.759937,0.0,0.0,0.0,0.0,0.0,0.0,0.0,0.0,1,1,0,0
0.0,0.0,0.0,0.0,0.0,0.57756704,0.07212021,0.4340275,0.7782298,95.15005,1.3831689,92.03663,97.72399,0,0,1,1
0.36200693,24.80191,0.13265336,24.58528,25.050283,0.4835088,0.038903184,0.37943494,0.5530435,102.24893,1.3728663,99.82435,103.74137,1,1,1,1
0.0,0.0,0.0,0.0,0.0,0.42902344,0.08863334,0.25456026,0.67747563,106.39581,3.109038,98.95963,111.77835,0,0,1,1
0.0,0.0,0.0,0.0,0.0,0.4712554,0.08778513,0.3570081,0.5857812,94.78121,1.1905593,92.695244,97.40018,0,0,1,1
0.007453576,24.488176,0.19487175,24.039434,24.814949,0.0,0.0,0.0,0.0,0.0,0.0,0.0,0.0,1,1,0,0
0.009073718,25.173567,0.21008547,24.78616,25.628508,0.38955718,0.0320292,0.32930788,0.45916626,99.72838,1.5752248,97.60675,103.3342,1,1,1,1
0.0,0.0,0.0,0.0,0.0,0.4386116,0.047621846,0.3115209,0.49854487,103.9718,0.8764948,101.803505,105.09416,0,0,1,1
0.0036507263,24.811607,0.11446724,24.622961,25.025051,0.47761723,0.09131492,0.3740481,0.69516337,107.27261,1.0468942,105.36923,108.89931,1,1,1,1
0.02814675,25.672083,0.19451077,25.366022,26.141018,0.0,0.0,0.0,0.0,0.0,0.0,0.0,0.0,1,1,0,0
0.014968665,23.955284,0.086153194,23.821043,24.14487,0.0,0.0,0.0,0.0,0.0,0.0,0.0,0.0,1,1,0,0
0.03037107,24.926516,0.09116221,24.780352,25.096643,0.0,0.0,0.0,0.0,0.0,0.0,0.0,0.0,1,1,0,0
0.1662266,24.848854,0.268162,24.344406,25.348171,0.0,0.0,0.0,0.0,0.0,0.0,0.0,0.0,1,1,0,0
0.0,24.766506,0.27333212,24.455252,25.40691,0.56154966,0.06304643,0.4842801,0.712788,100.12696,1.44538,97.77127,101.946495,0,1,1,1
0.12696688,23.909464,0.2559928,23.605318,24.444502,0.54938626,0.048996165,0.49509847,0.6050531,87.25634,1.5001334,85.4077,88.8308,1,1,1,1
0.007801746,25.002842,0.17340995,24.800442,25.266644,0.0,0.0,0.0,0.0,0.0,0.0,0.0,0.0,1,1,0,0
0.0,0.0,0.0,0.0,0.0,0.51342857,0.054804716,0.44388393,0.6004388,101.206635,3.2301433,94.984604,105.17613,0,0,1,1
0.09322097,25.417995,0.26042008,24.89703,25.94309,0.0,0.0,0.0,0.0,0.0,0.0,0.0,0.0,1,1,0,0
0.0015822785,25.94194,0.1623296,25.605145,26.293621,0.0,0.0,0.0,0.0,0.0,0.0,0.0,0.0,1,1,0,0
0.0,24.80483,0.13973048,24.47391,25.082726,0.47720987,0.058717992,0.3651195,0.5517511,101.112595,1.6036891,97.26992,104.71121,0,1,1,1
0.0026042743,26.351465,0.13842852,26.033987,26.494682,0.0,0.0,0.0,0.0,0.0,0.0,0.0,0.0,1,1,0,0
0.0,0.0,0.0,0.0,0.0,0.5849058,0.026966043,0.5572217,0.64992267,113.003716,1.8255169,110.354294,115.41,0,0,1,1
0.002886636,25.311594,0.24575193,25.04514,25.924984,0.44517496,0.02955753,0.38979906,0.51038253,99.882,2.1731925,95.96049,104.319046,1,1,1,1
0.0,0.0,0.0,0.0,0.0,0.549695,0.060689118,0.46215358,0.6459528,98.25234,2.9138417,94.11635,102.471115,0,0,1,1
0.0,0.0,0.0,0.0,0.0,0.4604783,0.06440859,0.3146165,0.60768986,99.343124,1.4029377,97.42611,102.490875,0,0,1,1
0.0,0.0,0.0,0.0,0.0,0.50995827,0.0717117,0.36111528,0.66017985,96.59911,1.874088,93.93464,100.18306,0,0,1,1
0.0,0.0,0.0,0.0,0.0,0.5687371,0.0871457,0.39606073,0.67907536,93.035095,1.8872076,90.680756,96.223564,0,0,1,1
0.0,0.0,0.0,0.0,0.0,0.5344406,0.07419136,0.3515616,0.70513076,114.02656,0.5860437,112.606575,114.846016,0,0,1,1
0.1500816,26.014496,0.19245763,25.61482,26.213942,0.43120065,0.051692393,0.36736363,0.48640412,103.26701,2.7527938,99.96559,106.66937,1,1,1,1
0.0,24.457693,0.19833158,24.043718,24.672075,0.5265181,0.07179442,0.39989388,0.676676,100.88878,2.3867154,97.80607,106.218735,0,1,1,1
0.069342695,26.22387,0.20274936,25.723192,26.523415,0.47542208,0.06676196,0.39357752,0.613234,103.90524,0.01612131,102.805305,104.75965,1,1,1,1
0.19432467,25.131758,0.08903316,24.9977,25.338612,0.5130009,0.041960068,0.41379297,0.58423835,97.96241,2.5327222,92.18139,103.023766,1,1,1,1
0.09097333,24.836508,0.115212545,24.613605,24.994316,0.0,0.0,0.0,0.0,0.0,0.0,0.0,0.0,1,1,0,0
0.0549141,25.252434,0.15525006,24.901695,25.626822,0.0,0.0,0.0,0.0,0.0,0.0,0.0,0.0,1,1,0,0
0.0011732532,25.97268,0.17970164,25.583895,26.366255,0.41035542,0.040136408,0.33304366,0.4714616,101.62956,2.0989373,96.39499,105.65926,1,1,1,1
0.0,24.520449,0.1707174,24.25009,24.914785,0.5598265,0.080864444,0.4336037,0.74057764,100.79863,2.2382398,96.81413,105.43755,0,1,1,1
0.0,0.0,0.0,0.0,0.0,0.6052271,0.06566235,0.41115698,0.71854436,107.65443,2.6293364,103.9976,113.0655,0,0,1,1
0.0,0.0,0.0,0.0,0.0,0.44389462,0.0011856178,0.4332942,0.46598503,98.32936,2.7202003,95.49189,101.53989,0,0,1,1
0.07730899,24.643364,0.096800864,24.421825,24.792738,0.0,0.0,0.0,0.0,0.0,0.0,0.0,0.0,1,1,0,0
0.079262555,25.285753,0.1352372,24.998938,25.505548,0.0,0.0,0.0,0.0,0.0,0.0,0.0,0.0,1,1,0,0
0.0,0.0,0.0,0.0,0.0,0.52546215,0.070952825,0.335067,0.6468826,104.971306,1.9777741,102.478935,109.76083,0,0,1,1
0.0,25.03248,0.17286587,24.831047,25.2415,0.4319237,0.057896458,0.3337459,0.60063505,93.51023,2.8329446,90.235855,97.74712,0,1,1,1
0.0,24.749308,0.22332624,24.329206,25.062725,0.39236668,0.064245075,0.3021288,0.52320373,100.03667,3.3280942,95.94853,105.089615,0,1,1,1
0.18164088,24.46496,0.08045051,24.374193,24.623644,0.0,0.0,0.0,0.0,0.0,0.0,0.0,0.0,1,1,0,0
0.03382652,24.906702,0.08058289,24.768055,25.005566,0.0,0.0,0.0,0.0,0.0,0.0,0.0,0.0,1,1,0,0
0.0,25.670706,0.044849373,25.554739,25.783262,0.5018074,0.06886421,0.33701432,0.6053329,100.0639,0.9081644,98.49903,101.72306,0,1,1,1
0.0,25.684252,0.19131854,25.285553,26.015022,0.4781996,0.046976957,0.38032767,0.5691466,106.21888,1.6499164,103.306305,107.892944,0,1,1,1
0.0,0.0,0.0,0.0,0.0,0.49800837,0.023727166,0.44420686,0.5685933,89.77774,1.08945,87.13429,90.988304,0,0,1,1
0.0039014618,24.216105,0.1418999,23.922152,24.451777,0.0,0.0,0.0,0.0,0.0,0.0,0.0,0.0,1,1,0,0
0.0,25.259909,0.12147122,25.0123,25.445915,0.49823576,0.037703574,0.40005454,0.5768861,106.50978,2.058089,102.17826,111.39901,0,1,1,1
0.0,24.805004,0.05412319,24.707064,24.862766,0.46364006,0.04506502,0.41279903,0.5249477,100.283,1.1839573,97.98424,102.42926,0,1,1,1
0.023860214,25.608265,0.14131948,25.457163,25.876963,0.0,0.0,0.0,0.0,0.0,0.0,0.0,0.0,1,1,0,0
0.0,0.0,0.0,0.0,0.0,0.5823073,0.07710234,0.40426663,0.7063557,101.18056,1.8288493,98.41444,105.5413,0,0,1,1
0.0,24.385885,0.13307227,24.221807,24.661537,0.5329236,0.04543324,0.48004013,0.5932659,97.967026,1.3667501,95.82823,100.36446,0,1,1,1
0.044067256,24.357115,0.17673987,23.991373,24.653759,0.0,0.0,0.0,0.0,0.0,0.0,0.0,0.0,1,1,0,0
0.0,0.0,0.0,0.0,0.0,0.5447819,0.06839485,0.42535123,0.62682325,101.612946,1.5744903,99.078354,103.886566,0,0,1,1
0.013145102,25.140486,0.12309685,25.00665,25.372934,0.5125555,0.06364997,0.35184997,0.67693603,100.33064,2.9392352,97.020454,103.82886,1,1,1,1
0.0,26.228458,0.28493586,25.718468,26.78947,0.53466654,0.03174047,0.49194452,0.6143311,101.85819,1.5971935,99.227516,104.048386,0,1,1,1
0.0,25.564867,0.18366794,25.333025,25.812576,0.46244493,0.044878382,0.355009,0.5489131,95.11318,2.0344,91.84689,98.1236,0,1,1,1
0.0,25.544514,0.253159,25.183554,26.087128,0.5900163,0.018361272,0.56774855,0.6171266,104.060936,2.1179922,100.90283,107.30745,0,1,1,1
0.029492866,24.465992,0.17455626,24.121887,24.887224,0.51272744,0.069701664,0.3511314,0.66398764,103.663574,1.9278307,99.055336,106.04895,1,1,1,1
0.043104388,23.917164,0.13788459,23.634663,24.224276,0.5713897,0.04589852,0.4545672,0.6205684,104.90797,1.3287627,102.30825,106.373764,1,1,1,1
0.0,25.021093,0.14433384,24.731249,25.35511,0.5277503,0.053455103,0.37067392,0.67342424,97.67494,1.7903,94.04826,100.5609,0,1,1,1
0.0,25.299034,0.2668957,24.752659,25.705772,0.47538966,0.07675357,0.30916408,0.56138986,99.245186,1.8246477,95.19318,102.439285,0,1,1,1
0.0,25.11461,0.079467244,24.960314,25.252016,0.5472024,0.050460037,0.40899312,0.64197797,99.56664,0.9846395,97.209335,100.72247,0,1,1,1
0.048775215,25.498388,0.13514745,25.186728,25.76374,0.52774227,0.04855346,0.4160974,0.6635449,102.12548,1.9978902,97.32358,105.27089,1,1,1,1
0.0,0.0,0.0,0.0,0.0,0.5308582,0.06746314,0.36893043,0.613844,95.17615,1.5543962,92.021034,97.096115,0,0,1,1
0.06931074,25.197306,0.14835706,24.977184,25.538818,0.502638,0.028982798,0.41764772,0.5673819,95.07072,2.0581703,91.37521,98.358536,1,1,1,1
0.0339402,24.956863,0.17573857,24.634977,25.37919,0.49458805,0.042073578,0.41283065,0.5777142,100.3138,2.301005,95.88063,103.89313,1,1,1,1
0.0,0.0,0.0,0.0,0.0,0.47899312,0.022847796,0.43567833,0.5259725,104.16547,2.8441787,97.36063,109.24005,0,0,1,1
0.0,25.333944,0.20772377,25.067106,25.564293,0.43934864,0.06313021,0.30544516,0.55943096,94.07489,1.8559324,92.13851,97.42685,0,1,1,1
0.0,0.0,0.0,0.0,0.0,0.5057938,0.078583725,0.4168595,0.69666564,91.56114,2.434874,86.14777,95.82212,0,0,1,1
0.0052318545,24.810034,0.15652439,24.486916,25.099731,0.0,0.0,0.0,0.0,0.0,0.0,0.0,0.0,1,1,0,0
0.06197198,24.540672,0.16342661,24.314672,24.801638,0.43605056,0.04687961,0.35953826,0.5447276,103.66077,1.52784,100.386215,106.38569,1,1,1,1
0.027599443,24.436039,0.10874869,24.259605,24.684664,0.4834397,0.072854936,0.34858656,0.57911265,91.58515,1.7405695,87.44331,95.77756,1,1,1,1
0.0,0.0,0.0,0.0,0.0,0.44826108,0.091393135,0.27340913,0.61601496,104.39139,2.2169027,100.90562,107.84484,0,0,1,1
0.0018160917,25.277868,0.16248111,24.904268,25.601845,0.0,0.0,0.0,0.0,0.0,0.0,0.0,0.0,1,1,0,0
0.0,0.0,0.0,0.0,0.0,0.514157,0.037975106,0.402232,0.5831005,108.04441,2.278877,105.06289,113.029625,0,0,1,1
0.0,0.0,0.0,0.0,0.0,0.5304008,0.022833101,0.47587335,0.5679112,99.80733,2.2235603,96.73497,105.34184,0,0,1,1
0.12502193,24.780338,0.12801439,24.571983,25.080017,0.0,0.0,0.0,0.0,0.0,0.0,0.0,0.0,1,1,0,0
0.08023152,24.384394,0.16376865,24.129475,24.76698,0.0,0.0,0.0,0.0,0.0,0.0,0.0,0.0,1,1,0,0
0.023905288,25.011106,0.1841704,24.671406,25.224024,0.0,0.0,0.0,0.0,0.0,0.0,0.0,0.0,1,1,0,0
0.090003826,25.558268,0.19762258,25.113764,26.004389,0.50638545,0.047092136,0.36622775,0.64333135,103.57168,1.6755605,101.59617,105.917854,1,1,1,1
0.0,24.647213,0.14697134,24.346138,24.967857,0.4794339,0.046154495,0.42768797,0.55004364,107.60589,1.6394901,105.425026,111.644745,0,1,1,1
0.0,0.0,0.0,0.0,0.0,0.42993745,0.069201924,0.32542342,0.5316875,107.32848,1.3944595,105.58675,110.284836,0,0,1,1
0.0066570602,25.246216,0.21981807,24.815758,25.680819,0.0,0.0,0.0,0.0,0.0,0.0,0.0,0.0,1,1,0,0
0.055247918,24.387917,0.09403787,24.153303,24.550835,0.48287496,0.010909262,0.46767074,0.50034153,102.58405,2.3295975,98.417496,107.18412,1,1,1,1
0.0,24.336304,0.115130164,24.218687,24.566362,0.53949124,0.021871375,0.48029295,0.5683123,94.90026,2.1301913,91.34544,98.88345,0,1,1,1
0.003917042,25.159271,0.15830597,25.000257,25.515436,0.52627105,0.03270052,0.47630277,0.60869104,102.913704,2.4197824,98.51807,107.29497,1,1,1,1
0.009618003,24.884947,0.1618872,24.571243,25.107653,0.4547519,0.055377252,0.29256567,0.5668616,105.78984,2.3537228,100.08728,111.28871,1,1,1,1
0.00023805868,24.99394,0.18290097,24.60661,25.203136,0.58813924,0.044231817,0.5138441,0.6628196,91.9458,1.0809376,90.157394,93.822,1,1,1,1
0.0,0.0,0.0,0.0,0.0,0.5015596,0.044995308,0.425004,0.5465671,101.398926,4.177719,91.731674,107.49365,0,0,1,1
0.0,0.0,0.0,0.0,0.0,0.5367044,0.056019668,0.381631,0.65682405,106.78624,1.9180292,103.17538,109.22295,0,0,1,1
0.0,24.61046,0.19425808,24.295582,24.98445,0.57366484,0.02842519,0.50701255,0.61615777,89.311264,2.0796788,85.31427,94.04941,0,1,1,1
0.019167352,24.440441,0.096940845,24.317368,24.668558,0.47431642,0.059044283,0.35978296,0.61983204,97.77162,1.0291057,95.31507,99.81963,1,1,1,1
0.0,0.0,0.0,0.0,0.0,0.46363944,0.06039955,0.3717239,0.61692876,98.466515,1.8497744,95.85633,102.50905,0,0,1,1
0.0,0.0,0.0,0.0,0.0,0.40382546,0.055758826,0.26955673,0.517567,92.19234,1.7489299,88.96577,94.111084,0,0,1,1
0.0058636414,25.000547,0.04657267,24.937708,25.091887,0.0,0.0,0.0,0.0,0.0,0.0,0.0,0.0,1,1,0,0
0.0,0.0,0.0,0.0,0.0,0.47003612,0.10338772,0.1793476,0.72649014,106.43591,1.1229398,104.37381,108.70007,0,0,1,1
0.0,24.18554,0.19810762,23.825079,24.677057,0.44910333,0.018807186,0.4129116,0.49489465,104.16958,2.387725,98.527916,107.15423,0,1,1,1
0.0038341933,24.472391,0.13772431,24.299208,24.659637,0.49663228,0.045823008,0.37554228,0.5688056,102.71126,0.9617112,101.039856,103.9147,1,1,1,1
0.0,0.0,0.0,0.0,0.0,0.5173003,0.05016376,0.43324935,0.60208464,101.80927,1.5438414,99.33973,103.553215,0,0,1,1
0.0,25.315649,0.06861557,25.2323,25.417555,0.40694794,0.038122155,0.36055923,0.5055945,106.96052,2.4258916,101.71906,111.47829,0,1,1,1
0.0,24.616257,0.17352574,24.357267,24.873863,0.562139,0.053652003,0.42051324,0.6706014,110.58846,2.4015253,105.32531,113.25932,0,1,1,1
0.131398,25.066433,0.15350749,24.74487,25.392189,0.44173065,0.034619246,0.39043534,0.5106789,92.911415,1.0606674,90.90561,94.2346,1,1,1,1
0.0,25.072443,0.16701342,24.791136,25.399693,0.42282325,0.0646638,0.2341959,0.5119886,93.75451,1.4894607,92.18871,96.2186,0,1,1,1
0.0,25.118399,0.19475038,24.763563,25.39769,0.52016836,0.050209906,0.41819152,0.60305935,95.17875,2.5411313,90.952515,98.41408,0,1,1,1
0.03228989,24.557697,0.121708736,24.343258,24.805763,0.44991764,0.02875662,0.38280076,0.53428805,95.44461,1.9404377,91.31236,99.4322,1,1,1,1
0.0,25.332258,0.11687554,25.128716,25.605772,0.44975704,0.08241561,0.25742134,0.63823515,97.56609,2.436907,93.52126,103.2832,0,1,1,1
0.19001707,25.053679,0.14376828,24.832657,25.343325,0.5283959,0.025100956,0.4791578,0.5777113,98.33955,1.5952522,96.28626,100.93916,1,1,1,1
0.0,24.335499,0.18700385,24.081234,24.68597,0.43439937,0.040717162,0.34182325,0.53039473,112.664955,1.6624064,109.43944,115.36512,0,1,1,1
0.0,0.0,0.0,0.0,0.0,0.51158416,0.077647,0.37060603,0.5932484,94.63045,2.8461854,91.1969,98.59223,0,0,1,1
0.053680826,24.678854,0.24477844,24.297655,25.036295,0.0,0.0,0.0,0.0,0.0,0.0,0.0,0.0,1,1,0,0
0.0,0.0,0.0,0.0,0.0,0.5684657,0.082210846,0.45604795,0.6601204,89.22323,2.266309,83.80137,92.432274,0,0,1,1
0.12398063,24.558033,0.14929222,24.266558,24.752558,0.55504024,0.046808627,0.44442552,0.67399246,100.34552,1.6563153,98.0897,102.32232,1,1,1,1
0.0,25.51508,0.23023312,25.220303,26.02165,0.5292558,0.059162237,0.4365686,0.6504277,97.08059,1.5773981,94.9895,100.761955,0,1,1,1
0.00054012507,25.04134,0.13763388,24.711689,25.338324,0.0,0.0,0.0,0.0,0.0,0.0,0.0,0.0,1,1,0,0
0.0,0.0,0.0,0.0,0.0,0.51877624,0.02387258,0.46737298,0.5509116,95.438644,1.2028402,93.41548,97.64933,0,0,1,1
0.011865446,25.488884,0.12894616,25.184145,25.805044,0.0,0.0,0.0,0.0,0.0,0.0,0.0,0.0,1,1,0,0
0.067986235,26.561934,0.10686464,26.420603,26.77682,0.44600722,0.050431214,0.3076621,0.49938378,104.00938,2.5700688,100.20283,107.01398,1,1,1,1
0.0,23.630526,0.13627702,23.417389,23.937191,0.43681744,0.049678322,0.36750993,0.56236076,98.16388,2.1741111,95.231705,102.87289,0,1,1,1
0.10276958,25.053215,0.14111502,24.781754,25.302898,0.49217615,0.0599829,0.40516466,0.6289999,88.88258,2.302441,85.05238,91.61171,1,1,1,1
0.08455888,24.918957,0.1143409,24.790699,25.11079,0.0,0.0,0.0,0.0,0.0,0.0,0.0,0.0,1,1,0,0
0.0,25.49614,0.21018945,25.04351,25.78775,0.53145784,0.05003802,0.39602736,0.59365547,104.30471,1.9200584,102.11583,106.860466,0,1,1,1
0.0,24.875278,0.17223626,24.592552,25.264183,0.44337505,0.024394756,0.38350955,0.48627064,100.25292,1.4326372,97.42111,103.48182,0,1,1,1
0.0,0.0,0.0,0.0,0.0,0.46131307,0.026004506,0.40404052,0.51889217,94.10392,0.5666875,92.81978,94.865776,0,0,1,1
0.004679856,26.445944,0.120449826,26.162855,26.66376,0.0,0.0,0.0,0.0,0.0,0.0,0.0,0.0,1,1,0,0
0.020777633,25.060555,0.14298585,24.823503,25.251337,0.52931994,0.018227253,0.49965584,0.5559613,103.81041,1.984752,100.70791,105.91522,1,1,1,1
0.0,0.0,0.0,0.0,0.0,0.5393592,0.07111664,0.348923,0.6788908,99.06942,2.1773195,95.87126,102.72415,0,0,1,1
0.36326167,24.90773,0.13400693,24.761307,25.19303,0.0,0.0,0.0,0.0,0.0,0.0,0.0,0.0,1,1,0,0
0.009582876,25.285566,0.11595166,25.070532,25.450405,0.0,0.0,0.0,0.0,0.0,0.0,0.0,0.0,1,1,0,0
0.0,24.75561,0.1324492,24.428427,24.97543,0.5249193,0.068990484,0.37192792,0.679145,96.7893,1.392445,94.95097,100.239624,0,1,1,1
0.0,25.290882,0.28621033,24.625965,25.706354,0.57883686,0.100074925,0.44462967,0.8284971,96.057526,2.0174167,93.91024,98.78402,0,1,1,1
0.08786223,25.934431,0.09450092,25.836407,26.16685,0.0,0.0,0.0,0.0,0.0,0.0,0.0,0.0,1,1,0,0
0.23276128,25.680717,0.09698558,25.546358,25.854443,0.5175062,0.040305696,0.40526465,0.60757697,93.523735,1.9982735,91.26178,95.66484,1,1,1,1
0.019364474,25.043674,0.15688828,24.74687,25.306816,0.4692489,0.053401083,0.37689286,0.599441,95.89369,1.2013017,94.18765,98.29619,1,1,1,1
0.014805418,25.192162,0.16991837,24.969997,25.540602,0.52596813,0.08020346,0.44537994,0.65474254,97.75977,1.9259156,94.17563,101.24754,1,1,1,1
0.0,24.316097,0.16719802,23.94873,24.538643,0.46729589,0.086503774,0.3752918,0.56671983,96.678734,2.2010977,94.057755,99.16115,0,1,1,1
0.01546773,24.491201,0.1349541,24.280737,24.694324,0.0,0.0,0.0,0.0,0.0,0.0,0.0,0.0,1,1,0,0
0.04208135,25.159351,0.15432614,24.844194,25.465807,0.53153545,0.04073981,0.48478866,0.63048303,96.848724,2.5425737,92.77791,99.49895,1,1,1,1
0.06841068,25.007113,0.20443092,24.56227,25.421331,0.46467015,0.03492267,0.41396636,0.5091716,100.99876,0.5222093,100.087875,101.523346,1,1,1,1
0.019821605,23.878504,0.09473857,23.656393,24.006601,0.48448613,0.052180547,0.4001102,0.6200983,96.27534,2.1345892,93.61479,99.24517,1,1,1,1
0.15595727,24.924238,0.14913405,24.659163,25.209614,0.51432455,0.03194234,0.47554415,0.54772353,95.3671,3.5068336,90.29022,101.2637,1,1,1,1
0.0,0.0,0.0,0.0,0.0,0.51243436,0.072431386,0.31548336,0.6663343,105.17069,3.050406,98.38999,109.78507,0,0,1,1
0.0,25.291248,0.15736912,24.925379,25.682138,0.48124948,0.04548198,0.36323914,0.5367497,102.92368,2.6060338,98.06138,107.04611,0,1,1,1
0.025128447,25.644863,0.20269646,25.243908,26.027203,0.5774976,0.0368372,0.4750773,0.64097846,100.13629,3.1715863,95.23897,105.23347,1,1,1,1
0.0,25.363188,0.24898517,24.948967,25.93853,0.48414642,0.02659692,0.43586096,0.56256944,102.096275,0.8433241,100.759186,103.312965,0,1,1,1
0.30719668,23.662464,0.1443006,23.51319,24.016588,0.0,0.0,0.0,0.0,0.0,0.0,0.0,0.0,1,1,0,0
0.16027895,24.869904,0.15496635,24.677631,25.040707,0.0,0.0,0.0,0.0,0.0,0.0,0.0,0.0,1,1,0,0
0.006464729,25.604319,0.10244997,25.457174,25.849854,0.0,0.0,0.0,0.0,0.0,0.0,0.0,0.0,1,1,0,0
0.38057423,24.97463,0.06344348,24.835333,25.097647,0.0,0.0,0.0,0.0,0.0,0.0,0.0,0.0,1,1,0,0
0.0002717963,24.407482,0.22790532,24.155792,24.820747,0.0,0.0,0.0,0.0,0.0,0.0,0.0,0.0,1,1,0,0
0.1264184,25.553398,0.08647228,25.416296,25.765284,0.0,0.0,0.0,0.0,0.0,0.0,0.0,0.0,1,1,0,0
0.047223598,25.771463,0.13046631,25.500767,25.925568,0.0,0.0,0.0,0.0,0.0,0.0,0.0,0.0,1,1,0,0
0.0,0.0,0.0,0.0,0.0,0.500397,0.10528138,0.19059053,0.7016406,110.13904,2.1986372,105.03801,115.27087,0,0,1,1
0.0,25.19669,0.011493869,25.080988,25.31418,0.49220747,0.01938185,0.45755967,0.52464026,108.86879,1.8198549,104.662155,111.16819,0,1,1,1
0.0,25.105646,0.1043072,24.889515,25.311024,0.47801682,0.024808677,0.40912968,0.51898944,104.745224,2.749774,98.45946,110.37798,0,1,1,1
0.0,0.0,0.0,0.0,0.0,0.47885,0.049369644,0.36608773,0.568857,102.19861,3.0877059,96.757454,109.68696,0,0,1,1
0.0,25.981472,0.1754828,25.668669,26.2757,0.5080134,0.058663778,0.34328088,0.6750579,97.37567,1.367699,94.554375,99.79324,0,1,1,1
0.0,0.0,0.0,0.0,0.0,0.5633751,0.040852997,0.50305706,0.6774294,96.74466,3.083787,91.4509,100.34553,0,0,1,1
0.01986592,24.950975,0.12419244,24.68838,25.081514,0.0,0.0,0.0,0.0,0.0,0.0,0.0,0.0,1,1,0,0
0.027603047,25.116232,0.13004304,24.865376,25.301706,0.0,0.0,0.0,0.0,0.0,0.0,0.0,0.0,1,1,0,0
0.0,0.0,0.0,0.0,0.0,0.45834845,0.0024770144,0.43108872,0.48585936,105.532845,2.4341347,100.9596,110.861176,0,0,1,1
0.01449606,25.383364,0.098880276,25.182877,25.57499,0.5542435,0.06936507,0.44161978,0.67648983,103.547844,2.77755,97.18613,106.884796,1,1,1,1
0.22120705,24.324715,0.2575966,23.742401,24.856916,0.0,0.0,0.0,0.0,0.0,0.0,0.0,0.0,1,1,0,0
0.03739863,25.883406,0.108636595,25.745962,26.129398,0.0,0.0,0.0,0.0,0.0,0.0,0.0,0.0,1,1,0,0
0.014422026,24.036024,0.11535762,23.898067,24.28866,0.39760536,0.051935982,0.34043887,0.4849889,94.658066,3.5830708,87.53373,99.05684,1,1,1,1
0.0,25.373875,0.058924384,25.31077,25.439857,0.48399335,0.048743483,0.3720571,0.57769656,98.776825,1.1237153,95.98144,101.329895,0,1,1,1
0.12741852,23.858809,0.21304038,23.571491,24.211952,0.5063085,0.055532783,0.41084558,0.6005084,103.63645,1.4776796,100.5715,106.85175,1,1,1,1
0.0058146184,23.984455,0.14434686,23.82031,24.340223,0.0,0.0,0.0,0.0,0.0,0.0,0.0,0.0,1,1,0,0
0.0,0.0,0.0,0.0,0.0,0.5430097,0.042060472,0.42484358,0.6543885,98.429924,1.8671054,94.87349,100.71599,0,0,1,1
0.025712634,24.340082,0.17087282,23.962833,24.518305,0.46673512,0.07100991,0.2934867,0.60563445,102.62499,3.0123901,95.74788,109.9317,1,1,1,1
0.0,0.0,0.0,0.0,0.0,0.43464106,0.03444974,0.37028018,0.5266386,96.53785,1.8007777,94.25414,99.32869,0,0,1,1
0.06023392,25.459518,0.21242772,25.107178,25.677065,0.62136495,0.04395367,0.4981617,0.6987371,102.64976,2.3592632,97.80098,106.71239,1,1,1,1
0.0,24.561949,0.08826184,24.425682,24.672485,0.48248783,0.04361827,0.41668943,0.54723614,97.67404,2.7975476,91.814125,104.20268,0,1,1,1
0.0,24.60026,0.20424633,24.277464,25.091932,0.5510532,0.035473432,0.47335106,0.5932422,98.156685,2.811978,92.69903,102.8936,0,1,1,1
0.010316012,25.782753,0.18959966,25.493073,26.140642,0.0,0.0,0.0,0.0,0.0,0.0,0.0,0.0,1,1,0,0
0.0,0.0,0.0,0.0,0.0,0.47643855,0.019348364,0.44438443,0.5118347,99.85438,1.142494,98.279945,101.89328,0,0,1,1
0.06254377,24.607327,0.24050772,24.042194,24.930647,0.5243818,0.04288506,0.42494798,0.64733374,95.67392,1.4486234,92.41956,98.25004,1,1,1,1
0.070554875,24.710918,0.14612143,24.433405,25.029757,0.54431117,0.050328873,0.41199878,0.6129694,99.503006,1.6148419,95.93841,103.30051,1,1,1,1
0.0,24.490828,0.1488502,24.128904,24.699492,0.4723518,0.0327239,0.4065728,0.57023257,93.18203,1.9650576,88.282364,96.229614,0,1,1,1
0.043345112,25.174313,0.1565569,24.890724,25.529112,0.5145054,0.037999835,0.40373152,0.6087451,98.551956,2.0692139,95.09095,101.45315,1,1,1,1
0.0,0.0,0.0,0.0,0.0,0.5187745,0.075061746,0.4195756,0.7178227,92.02726,2.4649367,89.05064,96.52834,0,0,1,1
0.0,0.0,0.0,0.0,0.0,0.4706953,0.053616654,0.34538114,0.61085886,94.456665,0.7649861,93.44533,95.36405,0,0,1,1
0.016159574,25.59248,0.1638616,25.373459,26.00033,0.0,0.0,0.0,0.0,0.0,0.0,0.0,0.0,1,1,0,0
0.043289833,24.853056,0.11870892,24.658398,24.988827,0.0,0.0,0.0,0.0,0.0,0.0,0.0,0.0,1,1,0,0
0.083828144,25.894281,0.1411297,25.677708,26.066269,0.5339579,0.06062985,0.3935224,0.66942906,96.48994,2.3780622,91.83686,100.36385,1,1,1,1
0.0,0.0,0.0,0.0,0.0,0.48105016,0.04312815,0.4052709,0.5386979,103.66535,1.6248103,100.25287,105.40487,0,0,1,1
0.0006789603,24.689756,0.16098918,24.315592,24.928095,0.0,0.0,0.0,0.0,0.0,0.0,0.0,0.0,1,1,0,0
0.15975344,25.331932,0.19885409,24.872417,25.555649,0.0,0.0,0.0,0.0,0.0,0.0,0.0,0.0,1,1,0,0
0.0,0.0,0.0,0.0,0.0,0.53050345,0.06528187,0.43454075,0.68887466,93.68403,2.889121,89.40877,99.96154,0,0,1,1
0.0,25.003994,0.08781603,24.8123,25.222507,0.4411255,0.053976323,0.3222118,0.50693554,100.2314,2.792449,97.351585,103.55436,0,1,1,1
0.0,25.557487,0.17206274,25.160501,25.816664,0.48012984,0.05578843,0.3777478,0.6028065,106.60935,1.8866173,104.46256,111.20712,0,1,1,1
0.0,0.0,0.0,0.0,0.0,0.44302252,0.03816447,0.33870035,0.5265742,104.8008,2.8612792,101.22699,109.608734,0,0,1,1
0.06893877,24.586218,0.1784474,24.154598,24.99932,0.4445009,0.07177334,0.30078605,0.5567464,93.91904,2.122097,89.222626,97.51945,1,1,1,1
0.072057046,25.572943,0.0755031,25.478971,25.725618,0.0,0.0,0.0,0.0,0.0,0.0,0.0,0.0,1,1,0,0
0.0,0.0,0.0,0.0,0.0,0.482006,0.042242352,0.39030796,0.55247366,103.130554,1.5640405,101.565125,106.49455,0,0,1,1
0.0,25.35986,0.148948,25.158329,25.585272,0.46023387,0.07730596,0.28239617,0.5601129,104.24104,1.271196,102.49342,105.92922,0,1,1,1
0.10709047,25.11518,0.2115637,24.757488,25.593359,0.0,0.0,0.0,0.0,0.0,0.0,0.0,0.0,1,1,0,0
0.02567918,25.618006,0.13110682,25.404398,25.844696,0.45025492,0.051243022,0.36662105,0.5504624,100.252106,2.9400594,94.528656,107.58525,1,1,1,1
0.0,24.53553,0.22396858,24.056086,24.930466,0.57804465,0.022970052,0.5444916,0.6436781,99.30016,3.849449,92.72321,105.19825,0,1,1,1
0.0,0.0,0.0,0.0,0.0,0.45320827,0.054642662,0.33948642,0.51591945,100.10518,3.3616416,92.9378,107.94979,0,0,1,1
0.0,24.581184,0.111829564,24.379208,24.802698,0.40894935,0.052759882,0.2749471,0.51834756,101.23735,2.1806762,96.76518,105.20434,0,1,1,1
0.0,0.0,0.0,0.0,0.0,0.5279256,0.01805797,0.49205977,0.55335355,94.30881,2.1413686,91.69773,99.15863,0,0,1,1
0.0008902083,25.041075,0.12475457,24.818726,25.182825,0.0,0.0,0.0,0.0,0.0,0.0,0.0,0.0,1,1,0,0
0.0,0.0,0.0,0.0,0.0,0.5415065,0.055951152,0.45809978,0.69130534,99.73486,1.3442246,97.24545,102.43529,0,0,1,1
0.2513053,25.347559,0.10596474,25.160067,25.55441,0.0,0.0,0.0,0.0,0.0,0.0,0.0,0.0,1,1,0,0
0.0,0.0,0.0,0.0,0.0,0.5310046,0.04901033,0.44208905,0.60760635,98.48571,1.7160163,94.35689,100.40625,0,0,1,1
0.010648841,25.181782,0.08725447,25.009396,25.303808,0.0,0.0,0.0,0.0,0.0,0.0,0.0,0.0,1,1,0,0
0.0,24.112984,0.166882,23.939829,24.34816,0.49477172,0.053230222,0.39319828,0.6174831,105.06516,1.9737848,100.30712,108.20185,0,1,1,1
0.0,24.341394,0.14830923,23.982141,24.70066,0.45643938,0.036199532,0.37842458,0.5533218,103.65523,2.7410793,99.85974,106.92923,0,1,1,1
0.0,26.207054,0.23451343,25.948006,26.484245,0.5429266,0.02588051,0.48437637,0.60604846,103.60169,1.9554873,101.31291,106.44078,0,1,1,1
0.032261033,25.857973,0.12744544,25.678976,26.06874,0.49342203,0.023822077,0.45268345,0.5582206,97.70911,1.4776402,94.42772,100.90687,1,1,1,1
0.007307965,25.486397,0.20718133,25.062443,25.842354,0.0,0.0,0.0,0.0,0.0,0.0,0.0,0.0,1,1,0,0
0.014680712,25.53234,0.0680411,25.411118,25.669037,0.0,0.0,0.0,0.0,0.0,0.0,0.0,0.0,1,1,0,0
0.004319534,25.825756,0.15818699,25.516014,26.052027,0.0,0.0,0.0,0.0,0.0,0.0,0.0,0.0,1,1,0,0
0.0076030553,25.000149,0.06170703,24.863388,25.073381,0.48751208,0.07040746,0.30424982,0.64661777,100.72838,2.833982,94.26748,106.62887,1,1,1,1
0.0019985929,24.207127,0.17343186,23.928019,24.547853,0.0,0.0,0.0,0.0,0.0,0.0,0.0,0.0,1,1,0,0
0.12559111,24.443325,0.12817608,24.173862,24.646635,0.5510783,0.04755138,0.47974074,0.61481357,99.113945,1.5626922,95.53793,101.15336,1,1,1,1
0.0,0.0,0.0,0.0,0.0,0.5418094,0.075213484,0.39683142,0.72600955,104.63306,2.0485091,100.40395,108.54493,0,0,1,1
0.0,24.722233,0.092417456,24.570818,24.82205,0.5006201,0.097469784,0.27945706,0.74784255,99.53536,2.46831,93.690155,104.55227,0,1,1,1
0.0,24.753307,0.11663355,24.547125,24.880156,0.5308724,0.04840475,0.46113607,0.5943774,91.809746,3.1647754,85.03921,99.07176,0,1,1,1
0.041800387,24.845917,0.17616825,24.465773,25.187925,0.44672805,0.057170566,0.35255,0.56806594,100.98498,2.3249376,97.82484,103.61855,1,1,1,1
0.0,0.0,0.0,0.0,0.0,0.4747117,0.06347357,0.33990213,0.56979215,98.68343,1.2888031,96.64383,101.08275,0,0,1,1
0.0,25.606588,0.17566203,25.417429,25.973728,0.5243336,0.028651858,0.4493832,0.58571273,97.60981,1.9679973,94.021034,102.042816,0,1,1,1
0.0001344058,25.778492,0.0939807,25.610346,25.955633,0.4932891,0.04186041,0.4339677,0.6117646,106.35435,1.5836774,102.89476,109.86982,1,1,1,1
0.0,0.0,0.0,0.0,0.0,0.5054203,0.0118133705,0.48114556,0.51873875,96.08145,2.4904675,90.21034,100.531265,0,0,1,1
0.09891241,25.048315,0.18834788,24.772161,25.254667,0.5034049,0.06108069,0.38146263,0.6460868,93.87665,2.1356592,90.076836,97.84649,1,1,1,1
0.0,0.0,0.0,0.0,0.0,0.45849466,0.019340582,0.4353522,0.48749396,98.76078,1.7088264,97.03215,101.67992,0,0,1,1
0.0023898932,24.668058,0.20176923,24.16665,25.102444,0.5719556,0.06520218,0.4474283,0.6867547,104.758995,1.4622158,102.09518,107.538734,1,1,1,1
0.0,24.738337,0.05509966,24.64844,24.87482,0.46648547,0.055997677,0.3915333,0.59918094,96.05167,2.7584572,90.195694,100.75818,0,1,1,1
0.005297747,25.64962,0.16126083,25.3589,25.935135,0.0,0.0,0.0,0.0,0.0,0.0,0.0,0.0,1,1,0,0
0.0,0.0,0.0,0.0,0.0,0.55787927,0.072120294,0.3447038,0.64639807,100.46783,3.100553,93.33127,107.80092,0,0,1,1
0.0,0.0,0.0,0.0,0.0,0.42360547,0.022612449,0.37869015,0.449738,88.33151,1.8890927,85.03864,91.260925,0,0,1,1
0.027034698,25.867563,0.21049686,25.61672,26.383448,0.0,0.0,0.0,0.0,0.0,0.0,0.0,0.0,1,1,0,0
0.0483133,25.047531,0.1438643,24.74596,25.247541,0.0,0.0,0.0,0.0,0.0,0.0,0.0,0.0,1,1,0,0
0.0,25.088337,0.25237525,24.720106,25.542505,0.4977764,0.059267573,0.4027055,0.63865376,99.94339,3.063363,93.02205,103.70153,0,1,1,1
4.0044222e-05,23.733847,0.0023717997,23.616346,23.790194,0.0,0.0,0.0,0.0,0.0,0.0,0.0,0.0,1,1,0,0
0.0,24.506794,0.19623213,24.225279,24.760183,0.5226548,0.03162336,0.4717785,0.5577146,99.41258,2.0411882,97.094696,103.09631,0,1,1,1
0.07409354,24.2234,0.12699077,24.007126,24.427881,0.0,0.0,0.0,0.0,0.0,0.0,0.0,0.0,1,1,0,0
0.056943815,25.001612,0.15230782,24.77901,25.195593,0.45730394,0.014621418,0.41428837,0.48645774,106.25235,0.594935,105.13057,107.29057,1,1,1,1
0.035892095,25.587748,0.135238,25.271612,25.923588,0.44847578,0.068970665,0.3522436,0.55288136,106.31057,1.0899005,104.04852,108.31911,1,1,1,1
0.0073998915,26.199135,0.17151895,25.90539,26.545065,0.43657595,0.06591581,0.3066964,0.6292904,105.23929,2.164656,100.59629,109.36683,1,1,1,1
0.0,25.164738,0.12977691,24.995745,25.33625,0.51832193,0.1051132,0.38695914,0.74581826,99.52045,2.2114253,95.53901,104.62805,0,1,1,1
0.0,0.0,0.0,0.0,0.0,0.45165604,0.048455697,0.35806495,0.5143349,103.95094,2.067701,101.77361,108.22948,0,0,1,1
0.0,24.863586,0.07740744,24.681545,25.020876,0.3937132,0.047866367,0.31783965,0.521095,94.303444,2.0619683,91.61759,97.28272,0,1,1,1
0.0,25.958632,0.056879286,25.879404,26.04353,0.48246434,0.0777352,0.2997746,0.7099271,102.91232,3.296777,95.21416,110.35651,0,1,1,1
0.0,24.621399,0.20091817,24.205269,25.05824,0.590215,0.04292065,0.47869816,0.67412,93.34765,1.9226557,90.40002,97.39161,0,1,1,1
0.028554177,24.477167,0.2133747,24.089281,24.94584,0.0,0.0,0.0,0.0,0.0,0.0,0.0,0.0,1,1,0,0
0.0,0.0,0.0,0.0,0.0,0.520569,0.017662473,0.50224584,0.54412866,105.70009,1.3283477,102.792946,108.94116,0,0,1,1
0.02107232,24.809963,0.09933385,24.574888,24.993313,0.0,0.0,0.0,0.0,0.0,0.0,0.0,0.0,1,1,0,0
0.0,0.0,0.0,0.0,0.0,0.54864526,0.054252334,0.3909597,0.61375266,91.20924,2.9048707,85.861176,95.56265,0,0,1,1
0.0,0.0,0.0,0.0,0.0,0.51211727,0.04683971,0.39191988,0.647238,101.40076,2.9438596,96.24138,106.02396,0,0,1,1
0.07679748,25.262938,0.12065859,24.97213,25.553705,0.35586104,0.042518426,0.24553503,0.43788576,106.88936,1.2673099,105.18386,109.157166,1,1,1,1
0.0,0.0,0.0,0.0,0.0,0.52699196,0.02107448,0.47571993,0.5738618,91.13894,2.4473903,87.59716,95.55029,0,0,1,1
0.055051368,24.946846,0.12938444,24.682093,25.181786,0.5028434,0.0342011,0.46682015,0.5499417,87.038704,2.467616,83.83031,89.56572,1,1,1,1
0.086495854,24.115091,0.15840814,23.896524,24.465174,0.45405352,0.0338038,0.3718017,0.52550566,101.27709,0.7415096,100.51219,103.03646,1,1,1,1
0.0,24.938272,0.15376027,24.756355,25.163094,0.489102,0.05057371,0.37235665,0.5403023,98.45438,1.6807739,95.9696,102.52306,0,1,1,1
0.0,25.094769,0.24065985,24.831993,25.362968,0.5124871,0.047444575,0.3977633,0.61045235,102.87438,2.2728004,99.52032,105.43852,0,1,1,1
0.0,0.0,0.0,0.0,0.0,0.49207714,0.05383703,0.38719338,0.65112764,97.930756,2.4561849,92.62596,102.52796,0,0,1,1
0.0,24.25293,0.025989369,24.188236,24.36391,0.45420727,0.05903821,0.27909958,0.5603233,102.05924,2.7047622,97.42591,107.41745,0,1,1,1
0.05581931,24.822887,0.25116968,24.269127,25.178818,0.0,0.0,0.0,0.0,0.0,0.0,0.0,0.0,1,1,0,0
0.0149710085,24.741634,0.06363699,24.593115,24.866354,0.4591934,0.013303777,0.4347025,0.4961502,101.97323,1.3070431,99.33699,105.04884,1,1,1,1
0.098580435,25.069647,0.1701837,24.663635,25.485191,0.47568676,0.05368449,0.37221777,0.5406671,108.18862,1.8647416,105.96769,112.68931,1,1,1,1
0.0,0.0,0.0,0.0,0.0,0.5211423,0.07329494,0.4406774,0.6187843,93.23776,1.6390884,89.628914,95.87194,0,0,1,1
0.09530625,25.696022,0.21321118,25.42685,26.126705,0.52745765,0.030224865,0.48340413,0.6033707,98.99542,2.1938608,96.352234,101.49421,1,1,1,1
0.0,25.44246,0.11686048,25.191782,25.587376,0.45434755,0.031202963,0.36995423,0.51774246,103.17382,2.5383594,98.38733,107.97665,0,1,1,1
0.04925062,24.43689,0.16316219,24.09633,24.831268,0.46883366,0.04030596,0.41878673,0.56986195,98.65874,3.2758884,94.39194,106.45563,1,1,1,1
0.016756536,24.913033,0.15086631,24.65796,25.094347,0.0,0.0,0.0,0.0,0.0,0.0,0.0,0.0,1,1,0,0
0.0,24.147757,0.145585,23.821653,24.301981,0.52218217,0.010462704,0.49884966,0.54625934,105.23509,1.8332362,103.09407,107.58115,0,1,1,1
0.016573269,25.372158,0.15666203,25.031546,25.697414,0.4931826,0.047205158,0.42034617,0.6036823,95.386284,1.6320084,92.832306,99.41784,1,1,1,1
0.032302707,25.025076,0.08324256,24.881142,25.165773,0.0,0.0,0.0,0.0,0.0,0.0,0.0,0.0,1,1,0,0
0.16468911,25.507088,0.18284445,25.255095,25.7858,0.44323272,0.08636563,0.32320476,0.6566088,97.123924,1.5462973,94.67987,100.73316,1,1,1,1
0.0,25.077784,0.109065145,24.86108,25.317146,0.5366237,0.0644014,0.40738806,0.6205885,96.75151,2.2177932,91.27659,99.42343,0,1,1,1
0.20837465,23.97068,0.11366526,23.691793,24.188967,0.0,0.0,0.0,0.0,0.0,0.0,0.0,0.0,1,1,0,0
0.0,0.0,0.0,0.0,0.0,0.44675452,0.06925903,0.34210962,0.5287566,100.20241,2.650013,94.97193,104.685905,0,0,1,1
0.049135882,25.057613,0.18756248,24.739952,25.361938,0.0,0.0,0.0,0.0,0.0,0.0,0.0,0.0,1,1,0,0
0.04541937,26.020555,0.14064589,25.779446,26.205618,0.0,0.0,0.0,0.0,0.0,0.0,0.0,0.0,1,1,0,0
0.036930967,24.333473,0.15890034,23.963259,24.714624,0.0,0.0,0.0,0.0,0.0,0.0,0.0,0.0,1,1,0,0
0.032281637,24.508053,0.0035427995,24.418762,24.57807,0.44212407,0.019838786,0.39586172,0.48214784,100.47714,0.40028614,99.22796,101.10964,1,1,1,1
0.0072221346,24.628881,0.07690829,24.541386,24.777054,0.0,0.0,0.0,0.0,0.0,0.0,0.0,0.0,1,1,0,0
0.0,0.0,0.0,0.0,0.0,0.48252648,0.06579239,0.39662603,0.63678575,96.819984,2.9419425,90.445946,103.427155,0,0,1,1
0.0,0.0,0.0,0.0,0.0,0.55379534,0.006770768,0.5330966,0.5772236,96.25127,2.108216,92.74514,100.71019,0,0,1,1
0.2072127,26.38967,0.18049732,26.159422,26.575077,0.5950826,0.02068013,0.5599799,0.65330625,103.30071,0.19776908,102.33171,104.09242,1,1,1,1
0.0,25.257242,0.059588905,25.14611,25.349611,0.53694725,0.057492923,0.4276489,0.5978965,94.70997,3.434747,86.49398,98.3935,0,1,1,1
0.0,0.0,0.0,0.0,0.0,0.56884056,0.07032486,0.4981293,0.7676438,106.44142,2.0185747,102.0359,109.46686,0,0,1,1
0.012965031,26.090326,0.08125768,25.992958,26.225876,0.53409433,0.046403583,0.46521634,0.6668415,91.23008,2.2778122,86.453064,94.21649,1,1,1,1
0.0,0.0,0.0,0.0,0.0,0.566086,0.03200921,0.4967665,0.65499914,96.2711,2.155361,93.9941,99.56883,0,0,1,1
0.0,24.531517,0.09942862,24.337746,24.699951,0.4642322,0.04511617,0.33582148,0.5619445,96.31086,0.27101314,95.72562,97.374565,0,1,1,1
0.0,0.0,0.0,0.0,0.0,0.47065982,0.025266565,0.42243144,0.5372815,99.70786,2.1633081,96.658,102.49172,0,0,1,1
0.03397353,24.806961,0.25486326,24.418684,25.094675,0.0,0.0,0.0,0.0,0.0,0.0,0.0,0.0,1,1,0,0
0.19008207,26.176865,0.22750409,25.720383,26.574928,0.0,0.0,0.0,0.0,0.0,0.0,0.0,0.0,1,1,0,0
0.0,0.0,0.0,0.0,0.0,0.40677252,0.071283266,0.23048255,0.49366793,98.4721,2.9466107,95.22401,102.89435,0,0,1,1
0.053797785,25.568947,0.15181865,25.32831,25.832283,0.4665106,0.03464722,0.41175622,0.51010436,91.949554,2.5117412,86.90626,94.79135,1,1,1,1
0.0,0.0,0.0,0.0,0.0,0.5428761,0.076737896,0.34743288,0.63970965,104.32602,2.8899999,100.16689,111.20343,0,0,1,1
0.0,25.994165,0.18805785,25.74937,26.322733,0.54304755,0.075332835,0.46465075,0.6377224,100.5344,2.6782074,95.52299,106.73918,0,1,1,1
0.016651379,26.15326,0.12060576,25.86379,26.292866,0.5633634,0.080068946,0.3373386,0.6559269,99.9661,1.7881664,96.61571,102.22979,1,1,1,1
0.020089284,26.00751,0.13042942,25.715229,26.213646,0.5201249,0.027360313,0.44583002,0.59696907,100.12674,2.928309,95.394936,106.126625,1,1,1,1
0.0,0.0,0.0,0.0,0.0,0.4959683,0.042982697,0.3776856,0.62086964,96.40037,1.7578763,92.535065,100.19828,0,0,1,1
0.075638205,24.695227,0.09006405,24.475948,24.860224,0.48527396,0.037862226,0.40003073,0.5591815,91.37391,2.7960238,85.42422,95.552216,1,1,1,1
0.0,25.457659,0.077951625,25.263065,25.621485,0.4358598,0.07336721,0.25221568,0.5601059,93.975914,2.1247587,88.87314,97.64287,0,1,1,1
0.0,25.019024,0.1911778,24.629393,25.43382,0.5219234,0.071448706,0.43876514,0.7166781,100.567535,1.9338375,97.85153,105.29219,0,1,1,1
0.0,24.081757,0.124784485,23.816,24.32847,0.53287643,0.07977972,0.31275207,0.68386054,99.27482,1.7764217,96.08737,102.63246,0,1,1,1
0.014636341,24.79613,0.038350835,24.726189,24.863657,0.44066986,0.020879062,0.41102672,0.4901201,108.523186,2.3137486,104.27425,112.14493,1,1,1,1
0.016086811,25.598768,0.1926881,25.153751,25.826437,0.0,0.0,0.0,0.0,0.0,0.0,0.0,0.0,1,1,0,0
0.0,0.0,0.0,0.0,0.0,0.451515,0.064966984,0.31184226,0.6355256,99.091125,2.0498202,94.810616,103.52545,0,0,1,1
0.0,0.0,0.0,0.0,0.0,0.516354,0.054339442,0.37644026,0.5882509,109.402214,1.6901066,105.50735,111.8222,0,0,1,1
0.0,25.486105,0.23918791,24.926786,26.009155,0.4785385,0.04961265,0.41326392,0.553315,97.90008,3.3681793,91.932976,103.34993,0,1,1,1
0.0,25.507862,0.22062446,25.008238,25.839338,0.4855873,0.011955258,0.45125645,0.5069435,94.09529,0.8904148,92.33171,95.91129,0,1,1,1
0.0,0.0,0.0,0.0,0.0,0.48767608,0.06793575,0.34399444,0.6195044,110.867195,3.8298187,104.57056,118.44445,0,0,1,1
0.0,25.943953,0.10533875,25.787895,26.09471,0.5113563,0.033846248,0.43770015,0.57161987,106.51506,1.5086277,103.88534,108.10885,0,1,1,1
0.0,0.0,0.0,0.0,0.0,0.44658864,0.05507274,0.29182652,0.5596378,100.75477,3.1220722,93.51632,107.9541,0,0,1,1
0.09248299,25.631128,0.2527074,25.314621,26.125614,0.49971738,0.040889233,0.4020917,0.55759007,104.55364,1.9382806,101.53591,108.72312,1,1,1,1
0.03622043,25.020136,0.22333248,24.776525,25.410862,0.4776416,0.045307513,0.36697587,0.58133703,104.41288,2.6766524,101.403694,109.16791,1,1,1,1
0.08037512,24.605677,0.07526174,24.513336,24.73412,0.44568965,0.020602839,0.40067127,0.49852347,92.76198,2.3843212,87.181915,97.14122,1,1,1,1
0.0,0.0,0.0,0.0,0.0,0.45006388,0.054125816,0.30664715,0.58557886,102.007034,2.4288628,96.104355,105.89426,0,0,1,1
0.0,0.0,0.0,0.0,0.0,0.52328634,0.063124076,0.4583206,0.60628116,112.375885,1.0948641,111.00914,114.41485,0,0,1,1
0.07394795,25.539696,0.1400896,25.321117,25.685919,0.4773631,0.07755031,0.2723289,0.69412506,107.353806,0.87994665,106.25951,108.281815,1,1,1,1
0.008796165,24.960478,0.13497044,24.638174,25.126219,0.4866582,0.11101847,0.1827939,0.7612805,97.925224,2.1747894,93.0828,100.98423,1,1,1,1
0.028814236,24.127798,0.17668617,23.765152,24.363031,0.41058376,0.047567535,0.34053853,0.48530334,98.563934,1.580678,96.34073,101.270035,1,1,1,1
0.0,25.203585,0.10699782,25.033764,25.378222,0.54446965,0.055757225,0.40663546,0.6773392,104.834206,3.04652,99.347084,111.39723,0,1,1,1
0.057087835,24.618366,0.167117,24.354515,24.919922,0.0,0.0,0.0,0.0,0.0,0.0,0.0,0.0,1,1,0,0
0.11469323,24.713863,0.19786055,24.417461,25.109379,0.0,0.0,0.0,0.0,0.0,0.0,0.0,0.0,1,1,0,0
0.0,0.0,0.0,0.0,0.0,0.39089718,0.06231736,0.29490218,0.47591844,96.99918,1.3354906,94.09343,98.43332,0,0,1,1
0.0,25.182306,0.10316196,25.062656,25.42832,0.4688818,0.058484405,0.36257365,0.58885175,98.53606,2.68941,93.46363,101.631256,0,1,1,1
0.12314909,25.488874,0.21412486,25.214085,25.885546,0.58199644,0.014872165,0.55261284,0.6208039,101.982994,2.395243,99.52764,107.75744,1,1,1,1
0.0008287217,23.511557,0.16814077,23.243275,23.88179,0.0,0.0,0.0,0.0,0.0,0.0,0.0,0.0,1,1,0,0
0.055653185,24.33308,0.15528406,24.17341,24.581215,0.45067042,0.053114053,0.3510912,0.551097,102.057396,3.1498778,97.053894,109.882614,1,1,1,1
0.0,0.0,0.0,0.0,0.0,0.50880134,0.021249132,0.4762469,0.5378611,105.85573,0.91919035,104.92556,107.13444,0,0,1,1
0.08795431,25.746399,0.25716445,25.440117,26.217987,0.4516119,0.039611235,0.33910742,0.5489238,103.37757,1.5348727,100.588356,106.29099,1,1,1,1
0.0,0.0,0.0,0.0,0.0,0.57082623,0.05809152,0.45610043,0.74130386,96.555405,2.2923422,92.17437,100.37386,0,0,1,1
0.0,0.0,0.0,0.0,0.0,0.48960698,0.06400893,0.32321033,0.5692533,97.81015,2.0742576,94.649925,99.916084,0,0,1,1
0.004801545,25.273458,0.07683026,25.131767,25.421682,0.0,0.0,0.0,0.0,0.0,0.0,0.0,0.0,1,1,0,0
0.17692621,25.93559,0.00276796,25.847801,26.004932,0.4994856,0.06000184,0.40853623,0.563085,96.98891,0.9786633,94.71472,99.24919,1,1,1,1
0.0,0.0,0.0,0.0,0.0,0.55807406,0.08115996,0.4018339,0.7162357,100.29976,2.710811,95.76341,106.97373,0,0,1,1
0.0,0.0,0.0,0.0,0.0,0.45409495,0.06345217,0.3460816,0.5449013,91.40447,1.15052,89.633156,93.66422,0,0,1,1
0.047757514,25.41334,0.15718317,25.109663,25.737564,0.37762633,0.058348063,0.27740577,0.47949097,97.25941,1.2732342,95.053535,99.969315,1,1,1,1
0.0,24.873936,0.18739878,24.62526,25.18769,0.43335134,0.060722135,0.25762868,0.5334612,100.24056,0.73213047,98.85351,101.837456,0,1,1,1
0.0,24.917393,0.14162417,24.623268,25.183456,0.48088968,0.045668866,0.36779353,0.5500586,96.38063,1.0170026,93.963745,98.14596,0,1,1,1
0.19548294,25.056429,0.041067965,24.988274,25.11956,0.0,0.0,0.0,0.0,0.0,0.0,0.0,0.0,1,1,0,0
0.018072799,25.12309,0.19477564,24.88953,25.374157,0.0,0.0,0.0,0.0,0.0,0.0,0.0,0.0,1,1,0,0
0.21156098,25.002281,0.17951873,24.73289,25.307522,0.49656758,0.0465726,0.37630454,0.5813659,91.79438,2.0159314,87.13834,95.991196,1,1,1,1
0.04286619,25.309353,0.12327467,25.145699,25.441868,0.5332307,0.03066875,0.46175638,0.5983962,91.782074,2.5337007,88.998665,94.878296,1,1,1,1
0.00564967,24.294695,0.18406875,23.910233,24.751928,0.0,0.0,0.0,0.0,0.0,0.0,0.0,0.0,1,1,0,0
0.035546288,25.178196,0.20828566,24.924307,25.597767,0.4326469,0.019394781,0.40165538,0.45686734,103.83279,2.5552392,99.84595,108.56824,1,1,1,1
0.0,24.89547,0.18591338,24.64617,25.322874,0.5516067,0.05504394,0.4352633,0.6790966,100.15874,1.6473758,97.99591,103.46094,0,1,1,1
0.062309496,25.353346,0.09691974,25.151707,25.52281,0.0,0.0,0.0,0.0,0.0,0.0,0.0,0.0,1,1,0,0
0.021876207,25.263855,0.083152734,25.132195,25.451729,0.47048616,0.036161724,0.4222307,0.56948704,100.01042,3.1440995,96.36994,106.91666,1,1,1,1
0.016870672,24.575665,0.15130536,24.198975,24.82145,0.49789545,0.036702126,0.44260386,0.59670746,100.52949,1.7497785,96.80515,102.7394,1,1,1,1
0.0,24.403364,0.2101709,23.919327,24.845583,0.5291065,0.06717867,0.33205184,0.60126823,97.11477,3.3306627,92.08599,102.03374,0,1,1,1
0.32681483,24.560944,0.18115817,24.209484,24.796577,0.0,0.0,0.0,0.0,0.0,0.0,0.0,0.0,1,1,0,0
0.0,0.0,0.0,0.0,0.0,0.5223697,0.043720115,0.42273265,0.6211144,94.22782,3.3474245,87.2957,102.13279,0,0,1,1
0.3401405,25.464863,0.21214226,25.067604,25.937109,0.0,0.0,0.0,0.0,0.0,0.0,0.0,0.0,1,1,0,0
0.051432062,25.315107,0.11180669,25.19751,25.568443,0.0,0.0,0.0,0.0,0.0,0.0,0.0,0.0,1,1,0,0
0.0,0.0,0.0,0.0,0.0,0.5164229,0.068260536,0.34744254,0.70747334,102.60511,3.0578628,98.21812,110.136826,0,0,1,1
0.021488246,26.114754,0.12048774,25.824293,26.356756,0.47905412,0.080721766,0.34505558,0.6467119,106.939186,2.5734544,101.287056,110.52308,1,1,1,1
0.060098868,24.838215,0.1421858,24.610264,25.104048,0.0,0.0,0.0,0.0,0.0,0.0,0.0,0.0,1,1,0,0
0.0,0.0,0.0,0.0,0.0,0.5312885,0.06474179,0.43100807,0.6303962,94.74656,2.1780536,91.46243,97.69174,0,0,1,1
0.0,0.0,0.0,0.0,0.0,0.5995596,0.042756572,0.50610614,0.69258976,94.61866,2.233625,90.67076,99.640236,0,0,1,1
0.0,24.491564,0.095694125,24.289843,24.612658,0.5901668,0.08730321,0.48467562,0.7510419,96.660934,2.5292978,93.13997,102.69726,0,1,1,1
0.0,0.0,0.0,0.0,0.0,0.5108414,0.09555703,0.2969728,0.71306556,101.56868,1.3111432,100.139305,103.268585,0,0,1,1
0.0,26.321602,0.17056449,26.120073,26.59703,0.537098,0.04529628,0.40876633,0.66494703,99.33152,2.712241,93.72464,103.4951,0,1,1,1
0.007907367,24.961279,0.13582705,24.626427,25.110855,0.5506693,0.05538903,0.38927153,0.66653234,100.219635,1.6800046,97.278564,102.049126,1,1,1,1
0.0,0.0,0.0,0.0,0.0,0.42332357,0.034836315,0.38812226,0.5250228,104.22667,1.9974912,100.94897,106.64597,0,0,1,1
0.033729773,25.164743,0.17467555,24.770765,25.390978,0.0,0.0,0.0,0.0,0.0,0.0,0.0,0.0,1,1,0,0
0.0,0.0,0.0,0.0,0.0,0.49834624,0.04844156,0.4321402,0.6299075,104.38138,0.87719,103.41187,106.52649,0,0,1,1
0.038563415,23.93773,0.11154477,23.7924,24.131105,0.5215264,0.07297024,0.34221908,0.6460125,100.72561,2.335964,97.19936,103.24038,1,1,1,1
0.0,24.248589,0.1860508,23.862638,24.446415,0.45236015,0.039927837,0.37742326,0.54767656,105.468956,1.1949484,103.643715,106.77029,0,1,1,1
0.011612314,25.7683,0.06851986,25.677254,25.93542,0.0,0.0,0.0,0.0,0.0,0.0,0.0,0.0,1,1,0,0
0.059802666,24.143656,0.16300775,23.848616,24.367,0.0,0.0,0.0,0.0,0.0,0.0,0.0,0.0,1,1,0,0
0.0,0.0,0.0,0.0,0.0,0.55112064,0.025512936,0.48710874,0.5874349,104.15741,0.58811224,103.50816,105.50658,0,0,1,1
0.0,25.366016,0.12679438,25.08065,25.495289,0.43553245,0.04799985,0.3030261,0.48782304,105.00174,1.2506615,103.11012,106.79755,0,1,1,1
0.0,24.935963,0.1424419,24.639675,25.148989,0.4755827,0.038656052,0.40935186,0.56398237,97.33718,2.766509,93.327576,102.02188,0,1,1,1
0.043541916,25.395187,0.181037,24.977928,25.770374,0.0,0.0,0.0,0.0,0.0,0.0,0.0,0.0,1,1,0,0
0.10292625,24.200556,0.14306612,24.024117,24.501402,0.4761031,0.06933162,0.36966637,0.6256204,95.99324,2.5081801,92.02719,99.38325,1,1,1,1
0.0,0.0,0.0,0.0,0.0,0.4923351,0.076434225,0.40396446,0.60627013,101.99371,0.8255413,100.15001,103.08995,0,0,1,1
0.03616648,25.863302,0.104416326,25.693352,26.119328,0.5072962,0.04410983,0.41574064,0.5743918,97.10227,2.029172,94.382805,100.93495,1,1,1,1
0.20543139,25.139362,0.11413,24.859598,25.370289,0.45997652,0.023229709,0.42482173,0.51507306,105.02545,2.8423262,100.48256,110.835014,1,1,1,1
0.0,0.0,0.0,0.0,0.0,0.43784115,0.03634709,0.38318026,0.49049163,100.460045,1.037614,98.13061,102.02634,0,0,1,1
0.0,0.0,0.0,0.0,0.0,0.45833278,0.03647636,0.35728583,0.54514414,105.53165,1.1202189,103.15108,108.177185,0,0,1,1
0.042881656,24.582539,0.13420495,24.324045,24.819378,0.5617101,0.046461772,0.49605083,0.67326474,102.772835,0.9949623,100.52492,104.953064,1,1,1,1
0.0,0.0,0.0,0.0,0.0,0.5528886,0.098429106,0.28561193,0.7340551,94.8809,1.4815792,92.14436,96.675934,0,0,1,1
0.012795505,25.27112,0.14291832,25.09222,25.565332,0.44745454,0.052382573,0.30422094,0.5268643,94.731445,1.7196056,90.57173,98.51882,1,1,1,1
0.0,0.0,0.0,0.0,0.0,0.49563214,0.0015239699,0.4812278,0.52051157,100.7374,1.4936434,97.70882,102.65805,0,0,1,1
0.0,24.529968,0.24533094,24.136705,24.976288,0.5233201,0.01294581,0.4997776,0.55010647,99.979454,3.5437932,96.20199,108.572075,0,1,1,1
0.040958777,23.8161,0.16745917,23.604437,24.061806,0.5031548,0.06940802,0.40540758,0.6875081,95.060425,1.9245125,91.114815,97.86185,1,1,1,1
0.0,24.794329,0.15590665,24.43106,25.14091,0.6125538,0.033205047,0.5383746,0.692904,100.65648,1.7362028,98.67543,103.28104,0,1,1,1
0.22853549,24.779327,0.22106513,24.462656,25.084106,0.44796136,0.05363475,0.32606992,0.5572967,103.63549,2.6286867,100.96231,106.84746,1,1,1,1
0.0,25.67954,0.10564381,25.45225,25.8819,0.4759169,0.023184286,0.42274,0.50926685,88.64632,2.0716753,85.846725,92.31416,0,1,1,1
0.04483271,25.77048,0.15149485,25.56724,25.92877,0.5285093,0.026934184,0.45956337,0.5835963,97.898254,1.5163385,94.571106,100.50852,1,1,1,1
0.0004779418,24.287249,0.18035728,23.968107,24.667017,0.57167727,0.015293097,0.5476191,0.59659475,110.791306,1.6917813,106.981804,114.03488,1,1,1,1
0.0,0.0,0.0,0.0,0.0,0.46369636,0.017562786,0.43473732,0.5038024,100.22874,1.4147981,97.66559,102.19751,0,0,1,1
0.0,0.0,0.0,0.0,0.0,0.51666397,0.038736682,0.47549635,0.6082935,108.40034,1.226774,105.88819,111.033005,0,0,1,1
0.019508025,24.872713,0.06088205,24.769857,24.979782,0.0,0.0,0.0,0.0,0.0,0.0,0.0,0.0,1,1,0,0
0.029775541,25.202242,0.11734837,24.911104,25.326553,0.0,0.0,0.0,0.0,0.0,0.0,0.0,0.0,1,1,0,0
0.0,25.63056,0.12391083,25.452253,25.85581,0.52352446,0.08451197,0.37041238,0.7234691,102.13958,1.6990364,98.87586,105.7088,0,1,1,1
0.0,0.0,0.0,0.0,0.0,0.40691903,0.03632669,0.3206626,0.45757592,96.23534,3.8630567,88.61908,105.79815,0,0,1,1
0.00592999,25.275715,0.26827595,24.882452,25.6308,0.5008337,0.0434504,0.40050095,0.5667419,99.577156,2.339635,96.49511,103.86874,1,1,1,1
0.19729687,24.144262,0.1245263,23.901558,24.303331,0.39451805,0.024852129,0.362972,0.4591113,105.065704,1.7066721,102.85646,107.48387,1,1,1,1
0.03951261,25.852358,0.21186304,25.389034,26.31811,0.0,0.0,0.0,0.0,0.0,0.0,0.0,0.0,1,1,0,0
0.0115061635,24.431595,0.15338501,24.202473,24.598537,0.46655867,0.06323476,0.3705885,0.606987,98.3989,3.2225084,93.985344,104.91085,1,1,1,1
0.100353256,25.599209,0.08403179,25.50632,25.692625,0.0,0.0,0.0,0.0,0.0,0.0,0.0,0.0,1,1,0,0
0.0,24.593016,0.12190176,24.43905,24.813438,0.5609889,0.055036765,0.50078064,0.64573586,92.44345,0.38171396,91.628105,93.38118,0,1,1,1
0.046751264,25.295519,0.16455868,24.976166,25.51161,0.44433585,0.055054083,0.29830295,0.6077056,108.589226,1.9663458,104.41168,110.65723,1,1,1,1
0.14325184,24.714573,0.15748093,24.526234,24.994987,0.48879066,0.049593717,0.3466378,0.61403483,105.6344,1.6173173,102.96559,107.83421,1,1,1,1
0.0,0.0,0.0,0.0,0.0,0.4979523,0.049956407,0.38097596,0.5635894,99.46817,2.3734176,94.58843,104.6115,0,0,1,1
0.038355887,24.782608,0.102348484,24.66553,24.927511,0.52489257,0.047408596,0.42988962,0.66300136,102.51531,2.042438,99.93128,105.61273,1,1,1,1
0.0,0.0,0.0,0.0,0.0,0.532251,0.01928262,0.47911114,0.5881093,100.69761,0.2062923,99.81157,101.54147,0,0,1,1
0.0016699168,24.843386,0.05094846,24.749681,24.95157,0.5333183,0.07051884,0.38973933,0.61322886,106.24509,2.0015187,103.452034,110.81299,1,1,1,1
0.022671506,26.055475,0.20091012,25.643814,26.440798,0.4476251,0.028809931,0.36720085,0.49232855,98.53688,1.2860054,96.04357,100.783104,1,1,1,1
0.03378433,25.026724,0.05477194,24.947401,25.099895,0.0,0.0,0.0,0.0,0.0,0.0,0.0,0.0,1,1,0,0
0.0,25.017357,0.19934793,24.80934,25.275331,0.46277055,0.04507002,0.38263834,0.5676005,95.87922,0.97458065,93.5879,97.679436,0,1,1,1
0.0,25.559732,0.13986808,25.232815,25.892113,0.48706943,0.05680433,0.36249134,0.6205894,102.74305,2.5414076,97.37363,108.69582,0,1,1,1
0.0,0.0,0.0,0.0,0.0,0.5455237,0.051688533,0.42870843,0.62106746,97.83295,1.4165531,95.998146,100.2633,0,0,1,1
0.0,24.490004,0.116579376,24.35923,24.724258,0.44987908,0.039690103,0.37097856,0.5426169,105.2654,2.9572275,98.85077,109.8817,0,1,1,1
0.11179845,24.400692,0.12315222,24.253363,24.554668,0.0,0.0,0.0,0.0,0.0,0.0,0.0,0.0,1,1,0,0
0.023010612,25.48911,0.21360676,25.264238,25.7473,0.0,0.0,0.0,0.0,0.0,0.0,0.0,0.0,1,1,0,0
0.0,25.345562,0.17055023,25.173916,25.693237,0.53312284,0.04251084,0.4265698,0.64110464,104.279945,3.3495588,99.71028,110.80928,0,1,1,1
0.010677841,25.061659,0.11340803,24.823727,25.28831,0.0,0.0,0.0,0.0,0.0,0.0,0.0,0.0,1,1,0,0
0.0,0.0,0.0,0.0,0.0,0.53920853,0.036399808,0.46154812,0.580409,102.18247,2.5599706,96.08472,107.3877,0,0,1,1
0.1635587,25.931273,0.21831329,25.551535,26.402887,0.53223825,0.046900846,0.45741528,0.5842555,106.80988,2.5506575,103.602264,112.80843,1,1,1,1
0.0032624032,26.301218,0.17747672,25.983366,26.547768,0.0,0.0,0.0,0.0,0.0,0.0,0.0,0.0,1,1,0,0
0.0,24.671852,0.15366478,24.511904,24.851486,0.48892948,0.023707705,0.43564117,0.5541252,93.64093,1.1025623,91.3052,95.94917,0,1,1,1
0.0,0.0,0.0,0.0,0.0,0.52979285,0.05022522,0.42527404,0.6285892,102.0391,3.148231,98.28959,109.78427,0,0,1,1
0.0027538165,24.83253,0.13305257,24.693657,25.002869,0.45570844,0.08719981,0.33677837,0.63996166,103.236084,2.696397,97.37969,109.229675,1,1,1,1
0.0,26.342373,0.18197373,25.93758,26.528448,0.48898414,0.050128546,0.34371167,0.5394846,95.843735,1.7553223,92.58652,99.82198,0,1,1,1
0.047234964,24.506283,0.15645622,24.304634,24.777826,0.0,0.0,0.0,0.0,0.0,0.0,0.0,0.0,1,1,0,0
0.0,25.365887,0.15526077,24.981089,25.699343,0.55971783,0.012157297,0.53881454,0.5760866,91.75447,2.0968964,87.12685,93.92012,0,1,1,1
0.0070456797,25.030922,0.16457686,24.753548,25.235476,0.0,0.0,0.0,0.0,0.0,0.0,0.0,0.0,1,1,0,0
0.0,25.336935,0.1297925,25.13815,25.55656,0.5486741,0.021658221,0.5153748,0.5894477,104.618645,1.5142208,102.917046,106.98811,0,1,1,1
0.0,24.448305,0.06285047,24.317812,24.514,0.4897284,0.063003816,0.38566262,0.6187168,97.855255,0.46920046,97.18988,99.0758,0,1,1,1
0.0,0.0,0.0,0.0,0.0,0.527832,0.04358939,0.44853097,0.6080761,96.105095,2.6464226,90.451675,101.13786,0,0,1,1
0.0,0.0,0.0,0.0,0.0,0.52663666,0.040324144,0.42341343,0.64645004,98.05075,2.3443274,94.48849,103.0494,0,0,1,1
0.001588761,24.509264,0.12355179,24.206463,24.758184,0.0,0.0,0.0,0.0,0.0,0.0,0.0,0.0,1,1,0,0
0.0,0.0,0.0,0.0,0.0,0.39213908,0.029145755,0.31903923,0.47281033,102.7606,2.5895357,99.94614,108.19489,0,0,1,1
0.12510951,25.07374,0.15819421,24.902817,25.365318,0.45598903,0.0453173,0.3463517,0.50267804,100.48476,1.9518387,96.96168,103.82901,1,1,1,1
0.0045806644,24.42064,0.16134486,24.065498,24.713854,0.54138887,0.035348453,0.49929813,0.61433405,102.9092,1.3546723,99.60252,105.80887,1,1,1,1
0.0,0.0,0.0,0.0,0.0,0.4716458,0.015458212,0.44831973,0.4973165,108.37991,2.0621905,106.20689,112.76667,0,0,1,1
0.029710712,24.250835,0.0903462,24.127054,24.4569,0.5393244,0.05796715,0.46589848,0.6511396,105.943085,2.0794277,103.506424,110.592865,1,1,1,1
0.2525894,24.144173,0.097299434,23.904524,24.334488,0.0,0.0,0.0,0.0,0.0,0.0,0.0,0.0,1,1,0,0
0.0,0.0,0.0,0.0,0.0,0.5691759,0.040233277,0.449325,0.6263322,105.943,2.1621401,102.442055,111.050476,0,0,1,1
0.038906805,23.947678,0.15845092,23.781937,24.145262,0.54273033,0.026599487,0.51318926,0.5840628,103.03955,1.8169742,100.36203,105.4674,1,1,1,1
0.07554245,24.738958,0.09749187,24.548244,24.929901,0.0,0.0,0.0,0.0,0.0,0.0,0.0,0.0,1,1,0,0
0.012824963,24.852972,0.13870806,24.675375,25.064714,0.452876,0.047556505,0.3206349,0.53632766,105.926346,1.07985,103.84668,107.33159,1,1,1,1
0.3449632,25.252491,0.12886798,24.995031,25.45629,0.49817374,0.05077856,0.3506707,0.56622857,94.85195,2.2353337,92.49926,97.58866,1,1,1,1
0.039382357,24.849535,0.11653386,24.696653,25.070265,0.44278377,0.04990759,0.39045125,0.53342587,100.48121,1.7288371,96.77335,104.72228,1,1,1,1
0.019282416,24.821266,0.2184137,24.276304,25.064157,0.5331785,0.032397848,0.47089687,0.5857793,96.071785,2.4459622,93.28532,99.46942,1,1,1,1
0.040804807,25.586113,0.2218147,25.221497,25.874474,0.0,0.0,0.0,0.0,0.0,0.0,0.0,0.0,1,1,0,0
0.05252516,26.10854,0.17440636,25.701677,26.493277,0.0,0.0,0.0,0.0,0.0,0.0,0.0,0.0,1,1,0,0
0.0,23.742285,0.16043656,23.423016,23.903887,0.5015147,0.017555177,0.46357664,0.5282204,101.61635,1.8716062,97.266014,105.620056,0,1,1,1
0.0,0.0,0.0,0.0,0.0,0.52377933,0.055655256,0.46066254,0.6878245,98.12523,3.1850696,91.8345,103.680214,0,0,1,1
0.017497009,24.079594,0.15867466,23.75748,24.375168,0.5876795,0.08747944,0.33667287,0.753492,101.608795,1.3421928,98.816864,103.877335,1,1,1,1
0.0,0.0,0.0,0.0,0.0,0.54985243,0.040165517,0.4831252,0.597981,100.41528,1.8542919,97.70926,103.66562,0,0,1,1
0.006198342,24.756052,0.17587894,24.39027,24.981892,0.5064576,0.053569518,0.36231482,0.6395789,95.2421,1.8045202,91.17361,97.45494,1,1,1,1
0.0,25.052263,0.14715582,24.724321,25.355886,0.49644843,0.043334752,0.42025676,0.58324385,112.59378,0.97973096,110.79758,114.6176,0,1,1,1
0.0,0.0,0.0,0.0,0.0,0.51346356,0.054593466,0.3591491,0.5917459,101.84828,2.6566703,98.41682,106.32853,0,0,1,1
0.03734887,24.277227,0.20152433,24.005001,24.681358,0.0,0.0,0.0,0.0,0.0,0.0,0.0,0.0,1,1,0,0
0.0,0.0,0.0,0.0,0.0,0.4284055,0.04964288,0.34191453,0.50118464,91.9064,1.5068232,88.31063,95.30029,0,0,1,1
0.00044711778,24.632145,0.26584366,23.999681,25.233028,0.42908788,0.043495562,0.36620814,0.5529039,99.68016,1.3841637,97.38982,102.23281,1,1,1,1
0.0,0.0,0.0,0.0,0.0,0.53416926,0.0674215,0.410801,0.71607614,97.05076,2.438004,93.723175,102.51651,0,0,1,1
0.015563833,24.841383,0.14664358,24.678019,25.06151,0.5054464,0.051314257,0.37090912,0.6547969,90.39325,2.5203717,87.376366,95.53031,1,1,1,1
0.0,0.0,0.0,0.0,0.0,0.39525595,0.06787734,0.22166736,0.56850326,98.6812,1.9760327,93.94288,102.526695,0,0,1,1
0.07711038,24.317507,0.14855456,23.991108,24.661253,0.57169837,0.057179347,0.47179553,0.6735825,99.16771,1.9862223,94.905266,102.75182,1,1,1,1
0.02202221,23.844599,0.15784515,23.581524,24.074286,0.48005477,0.013664109,0.46101034,0.5139446,99.8429,2.4838333,96.54901,102.748856,1,1,1,1
0.0,0.0,0.0,0.0,0.0,0.55418265,0.07302482,0.47020367,0.6636669,105.537636,1.6439149,103.197975,108.49777,0,0,1,1
0.0,23.814932,0.14549986,23.507662,24.106133,0.42659208,0.058777142,0.3305977,0.5548134,104.32829,1.577374,101.17682,106.95229,0,1,1,1
0.0,25.162312,0.119345576,24.954594,25.412098,0.5989684,0.07886204,0.404504,0.7519226,102.00333,1.3743025,99.9594,103.60504,0,1,1,1
0.011513467,23.812387,0.09325937,23.677616,24.031023,0.0,0.0,0.0,0.0,0.0,0.0,0.0,0.0,1,1,0,0
0.0,0.0,0.0,0.0,0.0,0.5613885,0.04525934,0.4335681,0.68459153,104.8935,1.8505796,102.2879,108.572235,0,0,1,1
0.026912706,24.090792,0.18682258,23.76769,24.553843,0.0,0.0,0.0,0.0,0.0,0.0,0.0,0.0,1,1,0,0
0.0,0.0,0.0,0.0,0.0,0.5282819,0.05229763,0.39193732,0.6603668,102.04617,2.0628216,98.612885,105.094734,0,0,1,1
0.014634294,25.255932,0.06316649,25.18448,25.413326,0.46621466,0.037347134,0.42287716,0.5677464,97.24476,2.9127214,93.32135,101.69369,1,1,1,1
0.0,0.0,0.0,0.0,0.0,0.51939034,0.015224225,0.48307517,0.5533097,101.61783,1.2462463,99.327545,103.29258,0,0,1,1
0.028186314,24.39712,0.19955614,23.900274,24.829908,0.0,0.0,0.0,0.0,0.0,0.0,0.0,0.0,1,1,0,0
0.0,0.0,0.0,0.0,0.0,0.55340147,0.038858034,0.45515057,0.6450986,106.44964,1.2404112,103.88883,109.02362,0,0,1,1
0.0,0.0,0.0,0.0,0.0,0.47541788,0.035580087,0.4216618,0.5240648,100.78199,1.3581209,97.99858,103.856865,0,0,1,1
0.13622645,24.74095,0.16217045,24.521341,25.005888,0.0,0.0,0.0,0.0,0.0,0.0,0.0,0.0,1,1,0,0
0.0,25.765797,0.15453169,25.388887,26.093472,0.5972444,0.056820508,0.52020127,0.7020363,100.71955,1.1964866,98.19855,102.134155,0,1,1,1
0.0,0.0,0.0,0.0,0.0,0.46935353,0.039295666,0.35192,0.5209924,103.221825,1.7657589,99.167305,105.41722,0,0,1,1
0.0,0.0,0.0,0.0,0.0,0.5551502,0.036413625,0.47268808,0.6028297,102.225624,3.3799033,96.196236,105.75997,0,0,1,1
0.044859853,25.00147,0.14686468,24.844612,25.205706,0.50849295,0.059497837,0.44538632,0.6097571,106.59391,2.400538,101.216354,110.73549,1,1,1,1
0.0,0.0,0.0,0.0,0.0,0.55267483,0.044042896,0.44185567,0.6728333,110.44937,0.268049,109.61178,110.96314,0,0,1,1
0.0,0.0,0.0,0.0,0.0,0.6018199,0.06027531,0.49947613,0.7453578,102.67258,3.1992664,99.3162,110.06876,0,0,1,1
0.025089951,25.205618,0.17242832,24.9293,25.402447,0.46951345,0.043492924,0.3672377,0.55168635,89.26084,2.1791804,86.91314,92.729294,1,1,1,1
0.0,0.0,0.0,0.0,0.0,0.5709905,0.076888055,0.368118,0.7642742,103.8592,2.8978395,100.77996,108.65862,0,0,1,1
0.0,0.0,0.0,0.0,0.0,0.5137081,0.027528415,0.481618,0.5746335,102.085815,3.0875273,97.38957,107.002,0,0,1,1
0.0,0.0,0.0,0.0,0.0,0.46757004,0.035456724,0.37685826,0.5117404,96.16293,1.8581885,92.11108,99.01135,0,0,1,1
0.0,24.92151,0.08545721,24.767216,25.04531,0.49630773,0.0833814,0.39105105,0.73639685,103.97388,1.9907458,99.161476,106.36113,0,1,1,1
0.049694635,24.392761,0.13728876,24.107943,24.563145,0.5067732,0.0410863,0.41426837,0.6288592,95.85789,3.4285798,88.1886,103.78115,1,1,1,1
0.018832697,25.329926,0.14501886,25.126938,25.65842,0.0,0.0,0.0,0.0,0.0,0.0,0.0,0.0,1,1,0,0
0.0,0.0,0.0,0.0,0.0,0.43372563,0.0334981,0.359441,0.5149335,97.109604,2.68229,90.86811,99.83825,0,0,1,1
0.047547918,24.272701,0.2310028,23.75566,24.57017,0.5236397,0.06124088,0.3700088,0.5882006,105.86176,1.5636905,104.28395,109.66306,1,1,1,1
0.0076924847,24.20627,0.16605575,24.00395,24.550947,0.5404689,0.04955363,0.47487718,0.6154214,103.49507,1.4005896,99.994064,105.60035,1,1,1,1
0.06697122,25.592812,0.06438273,25.464344,25.675348,0.0,0.0,0.0,0.0,0.0,0.0,0.0,0.0,1,1,0,0
0.0,0.0,0.0,0.0,0.0,0.42788035,0.053235713,0.33236536,0.5433622,106.14279,2.0074537,101.54694,109.64906,0,0,1,1
0.0,24.446737,0.22174928,24.181293,24.7657,0.5149231,0.048558097,0.44524917,0.63167095,108.18657,2.1950023,104.91713,111.92847,0,1,1,1
0.06381436,24.524405,0.20634349,24.261087,24.814497,0.0,0.0,0.0,0.0,0.0,0.0,0.0,0.0,1,1,0,0
0.10048658,25.048443,0.19777925,24.58731,25.3396,0.56702995,0.06807165,0.4249839,0.63576436,101.72885,1.6711752,99.63743,103.76945,1,1,1,1
0.001559582,24.77286,0.15264885,24.488712,24.968351,0.0,0.0,0.0,0.0,0.0,0.0,0.0,0.0,1,1,0,0
0.0,0.0,0.0,0.0,0.0,0.566661,0.026254568,0.48890436,0.62473875,103.16034,1.7984211,99.75838,105.66846,0,0,1,1
0.0,25.742655,0.13544843,25.454088,25.900387,0.4849988,0.088541456,0.3838538,0.74839115,108.15721,2.2723022,103.81293,113.09187,0,1,1,1
0.0,25.251856,0.050114308,25.149076,25.319546,0.5507994,0.051991332,0.41513908,0.6954467,105.21876,2.0113037,100.74481,109.26781,0,1,1,1
0.048282392,24.566694,0.26199389,24.195723,24.937698,0.43729633,0.07230953,0.27889282,0.64969677,98.41403,2.9679441,93.109276,102.661064,1,1,1,1
0.0,24.681772,0.22047833,24.209423,25.0811,0.54025745,0.018375752,0.48668486,0.5788705,98.19706,3.0775235,93.75197,103.29621,0,1,1,1
0.0,25.02574,0.18642195,24.747627,25.34958,0.5778709,0.052154046,0.503172,0.6352883,100.636,1.9628528,98.40852,103.33421,0,1,1,1
0.04335593,25.0897,0.15576203,24.81076,25.410381,0.0,0.0,0.0,0.0,0.0,0.0,0.0,0.0,1,1,0,0
0.2014482,24.289915,0.15032332,23.950714,24.53595,0.46762303,0.044040453,0.3700044,0.52902234,104.349,1.6000986,101.67259,106.67486,1,1,1,1
0.0,24.83551,0.10537661,24.727457,24.977894,0.51905924,0.012037001,0.48384726,0.5350153,108.00717,3.527454,102.64591,114.72588,0,1,1,1
0.04271731,23.87451,0.08223204,23.75191,24.058226,0.46369255,0.089328445,0.21997416,0.644242,99.247536,2.6317186,96.33504,103.84668,1,1,1,1
0.029556427,25.485977,0.19549169,25.044668,25.830881,0.51379377,0.04926401,0.39779088,0.64813364,105.85992,1.7313678,101.75585,108.68021,1,1,1,1
0.18187968,24.080408,0.21868491,23.684834,24.44526,0.544343,0.031077804,0.46263877,0.57996356,109.17609,2.0443006,104.19875,114.24836,1,1,1,1
0.201472,24.775204,0.11863514,24.598907,24.962767,0.0,0.0,0.0,0.0,0.0,0.0,0.0,0.0,1,1,0,0
0.0,24.504543,0.13957745,24.354898,24.757189,0.4277108,0.05635592,0.32271993,0.5203371,109.30253,0.1716573,108.3862,109.91657,0,1,1,1
0.0,0.0,0.0,0.0,0.0,0.49980778,0.06879302,0.32715398,0.6023894,94.898346,1.1680261,92.71513,96.61966,0,0,1,1
0.0,0.0,0.0,0.0,0.0,0.49216366,0.03698212,0.4329482,0.56995946,97.17983,1.476312,95.59775,99.142525,0,0,1,1
0.30391014,24.897839,0.17009485,24.533167,25.069422,0.0,0.0,0.0,0.0,0.0,0.0,0.0,0.0,1,1,0,0
0.27986023,24.781122,0.20066422,24.48697,25.262678,0.5132723,0.041171566,0.4218739,0.57819223,100.00891,1.943203,96.94971,102.94703,1,1,1,1
0.0,0.0,0.0,0.0,0.0,0.45875195,0.05925031,0.29765022,0.5391286,98.03728,4.0325584,93.27767,102.45663,0,0,1,1
0.023782559,24.149454,0.16965684,23.842094,24.564482,0.45825976,0.035695165,0.36607486,0.5082133,102.54804,1.6259183,100.6291,105.2849,1,1,1,1
0.0,25.141722,0.13276829,24.926605,25.303509,0.5245857,0.045979913,0.4758947,0.6096446,100.34521,1.5995142,96.62725,102.4525,0,1,1,1
0.0,24.997013,0.12126653,24.742088,25.222672,0.48038974,0.086867236,0.25291702,0.6382938,105.7988,1.4983664,102.89794,107.637726,0,1,1,1
0.018928787,24.444515,0.16698375,24.031404,24.687164,0.5770237,0.062022746,0.4752103,0.6594,109.32081,2.6571074,104.173355,112.777504,1,1,1,1
0.026656035,25.065554,0.20550255,24.717785,25.433737,0.43434718,0.08287186,0.23071335,0.6450957,108.96316,2.2293308,105.107025,113.66482,1,1,1,1
0.01324841,24.935856,0.19289857,24.608437,25.321838,0.47594947,0.06841851,0.3209152,0.5817094,107.76512,3.9902914,101.88287,113.43297,1,1,1,1
0.20858926,25.36314,0.24492712,24.940357,25.76792,0.0,0.0,0.0,0.0,0.0,0.0,0.0,0.0,1,1,0,0
0.0,0.0,0.0,0.0,0.0,0.536356,0.04137347,0.4163742,0.5971229,98.9689,3.2448583,93.18052,106.573135,0,0,1,1
0.0,24.943703,0.04220908,24.82247,25.043541,0.45397276,0.047848284,0.39643317,0.58473384,99.97869,2.6467025,94.50281,104.41692,0,1,1,1
0.0,0.0,0.0,0.0,0.0,0.51533514,0.021491425,0.49368376,0.56731206,99.664764,2.9209812,93.19635,103.333435,0,0,1,1
0.055094715,25.908215,0.09594817,25.739367,26.14382,0.0,0.0,0.0,0.0,0.0,0.0,0.0,0.0,1,1,0,0
0.049351476,26.031319,0.14754267,25.781315,26.209091,0.49595663,0.058436513,0.33269238,0.61544716,104.71818,1.0772711,103.57242,106.917786,1,1,1,1
0.0,0.0,0.0,0.0,0.0,0.49591637,0.04059215,0.3920144,0.6094607,93.70656,2.3214378,89.74771,98.70061,0,0,1,1
0.1112937,24.932344,0.18382941,24.490108,25.12101,0.5482409,0.06924252,0.38640445,0.74798435,98.1373,0.8063613,97.13977,99.14991,1,1,1,1
0.0,24.684237,0.10159921,24.47164,24.892357,0.40514302,0.039457083,0.3357922,0.49454758,98.34865,1.517518,96.63969,101.7793,0,1,1,1
0.0,0.0,0.0,0.0,0.0,0.47135964,0.038897507,0.3776236,0.5102683,115.834206,1.7673641,113.009186,119.036804,0,0,1,1
0.0,0.0,0.0,0.0,0.0,0.57811856,0.06995097,0.3891505,0.7085324,99.318794,1.6380211,95.92917,102.20989,0,0,1,1
0.15069517,25.90649,0.1665813,25.566904,26.178333,0.0,0.0,0.0,0.0,0.0,0.0,0.0,0.0,1,1,0,0
0.035527263,25.243412,0.14100319,24.955666,25.530497,0.5272021,0.017626548,0.4783793,0.54749507,107.32868,2.5077217,102.95776,113.30923,1,1,1,1
0.04402937,24.62612,0.17663088,24.399508,24.807539,0.0,0.0,0.0,0.0,0.0,0.0,0.0,0.0,1,1,0,0
0.042528808,24.071712,0.06868415,23.9236,24.209059,0.5324362,0.04529767,0.47063452,0.64829886,105.13241,1.3332101,102.3286,108.44865,1,1,1,1
0.0,0.0,0.0,0.0,0.0,0.44356287,0.025187379,0.38490883,0.46917582,100.70888,2.3692846,97.91445,104.631546,0,0,1,1
0.0,24.653908,0.055393722,24.583298,24.759308,0.43999454,0.027448377,0.3634528,0.51586473,104.059494,1.9268013,101.05953,108.65182,0,1,1,1
0.024245651,25.494448,0.19777445,25.021358,25.743238,0.50248575,0.083976984,0.3507769,0.6325461,91.45865,0.998498,89.35089,93.62313,1,1,1,1
0.0185896,24.822817,0.18401602,24.38042,25.101145,0.51473665,0.00043035144,0.4924407,0.52698106,100.81052,2.0712798,96.350716,105.21987,1,1,1,1
0.0,25.039406,0.08391814,24.924294,25.237978,0.50259405,0.08683734,0.35334247,0.70645684,97.22417,2.281633,94.39104,101.59664,0,1,1,1
0.0,25.951864,0.13739173,25.610954,26.291565,0.48898625,0.043829713,0.42326993,0.55248344,110.5151,1.7993789,106.713455,112.59655,0,1,1,1
0.017577512,24.21744,0.24554445,23.971693,24.593412,0.55012137,0.040422555,0.4635785,0.66954345,93.34649,2.1645331,88.96125,97.453835,1,1,1,1
0.019122925,24.971796,0.13436873,24.801281,25.150385,0.536784,0.03637315,0.4943657,0.57962036,105.68677,2.636421,99.18151,108.37066,1,1,1,1
0.3344563,25.25569,0.1779607,24.838184,25.672045,0.0,0.0,0.0,0.0,0.0,0.0,0.0,0.0,1,1,0,0
0.0,25.474745,0.08128372,25.309404,25.639225,0.4925734,0.056305543,0.32775778,0.5866715,107.31325,2.2896583,104.78564,111.1726,0,1,1,1
0.0,0.0,0.0,0.0,0.0,0.45543203,0.06029248,0.3945034,0.5367884,107.12524,2.2091532,104.69357,111.20382,0,0,1,1
0.0,0.0,0.0,0.0,0.0,0.49220356,0.070381135,0.32930765,0.5826587,102.78918,3.396785,97.2749,106.93899,0,0,1,1
0.0,0.0,0.0,0.0,0.0,0.52959275,0.021703199,0.50284356,0.56666094,104.8359,3.201485,99.34453,108.566246,0,0,1,1
0.01772648,25.56044,0.064426444,25.425304,25.660137,0.51589453,0.034445304,0.46240804,0.55700904,107.638054,1.9958187,104.58203,109.75595,1,1,1,1
0.0,25.80584,0.21617667,25.420347,26.24085,0.55413824,0.08245889,0.3933236,0.7951718,105.77979,2.0515707,101.71726,107.89424,0,1,1,1
0.014972703,24.532307,0.12310562,24.23744,24.67144,0.450818,0.053780865,0.39344624,0.5652217,106.856636,1.9084516,103.036415,110.87849,1,1,1,1
0.05694537,24.863361,0.15654771,24.498835,25.118267,0.5731206,0.050444435,0.45133913,0.7031649,102.01967,1.2971323,99.01926,104.48615,1,1,1,1
0.015221586,24.952948,0.13413417,24.665451,25.17895,0.44998223,0.055453036,0.33859056,0.5136178,108.37052,2.5234668,104.13845,114.57639,1,1,1,1
0.0,0.0,0.0,0.0,0.0,0.43052688,0.036730416,0.3396169,0.505828,101.35599,2.6908777,95.85714,104.655174,0,0,1,1
0.0,0.0,0.0,0.0,0.0,0.41555223,0.036650505,0.34157854,0.5186102,98.375,0.7511575,96.789536,99.55665,0,0,1,1
0.08490865,25.175865,0.21511306,24.792948,25.666067,0.4813004,0.058868848,0.35207275,0.61772966,100.12986,1.7378614,98.20547,103.682686,1,1,1,1
0.044459186,25.141598,0.1558396,24.902107,25.500353,0.42123684,0.027149292,0.37730548,0.49171165,93.51379,1.1853385,91.37591,95.71497,1,1,1,1
0.04363699,25.085936,0.11250131,24.81696,25.347689,0.0,0.0,0.0,0.0,0.0,0.0,0.0,0.0,1,1,0,0
0.0,0.0,0.0,0.0,0.0,0.41928256,0.03458963,0.36827484,0.49836764,95.216034,1.732424,93.40018,97.7617,0,0,1,1
0.031959634,24.73292,0.1435901,24.524517,24.914696,0.4240666,0.051409,0.308148,0.5167933,97.120995,2.7380636,91.655464,102.4067,1,1,1,1
0.003341681,25.056168,0.09526123,24.95077,25.206436,0.5561381,0.021071881,0.49428013,0.60064447,93.53186,1.212484,91.28071,94.77943,1,1,1,1
0.46923262,25.139994,0.18398523,24.911852,25.327356,0.4648117,0.0563624,0.39557603,0.6222151,105.304535,2.463677,101.30917,109.68316,1,1,1,1
0.06491744,23.880592,0.11984349,23.750402,24.071943,0.0,0.0,0.0,0.0,0.0,0.0,0.0,0.0,1,1,0,0
0.0,0.0,0.0,0.0,0.0,0.5276405,0.049973845,0.39485812,0.6304247,100.64031,0.9719004,98.71919,102.93671,0,0,1,1
0.0,0.0,0.0,0.0,0.0,0.44554645,0.06580241,0.34981537,0.5859307,93.94205,2.4235098,91.01777,96.99783,0,0,1,1
0.0,25.274698,0.15204108,24.94987,25.634298,0.44862264,0.08382614,0.24313885,0.6478177,97.30343,1.5226506,94.48965,98.967606,0,1,1,1
0.0,24.674086,0.16819309,24.429802,24.899458,0.50646174,0.039678536,0.45679247,0.58497536,95.53961,1.96846,93.2507,98.51758,0,1,1,1
0.0,25.023262,0.1850791,24.790812,25.385696,0.48804885,0.018753715,0.4613329,0.5072299,99.1388,2.2610884,95.21906,102.01992,0,1,1,1
0.0,0.0,0.0,0.0,0.0,0.5070266,0.05924417,0.4012237,0.6532808,95.8853,1.9773211,92.050186,97.88389,0,0,1,1
0.0,25.641476,0.25941023,25.182224,26.104553,0.45987862,0.07063843,0.37360847,0.5995983,91.6463,3.5032115,87.14854,98.29562,0,1,1,1
0.0,24.442953,0.13428345,24.158674,24.756319,0.49736515,0.06660061,0.38708302,0.6010042,86.23685,2.4539487,80.4165,91.72283,0,1,1,1
0.0,0.0,0.0,0.0,0.0,0.49827078,0.034818184,0.4227358,0.5611233,98.62382,3.027395,93.83559,103.86135,0,0,1,1
0.0,0.0,0.0,0.0,0.0,0.413069,0.06658375,0.30957153,0.48299176,94.93903,1.240149,92.2355,96.186905,0,0,1,1
0.0052445955,25.60192,0.09990975,25.364971,25.779264,0.0,0.0,0.0,0.0,0.0,0.0,0.0,0.0,1,1,0,0
0.20455916,24.305874,0.12752903,24.050343,24.538101,0.0,0.0,0.0,0.0,0.0,0.0,0.0,0.0,1,1,0,0
0.015555133,24.23081,0.20137258,23.981071,24.614445,0.55092025,0.043334004,0.44440228,0.6209611,94.52137,2.2615316,90.95278,98.09331,1,1,1,1
0.024673425,25.296555,0.07911428,25.173143,25.400759,0.49409318,0.018183153,0.4424194,0.5201774,110.54008,1.5795804,107.698296,112.82765,1,1,1,1
0.0,24.375942,0.17851777,24.00189,24.559946,0.53133464,0.0881351,0.36019862,0.73286736,99.44265,2.0006497,96.78751,102.634,0,1,1,1
0.0,24.880941,0.14408115,24.704811,25.22608,0.43393493,0.09318982,0.18949373,0.6757012,110.63813,1.3919396,108.28872,112.74109,0,1,1,1
0.0,0.0,0.0,0.0,0.0,0.53753793,0.027310094,0.50246906,0.5713706,100.46725,0.46519297,99.58458,101.0821,0,0,1,1
0.028940264,24.328894,0.123002514,24.176455,24.580748,0.0,0.0,0.0,0.0,0.0,0.0,0.0,0.0,1,1,0,0
0.032669723,24.511414,0.16438991,24.102755,24.89115,0.54779786,0.03608211,0.46490613,0.622706,102.72239,2.2332182,97.442406,105.99236,1,1,1,1
0.0,25.25022,0.2272602,24.714252,25.730644,0.5133947,0.046700045,0.3861495,0.5925488,99.66755,2.0124593,97.576836,104.50997,0,1,1,1
0.07134266,24.965109,0.110117994,24.69212,25.235733,0.50615793,0.027419569,0.43838042,0.53905135,107.72591,1.933879,105.31137,111.17069,1,1,1,1
0.0,25.533192,0.21199408,25.252592,25.760067,0.44324398,0.07717115,0.30192527,0.584862,96.76462,2.1900938,93.46516,101.00941,0,1,1,1
0.09891247,24.999067,0.16840854,24.59846,25.410797,0.5330258,0.030772252,0.48422283,0.61701334,97.33049,2.669305,92.4417,100.51709,1,1,1,1
0.0,25.054333,0.11042292,24.825315,25.177834,0.576505,0.06208466,0.41667488,0.6505942,104.38587,2.336976,99.5541,108.298996,0,1,1,1
0.0,25.951605,0.094263904,25.811213,26.067093,0.45387408,0.028085917,0.41247192,0.5301137,99.944664,0.858002,98.2777,101.42375,0,1,1,1
0.0065784478,24.736631,0.16908507,24.508078,25.152788,0.0,0.0,0.0,0.0,0.0,0.0,0.0,0.0,1,1,0,0
0.09421061,24.747648,0.19959944,24.528488,25.21625,0.0,0.0,0.0,0.0,0.0,0.0,0.0,0.0,1,1,0,0
0.0911786,24.227547,0.20924406,23.85535,24.62339,0.0,0.0,0.0,0.0,0.0,0.0,0.0,0.0,1,1,0,0
0.044561427,25.536524,0.060268123,25.473452,25.661116,0.5818664,0.064309925,0.48277417,0.66789263,102.833275,1.7017853,99.34243,106.48357,1,1,1,1
0.0,26.083866,0.20134397,25.806868,26.463928,0.5333805,0.08330886,0.28741062,0.74369955,97.55493,2.2416205,93.81505,101.98264,0,1,1,1
0.0,0.0,0.0,0.0,0.0,0.49482837,0.036255106,0.42363054,0.5903315,95.08321,2.1148682,92.11272,98.96083,0,0,1,1
0.11962487,25.257004,0.1314254,25.022842,25.40473,0.0,0.0,0.0,0.0,0.0,0.0,0.0,0.0,1,1,0,0
0.0,0.0,0.0,0.0,0.0,0.46287236,0.02399959,0.4262756,0.51776296,95.07816,2.2948463,90.2304,99.51312,0,0,1,1
0.016206052,24.715612,0.14147912,24.572584,24.909746,0.0,0.0,0.0,0.0,0.0,0.0,0.0,0.0,1,1,0,0
0.0,0.0,0.0,0.0,0.0,0.4895748,0.015638353,0.4619065,0.5084772,99.16442,1.6933391,95.816666,103.25812,0,0,1,1
0.09237187,24.822271,0.15224628,24.544785,24.975744,0.5233606,0.02627007,0.48753908,0.57478315,94.648544,1.5360428,91.12719,96.727684,1,1,1,1
0.029967124,24.746784,0.176968,24.466858,25.06126,0.0,0.0,0.0,0.0,0.0,0.0,0.0,0.0,1,1,0,0
0.006088149,25.274445,0.06357726,25.149727,25.34826,0.4890705,0.030436464,0.45313305,0.5586811,104.64008,1.9607339,101.8431,109.14737,1,1,1,1
0.0,25.074417,0.11553666,24.876867,25.20748,0.40991956,0.016644847,0.37185532,0.43609476,97.406,2.190856,94.75222,102.76916,0,1,1,1
0.0014357475,25.20823,0.19751738,24.78244,25.517893,0.48822284,0.03765225,0.3852916,0.55656016,102.254,1.3775917,100.60787,105.4957,1,1,1,1
0.0,0.0,0.0,0.0,0.0,0.5888903,0.06445556,0.43577772,0.7757146,97.27153,2.963731,94.24149,102.476295,0,0,1,1
0.0,24.759031,0.061703056,24.623655,24.894932,0.48008242,0.022280887,0.43133536,0.5441959,108.4489,3.1630275,105.21232,113.77286,0,1,1,1
0.089985624,27.452753,0.20834368,27.228397,27.751163,0.0,0.0,0.0,0.0,0.0,0.0,0.0,0.0,1,1,0,0
0.0,24.945827,0.1878235,24.684916,25.20011,0.5240831,0.062306743,0.4591175,0.63508254,104.80445,1.963733,101.830505,107.69278,0,1,1,1
0.0749152,24.805313,0.12948845,24.613722,25.058088,0.0,0.0,0.0,0.0,0.0,0.0,0.0,0.0,1,1,0,0
0.0,0.0,0.0,0.0,0.0,0.5636832,0.047849957,0.50362366,0.6604029,101.85532,3.0436368,95.608284,106.19123,0,0,1,1
0.0,0.0,0.0,0.0,0.0,0.42156097,0.074464165,0.3275423,0.514151,93.62113,2.5697231,87.34177,96.80222,0,0,1,1
0.0,0.0,0.0,0.0,0.0,0.4902621,0.03652308,0.42680544,0.54118645,102.85985,1.7951914,98.93825,106.0555,0,0,1,1
0.0016992503,25.573391,0.10933057,25.415556,25.683926,0.47684687,0.058589343,0.38070637,0.59077483,100.64645,3.1350365,93.523415,107.138985,1,1,1,1
0.0,25.851595,0.19714189,25.58806,26.317122,0.43380868,0.049190987,0.3057645,0.5018248,101.34004,1.7024858,97.693275,104.29137,0,1,1,1
0.0,26.408382,0.090745024,26.216953,26.6293,0.54101264,0.05370332,0.45011324,0.6905674,96.756195,2.31508,93.3304,99.5054,0,1,1,1
0.0063780076,25.79381,0.03135161,25.713528,25.892368,0.0,0.0,0.0,0.0,0.0,0.0,0.0,0.0,1,1,0,0
0.04278778,25.056658,0.23814794,24.777525,25.50311,0.5377086,0.055136807,0.4364248,0.66238344,104.569626,2.339563,98.870094,108.4806,1,1,1,1
0.037817273,25.329172,0.22076495,24.943388,25.634005,0.48848,0.04207569,0.38343573,0.60404384,101.35261,1.6501753,98.607666,104.4498,1,1,1,1
0.028641379,23.748777,0.08249159,23.661888,23.870035,0.48519832,0.020327449,0.46468216,0.5199467,96.93575,1.9864085,92.4785,101.74183,1,1,1,1
0.0,0.0,0.0,0.0,0.0,0.5392965,0.021729961,0.4950344,0.600861,104.54899,2.3084252,101.72393,107.4879,0,0,1,1
0.0,25.55519,0.10663878,25.395853,25.797413,0.51801306,0.05791213,0.43250924,0.5790641,92.81153,2.1758165,88.98925,96.4077,0,1,1,1
0.0,0.0,0.0,0.0,0.0,0.49767315,0.022844005,0.44563428,0.5500994,99.40425,2.2818592,94.031075,103.18589,0,0,1,1
0.0,25.521875,0.13903147,25.210241,25.7724,0.4194335,0.06667284,0.24875788,0.5301071,101.54822,3.6380062,97.15525,106.917404,0,1,1,1
0.0,0.0,0.0,0.0,0.0,0.5245888,0.06356045,0.43338516,0.5950639,83.81632,1.9519259,79.932,85.84914,0,0,1,1
0.0047566537,24.119041,0.22665289,23.654276,24.52101,0.0,0.0,0.0,0.0,0.0,0.0,0.0,0.0,1,1,0,0
0.0,0.0,0.0,0.0,0.0,0.46899462,0.044486415,0.34370005,0.60237336,91.39101,1.6628708,88.73076,93.07501,0,0,1,1
0.0,0.0,0.0,0.0,0.0,0.4511003,0.05867961,0.29153582,0.6128941,101.80088,2.2299109,97.43551,105.84015,0,0,1,1
0.014561815,23.958466,0.14359245,23.714663,24.223722,0.0,0.0,0.0,0.0,0.0,0.0,0.0,0.0,1,1,0,0
0.019476168,25.126278,0.08447684,24.930237,25.31159,0.5525395,0.0427371,0.46552482,0.63604224,102.23384,1.9469403,98.41939,104.98507,1,1,1,1
0.007228303,25.104641,0.13181195,24.955933,25.387047,0.0,0.0,0.0,0.0,0.0,0.0,0.0,0.0,1,1,0,0
0.0,24.928757,0.09061563,24.808064,25.117876,0.46480346,0.06572342,0.386983,0.54315716,89.20784,3.0617595,85.56542,92.81267,0,1,1,1
0.0,0.0,0.0,0.0,0.0,0.48154604,0.10918915,0.30950287,0.6028524,106.46123,2.901199,99.980125,112.25675,0,0,1,1
0.046755493,25.445034,0.23977436,24.999325,25.720528,0.0,0.0,0.0,0.0,0.0,0.0,0.0,0.0,1,1,0,0
0.0,0.0,0.0,0.0,0.0,0.5642149,0.050222646,0.42709875,0.7124773,101.96363,0.9214897,100.38833,102.93756,0,0,1,1
0.0,25.421545,0.16567707,25.244553,25.648726,0.47630382,0.05935277,0.32072908,0.6341831,101.25644,1.5583218,97.61224,104.40087,0,1,1,1
0.0,25.212885,0.16341995,24.988302,25.486515,0.51852447,0.04393334,0.41440642,0.62736714,99.77304,1.6338876,97.68725,103.123886,0,1,1,1
0.0,0.0,0.0,0.0,0.0,0.45180383,0.029367361,0.36981216,0.5364582,102.51561,1.233747,100.07213,104.4083,0,0,1,1
0.038375422,24.892797,0.15602002,24.63074,25.160563,0.0,0.0,0.0,0.0,0.0,0.0,0.0,0.0,1,1,0,0
0.0,23.89055,0.14776391,23.728592,24.210295,0.49011734,0.069755234,0.36046746,0.5812314,94.9828,0.65868706,93.88948,96.42096,0,1,1,1
0.0,25.077915,0.07562293,24.957888,25.219616,0.54618394,0.06673393,0.3819504,0.6673057,95.7083,1.2741799,94.27212,98.625626,0,1,1,1
0.012692376,24.55081,0.18650788,24.176472,24.821959,0.5256078,0.040113896,0.46311215,0.60149145,96.867325,2.9218247,93.25929,102.34537,1,1,1,1
0.0,0.0,0.0,0.0,0.0,0.48030722,0.08016512,0.30341375,0.59786946,94.59075,2.0576866,90.603424,99.23914,0,0,1,1
0.0,0.0,0.0,0.0,0.0,0.53484184,0.034466136,0.4848848,0.6021473,108.56148,1.6426617,106.65307,111.22017,0,0,1,1
0.066895224,24.594643,0.22721669,24.2979,24.88865,0.0,0.0,0.0,0.0,0.0,0.0,0.0,0.0,1,1,0,0
0.0,24.337734,0.11130544,24.145813,24.543194,0.4499579,0.04734342,0.3576869,0.5089128,105.532684,3.121943,100.766685,112.4644,0,1,1,1
0.04093484,25.040432,0.17847486,24.595488,25.392477,0.5474402,0.03719276,0.48637795,0.6209447,99.437096,3.1514452,94.120285,103.88593,1,1,1,1
0.010014264,25.117928,0.14486715,24.786276,25.469048,0.0,0.0,0.0,0.0,0.0,0.0,0.0,0.0,1,1,0,0
0.008966063,24.25453,0.17239857,23.896944,24.59224,0.0,0.0,0.0,0.0,0.0,0.0,0.0,0.0,1,1,0,0
0.07478673,24.26033,0.06762481,24.139484,24.37772,0.4369506,0.066326596,0.24953105,0.6338622,107.82064,3.5118911,103.7238,115.56944,1,1,1,1
0.0,24.911053,0.16700393,24.687366,25.169262,0.47386333,0.05254773,0.368133,0.57301575,112.000404,2.7409952,108.832985,116.734,0,1,1,1
0.0,0.0,0.0,0.0,0.0,0.5633711,0.098288946,0.31949714,0.8443341,87.09395,2.6659474,84.12531,90.051796,0,0,1,1
0.016411848,24.461927,0.14741074,24.160112,24.67958,0.49606487,0.015506681,0.4566896,0.5318024,108.08994,2.6496973,104.25451,112.72686,1,1,1,1
0.0,24.430601,0.22129132,24.008396,24.776821,0.5377034,0.07917391,0.41934407,0.68584,99.316925,2.4057703,94.15866,102.85546,0,1,1,1
0.0,0.0,0.0,0.0,0.0,0.589891,0.06292323,0.4336668,0.7269771,98.09221,2.290681,92.993645,100.9153,0,0,1,1
0.0,0.0,0.0,0.0,0.0,0.54002506,0.06585916,0.3758373,0.68229216,105.366325,2.2073085,100.694695,108.44371,0,0,1,1
0.007257286,25.010464,0.15964432,24.700932,25.31024,0.47849464,0.05144951,0.36779127,0.57643926,107.36159,1.0165315,106.10624,109.89659,1,1,1,1
0.0,0.0,0.0,0.0,0.0,0.46285158,0.034741446,0.3734042,0.5046223,96.64238,2.3902392,91.4273,99.86744,0,0,1,1
0.023618033,24.793245,0.27589142,24.186693,25.147694,0.0,0.0,0.0,0.0,0.0,0.0,0.0,0.0,1,1,0,0
0.0,25.826544,0.14746833,25.606878,26.108631,0.42985106,0.046090752,0.33028105,0.5591051,97.234985,1.1789436,94.643166,98.41602,0,1,1,1
0.06294148,25.803734,0.18335302,25.534132,26.180538,0.0,0.0,0.0,0.0,0.0,0.0,0.0,0.0,1,1,0,0
0.0,0.0,0.0,0.0,0.0,0.4374212,0.052725676,0.3161251,0.5923853,103.11858,0.61576825,101.92923,103.806305,0,0,1,1
0.09552318,24.992947,0.21859124,24.616362,25.51717,0.4745903,0.06005981,0.34971678,0.54580486,107.918236,1.0402752,106.73527,109.35655,1,1,1,1
0.0,0.0,0.0,0.0,0.0,0.4769572,0.09067524,0.2196371,0.7096979,104.78656,1.967759,101.87392,107.64182,0,0,1,1
0.0,24.631678,0.15777144,24.400282,24.912142,0.59882504,0.050264124,0.47560376,0.7491826,107.6265,3.380473,99.881744,114.90382,0,1,1,1
0.0,0.0,0.0,0.0,0.0,0.49440658,0.052228663,0.43098608,0.54995966,94.50206,2.0681684,90.1942,98.636635,0,0,1,1
0.0,0.0,0.0,0.0,0.0,0.46509635,0.030112987,0.43335035,0.5500162,106.28673,1.1655278,105.1168,108.52136,0,0,1,1
0.0,0.0,0.0,0.0,0.0,0.4410581,0.07534033,0.32222995,0.5234089,98.90967,2.321124,95.437294,104.391235,0,0,1,1
0.0,0.0,0.0,0.0,0.0,0.51373184,0.034279607,0.4612641,0.54948395,92.940956,2.3213267,89.19985,98.156044,0,0,1,1
0.0,0.0,0.0,0.0,0.0,0.5714895,0.069078505,0.3744617,0.69700956,104.19379,2.2727957,100.213394,107.581184,0,0,1,1
0.0,0.0,0.0,0.0,0.0,0.5291405,0.010983054,0.50190824,0.5416189,97.332596,2.327976,94.18564,99.92474,0,0,1,1
0.0164798,25.322819,0.16633472,24.936274,25.531893,0.533535,0.04637201,0.41270044,0.5874331,105.31874,2.015533,102.70647,107.42754,1,1,1,1
0.0,0.0,0.0,0.0,0.0,0.46161702,0.05821196,0.3361087,0.5637107,95.67703,1.9552678,92.03563,98.81524,0,0,1,1
0.04210945,25.679722,0.20978324,25.172682,25.949095,0.0,0.0,0.0,0.0,0.0,0.0,0.0,0.0,1,1,0,0
0.1490397,23.900024,0.17626652,23.505222,24.148235,0.0,0.0,0.0,0.0,0.0,0.0,0.0,0.0,1,1,0,0
0.0,24.148468,0.22063068,23.675568,24.568907,0.43394336,0.02365037,0.4086476,0.49114907,94.353806,1.9287385,91.71612,98.562164,0,1,1,1
0.0,0.0,0.0,0.0,0.0,0.5244403,0.007884487,0.5077582,0.5446782,106.47194,2.489088,102.30545,112.63361,0,0,1,1
0.0,24.53103,0.15677217,24.156816,24.896152,0.5360047,0.07254673,0.4041465,0.6937693,100.36653,1.4034824,97.84425,102.14058,0,1,1,1
0.06919231,25.00861,0.13579223,24.82649,25.166185,0.42180362,0.054309245,0.2898778,0.5694703,97.90312,2.195846,92.75871,102.57959,1,1,1,1
0.008067599,24.9542,0.20189226,24.615072,25.235336,0.0,0.0,0.0,0.0,0.0,0.0,0.0,0.0,1,1,0,0
0.0,0.0,0.0,0.0,0.0,0.4832581,0.00957467,0.46938568,0.50428087,104.27309,2.0291119,100.48275,108.03528,0,0,1,1
0.018008022,23.84969,0.12660235,23.628826,24.104273,0.5297846,0.06059933,0.40692967,0.70751363,97.296555,3.6986628,93.47995,103.28246,1,1,1,1
0.105900496,25.744656,0.116502196,25.605602,25.958853,0.47908765,0.04584125,0.35536823,0.59813887,102.00772,3.2545214,94.502525,107.2074,1,1,1,1
0.088656545,25.198818,0.19464564,24.73525,25.415115,0.55372494,0.02943808,0.4917188,0.6348962,96.46963,1.8296736,92.797714,100.10124,1,1,1,1
0.0,0.0,0.0,0.0,0.0,0.45286804,0.06012884,0.35750386,0.63164103,93.53386,2.8611712,89.09825,98.09651,0,0,1,1
0.036716353,25.580845,0.10951834,25.320354,25.736866,0.5057121,0.06274558,0.40171325,0.6436675,100.194756,3.3307562,96.521774,108.36945,1,1,1,1
0.0,25.061049,0.17903042,24.631704,25.433884,0.49956432,0.054430924,0.41757113,0.6453022,100.386536,1.4298047,97.3894,103.47988,0,1,1,1
0.0,0.0,0.0,0.0,0.0,0.5070018,0.061837904,0.40902582,0.6722407,105.11064,3.2277923,100.21997,112.20967,0,0,1,1
0.0,24.936085,0.07886693,24.77592,25.043283,0.44884834,0.0031481478,0.4374822,0.46734503,103.840034,1.180909,102.5555,105.82436,0,1,1,1
0.0,0.0,0.0,0.0,0.0,0.433899,0.04661468,0.3833969,0.5080729,101.209854,2.0109534,96.30547,106.218864,0,0,1,1
0.0,25.277998,0.14448029,25.09729,25.506607,0.42063087,0.04906819,0.3151169,0.5285005,95.07705,1.5926337,91.29265,96.945984,0,1,1,1
0.0,24.51441,0.15456076,24.185741,24.802801,0.49761486,0.040705256,0.37726837,0.5542732,97.71928,2.8285074,94.27136,101.63614,0,1,1,1
0.0,24.84998,0.08900147,24.678968,24.943419,0.49039587,0.06754863,0.3095928,0.62409365,103.8809,1.7932631,99.46404,105.689415,0,1,1,1
0.0,26.126514,0.18778706,25.67454,26.347275,0.4863551,0.017141713,0.4459103,0.5068097,88.54779,2.3284016,82.88185,92.63094,0,1,1,1
0.007858421,24.881996,0.20471965,24.477463,25.324644,0.43978083,0.07623928,0.28413764,0.6096346,102.71033,1.6961882,98.95198,105.72218,1,1,1,1
0.01384401,25.144794,0.20643806,24.85267,25.635769,0.0,0.0,0.0,0.0,0.0,0.0,0.0,0.0,1,1,0,0
0.07315264,24.412338,0.10680139,24.270828,24.553303,0.0,0.0,0.0,0.0,0.0,0.0,0.0,0.0,1,1,0,0
0.03935256,24.999573,0.18687908,24.556252,25.263693,0.0,0.0,0.0,0.0,0.0,0.0,0.0,0.0,1,1,0,0
0.0,0.0,0.0,0.0,0.0,0.464154,0.050061963,0.39145178,0.5244964,91.57059,1.6419845,87.69541,94.386505,0,0,1,1
0.0,0.0,0.0,0.0,0.0,0.45774937,0.05980128,0.28424606,0.5217241,95.612144,1.268962,92.84299,98.45639,0,0,1,1
0.006794647,25.152393,0.099521115,24.948248,25.372877,0.0,0.0,0.0,0.0,0.0,0.0,0.0,0.0,1,1,0,0
0.0,24.912441,0.17982206,24.538193,25.17299,0.4315106,0.047670025,0.34828475,0.5067691,100.91971,0.8523149,99.79224,102.5895,0,1,1,1
0.0,25.476181,0.14411971,25.281107,25.791582,0.4856837,0.047402527,0.39766237,0.56385136,93.17272,0.9573442,90.93698,94.325356,0,1,1,1
0.0,25.59543,0.23649466,25.323732,26.113472,0.54672754,0.058512572,0.37823236,0.6178567,100.72054,0.9533817,98.779274,101.936844,0,1,1,1
0.0,0.0,0.0,0.0,0.0,0.56403106,0.05025487,0.42130098,0.7120154,102.29187,2.019993,98.389915,105.82594,0,0,1,1
0.0,25.699656,0.0904598,25.481487,25.89743,0.47189084,0.061015088,0.3606054,0.60587734,102.511604,1.9192384,100.11159,104.69004,0,1,1,1
0.061954364,24.47063,0.16542976,24.151001,24.747742,0.0,0.0,0.0,0.0,0.0,0.0,0.0,0.0,1,1,0,0
0.0026953123,25.530245,0.14989752,25.357983,25.882175,0.0,0.0,0.0,0.0,0.0,0.0,0.0,0.0,1,1,0,0
0.0,0.0,0.0,0.0,0.0,0.46368846,0.058099475,0.32203245,0.56571436,99.74294,2.6149912,96.48054,103.31556,0,0,1,1
0.0,24.170748,0.16164745,23.968212,24.497644,0.47423038,0.05483541,0.35730034,0.59381735,96.82446,1.8963854,93.71555,101.42532,0,1,1,1
0.05615314,25.18263,0.15108372,25.031078,25.543495,0.0,0.0,0.0,0.0,0.0,0.0,0.0,0.0,1,1,0,0
0.07190652,23.98691,0.2514392,23.721539,24.33742,0.5169018,0.0910466,0.409001,0.7733219,96.45846,1.614621,94.26664,98.17693,1,1,1,1
0.0,25.380177,0.18080729,25.139566,25.670864,0.5412092,0.0054609254,0.5155735,0.5657343,98.54268,0.23472625,97.76975,99.11457,0,1,1,1
0.0,24.619385,0.0887967,24.52113,24.755322,0.5171494,0.074524626,0.3630441,0.66681165,110.97206,2.4096968,108.31355,114.589554,0,1,1,1
0.11813312,25.348673,0.069831826,25.18285,25.507154,0.43395564,0.05728965,0.35351366,0.5501249,97.47125,1.3846153,94.32439,99.530945,1,1,1,1
0.0,0.0,0.0,0.0,0.0,0.5162438,0.055213243,0.44522548,0.6161566,106.67145,1.4847624,104.18223,109.49503,0,0,1,1
0.12351073,25.064623,0.1559184,24.788929,25.28543,0.0,0.0,0.0,0.0,0.0,0.0,0.0,0.0,1,1,0,0
0.0,0.0,0.0,0.0,0.0,0.4480819,0.08015503,0.24111415,0.5923597,96.71898,2.2180426,92.04774,102.073006,0,0,1,1
0.0,24.48128,0.13334228,24.217255,24.712893,0.49751687,0.08122282,0.3869272,0.7011098,101.714714,2.4533653,96.242714,104.89847,0,1,1,1
0.0,24.998405,0.10042337,24.885523,25.112352,0.45622504,0.053862683,0.36551514,0.559533,99.81233,1.3128872,96.86804,102.14702,0,1,1,1
0.0,0.0,0.0,0.0,0.0,0.52775836,0.041038986,0.45072502,0.65036035,101.84046,1.5400343,99.08362,105.33081,0,0,1,1
0.0,24.256647,0.19860148,23.933584,24.50988,0.5444201,0.056186255,0.4434455,0.6410479,101.70724,3.3057663,94.650925,109.15559,0,1,1,1
0.0,0.0,0.0,0.0,0.0,0.54609174,0.046995766,0.46837187,0.68181735,100.6613,2.757837,95.79392,107.04965,0,0,1,1
0.0013828888,24.090153,0.059640095,23.948204,24.206419,0.0,0.0,0.0,0.0,0.0,0.0,0.0,0.0,1,1,0,0
0.07368447,24.77979,0.12992623,24.47458,24.975052,0.0,0.0,0.0,0.0,0.0,0.0,0.0,0.0,1,1,0,0
0.0,0.0,0.0,0.0,0.0,0.5557067,0.05319263,0.40548867,0.6270369,91.1599,1.9865505,86.21767,94.45683,0,0,1,1
0.0,0.0,0.0,0.0,0.0,0.5373543,0.04034974,0.4838042,0.59189117,101.38817,2.2255452,99.13268,105.11126,0,0,1,1
0.0,25.386864,0.041158993,25.294968,25.451504,0.44902325,0.016152084,0.41158098,0.47410056,97.69759,2.9050624,93.17768,101.60111,0,1,1,1
0.0,23.630896,0.18305045,23.212097,23.867607,0.5574046,0.02343207,0.49383357,0.59222823,106.35264,2.7267532,103.03942,111.62325,0,1,1,1
0.032585848,25.745016,0.093375586,25.59296,25.977852,0.0,0.0,0.0,0.0,0.0,0.0,0.0,0.0,1,1,0,0
0.011418766,24.937037,0.15626822,24.685629,25.299158,0.0,0.0,0.0,0.0,0.0,0.0,0.0,0.0,1,1,0,0
0.0,24.611317,0.109398685,24.348677,24.732466,0.5839082,0.052636433,0.45945522,0.680496,97.02851,1.8753663,93.459854,101.46466,0,1,1,1
0.0,0.0,0.0,0.0,0.0,0.5093734,0.0796628,0.32244453,0.6906982,91.74292,2.3850226,87.08562,96.88792,0,0,1,1
0.08026822,25.17791,0.09302896,25.00763,25.310053,0.52229065,0.06804668,0.3495533,0.64753085,88.36131,1.7289739,84.52935,90.6213,1,1,1,1
0.0,25.58966,0.05850804,25.529709,25.71006,0.5183397,0.03400706,0.44020048,0.5730908,104.0967,3.056636,96.90713,111.09044,0,1,1,1
0.0,0.0,0.0,0.0,0.0,0.5460647,0.06854174,0.3508039,0.64522725,94.64599,2.375175,90.1617,98.461586,0,0,1,1
0.0,0.0,0.0,0.0,0.0,0.60644746,0.065853804,0.49210545,0.73078936,103.57896,3.0478933,99.709435,106.77695,0,0,1,1
0.03738245,25.327635,0.16359973,25.142933,25.726864,0.0,0.0,0.0,0.0,0.0,0.0,0.0,0.0,1,1,0,0
0.045850042,24.668232,0.1282043,24.368345,24.896244,0.5342468,0.025799911,0.4754783,0.5843232,110.66376,1.0503529,109.07892,112.53177,1,1,1,1
0.0,24.940723,0.110520914,24.76048,25.104956,0.62614375,0.023578413,0.5978101,0.6673802,96.27229,1.9636756,92.73915,99.38775,0,1,1,1
0.0,0.0,0.0,0.0,0.0,0.518793,0.048394762,0.4636897,0.66338694,104.70167,2.1335852,101.98196,109.7905,0,0,1,1
0.0,24.680128,0.10953878,24.453402,24.839674,0.43341902,0.05310212,0.29183704,0.58917904,94.54168,1.9833459,92.34543,98.371284,0,1,1,1
0.0,0.0,0.0,0.0,0.0,0.6577167,0.07235593,0.49900013,0.8192171,100.46185,1.9054992,97.84314,104.17531,0,0,1,1
0.0,25.809425,0.18075934,25.36336,26.258282,0.48712653,0.08407629,0.30493388,0.6533388,97.34449,3.0786698,92.75496,102.26703,0,1,1,1
0.0,0.0,0.0,0.0,0.0,0.49582192,0.03951514,0.4400621,0.59195805,101.18773,2.4949372,95.554565,104.41474,0,0,1,1
0.0,0.0,0.0,0.0,0.0,0.52273214,0.066472195,0.37179106,0.60337675,98.87192,2.4129436,95.70337,102.4927,0,0,1,1
0.0,0.0,0.0,0.0,0.0,0.5112999,0.047416903,0.36954647,0.5974344,101.977974,1.9750382,98.4767,105.30396,0,0,1,1
0.0,24.243279,0.15894222,23.989292,24.494188,0.5470695,0.051858783,0.45135418,0.62849194,101.219536,1.7339987,97.28299,103.60684,0,1,1,1
0.061760575,25.240534,0.14460444,25.011276,25.588675,0.0,0.0,0.0,0.0,0.0,0.0,0.0,0.0,1,1,0,0
0.046417177,24.433228,0.14845136,24.279129,24.736307,0.0,0.0,0.0,0.0,0.0,0.0,0.0,0.0,1,1,0,0
0.0,24.349535,0.16672632,24.028933,24.700891,0.4740268,0.06540321,0.36044374,0.61125547,94.83945,1.5246302,93.08082,97.47679,0,1,1,1
0.3449462,24.543026,0.15768461,24.233244,24.758131,0.0,0.0,0.0,0.0,0.0,0.0,0.0,0.0,1,1,0,0
0.0,24.27383,0.11739904,24.12405,24.476755,0.49908766,0.03232114,0.4072971,0.56661475,89.314674,2.0512822,84.1899,94.08658,0,1,1,1
0.049169205,23.869095,0.12206011,23.741106,24.025545,0.48284242,0.05488145,0.41391546,0.6305155,100.11151,1.7988589,96.33915,102.01393,1,1,1,1
0.14695533,25.280767,0.2541288,24.677698,25.71362,0.0,0.0,0.0,0.0,0.0,0.0,0.0,0.0,1,1,0,0
0.0,25.430641,0.11548388,25.27981,25.646524,0.5343986,0.07843253,0.41133156,0.6540622,108.38337,1.6894419,105.54913,112.012634,0,1,1,1
0.036653645,23.22126,0.19886841,22.96255,23.55616,0.0,0.0,0.0,0.0,0.0,0.0,0.0,0.0,1,1,0,0
0.006365638,24.994514,0.26976722,24.674774,25.510612,0.0,0.0,0.0,0.0,0.0,0.0,0.0,0.0,1,1,0,0
0.08061742,25.326166,0.23066905,24.95662,25.654486,0.0,0.0,0.0,0.0,0.0,0.0,0.0,0.0,1,1,0,0
0.0,0.0,0.0,0.0,0.0,0.5302921,0.04985541,0.42781475,0.5991887,100.41697,2.416849,94.80743,104.86749,0,0,1,1
0.013565752,24.717815,0.08393466,24.541792,24.813251,0.5961292,0.060428493,0.46537027,0.7702015,102.86553,2.0343535,98.376434,107.93319,1,1,1,1
0.0,25.131208,0.15120034,24.976791,25.46217,0.5123211,0.04634004,0.3744766,0.5996345,110.82967,1.983522,108.0382,114.393135,0,1,1,1
0.0,0.0,0.0,0.0,0.0,0.55649966,0.017500313,0.51194054,0.5867801,106.81473,2.8739967,100.36389,112.0767,0,0,1,1
0.07671238,25.260656,0.19023927,25.030806,25.49427,0.39414752,0.056293536,0.3321536,0.49311996,101.12882,1.4990795,97.96412,103.907036,1,1,1,1
0.0,24.306875,0.09910543,24.064106,24.469572,0.45497516,0.012736504,0.43176115,0.4799077,107.29541,2.09304,104.551765,111.303345,0,1,1,1
0.0,0.0,0.0,0.0,0.0,0.5042488,0.04522782,0.4508454,0.5566926,105.17573,1.7133347,103.11375,107.854,0,0,1,1
0.20194334,25.068935,0.07511466,24.954239,25.199728,0.0,0.0,0.0,0.0,0.0,0.0,0.0,0.0,1,1,0,0
0.0,0.0,0.0,0.0,0.0,0.46677405,0.0343046,0.3727932,0.5071744,99.32038,2.5701935,95.62205,104.13594,0,0,1,1
0.010784164,24.696936,0.17499737,24.299109,24.94401,0.0,0.0,0.0,0.0,0.0,0.0,0.0,0.0,1,1,0,0
0.18104959,24.97449,0.23227952,24.516174,25.384174,0.5472132,0.027955707,0.51803154,0.61993766,98.93483,1.6618482,95.508286,101.77308,1,1,1,1
0.0,24.595005,0.1210342,24.397053,24.756832,0.4401601,0.027193274,0.37277,0.52020794,104.4218,2.5718803,98.559235,108.513405,0,1,1,1
0.0,0.0,0.0,0.0,0.0,0.37301335,0.040851448,0.25185677,0.46083567,94.537445,2.9633574,88.24221,98.055824,0,0,1,1
0.0,0.0,0.0,0.0,0.0,0.64439565,0.047812454,0.5065525,0.7497777,91.435295,1.4422908,89.868866,93.689354,0,0,1,1
0.0,0.0,0.0,0.0,0.0,0.49067992,0.024183284,0.43593627,0.536251,95.38752,1.2948469,93.818146,97.081535,0,0,1,1
0.019225614,25.09691,0.19670841,24.798475,25.333645,0.43474302,0.051752165,0.37812138,0.53823614,92.73919,1.9825618,88.56118,94.98861,1,1,1,1
0.0,0.0,0.0,0.0,0.0,0.5543355,0.042072445,0.48804474,0.67426556,98.14395,2.082042,94.86109,102.13602,0,0,1,1
0.0,0.0,0.0,0.0,0.0,0.48320672,0.041891143,0.36120537,0.5416083,101.577675,2.4610007,95.584305,104.99605,0,0,1,1
0.0,0.0,0.0,0.0,0.0,0.5041735,0.059734568,0.42272636,0.66279495,97.80999,2.0429003,93.90652,102.900826,0,0,1,1
0.0,24.60366,0.15000847,24.412119,24.802273,0.5012389,0.0547664,0.37372246,0.6368481,99.37065,1.8777156,97.12089,103.36823,0,1,1,1
0.077273816,25.241644,0.10313992,25.070972,25.443186,0.5007479,0.045073103,0.45073503,0.6270015,105.90825,0.9259391,104.84235,107.62845,1,1,1,1
0.09521794,24.820774,0.18803483,24.5894,25.05459,0.51984674,0.05055443,0.4659516,0.64386845,104.734764,2.7334692,101.6896,110.86985,1,1,1,1
0.018693017,24.269945,0.23886712,23.795849,24.752028,0.4439414,0.0810468,0.3243302,0.58338773,99.1772,2.9295223,95.898735,105.65452,1,1,1,1
0.0,24.527018,0.1652522,24.239916,24.823584,0.42422128,0.063081324,0.30463484,0.6131769,96.58654,2.5604923,92.12106,102.40104,0,1,1,1
0.02882669,25.320322,0.11556261,25.112751,25.541561,0.0,0.0,0.0,0.0,0.0,0.0,0.0,0.0,1,1,0,0
0.03618741,24.691572,0.2000252,24.398561,25.181692,0.0,0.0,0.0,0.0,0.0,0.0,0.0,0.0,1,1,0,0
0.028012834,26.161472,0.16866449,25.949234,26.494947,0.55173063,0.051978208,0.471139,0.64758325,96.38165,2.63424,90.898705,102.95845,1,1,1,1
0.0050466363,25.39517,0.15603131,25.01609,25.553839,0.5193221,0.03540154,0.47530934,0.56128675,102.85443,2.2236838,97.77528,106.11523,1,1,1,1
0.0,0.0,0.0,0.0,0.0,0.41609272,0.0621155,0.32662603,0.4790827,104.02635,1.6792988,101.22386,106.85931,0,0,1,1
0.0,25.711432,0.06827138,25.562248,25.786121,0.5951405,0.050285477,0.49799496,0.654626,99.36929,2.4653451,95.89242,103.25873,0,1,1,1
0.0,0.0,0.0,0.0,0.0,0.47189415,0.09515287,0.25890008,0.63856804,105.95616,3.2376862,99.9981,112.14116,0,0,1,1
0.06416354,24.502596,0.14601038,24.146599,24.726404,0.0,0.0,0.0,0.0,0.0,0.0,0.0,0.0,1,1,0,0
0.31158897,25.839062,0.21746328,25.568048,26.1512,0.0,0.0,0.0,0.0,0.0,0.0,0.0,0.0,1,1,0,0
0.0,24.054674,0.24136776,23.620216,24.37274,0.47518736,0.026879814,0.40579486,0.53955907,99.47304,1.8931341,94.835175,104.17166,0,1,1,1
0.015882058,25.402834,0.18856664,25.050991,25.827663,0.0,0.0,0.0,0.0,0.0,0.0,0.0,0.0,1,1,0,0
0.0,24.410427,0.18423286,23.954983,24.636,0.45256543,0.042985752,0.34302637,0.57435244,104.45179,2.8513243,99.256386,110.566635,0,1,1,1
0.019404935,25.335463,0.14221227,25.004425,25.602951,0.0,0.0,0.0,0.0,0.0,0.0,0.0,0.0,1,1,0,0
0.3758223,24.574041,0.07066587,24.457783,24.67887,0.0,0.0,0.0,0.0,0.0,0.0,0.0,0.0,1,1,0,0
0.0,25.070438,0.08119321,24.925098,25.255316,0.5304832,0.06566096,0.41713125,0.6509393,89.206726,1.22923,86.80389,91.824524,0,1,1,1
0.0,24.907341,0.110778235,24.686707,25.054377,0.58661693,0.08407967,0.4436132,0.8179971,98.4308,2.4143813,94.63925,104.114265,0,1,1,1
0.0,25.872747,0.15491892,25.598255,26.238419,0.53380966,0.06363912,0.34869283,0.6591754,101.622314,1.9283344,98.16818,104.8642,0,1,1,1
0.34359282,24.614937,0.15300398,24.36716,24.825012,0.5837087,0.06222939,0.40200514,0.64770126,98.8018,1.738977,94.85154,102.134834,1,1,1,1
0.0,25.48218,0.20323503,24.989155,25.76949,0.539136,0.0643222,0.3834757,0.718224,98.51964,1.8019961,94.86447,102.652214,0,1,1,1
0.0,0.0,0.0,0.0,0.0,0.48724627,0.043851268,0.37133244,0.5506734,85.05211,2.5746546,82.01411,88.49685,0,0,1,1
0.362749,24.942287,0.17539811,24.706892,25.161282,0.41545817,0.046709366,0.33724105,0.5105597,103.174126,2.9720402,97.55157,108.46024,1,1,1,1
0.0,0.0,0.0,0.0,0.0,0.48126674,0.030702673,0.4245761,0.5371529,102.59026,1.3468814,100.8812,105.27491,0,0,1,1
0.038069203,25.708858,0.19855556,25.371614,26.046896,0.51946497,0.020319143,0.49610648,0.54389095,105.72689,1.5476681,102.55289,108.31354,1,1,1,1
0.0,0.0,0.0,0.0,0.0,0.4596988,0.037801594,0.40126947,0.5610669,100.28956,2.703012,94.39995,106.38738,0,0,1,1
0.035650395,26.244236,0.1804174,25.877047,26.675829,0.47899732,0.062667705,0.30223373,0.54683423,93.89208,2.016962,89.407555,96.29128,1,1,1,1
0.0,25.016415,0.13565104,24.678877,25.26185,0.47567686,0.013839477,0.4579885,0.49747577,96.9302,2.659828,90.75808,102.01054,0,1,1,1
0.0,0.0,0.0,0.0,0.0,0.5309416,0.018359266,0.49161068,0.56913203,100.43454,1.9825654,95.7528,104.32288,0,0,1,1
0.0,0.0,0.0,0.0,0.0,0.5934865,0.05447897,0.4591446,0.66721994,96.45239,2.2666266,90.936035,101.19119,0,0,1,1
0.0158155,24.745676,0.18429637,24.539991,25.079597,0.5289918,0.054235958,0.43384427,0.58632255,95.44654,1.2473114,92.9088,97.954445,1,1,1,1
0.0,25.930593,0.12714212,25.702278,26.190155,0.50194854,0.062282775,0.3459103,0.5782365,102.10425,2.546577,99.07236,108.33317,0,1,1,1
0.027615078,25.14716,0.19909413,24.871185,25.538094,0.0,0.0,0.0,0.0,0.0,0.0,0.0,0.0,1,1,0,0
0.061654437,25.169672,0.20068498,24.967163,25.663916,0.0,0.0,0.0,0.0,0.0,0.0,0.0,0.0,1,1,0,0
0.0,24.850746,0.16853808,24.45722,25.266033,0.48246816,0.044796027,0.38037518,0.5897031,101.57244,2.8603618,97.03554,105.61741,0,1,1,1
0.03623656,24.424553,0.22272673,24.149578,24.944258,0.0,0.0,0.0,0.0,0.0,0.0,0.0,0.0,1,1,0,0
0.0,0.0,0.0,0.0,0.0,0.44675818,0.061238736,0.33196357,0.5918497,101.378494,1.7720653,99.39362,104.793816,0,0,1,1
0.0,0.0,0.0,0.0,0.0,0.51363736,0.035403877,0.4182096,0.57872283,96.24013,2.4166098,91.272125,101.473404,0,0,1,1
0.0,0.0,0.0,0.0,0.0,0.5345123,0.08013685,0.38204038,0.7598367,101.76069,0.60180384,100.982506,102.78641,0,0,1,1
0.0,0.0,0.0,0.0,0.0,0.5130422,0.05102473,0.41237912,0.6526017,87.12434,1.2145947,85.25094,88.725586,0,0,1,1
0.0,25.731731,0.067082815,25.617693,25.840218,0.43195286,0.007981923,0.4161212,0.4529792,101.18247,1.6845994,99.304665,102.89177,0,1,1,1
0.034576334,24.823719,0.15191239,24.65313,25.14456,0.0,0.0,0.0,0.0,0.0,0.0,0.0,0.0,1,1,0,0
0.0,24.93894,0.13875663,24.725906,25.19616,0.5547724,0.03524474,0.48236942,0.60097057,106.14941,0.5400963,105.132195,107.04897,0,1,1,1
0.0,0.0,0.0,0.0,0.0,0.5513462,0.052601796,0.40744898,0.68216115,110.96572,0.9064973,110.03533,112.15151,0,0,1,1
0.0,24.688772,0.26248264,24.162851,25.07964,0.52569693,0.059009235,0.37412417,0.6248027,97.25421,0.088724166,96.08718,98.25505,0,1,1,1
0.0,0.0,0.0,0.0,0.0,0.4934659,0.060500972,0.40587252,0.5787383,96.02612,2.5270717,93.22735,99.30109,0,0,1,1
0.020789724,24.44799,0.26970264,23.906673,24.933252,0.0,0.0,0.0,0.0,0.0,0.0,0.0,0.0,1,1,0,0
0.0,0.0,0.0,0.0,0.0,0.43223184,0.028504897,0.3890394,0.47963843,110.41277,1.3355601,107.1804,112.03986,0,0,1,1
0.0,0.0,0.0,0.0,0.0,0.4860238,0.046723142,0.43606934,0.56045634,98.02528,1.0126799,96.14342,100.224,0,0,1,1
0.06269726,23.91721,0.182381,23.604115,24.257538,0.49636585,0.05967199,0.38346997,0.64787513,104.456276,2.2214084,101.358574,108.701515,1,1,1,1
0.0,0.0,0.0,0.0,0.0,0.4584289,0.05460813,0.36195588,0.5896627,106.16292,2.580312,103.56922,110.781685,0,0,1,1
0.0,25.424423,0.15264475,25.20454,25.619099,0.4993938,0.031348135,0.43564254,0.58103025,95.22831,4.2351923,85.53205,101.3316,0,1,1,1
0.0,25.51061,0.2010474,25.118553,25.943584,0.48689148,0.07511341,0.30775103,0.65037936,101.329994,3.5174634,94.46988,110.024055,0,1,1,1
0.09576046,24.783709,0.10774255,24.578505,24.9934,0.49248996,0.0111884,0.4758034,0.5044363,106.19205,1.5060463,103.18438,108.68515,1,1,1,1
0.021917254,24.911242,0.09431408,24.75568,25.124825,0.0,0.0,0.0,0.0,0.0,0.0,0.0,0.0,1,1,0,0
0.0,25.95543,0.19537412,25.556051,26.217209,0.49605852,0.06344571,0.33857828,0.61435616,105.18969,1.3847893,103.008995,106.895874,0,1,1,1
0.08196398,25.27532,0.18253735,24.86772,25.624178,0.0,0.0,0.0,0.0,0.0,0.0,0.0,0.0,1,1,0,0
0.024799094,25.33686,0.1641695,25.099424,25.677397,0.0,0.0,0.0,0.0,0.0,0.0,0.0,0.0,1,1,0,0
0.0,24.856709,0.22340442,24.418322,25.096878,0.55174345,0.06674863,0.3579229,0.6230362,100.68669,2.498331,98.18212,106.663864,0,1,1,1
0.03395628,24.584316,0.15677051,24.204681,24.857523,0.502404,0.07106416,0.33736482,0.6611876,91.88203,2.0171347,89.35015,96.640526,1,1,1,1
0.0,25.215706,0.1671272,24.87201,25.565126,0.5196464,0.067589276,0.37307763,0.698296,93.07371,2.3840213,88.055695,96.24161,0,1,1,1
0.0,24.62098,0.15670004,24.38113,24.816635,0.38264486,0.056570414,0.29596618,0.4845358,95.34208,1.5318004,93.156075,97.44078,0,1,1,1
0.07904177,25.797508,0.1230266,25.49834,25.947638,0.0,0.0,0.0,0.0,0.0,0.0,0.0,0.0,1,1,0,0
0.0,0.0,0.0,0.0,0.0,0.46830764,0.05900122,0.40093496,0.6408316,105.115524,2.2470243,102.17961,109.05091,0,0,1,1
0.0,24.90997,0.2232269,24.610615,25.179941,0.56071293,0.047072798,0.45707497,0.63241434,105.48837,2.8395872,99.788826,109.69332,0,1,1,1
0.0,25.451353,0.19467302,24.974312,25.66594,0.48438543,0.053827774,0.39083004,0.610103,98.60762,1.808962,96.19478,101.500145,0,1,1,1
0.066790834,24.95133,0.052365262,24.841919,25.078682,0.47784042,0.074461274,0.40003198,0.6515538,97.13708,2.0318034,94.49721,101.18714,1,1,1,1
0.010129411,24.941227,0.10125716,24.824118,25.05993,0.52841675,0.03229453,0.44405276,0.572441,98.1089,1.0945532,95.56944,99.64499,1,1,1,1
0.0,24.964682,0.1203753,24.81646,25.120874,0.46148515,0.04403985,0.40715283,0.5305492,93.66596,1.6656922,91.5794,96.66492,0,1,1,1
0.017733749,24.267326,0.10526173,24.125025,24.455797,0.4557518,0.06567968,0.26532808,0.6102788,102.45734,2.4518552,96.59715,108.04761,1,1,1,1
0.062577166,25.066479,0.20880057,24.623041,25.460629,0.4715395,0.048505004,0.42207295,0.5896932,95.04564,1.541297,93.02938,97.8015,1,1,1,1
0.0,25.264622,0.15834358,24.95818,25.554731,0.53686565,0.057294037,0.37649903,0.67682564,98.67066,2.069735,94.314644,102.305626,0,1,1,1
0.09626742,23.872993,0.21433032,23.573305,24.132286,0.55940294,0.0095072305,0.5442489,0.58826154,107.46073,2.170018,105.09932,110.28528,1,1,1,1
0.0055628517,25.546068,0.26017058,24.898802,25.968987,0.6101228,0.038541406,0.5432396,0.7086564,104.14417,2.4603186,100.15292,109.7918,1,1,1,1
0.029058581,24.654316,0.22462527,24.391598,25.080217,0.56534094,0.05450462,0.42974746,0.63959914,96.83232,3.211491,90.11174,101.65894,1,1,1,1
0.041083787,24.449425,0.24649674,24.122986,25.01567,0.4706737,0.06000628,0.31077754,0.5686302,100.402,2.6030195,96.43844,106.49325,1,1,1,1
0.0,0.0,0.0,0.0,0.0,0.46627834,0.046685148,0.36034775,0.5744014,100.381,1.0134745,98.335884,101.837,0,0,1,1
0.061888542,24.80356,0.13881418,24.597515,25.009802,0.54863703,0.07288382,0.45803365,0.7323677,96.14812,1.2207394,93.52777,97.675064,1,1,1,1
0.0,24.90025,0.12499825,24.591164,25.158714,0.50779134,0.021156128,0.45862988,0.5604976,104.79364,1.6368943,102.4522,108.79586,0,1,1,1
0.007994553,24.751602,0.16086768,24.531221,24.968828,0.0,0.0,0.0,0.0,0.0,0.0,0.0,0.0,1,1,0,0
0.0,24.959244,0.19400911,24.615618,25.195492,0.44415873,0.051732246,0.3683587,0.5553069,98.56453,1.7652609,96.764114,102.037125,0,1,1,1
0.039496005,25.871634,0.0768811,25.7315,26.008705,0.0,0.0,0.0,0.0,0.0,0.0,0.0,0.0,1,1,0,0
0.030952077,24.605034,0.19001122,24.213972,24.872084,0.0,0.0,0.0,0.0,0.0,0.0,0.0,0.0,1,1,0,0
0.0,24.912909,0.18948533,24.722784,25.266712,0.5476052,0.030343289,0.49928382,0.5924591,100.54076,1.9521928,97.15479,103.27047,0,1,1,1
0.0,24.339184,0.1542376,24.087017,24.661613,0.4477137,0.030686127,0.39060545,0.5130497,110.9725,1.6416866,107.57152,114.81926,0,1,1,1
0.0,0.0,0.0,0.0,0.0,0.47087184,0.051088497,0.3653423,0.5598921,97.13899,1.018045,94.75573,98.5903,0,0,1,1
0.017061578,24.48372,0.1603571,24.181057,24.884075,0.0,0.0,0.0,0.0,0.0,0.0,0.0,0.0,1,1,0,0
0.0237724,24.269802,0.079659484,24.18857,24.445667,0.0,0.0,0.0,0.0,0.0,0.0,0.0,0.0,1,1,0,0
0.0,24.57335,0.17224418,24.266287,24.921534,0.46067613,0.05561983,0.31932393,0.528419,102.79372,2.179205,99.460655,107.089066,0,1,1,1
0.0,0.0,0.0,0.0,0.0,0.45888975,0.050310135,0.40720296,0.5613202,106.30722,2.3384845,102.67779,109.16748,0,0,1,1
0.04358185,25.647339,0.15892917,25.37376,26.013083,0.59203887,0.015725447,0.5636907,0.6186529,91.17696,1.2429075,88.78518,94.21328,1,1,1,1
0.0,0.0,0.0,0.0,0.0,0.4632914,0.061589964,0.32139188,0.5508656,91.86612,3.6152248,83.63899,97.55425,0,0,1,1
0.0,0.0,0.0,0.0,0.0,0.4676201,0.07016122,0.30042505,0.65382123,96.04936,0.91489404,94.9285,97.57571,0,0,1,1
0.0,0.0,0.0,0.0,0.0,0.4877598,0.08815693,0.22962368,0.7198924,88.78978,2.3830345,86.265175,91.47195,0,0,1,1
0.09540954,24.723043,0.17867596,24.29528,25.152233,0.5512168,0.014714821,0.5322178,0.57891035,102.084145,1.6490517,98.116455,106.19307,1,1,1,1
0.023738308,24.840895,0.20902368,24.42382,25.056427,0.0,0.0,0.0,0.0,0.0,0.0,0.0,0.0,1,1,0,0
0.0,0.0,0.0,0.0,0.0,0.55570084,0.03698326,0.5057899,0.61726147,101.133125,1.5284194,99.08674,102.95082,0,0,1,1
0.0,25.017788,0.12895131,24.748878,25.273212,0.49632877,0.063900195,0.33182123,0.6378264,100.70718,1.5289483,98.231384,103.48666,0,1,1,1
0.0,25.602055,0.2170735,25.348444,26.137987,0.49769896,0.03146098,0.40938416,0.54961306,102.28638,1.1515696,100.95518,104.66292,0,1,1,1
0.0,0.0,0.0,0.0,0.0,0.50387245,0.027476376,0.43906963,0.5360593,108.08904,3.0853312,102.115074,115.11453,0,0,1,1
0.0462222,23.878794,0.11937669,23.75408,24.0605,0.0,0.0,0.0,0.0,0.0,0.0,0.0,0.0,1,1,0,0
0.09683647,25.059492,0.2058841,24.629137,25.320871,0.0,0.0,0.0,0.0,0.0,0.0,0.0,0.0,1,1,0,0
0.0,25.007113,0.11432642,24.817263,25.249714,0.43362495,0.046628855,0.33182406,0.5252202,97.71918,2.0296166,93.500824,101.67219,0,1,1,1
0.0017794585,24.108255,0.20165649,23.747585,24.333183,0.0,0.0,0.0,0.0,0.0,0.0,0.0,0.0,1,1,0,0
0.0,0.0,0.0,0.0,0.0,0.5246936,0.08708165,0.41574576,0.77217865,97.435165,1.2740341,95.58545,100.35973,0,0,1,1
0.035650384,24.950945,0.16169794,24.70161,25.179546,0.4665106,0.045029625,0.4158937,0.5466954,98.247185,1.8806783,93.918724,102.66993,1,1,1,1
0.010537991,25.964737,0.14168331,25.672287,26.249163,0.0,0.0,0.0,0.0,0.0,0.0,0.0,0.0,1,1,0,0
0.054895952,24.300903,0.19688001,24.073347,24.736193,0.5400307,0.0061120735,0.51245165,0.56423044,90.77578,1.2538412,88.562164,93.603004,1,1,1,1
0.27927232,26.23534,0.11485417,26.024698,26.444857,0.0,0.0,0.0,0.0,0.0,0.0,0.0,0.0,1,1,0,0
0.0,25.556204,0.12768644,25.269962,25.84293,0.48553443,0.07039758,0.3790169,0.6764198,96.39919,0.38109806,95.815956,97.309654,0,1,1,1
0.0,0.0,0.0,0.0,0.0,0.5389263,0.034249693,0.44608998,0.5742396,90.04155,1.8130571,87.577774,93.84205,0,0,1,1
0.0021526655,24.321383,0.2462659,23.972988,24.936106,0.0,0.0,0.0,0.0,0.0,0.0,0.0,0.0,1,1,0,0
0.05606745,25.7623,0.07106808,25.676893,25.926624,0.0,0.0,0.0,0.0,0.0,0.0,0.0,0.0,1,1,0,0
0.0,24.796246,0.06726336,24.651112,24.932304,0.5579018,0.039190166,0.48498526,0.60343814,101.95525,2.3444707,97.522644,107.55186,0,1,1,1
0.19657299,24.72291,0.068847135,24.612003,24.827625,0.5448171,0.037858948,0.50424236,0.64156884,101.16565,1.0876579,99.107376,103.27092,1,1,1,1
0.13318317,25.069033,0.16069594,24.785181,25.33867,0.4224979,0.069962576,0.2526457,0.5662506,101.645615,1.3593682,100.05019,104.09957,1,1,1,1
0.0,0.0,0.0,0.0,0.0,0.40513238,0.053687993,0.34409168,0.46218318,97.20652,1.2959206,94.8887,100.01243,0,0,1,1
0.0,0.0,0.0,0.0,0.0,0.44904348,0.06825149,0.27860403,0.52602977,99.446976,1.9142202,94.97321,102.89587,0,0,1,1
0.0,25.574894,0.20008534,25.132633,25.940453,0.5555563,0.042996358,0.48792738,0.67755735,103.62209,2.300341,98.15836,106.54996,0,1,1,1
0.0,24.32937,0.072169274,24.245007,24.483398,0.522776,0.033422414,0.4384271,0.57316333,106.395035,2.5962284,101.0741,111.5309,0,1,1,1
0.0,0.0,0.0,0.0,0.0,0.46265543,0.0022595974,0.44820455,0.4762174,105.19732,1.5370599,103.11381,107.455475,0,0,1,1
0.0,0.0,0.0,0.0,0.0,0.5088073,0.059953935,0.370357,0.6144528,95.78414,3.0285084,88.33116,101.961334,0,0,1,1
0.0,0.0,0.0,0.0,0.0,0.4788288,0.09777864,0.3653923,0.682508,104.110954,2.361081,98.4839,107.79708,0,0,1,1
0.014246815,24.731497,0.088138714,24.601322,24.874187,0.45993823,0.065552995,0.3884851,0.6560591,97.42612,1.6898267,93.778046,100.03128,1,1,1,1
0.12167579,24.813425,0.12859592,24.563896,25.08012,0.5079158,0.05418505,0.42267773,0.5973861,101.68344,1.5602963,97.85102,105.11158,1,1,1,1
0.0,0.0,0.0,0.0,0.0,0.39803365,0.064134635,0.26514995,0.54098564,100.4749,0.9371985,98.351494,102.10053,0,0,1,1
0.013398201,25.549902,0.18128552,25.34726,25.810818,0.0,0.0,0.0,0.0,0.0,0.0,0.0,0.0,1,1,0,0
0.0,25.308601,0.21424036,24.918608,25.828707,0.38225454,0.07950134,0.22841276,0.59669065,101.91328,0.60944766,101.141106,102.69859,0,1,1,1
0.016614856,25.659098,0.13312016,25.525492,25.81983,0.49662495,0.07320436,0.3632978,0.59852916,94.6916,0.5007175,93.45791,95.60445,1,1,1,1
0.00556264,24.147644,0.21991773,23.882421,24.559372,0.4490488,0.08379952,0.23284051,0.6738136,97.834656,2.0317607,93.046776,102.02735,1,1,1,1
0.0,25.140856,0.18235694,24.745419,25.593567,0.47557798,0.07704788,0.3721661,0.7002804,91.66456,2.2127655,87.54766,97.139534,0,1,1,1
0.0,0.0,0.0,0.0,0.0,0.5193064,0.04994916,0.45266497,0.62615705,101.54538,2.457052,95.70403,104.95639,0,0,1,1
0.035143673,24.818596,0.16832152,24.64953,25.1678,0.46798232,0.03586247,0.37039286,0.5485546,100.66982,1.1614228,98.158325,102.92293,1,1,1,1
0.07999492,25.890041,0.1326249,25.582684,26.025946,0.0,0.0,0.0,0.0,0.0,0.0,0.0,0.0,1,1,0,0
0.0,23.721226,0.21358787,23.450575,24.170784,0.5500877,0.043931253,0.49663413,0.6061306,93.2133,2.0184474,88.7804,98.17458,0,1,1,1
0.023854056,25.383282,0.1083159,25.16903,25.519308,0.4937027,0.04022538,0.38445684,0.5621508,98.15787,2.432665,92.423904,102.68932,1,1,1,1
0.017016834,25.204699,0.10914728,25.05106,25.450283,0.0,0.0,0.0,0.0,0.0,0.0,0.0,0.0,1,1,0,0
0.03521192,25.05091,0.11357731,24.888695,25.22392,0.550557,0.08674392,0.45130104,0.7167121,98.770744,2.8872433,91.57455,102.24608,1,1,1,1
0.0056244326,25.93738,0.14125131,25.679571,26.280483,0.0,0.0,0.0,0.0,0.0,0.0,0.0,0.0,1,1,0,0
0.0,0.0,0.0,0.0,0.0,0.44926247,0.064143464,0.3013096,0.55519694,98.93802,3.6059957,93.08741,107.43951,0,0,1,1
0.0012922671,25.241432,0.14690565,24.908165,25.444504,0.0,0.0,0.0,0.0,0.0,0.0,0.0,0.0,1,1,0,0
0.0,0.0,0.0,0.0,0.0,0.5514718,0.02217831,0.48733237,0.61654973,105.962234,3.0196269,98.7802,111.35065,0,0,1,1
0.0,0.0,0.0,0.0,0.0,0.4945411,0.06243093,0.34631088,0.574435,98.43288,1.1940813,95.50215,100.35281,0,0,1,1
0.0,0.0,0.0,0.0,0.0,0.46180114,0.05158484,0.37922165,0.5764536,99.48509,2.7682745,93.20946,105.5068,0,0,1,1
0.068907775,25.445478,0.08947334,25.244478,25.565968,0.48696038,0.045638748,0.38395914,0.5661167,101.74001,1.3401155,99.816986,104.82659,1,1,1,1
0.0,0.0,0.0,0.0,0.0,0.4418931,0.052401528,0.3560274,0.51559955,94.223694,1.441645,92.301025,96.7366,0,0,1,1
0.0,0.0,0.0,0.0,0.0,0.49161795,0.0660651,0.40319183,0.65472656,95.77426,1.7698072,93.79815,97.920265,0,0,1,1
0.0,0.0,0.0,0.0,0.0,0.49593294,0.05473578,0.41767085,0.5901989,93.720955,2.4211588,91.24259,99.28353,0,0,1,1
0.004118642,24.874163,0.044108976,24.77796,24.963327,0.0,0.0,0.0,0.0,0.0,0.0,0.0,0.0,1,1,0,0
0.0,24.625246,0.1352235,24.318853,24.762419,0.44787303,0.08387929,0.3302354,0.5586435,99.29109,1.4671469,96.01184,100.819084,0,1,1,1
0.0059919176,24.850645,0.20928122,24.568815,25.178673,0.0,0.0,0.0,0.0,0.0,0.0,0.0,0.0,1,1,0,0
0.0,0.0,0.0,0.0,0.0,0.44239563,0.07121955,0.29894975,0.5929538,105.88402,1.6040747,102.908035,108.67237,0,0,1,1
0.0,0.0,0.0,0.0,0.0,0.52972347,0.044428032,0.4756503,0.63129056,101.627426,1.6022367,99.41923,104.78468,0,0,1,1
0.0,0.0,0.0,0.0,0.0,0.62897164,0.05485725,0.540609,0.7706376,98.47728,0.7959303,97.489784,99.353165,0,0,1,1
0.02045164,25.287153,0.2009851,24.97315,25.665628,0.0,0.0,0.0,0.0,0.0,0.0,0.0,0.0,1,1,0,0
0.0,25.19127,0.14835124,25.02299,25.480663,0.4355416,0.019975502,0.39925736,0.47581714,112.360146,1.9159821,108.27614,114.35414,0,1,1,1
0.014060609,24.75858,0.10783145,24.567255,25.00877,0.47494033,0.07908998,0.34530213,0.55911964,95.17917,1.9791443,90.92098,97.17316,1,1,1,1
0.0,0.0,0.0,0.0,0.0,0.44753018,0.05069779,0.33079222,0.5146249,100.4698,1.9514492,95.94526,103.9795,0,0,1,1
0.063015066,24.593987,0.08560992,24.39978,24.779898,0.0,0.0,0.0,0.0,0.0,0.0,0.0,0.0,1,1,0,0
0.081905484,24.035616,0.14566703,23.760775,24.288721,0.0,0.0,0.0,0.0,0.0,0.0,0.0,0.0,1,1,0,0
0.030108983,24.71773,0.17322901,24.362112,25.03345,0.5159252,0.022444965,0.48686182,0.5747534,94.1718,2.2033937,90.92029,97.700226,1,1,1,1
0.0008848506,24.918476,0.18845713,24.510204,25.27967,0.57453465,0.052335672,0.44131416,0.69396645,96.996735,2.0876553,93.5489,100.134026,1,1,1,1
0.0,25.385668,0.19667755,25.089952,25.732262,0.5265315,0.07598562,0.3537248,0.6028713,110.66273,2.2150707,105.551506,115.10765,0,1,1,1
0.0,0.0,0.0,0.0,0.0,0.46722916,0.027920956,0.4309607,0.5302133,93.77875,1.9380684,90.00007,95.729004,0,0,1,1
0.0645729,25.795708,0.2683891,25.224783,26.316742,0.37783173,0.06808925,0.20255664,0.55369717,93.768936,3.3859215,88.01951,101.70587,1,1,1,1
0.0,0.0,0.0,0.0,0.0,0.5025555,0.06642154,0.39054707,0.5845357,93.65254,1.4354622,91.05655,95.93594,0,0,1,1
0.0,0.0,0.0,0.0,0.0,0.4871331,0.049426716,0.41671598,0.5448867,100.20552,1.6205264,97.06275,103.333,0,0,1,1
0.009321427,25.631851,0.18598732,25.213274,25.903545,0.48129588,0.056033775,0.3378225,0.6146938,101.96533,1.0296876,99.81828,103.13917,1,1,1,1
0.011904046,25.48043,0.20345414,25.218245,25.927456,0.0,0.0,0.0,0.0,0.0,0.0,0.0,0.0,1,1,0,0
0.001924209,24.500006,0.19199798,24.285053,24.972763,0.0,0.0,0.0,0.0,0.0,0.0,0.0,0.0,1,1,0,0
0.030408688,25.407078,0.08652329,25.248384,25.51803,0.0,0.0,0.0,0.0,0.0,0.0,0.0,0.0,1,1,0,0
0.0,24.597866,0.23068967,24.332703,25.01712,0.46881694,0.071821444,0.2569061,0.58314025,100.700294,1.7303584,98.504036,102.82587,0,1,1,1
0.28246772,24.993675,0.14766327,24.731508,25.337244,0.51095194,0.05816201,0.41296142,0.5833593,109.2354,3.7918587,101.18786,116.59676,1,1,1,1
0.056065198,25.782778,0.18177378,25.543392,26.229296,0.43920052,0.050329126,0.3046012,0.49995446,96.37127,1.715493,92.73269,98.2319,1,1,1,1
0.0,25.405209,0.12740782,25.245144,25.688854,0.45810822,0.04258434,0.4077749,0.5348263,102.62926,3.3232648,97.81798,110.30512,0,1,1,1
0.0,24.489193,0.06824333,24.335684,24.57097,0.50892466,0.011456716,0.4902979,0.5227033,99.89765,2.0940275,97.38146,103.304794,0,1,1,1
0.0,24.488218,0.14033918,24.344341,24.818865,0.45312968,0.032105744,0.3602037,0.5186707,94.509094,1.6881423,90.32467,96.24905,0,1,1,1
0.0,0.0,0.0,0.0,0.0,0.38707533,0.08672773,0.2619145,0.47804537,105.813515,2.369317,100.28959,110.25827,0,0,1,1
0.0,26.14518,0.12814794,25.891958,26.418076,0.5027311,0.06149414,0.3454115,0.6539874,100.12943,2.3801548,95.7296,105.94931,0,1,1,1
0.0,0.0,0.0,0.0,0.0,0.5799238,0.02215729,0.53939146,0.6228432,96.827644,2.6333957,93.083954,103.289185,0,0,1,1
0.0,0.0,0.0,0.0,0.0,0.5259014,0.036084488,0.4695778,0.6276109,104.160255,1.7926693,100.79568,106.69776,0,0,1,1
0.073451705,24.19081,0.10810962,23.951466,24.402702,0.51686645,0.060845867,0.4506644,0.58802223,98.14335,0.6374804,96.58034,98.78402,1,1,1,1
0.0,0.0,0.0,0.0,0.0,0.33635166,0.07414672,0.12999637,0.47937062,95.199356,2.5332074,90.91835,100.72464,0,0,1,1
0.0,0.0,0.0,0.0,0.0,0.50654405,0.056288194,0.34459132,0.6105983,99.3895,2.0140998,95.51208,102.143,0,0,1,1
0.0073746834,25.244406,0.20065805,24.884426,25.700598,0.0,0.0,0.0,0.0,0.0,0.0,0.0,0.0,1,1,0,0
0.036100026,25.275574,0.047482423,25.155521,25.386599,0.531781,0.04642417,0.48474693,0.6353516,108.871765,1.7354465,106.88252,112.15726,1,1,1,1
0.020025596,25.556414,0.11663779,25.438793,25.70042,0.61627716,0.036744006,0.5659868,0.7064131,95.40817,2.0667331,93.14493,99.013626,1,1,1,1
0.0,24.657782,0.12445358,24.525644,24.829214,0.44015992,0.057032403,0.35628173,0.60548663,98.69913,2.6257215,95.37203,105.11791,0,1,1,1
0.0614763,24.502838,0.12400119,24.346493,24.728464,0.5088056,0.020613853,0.46418878,0.546262,103.15016,2.1771135,99.22996,107.52818,1,1,1,1
0.24254404,24.368423,0.1589107,24.189823,24.658869,0.4442734,0.012579642,0.41595182,0.46305534,104.72213,1.2430654,103.01554,106.74563,1,1,1,1
0.052762594,25.516176,0.20097576,25.065063,25.771559,0.4691943,0.06297592,0.39675838,0.57702357,100.57787,2.4341838,94.82907,103.38266,1,1,1,1
0.0,24.05685,0.19944839,23.563854,24.408566,0.54055506,0.017413788,0.507677,0.5626275,91.32366,0.92935824,89.155945,93.593666,0,1,1,1
0.0017383532,24.991777,0.12086448,24.842175,25.160624,0.5409881,0.048110757,0.48332953,0.6337236,104.65907,1.5200765,101.09438,106.459946,1,1,1,1
0.0,23.711004,0.2222454,23.485308,24.073727,0.5152085,0.06826713,0.34308738,0.6826839,101.61763,1.0327278,99.29436,104.0521,0,1,1,1
0.0,0.0,0.0,0.0,0.0,0.49741298,0.036479484,0.40014237,0.57599145,96.60648,2.3171446,92.56477,102.28462,0,0,1,1
0.0,24.942478,0.11242312,24.792597,25.086832,0.53641814,0.07252968,0.3510382,0.7386471,86.784676,1.1467093,83.92134,88.01228,0,1,1,1
0.019455519,25.418776,0.094404116,25.19084,25.625433,0.0,0.0,0.0,0.0,0.0,0.0,0.0,0.0,1,1,0,0
0.12695058,25.159561,0.25428426,24.782848,25.625435,0.50556517,0.04054566,0.45527637,0.5914511,100.931625,2.256806,95.43418,103.98405,1,1,1,1
0.0,0.0,0.0,0.0,0.0,0.57565874,0.039909225,0.49667972,0.67491835,89.006905,1.8923414,84.62028,91.65269,0,0,1,1
0.0,0.0,0.0,0.0,0.0,0.44074774,0.069159806,0.34393296,0.58254707,95.34668,0.7506463,93.82998,96.23125,0,0,1,1
0.010251897,24.98023,0.13763805,24.841667,25.23665,0.0,0.0,0.0,0.0,0.0,0.0,0.0,0.0,1,1,0,0
0.107637405,24.80465,0.13232584,24.607962,25.002184,0.5867291,0.0951417,0.32266918,0.72134846,97.39431,2.4011014,94.69549,103.23015,1,1,1,1
0.0,25.153168,0.11035691,24.976551,25.38883,0.5190593,0.09064651,0.42111206,0.6227098,97.02564,1.8664104,94.62151,101.069084,0,1,1,1
0.18410134,25.715229,0.12334308,25.49044,25.85247,0.48519206,0.054616112,0.38261437,0.60283446,101.04465,1.3619348,98.2466,104.26671,1,1,1,1
0.0014844609,25.549753,0.14567976,25.19957,25.88402,0.39977136,0.04869221,0.294229,0.52800345,103.45665,1.6706661,99.51891,107.05174,1,1,1,1
0.0,25.19993,0.1091145,24.936296,25.32593,0.4716366,0.034977254,0.40812507,0.53108156,104.229836,1.664221,101.860306,107.00243,0,1,1,1
0.0,24.301626,0.1511191,24.047815,24.511683,0.5404554,0.03661497,0.44376892,0.6219825,103.02004,1.9411398,99.77815,106.37006,0,1,1,1
0.007104763,24.064255,0.13933742,23.753468,24.248737,0.0,0.0,0.0,0.0,0.0,0.0,0.0,0.0,1,1,0,0
0.0,25.723312,0.08862228,25.561663,25.824757,0.5569832,0.070349984,0.4714141,0.76595473,106.748,1.4435108,105.09218,110.17646,0,1,1,1
0.0,0.0,0.0,0.0,0.0,0.49546066,0.03322613,0.41933644,0.5360734,101.14073,1.2372242,99.48545,103.49714,0,0,1,1
0.063128926,25.469727,0.2397355,25.049704,25.886688,0.0,0.0,0.0,0.0,0.0,0.0,0.0,0.0,1,1,0,0
0.0,0.0,0.0,0.0,0.0,0.52796084,0.04114574,0.47710845,0.6166618,100.45839,0.9263204,98.833466,102.27745,0,0,1,1
0.03446413,25.10364,0.18638766,24.738628,25.38832,0.0,0.0,0.0,0.0,0.0,0.0,0.0,0.0,1,1,0,0
0.013253749,25.41701,0.18266748,25.197926,25.753517,0.0,0.0,0.0,0.0,0.0,0.0,0.0,0.0,1,1,0,0
0.0,0.0,0.0,0.0,0.0,0.4064848,0.055539496,0.29368204,0.56597483,94.22159,1.2425383,92.65921,96.24828,0,0,1,1
0.0,0.0,0.0,0.0,0.0,0.45250982,0.08828553,0.22857529,0.65276915,98.96187,2.6513455,94.24785,102.08767,0,0,1,1
0.0,24.27166,0.07272181,24.162268,24.369684,0.47859547,0.07542055,0.2844251,0.58823955,95.84619,2.8281372,90.99351,102.07076,0,1,1,1
0.00040410724,25.308468,0.18315262,24.933594,25.733345,0.4449248,0.04963681,0.29819003,0.5566779,87.472046,1.26724,86.06253,90.564,1,1,1,1
0.0,25.470306,0.089639515,25.354347,25.56875,0.53949505,0.036895804,0.49957812,0.62151796,88.63653,2.036192,84.731186,92.02825,0,1,1,1
0.008133199,25.404177,0.09607506,25.173351,25.60657,0.5763346,0.076944,0.43138492,0.7680127,90.98091,2.545599,88.404945,93.59264,1,1,1,1
0.0013376756,24.958784,0.084274806,24.776587,25.054796,0.5490403,0.06537403,0.3931132,0.6265234,96.782265,2.2376828,92.51928,99.848206,1,1,1,1
0.026884213,24.369516,0.12372657,24.22382,24.523935,0.0,0.0,0.0,0.0,0.0,0.0,0.0,0.0,1,1,0,0
0.0,0.0,0.0,0.0,0.0,0.4241815,0.053323768,0.28206953,0.5680549,97.05718,2.7469623,91.3981,102.17178,0,0,1,1
0.0,24.631618,0.22761045,24.31209,24.992659,0.5393276,0.016556796,0.50137234,0.5855678,105.13403,1.547256,101.72887,108.782364,0,1,1,1
0.0,0.0,0.0,0.0,0.0,0.52064496,0.044977076,0.439541,0.6216493,98.57007,2.2819245,93.40371,103.0918,0,0,1,1
0.111144334,25.638111,0.18057784,25.409409,26.050055,0.0,0.0,0.0,0.0,0.0,0.0,0.0,0.0,1,1,0,0
0.0,25.302937,0.2183295,24.800404,25.731503,0.51772094,0.05196032,0.44671857,0.57673913,102.03046,2.5723212,99.22015,107.50475,0,1,1,1
0.0,25.594185,0.112846054,25.435528,25.869764,0.5365838,0.07465046,0.39529023,0.7271699,97.59967,2.7527285,93.523476,100.52973,0,1,1,1
0.010114281,25.578228,0.13179912,25.259695,25.741997,0.0,0.0,0.0,0.0,0.0,0.0,0.0,0.0,1,1,0,0
0.0,25.52738,0.23165768,25.067476,25.979303,0.54430956,0.030574836,0.4539639,0.63234663,98.85655,1.3223825,96.735916,101.469536,0,1,1,1
0.0,0.0,0.0,0.0,0.0,0.4952859,0.01657612,0.44839087,0.5342399,102.09281,1.8126476,99.285324,106.1045,0,0,1,1
0.0,24.374292,0.20019422,23.995289,24.656898,0.474639,0.035999294,0.41265327,0.52983826,102.15903,0.7923951,100.956154,103.48695,0,1,1,1
0.08355602,24.682756,0.13995126,24.503,24.961945,0.52227163,0.10412059,0.32492217,0.64835304,91.15492,0.6290741,90.3579,92.13406,1,1,1,1
0.0,24.587479,0.12068886,24.32015,24.868502,0.49140328,0.062697984,0.32301012,0.6780774,109.345634,0.70910555,107.711,110.80635,0,1,1,1
0.009853721,24.70971,0.12985465,24.520487,24.976183,0.5710016,0.0822164,0.4163354,0.72812605,102.31518,1.9334835,99.817795,105.05628,1,1,1,1
0.0,24.91473,0.13253894,24.686228,25.07204,0.5469831,0.04829356,0.48100573,0.6634026,107.02059,2.0353298,103.54886,109.47985,0,1,1,1
0.0,24.386738,0.25035325,23.855438,24.87239,0.46157235,0.08163386,0.23492347,0.5609795,100.18003,1.4674109,96.52176,102.885666,0,1,1,1
0.0012477223,24.727594,0.06219658,24.6326,24.84724,0.0,0.0,0.0,0.0,0.0,0.0,0.0,0.0,1,1,0,0
0.008480615,25.88088,0.06079894,25.765823,25.979336,0.0,0.0,0.0,0.0,0.0,0.0,0.0,0.0,1,1,0,0
0.0,24.99877,0.124037534,24.726622,25.253176,0.49279973,0.05863802,0.3577308,0.6101295,101.07757,0.7674255,99.45058,102.952034,0,1,1,1
0.0,0.0,0.0,0.0,0.0,0.41663498,0.052678574,0.35597023,0.5251153,102.84504,1.3078133,100.07217,106.09808,0,0,1,1
0.034201484,24.964024,0.13259946,24.744783,25.104393,0.0,0.0,0.0,0.0,0.0,0.0,0.0,0.0,1,1,0,0
0.0102180615,23.912724,0.2547819,23.620949,24.318926,0.0,0.0,0.0,0.0,0.0,0.0,0.0,0.0,1,1,0,0
0.0,25.849792,0.05465448,25.736677,25.932432,0.500308,0.058265723,0.4288238,0.6711615,102.90143,2.1726058,98.134514,107.42169,0,1,1,1
0.0,0.0,0.0,0.0,0.0,0.46978334,0.07986533,0.30995443,0.58363163,98.63937,2.7351558,94.827774,101.4021,0,0,1,1
0.019498,25.189482,0.14941011,25.001774,25.45125,0.5161684,0.04643131,0.41898963,0.63487214,100.09516,0.3577858,99.49266,100.63347,1,1,1,1
0.0,0.0,0.0,0.0,0.0,0.48603198,0.056065097,0.34407464,0.58617777,107.00504,2.5507214,100.637314,110.43628,0,0,1,1
0.0,0.0,0.0,0.0,0.0,0.55839264,0.016787017,0.51166236,0.6002944,98.65681,3.7681003,92.36352,105.59885,0,0,1,1
0.010155707,25.08692,0.11416102,24.967068,25.350597,0.5485872,0.044826474,0.4348564,0.6375782,101.34814,1.9563135,98.23635,105.88136,1,1,1,1
0.024375504,23.943659,0.027186021,23.857355,24.02436,0.5381491,0.03102542,0.45147574,0.62677664,101.207306,2.062908,96.17853,104.67085,1,1,1,1
0.041220568,25.2385,0.22517176,24.792574,25.465437,0.40663183,0.056696273,0.24042752,0.5543949,102.37941,2.3623784,97.08557,107.59521,1,1,1,1
0.002856227,25.241371,0.07112999,25.110819,25.364517,0.0,0.0,0.0,0.0,0.0,0.0,0.0,0.0,1,1,0,0
0.0040120925,25.008263,0.14538957,24.783337,25.247698,0.0,0.0,0.0,0.0,0.0,0.0,0.0,0.0,1,1,0,0
0.0,0.0,0.0,0.0,0.0,0.49566543,0.053204548,0.44239894,0.6318702,100.180534,1.7150933,96.86511,102.72831,0,0,1,1
0.062064655,24.537159,0.16938585,24.30434,24.93888,0.52800405,0.0626454,0.40231112,0.64937574,103.883736,1.5364159,101.58454,105.88927,1,1,1,1
0.0,24.821495,0.2322598,24.515343,25.39681,0.48606893,0.008181476,0.47316292,0.500085,88.21454,2.453011,82.71481,92.01805,0,1,1,1
0.017393414,25.798622,0.08245551,25.59569,26.004467,0.5240671,0.044655923,0.44303232,0.6168534,101.66314,0.3848749,100.54384,102.44369,1,1,1,1
0.03344917,25.198587,0.15242201,25.040392,25.352476,0.5784473,0.066153154,0.46161562,0.7267743,96.34498,2.665152,92.230286,101.83736,1,1,1,1
0.0,0.0,0.0,0.0,0.0,0.49841076,0.022429038,0.45274255,0.56436414,97.90507,0.94245976,96.38003,99.00005,0,0,1,1
0.0,0.0,0.0,0.0,0.0,0.45863464,0.039953634,0.39192295,0.5590321,104.440025,2.2524285,99.70554,108.93944,0,0,1,1
0.0,0.0,0.0,0.0,0.0,0.51623577,0.05728229,0.39190224,0.665992,103.94416,1.399883,101.00057,106.47759,0,0,1,1
0.0,24.347795,0.10261731,24.160894,24.566492,0.45318758,0.055279434,0.3116203,0.59486854,100.314705,3.226494,92.82228,105.09304,0,1,1,1
0.051367372,24.814037,0.11776657,24.558163,25.052134,0.0,0.0,0.0,0.0,0.0,0.0,0.0,0.0,1,1,0,0
0.040016152,24.098368,0.13371961,23.88331,24.277637,0.44710737,0.0253925,0.40967822,0.48216823,102.55969,2.6754808,97.23205,105.99636,1,1,1,1
0.06992264,24.385069,0.21208508,24.124214,24.658144,0.0,0.0,0.0,0.0,0.0,0.0,0.0,0.0,1,1,0,0
0.0,0.0,0.0,0.0,0.0,0.4737209,0.037951235,0.3612309,0.5146785,97.85932,2.5289109,92.47436,103.178024,0,0,1,1
0.0,24.003773,0.1541207,23.696241,24.330725,0.4958261,0.029651964,0.4162397,0.55796975,100.61759,1.5054183,96.881516,103.2807,0,1,1,1
0.054873742,24.851267,0.15827046,24.601738,25.24042,0.5792369,0.049697313,0.4347444,0.6524896,103.23174,1.3682538,100.32779,105.05166,1,1,1,1
0.0,0.0,0.0,0.0,0.0,0.48934853,0.016699973,0.471138,0.51833946,93.43862,3.3286366,88.29732,101.735146,0,0,1,1
0.019395055,25.732111,0.11888501,25.513859,25.999905,0.0,0.0,0.0,0.0,0.0,0.0,0.0,0.0,1,1,0,0
0.026512943,24.343307,0.16236207,24.027082,24.690767,0.0,0.0,0.0,0.0,0.0,0.0,0.0,0.0,1,1,0,0
0.0,0.0,0.0,0.0,0.0,0.4489898,0.06353852,0.37118623,0.6387515,100.10326,1.4459137,97.073456,103.639694,0,0,1,1
0.030696899,25.653193,0.20055422,25.212242,26.082226,0.5375629,0.033523556,0.43715605,0.6250842,101.08807,1.9619733,98.097755,103.36253,1,1,1,1
0.024799433,25.050318,0.040213645,24.961027,25.168806,0.0,0.0,0.0,0.0,0.0,0.0,0.0,0.0,1,1,0,0
0.0,0.0,0.0,0.0,0.0,0.55783707,0.083369546,0.31892586,0.72446173,93.750336,2.8107812,89.85978,99.87436,0,0,1,1
0.0,24.29181,0.2072963,23.838003,24.606596,0.38592643,0.05905498,0.21266936,0.47472632,97.49629,1.0463122,95.50415,98.56968,0,1,1,1
0.0,0.0,0.0,0.0,0.0,0.48826233,0.0450245,0.35459137,0.56261677,98.27149,3.1858764,93.1836,105.080635,0,0,1,1
0.016231826,24.401077,0.16717958,24.062567,24.639746,0.0,0.0,0.0,0.0,0.0,0.0,0.0,0.0,1,1,0,0
0.0,26.067568,0.12833202,25.835665,26.232676,0.4882192,0.07266798,0.29878587,0.5899245,103.752975,1.6504382,100.90791,107.302025,0,1,1,1
0.30931124,24.43194,0.16555968,24.139435,24.811653,0.0,0.0,0.0,0.0,0.0,0.0,0.0,0.0,1,1,0,0
0.0,0.0,0.0,0.0,0.0,0.5076352,0.048646886,0.3862488,0.63651997,105.05445,1.8334562,102.13603,107.308205,0,0,1,1
0.0,26.298235,0.18748826,25.843035,26.754663,0.55629885,0.022595428,0.5157718,0.582607,96.86597,2.6374986,94.083336,101.585754,0,1,1,1
0.0049255905,25.33358,0.18517612,25.079689,25.625824,0.49184883,0.007501807,0.46978045,0.5114051,103.39816,1.4693807,100.05503,105.47414,1,1,1,1
0.0,24.896374,0.14732651,24.539688,25.056673,0.50249785,0.060790736,0.36689034,0.67029476,99.52837,2.5925097,94.79507,103.46007,0,1,1,1
0.002092708,25.66387,0.14215927,25.422125,25.999987,0.0,0.0,0.0,0.0,0.0,0.0,0.0,0.0,1,1,0,0
0.004754926,25.891464,0.16463506,25.703358,26.08897,0.0,0.0,0.0,0.0,0.0,0.0,0.0,0.0,1,1,0,0
0.02853689,24.884277,0.20929399,24.636381,25.305872,0.0,0.0,0.0,0.0,0.0,0.0,0.0,0.0,1,1,0,0
0.0,0.0,0.0,0.0,0.0,0.41826278,0.086976685,0.3300392,0.52865577,99.9599,1.4400214,97.175804,101.48351,0,0,1,1
0.008363895,24.539581,0.14121474,24.331789,24.704262,0.0,0.0,0.0,0.0,0.0,0.0,0.0,0.0,1,1,0,0
0.009812858,24.851301,0.096363164,24.733744,24.980417,0.5070966,0.05130432,0.4001559,0.5966564,100.732346,2.5125926,97.24425,103.6055,1,1,1,1
0.12350921,24.887688,0.09845496,24.78598,25.104435,0.0,0.0,0.0,0.0,0.0,0.0,0.0,0.0,1,1,0,0
0.0,0.0,0.0,0.0,0.0,0.45499825,0.054679327,0.34776706,0.61600626,101.164024,1.6193509,98.14206,103.1238,0,0,1,1
0.0,24.793566,0.18009019,24.372473,25.099464,0.56398344,0.07258557,0.4791773,0.67332,106.087944,2.7232146,102.493065,111.45551,0,1,1,1
0.043873493,24.052095,0.17499918,23.696566,24.379677,0.0,0.0,0.0,0.0,0.0,0.0,0.0,0.0,1,1,0,0
0.0,0.0,0.0,0.0,0.0,0.5073674,0.042254306,0.43680325,0.6248973,100.95935,0.38039175,99.7861,101.46996,0,0,1,1
0.03367974,25.48469,0.09588177,25.26287,25.657276,0.4856251,0.04319994,0.42151296,0.60124266,101.18815,1.7111112,97.61483,103.33479,1,1,1,1
0.012933753,23.439062,0.08747028,23.242052,23.6145,0.0,0.0,0.0,0.0,0.0,0.0,0.0,0.0,1,1,0,0
0.0,25.616667,0.116822235,25.337915,25.845484,0.45972317,0.058356196,0.3069061,0.6036379,103.19712,2.0890446,99.884796,105.91225,0,1,1,1
0.0,0.0,0.0,0.0,0.0,0.41068524,0.024890177,0.3605191,0.44786513,98.94175,2.5922458,96.17823,102.04202,0,0,1,1
0.0,0.0,0.0,0.0,0.0,0.52708924,0.045345522,0.46437386,0.5862984,101.143616,0.9143752,99.25801,102.484726,0,0,1,1
0.10373839,25.648878,0.07146687,25.536558,25.727753,0.39643314,0.0075891064,0.37766123,0.4212006,94.78239,1.080862,92.86761,96.260826,1,1,1,1
0.0064731003,25.08173,0.17264892,24.792706,25.36324,0.0,0.0,0.0,0.0,0.0,0.0,0.0,0.0,1,1,0,0
0.13271257,24.244595,0.0882327,24.102505,24.40628,0.490043,0.046873774,0.3567159,0.56027144,102.18447,1.8219548,98.45698,106.47943,1,1,1,1
0.053782664,25.92436,0.10665549,25.763885,26.135576,0.0,0.0,0.0,0.0,0.0,0.0,0.0,0.0,1,1,0,0
0.0,25.365452,0.010113831,25.307398,25.416153,0.4429045,0.04264309,0.37286434,0.534935,90.30698,2.5113354,86.70747,94.87991,0,1,1,1
0.0,25.033518,0.072029136,24.895693,25.158453,0.5251547,0.032699768,0.4693276,0.57021284,100.51517,2.9983795,97.15807,104.87244,0,1,1,1
0.056358512,25.700663,0.16913912,25.420528,26.035543,0.0,0.0,0.0,0.0,0.0,0.0,0.0,0.0,1,1,0,0
0.0,0.0,0.0,0.0,0.0,0.52094597,0.06596279,0.412561,0.6332057,101.288414,1.540389,99.66553,103.527,0,0,1,1
0.0050678374,25.739046,0.1715346,25.43294,26.069675,0.0,0.0,0.0,0.0,0.0,0.0,0.0,0.0,1,1,0,0
0.12673636,25.951212,0.20706305,25.612082,26.383791,0.0,0.0,0.0,0.0,0.0,0.0,0.0,0.0,1,1,0,0
0.0,25.07596,0.13235436,24.760357,25.330591,0.39041793,0.055196747,0.29183647,0.49719554,95.537895,0.9084213,94.594696,97.4431,0,1,1,1
0.0,0.0,0.0,0.0,0.0,0.52582514,0.04030932,0.46584618,0.6176277,98.652756,1.9616332,96.32749,101.089294,0,0,1,1
0.0,24.820911,0.19469315,24.564295,25.094816,0.4835715,0.04210781,0.36013493,0.58397335,96.95066,1.6942966,94.8177,99.24064,0,1,1,1
0.01706914,25.68709,0.1596868,25.328358,26.046562,0.0,0.0,0.0,0.0,0.0,0.0,0.0,0.0,1,1,0,0
0.0028625883,25.354702,0.14234637,25.029972,25.636526,0.0,0.0,0.0,0.0,0.0,0.0,0.0,0.0,1,1,0,0
0.055619776,25.489786,0.1592955,25.302727,25.80145,0.50030595,0.03802282,0.4296051,0.5415385,100.05172,0.67552906,98.89322,101.58611,1,1,1,1
0.0,0.0,0.0,0.0,0.0,0.4783892,0.07349904,0.38473976,0.5933149,98.09108,2.0599847,93.616104,102.72842,0,0,1,1
0.0,24.356064,0.14900418,24.084064,24.50931,0.49728453,0.023205863,0.45896536,0.55204064,96.849724,1.986611,94.016846,100.40932,0,1,1,1
0.0,0.0,0.0,0.0,0.0,0.5939926,0.045226738,0.5319193,0.6447415,94.096,3.1791303,87.831024,98.332596,0,0,1,1
0.003278148,24.718697,0.19985998,24.382006,25.10199,0.0,0.0,0.0,0.0,0.0,0.0,0.0,0.0,1,1,0,0
0.045565005,25.343765,0.1514216,25.121511,25.512686,0.0,0.0,0.0,0.0,0.0,0.0,0.0,0.0,1,1,0,0
0.011999234,25.498917,0.14789285,25.175041,25.775728,0.0,0.0,0.0,0.0,0.0,0.0,0.0,0.0,1,1,0,0
0.0,25.370941,0.13561824,25.161295,25.516716,0.49818873,0.04379402,0.44125858,0.5811691,102.15362,1.5829326,99.01932,104.56477,0,1,1,1
0.06706282,25.100277,0.11179175,24.958189,25.281534,0.0,0.0,0.0,0.0,0.0,0.0,0.0,0.0,1,1,0,0
0.0,0.0,0.0,0.0,0.0,0.5653222,0.035572052,0.4722669,0.6234399,95.11591,1.490619,93.10161,97.28509,0,0,1,1
0.013561412,25.08296,0.20429602,24.81242,25.521046,0.4766267,0.051994726,0.41897273,0.61664426,111.201775,2.726407,104.683136,114.05188,1,1,1,1
0.0,26.147032,0.13225926,25.859882,26.373138,0.4299721,0.048433356,0.34456724,0.54840446,92.172005,2.0483704,87.18357,96.48367,0,1,1,1
0.082853064,25.145044,0.23946075,24.61926,25.681515,0.0,0.0,0.0,0.0,0.0,0.0,0.0,0.0,1,1,0,0
0.0,24.604757,0.119454734,24.431646,24.846277,0.44363564,0.0617828,0.3562111,0.6002446,101.047295,1.3227103,98.19118,103.41882,0,1,1,1
0.02309817,25.963524,0.045727707,25.900846,26.071417,0.45166722,0.044686355,0.3510324,0.5553031,103.26408,1.0805024,100.70961,105.95526,1,1,1,1
0.023776943,24.978523,0.19664897,24.686718,25.216291,0.0,0.0,0.0,0.0,0.0,0.0,0.0,0.0,1,1,0,0
0.0,26.214958,0.07933355,26.127941,26.338371,0.5216835,0.08808091,0.41557586,0.7237829,98.697784,2.3714252,94.726326,101.4323,0,1,1,1
0.0,0.0,0.0,0.0,0.0,0.53944176,0.05093076,0.46408343,0.6715242,94.071754,2.5319421,88.30614,96.96879,0,0,1,1
0.0,0.0,0.0,0.0,0.0,0.41541395,0.049672194,0.291141,0.49028337,106.898636,2.2666154,102.28275,112.19549,0,0,1,1
0.015878607,25.791782,0.15377526,25.481716,26.128088,0.0,0.0,0.0,0.0,0.0,0.0,0.0,0.0,1,1,0,0
0.0,24.063782,0.14431016,23.82336,24.370003,0.44874853,0.073440716,0.28290975,0.57300955,100.57716,2.4293332,94.84383,105.56407,0,1,1,1
0.0,24.730188,0.20235437,24.277796,25.01588,0.55484605,0.046918716,0.50043476,0.65896446,107.09296,2.099143,101.94186,111.51646,0,1,1,1
0.0020524582,24.70789,0.15808283,24.315872,24.915157,0.0,0.0,0.0,0.0,0.0,0.0,0.0,0.0,1,1,0,0
0.0,25.345644,0.14773278,25.077896,25.694,0.5277468,0.04613263,0.47478053,0.6282561,88.84223,1.618763,85.193634,90.70853,0,1,1,1
0.03107991,25.552359,0.19639647,25.352057,25.92329,0.0,0.0,0.0,0.0,0.0,0.0,0.0,0.0,1,1,0,0
0.01234815,25.343306,0.11026573,25.120077,25.467073,0.0,0.0,0.0,0.0,0.0,0.0,0.0,0.0,1,1,0,0
0.0,24.816107,0.108472444,24.689398,24.99167,0.5319599,0.04644343,0.4407017,0.62507325,107.038,1.3636727,105.64944,109.37711,0,1,1,1
0.0,0.0,0.0,0.0,0.0,0.48478836,0.04745036,0.4052675,0.61798215,96.29701,0.91177756,94.58669,97.75108,0,0,1,1
0.012479066,24.80724,0.23690853,24.261347,25.09318,0.0,0.0,0.0,0.0,0.0,0.0,0.0,0.0,1,1,0,0
0.02432923,23.828106,0.10453336,23.56928,24.072527,0.47250304,0.058506582,0.3471365,0.58880204,95.34689,2.3609703,91.38481,101.19833,1,1,1,1
0.0,25.433891,0.14114612,25.278143,25.782179,0.41206473,0.05933592,0.34428614,0.57350487,100.07592,2.3072045,97.1964,103.01811,0,1,1,1
0.0,0.0,0.0,0.0,0.0,0.5306622,0.052163728,0.45178875,0.64505106,99.84425,1.7214607,98.00517,102.95858,0,0,1,1
0.0,0.0,0.0,0.0,0.0,0.45658612,0.050241794,0.37766033,0.5604639,90.25704,2.6632261,85.920296,95.52703,0,0,1,1
0.014679934,24.833445,0.182309,24.517189,25.023088,0.53716135,0.05123416,0.41676775,0.65412223,104.96331,2.7391415,100.71602,110.03844,1,1,1,1
0.0,24.827488,0.039999705,24.745495,24.930239,0.48437154,0.06529857,0.40484306,0.5607825,101.42566,1.0994215,99.24831,102.999596,0,1,1,1
0.0,25.023737,0.16894867,24.711756,25.388453,0.4800769,0.100923315,0.23122032,0.6791746,95.244255,2.8898573,91.467766,99.16331,0,1,1,1
0.01209031,24.740541,0.16704363,24.397522,25.08505,0.5477488,0.058567725,0.39227796,0.6573604,89.317444,2.636783,83.03627,93.41815,1,1,1,1
0.04072693,24.063286,0.1974272,23.604015,24.495996,0.0,0.0,0.0,0.0,0.0,0.0,0.0,0.0,1,1,0,0
0.0,24.66584,0.12991838,24.427893,24.851746,0.47655073,0.0468696,0.405579,0.58569604,102.91614,0.9502877,101.29542,104.7706,0,1,1,1
0.0,0.0,0.0,0.0,0.0,0.48341694,0.031929187,0.40530053,0.5627029,109.3309,2.084991,105.52812,112.14485,0,0,1,1
0.1665136,24.917217,0.22625253,24.69077,25.289743,0.48573318,0.052948225,0.3460846,0.6398636,92.78308,1.4242622,90.00756,96.23876,1,1,1,1
0.29275602,25.667425,0.19814165,25.30398,26.103172,0.5724144,0.03530134,0.5128334,0.62804484,99.749626,1.6499116,97.17159,103.38106,1,1,1,1
0.0,24.978323,0.04820719,24.867449,25.043362,0.4530572,0.07000307,0.2506177,0.525203,91.459045,1.5760235,89.82998,94.26156,0,1,1,1
0.069671854,25.728647,0.12052152,25.541456,26.00408,0.0,0.0,0.0,0.0,0.0,0.0,0.0,0.0,1,1,0,0
0.03468668,24.144186,0.14364985,23.822523,24.334757,0.0,0.0,0.0,0.0,0.0,0.0,0.0,0.0,1,1,0,0
0.060806185,25.001513,0.12357675,24.763876,25.145424,0.0,0.0,0.0,0.0,0.0,0.0,0.0,0.0,1,1,0,0
0.0,24.00097,0.05808623,23.899715,24.096165,0.43354738,0.04490449,0.32820442,0.5273774,102.0696,2.849675,95.6551,109.11508,0,1,1,1
0.0,25.28992,0.13638917,24.972593,25.60245,0.4734026,0.041545097,0.37317458,0.5539219,88.07272,1.9957297,85.12509,91.6724,0,1,1,1
0.0,24.940111,0.12843776,24.732561,25.253504,0.44226664,0.06456964,0.28887033,0.5321622,92.284546,2.3797572,86.570175,94.858635,0,1,1,1
0.29873383,24.820593,0.18583947,24.55492,25.026575,0.5630366,0.061237924,0.3876748,0.66285926,98.902435,2.3132348,94.9657,104.55631,1,1,1,1
0.0,24.137407,0.098911636,24.01907,24.279163,0.4794837,0.022427205,0.4452274,0.5461963,107.29515,3.2203295,103.90559,113.873726,0,1,1,1
0.017927611,23.783915,0.20793298,23.446857,24.01165,0.5388924,0.06471829,0.46334645,0.69261456,95.235596,2.8308392,90.34361,99.0737,1,1,1,1
0.049837656,25.54722,0.06399806,25.41205,25.671568,0.0,0.0,0.0,0.0,0.0,0.0,0.0,0.0,1,1,0,0
0.08283965,24.876795,0.08668976,24.694178,24.990717,0.5091625,0.057989348,0.42414063,0.5812492,98.7947,0.27966434,97.66372,99.71576,1,1,1,1
0.0,25.38953,0.14347468,25.233927,25.677124,0.41778645,0.02312842,0.3894433,0.45697454,103.421135,2.3301003,99.18288,108.95914,0,1,1,1
0.07786261,24.450262,0.18084626,24.236927,24.807562,0.0,0.0,0.0,0.0,0.0,0.0,0.0,0.0,1,1,0,0
0.0,0.0,0.0,0.0,0.0,0.47343835,0.029658444,0.40327156,0.5189739,100.68065,2.4600008,95.08358,106.06963,0,0,1,1
0.0,25.319164,0.12498114,25.166552,25.495905,0.48183757,0.059007198,0.3739667,0.5693226,100.96839,2.0896037,95.982704,105.361176,0,1,1,1
0.076284826,24.671148,0.13545546,24.355556,24.848154,0.5302581,0.070466705,0.38655373,0.6599379,92.22605,2.127496,87.266685,95.03074,1,1,1,1
0.0,0.0,0.0,0.0,0.0,0.57787925,0.0448312,0.47104403,0.6269991,98.52677,2.9112186,91.567,103.89055,0,0,1,1
0.0,24.403505,0.114547044,24.197996,24.657578,0.4236796,0.028348355,0.36977345,0.4687831,101.12926,1.2772317,99.80924,102.804054,0,1,1,1
0.0,0.0,0.0,0.0,0.0,0.5223099,0.040442374,0.47755787,0.6110944,99.59839,1.809824,97.78324,102.31878,0,0,1,1
0.0,24.928228,0.15932433,24.639265,25.268799,0.45564735,0.051729083,0.34361693,0.5426202,93.39268,1.5364519,91.82837,96.93151,0,1,1,1
0.06149693,24.819649,0.061373133,24.741667,24.882896,0.0,0.0,0.0,0.0,0.0,0.0,0.0,0.0,1,1,0,0
0.0,0.0,0.0,0.0,0.0,0.44854897,0.058227457,0.30754107,0.57186437,101.76415,1.9509543,97.395584,106.356224,0,0,1,1
0.0,24.722124,0.19214404,24.476522,25.030077,0.56680536,0.045291167,0.47403094,0.6914409,99.35101,1.7826192,97.3766,102.325,0,1,1,1
0.0,0.0,0.0,0.0,0.0,0.55991703,0.06628403,0.4457923,0.73612785,100.09624,1.3078309,97.735954,102.65491,0,0,1,1
0.004836305,24.912724,0.0048438786,24.86178,25.011,0.0,0.0,0.0,0.0,0.0,0.0,0.0,0.0,1,1,0,0
0.0,25.885754,0.19661753,25.553043,26.36943,0.4451973,0.08053235,0.25549695,0.5573716,95.50116,1.1192793,94.36403,97.72068,0,1,1,1
0.0,0.0,0.0,0.0,0.0,0.38877207,0.023961307,0.36368197,0.4550475,97.99534,2.4239748,93.791794,103.73182,0,0,1,1
0.27291507,23.765724,0.12620264,23.63395,23.964407,0.0,0.0,0.0,0.0,0.0,0.0,0.0,0.0,1,1,0,0
0.0070015755,24.352882,0.15629403,24.081438,24.688969,0.0,0.0,0.0,0.0,0.0,0.0,0.0,0.0,1,1,0,0
0.0,25.348288,0.1374629,25.183638,25.568745,0.48508504,0.06253548,0.41445252,0.6527356,92.10226,2.4526885,86.65185,98.171555,0,1,1,1
0.0,0.0,0.0,0.0,0.0,0.5411175,0.04797912,0.40020877,0.6421297,98.02028,0.86328954,96.88259,100.150566,0,0,1,1
0.0,0.0,0.0,0.0,0.0,0.47499135,0.008600724,0.44565234,0.49015963,101.00743,2.2291608,95.612,104.46485,0,0,1,1
0.0,26.139624,0.06911337,26.058712,26.239386,0.5060436,0.039550412,0.43832552,0.561046,96.40471,2.433191,92.22302,100.11657,0,1,1,1
0.03241312,25.593859,0.098164715,25.39474,25.790731,0.0,0.0,0.0,0.0,0.0,0.0,0.0,0.0,1,1,0,0
0.0,24.606577,0.093894295,24.389578,24.83521,0.542343,0.048643794,0.4463496,0.682344,99.42671,1.5616125,95.826485,102.952545,0,1,1,1
0.010919245,24.786674,0.17520598,24.563208,25.187607,0.0,0.0,0.0,0.0,0.0,0.0,0.0,0.0,1,1,0,0
0.0066030775,24.615604,0.18957551,24.254488,24.809137,0.0,0.0,0.0,0.0,0.0,0.0,0.0,0.0,1,1,0,0
0.0,24.94096,0.12647082,24.700605,25.09274,0.39123756,0.067683294,0.30741692,0.5704437,104.1582,2.0301836,100.63869,108.47184,0,1,1,1
0.01527463,25.25465,0.15362811,24.929882,25.55816,0.46384713,0.016182143,0.43643463,0.50297725,101.47182,2.4181368,95.93329,107.22214,1,1,1,1
0.0,0.0,0.0,0.0,0.0,0.54676014,0.026891464,0.50764036,0.62013113,100.67443,2.0750456,98.223694,103.73872,0,0,1,1
0.0,25.531612,0.14003526,25.369001,25.688225,0.5262861,0.0066755516,0.504411,0.5385706,100.41192,2.0608163,95.312256,104.18093,0,1,1,1
0.017137984,24.957775,0.089816995,24.789505,25.144207,0.0,0.0,0.0,0.0,0.0,0.0,0.0,0.0,1,1,0,0
0.0,24.980246,0.17385347,24.574423,25.162039,0.5172473,0.06394804,0.41340306,0.63939613,96.31133,2.1676238,91.830376,100.94989,0,1,1,1
0.0,25.014528,0.18677005,24.720108,25.375587,0.539796,0.045430932,0.49401462,0.59448105,103.521614,1.1361636,102.27893,106.26413,0,1,1,1
0.0,25.32391,0.20500486,24.879177,25.712194,0.41088226,0.06125434,0.29407883,0.53035843,104.92413,2.7946248,102.05262,110.58877,0,1,1,1
0.037486278,24.69832,0.18699749,24.48061,25.05489,0.55134356,0.018162804,0.5276898,0.5729385,105.1933,2.3609366,101.9879,109.31681,1,1,1,1
0.051709577,24.467031,0.22542702,24.212315,24.743689,0.45456028,0.05392628,0.3577137,0.5937868,96.86525,2.426537,91.17937,100.91986,1,1,1,1
0.0,24.512442,0.1529945,24.22998,24.81624,0.43237376,0.06729596,0.27244478,0.5386537,95.02978,2.5562174,89.952896,98.36063,0,1,1,1
0.11507294,26.07894,0.15928094,25.816921,26.28426,0.0,0.0,0.0,0.0,0.0,0.0,0.0,0.0,1,1,0,0
0.07664938,25.925484,0.19995719,25.614468,26.389296,0.57163775,0.07534554,0.39037415,0.7390886,97.02713,3.2798128,89.97303,103.03571,1,1,1,1
0.011456775,24.931969,0.14803827,24.7659,25.097944,0.43656215,0.038270175,0.33646592,0.5463963,103.03004,2.638268,99.092285,108.9075,1,1,1,1
0.0,0.0,0.0,0.0,0.0,0.4368941,0.045456573,0.36338,0.5173854,100.11474,1.2612371,98.61796,101.53081,0,0,1,1
0.0032377061,25.485197,0.08302223,25.373966,25.573046,0.0,0.0,0.0,0.0,0.0,0.0,0.0,0.0,1,1,0,0
0.0,24.150171,0.09240108,24.02237,24.290556,0.5116488,0.056941193,0.44982463,0.6385267,97.793045,3.0958273,93.27687,101.3617,0,1,1,1
0.0,0.0,0.0,0.0,0.0,0.49601945,0.04830913,0.3949803,0.601554,100.7393,1.580877,97.81509,102.5124,0,0,1,1
0.0,24.690035,0.12866846,24.445982,24.844185,0.46041855,0.017299293,0.4321254,0.50125873,100.20569,1.6069427,98.0343,102.64706,0,1,1,1
0.053924445,24.646091,0.21485548,24.220774,25.079704,0.0,0.0,0.0,0.0,0.0,0.0,0.0,0.0,1,1,0,0
0.042122,24.790888,0.21760453,24.285557,25.17626,0.0,0.0,0.0,0.0,0.0,0.0,0.0,0.0,1,1,0,0
0.039563358,26.467592,0.06747905,26.39777,26.632145,0.0,0.0,0.0,0.0,0.0,0.0,0.0,0.0,1,1,0,0
0.0,25.220068,0.24454333,24.87679,25.679089,0.5519986,0.080839805,0.45060217,0.7643732,98.15411,2.1118276,94.297775,103.36284,0,1,1,1
0.0,0.0,0.0,0.0,0.0,0.49284282,0.06779745,0.2931853,0.69046956,105.77824,2.9401896,98.78227,108.77573,0,0,1,1
0.0,0.0,0.0,0.0,0.0,0.5588488,0.03933307,0.517868,0.65255916,94.983345,1.6514288,91.456566,96.92897,0,0,1,1
0.048889004,25.126934,0.14416394,24.872122,25.459585,0.0,0.0,0.0,0.0,0.0,0.0,0.0,0.0,1,1,0,0
0.0,0.0,0.0,0.0,0.0,0.57410616,0.023597034,0.5174743,0.6005428,98.33037,3.2889555,94.09148,105.242226,0,0,1,1
0.1189662,24.059275,0.17278282,23.813618,24.411015,0.0,0.0,0.0,0.0,0.0,0.0,0.0,0.0,1,1,0,0
0.19642882,25.476334,0.23551105,24.939247,25.764418,0.48783872,0.04944998,0.4033577,0.587733,105.59943,2.0277443,101.945625,110.48435,1,1,1,1
0.022490127,24.37834,0.109923005,24.201656,24.599352,0.5044317,0.067257516,0.39190805,0.6954771,97.08805,1.7997465,93.29867,100.509766,1,1,1,1
0.13603447,24.586327,0.15332355,24.35444,24.83726,0.0,0.0,0.0,0.0,0.0,0.0,0.0,0.0,1,1,0,0
0.04891533,24.643627,0.018851653,24.525078,24.726328,0.0,0.0,0.0,0.0,0.0,0.0,0.0,0.0,1,1,0,0
0.013535861,25.3994,0.21713778,24.863314,25.695099,0.53595906,0.03736091,0.43425348,0.6319588,108.7708,1.61934,105.988014,111.222885,1,1,1,1
0.1059592,25.100151,0.18897428,24.863846,25.47764,0.0,0.0,0.0,0.0,0.0,0.0,0.0,0.0,1,1,0,0
0.0,24.529774,0.14393903,24.37197,24.873114,0.4693883,0.025736457,0.44295773,0.5063814,102.552864,2.7047846,96.61065,107.81403,0,1,1,1
0.0,24.641506,0.106513515,24.45607,24.805334,0.48346975,0.01590459,0.4499428,0.51944435,104.838844,1.8169209,100.76563,108.79959,0,1,1,1
0.0,0.0,0.0,0.0,0.0,0.48600495,0.07627056,0.35391203,0.62634015,94.45014,1.1243987,92.56848,97.00479,0,0,1,1
0.01858335,25.252178,0.12063897,25.114054,25.530455,0.0,0.0,0.0,0.0,0.0,0.0,0.0,0.0,1,1,0,0
0.098755404,25.918468,0.06224092,25.800846,26.0457,0.5474544,0.051107142,0.4462939,0.69038135,99.7307,1.7699231,96.6994,104.01478,1,1,1,1
0.017610775,26.093288,0.15403399,25.746658,26.457516,0.49899703,0.052433286,0.3671708,0.55949056,95.88815,1.3055454,93.64462,97.92847,1,1,1,1
0.0,24.714886,0.22649871,24.398157,24.960003,0.4252603,0.03864338,0.36865416,0.46751752,100.24646,1.7455759,97.0202,103.886505,0,1,1,1
0.0,0.0,0.0,0.0,0.0,0.46473417,0.035968024,0.40064695,0.5639889,102.41023,2.6513114,95.96655,105.37042,0,0,1,1
0.0,0.0,0.0,0.0,0.0,0.51154256,0.039589863,0.45241678,0.6019563,89.85164,2.3039496,85.23385,94.05333,0,0,1,1
0.0,24.565882,0.16639136,24.27055,24.89932,0.5171362,0.053055692,0.4587021,0.63672626,103.019516,1.1547965,100.48294,104.92356,0,1,1,1
0.0,0.0,0.0,0.0,0.0,0.51315594,0.052726474,0.45220155,0.5765019,97.13238,2.5222907,92.75915,100.13882,0,0,1,1
0.0,0.0,0.0,0.0,0.0,0.37811854,0.04365562,0.25773555,0.4603831,100.241714,1.1062924,98.15957,102.4662,0,0,1,1
0.12815945,24.814035,0.19533801,24.33353,25.041481,0.0,0.0,0.0,0.0,0.0,0.0,0.0,0.0,1,1,0,0
0.066918716,24.020966,0.105961084,23.818419,24.137548,0.41886243,0.074476376,0.21667582,0.6067098,105.58369,2.5950623,99.4199,111.665375,1,1,1,1
0.0,0.0,0.0,0.0,0.0,0.6056114,0.058260944,0.4698527,0.68984365,101.38913,2.8035014,96.05346,108.12311,0,0,1,1
0.015894238,25.500679,0.21665931,25.121172,25.982513,0.5270998,0.047850117,0.45312235,0.6060491,99.23733,1.9271996,94.94715,103.56882,1,1,1,1
0.0,26.23803,0.15949935,25.908148,26.608175,0.44299245,0.041495614,0.3758913,0.5594221,97.66751,1.9971539,95.09809,100.77242,0,1,1,1
0.0,26.131273,0.15029675,25.916365,26.355383,0.5054274,0.032441758,0.45532778,0.57320523,101.96906,0.745468,100.61291,102.795876,0,1,1,1
0.0,24.581055,0.12694266,24.376905,24.719742,0.54844224,0.059871472,0.4332965,0.65170425,90.948456,2.4143379,88.42263,95.13684,0,1,1,1
0.018949581,25.37105,0.24828145,24.770468,25.709877,0.0,0.0,0.0,0.0,0.0,0.0,0.0,0.0,1,1,0,0
0.0,0.0,0.0,0.0,0.0,0.608944,0.06922082,0.48898703,0.6915894,106.28882,2.2522,103.89121,111.52818,0,0,1,1
0.0,25.32755,0.12103655,25.203247,25.51088,0.46495906,0.022860236,0.40497795,0.50401527,96.97566,0.79077893,95.32145,98.180595,0,1,1,1
0.0,0.0,0.0,0.0,0.0,0.45941362,0.036960617,0.3569973,0.557324,104.918915,1.3779372,103.195274,106.48737,0,0,1,1
0.0,0.0,0.0,0.0,0.0,0.55037385,0.04537842,0.42959496,0.6353183,105.79216,1.7730094,102.48256,108.59532,0,0,1,1
0.04233373,25.225763,0.15234663,25.016647,25.593443,0.0,0.0,0.0,0.0,0.0,0.0,0.0,0.0,1,1,0,0
0.033745717,25.7357,0.0915714,25.628445,25.924791,0.0,0.0,0.0,0.0,0.0,0.0,0.0,0.0,1,1,0,0
0.0414559,26.02029,0.19419238,25.741089,26.385426,0.434028,0.09055009,0.19636443,0.69590575,102.758255,2.1850274,100.33998,107.755066,1,1,1,1
0.026025398,25.212395,0.20102948,24.952995,25.459675,0.46730167,0.056493133,0.32716152,0.59004337,103.03121,2.619631,98.92115,106.20412,1,1,1,1
0.0,25.408861,0.13992955,25.14269,25.564163,0.59791523,0.031550944,0.5499959,0.67285305,112.065994,1.3274922,109.92139,113.75838,0,1,1,1
0.047036693,25.845398,0.037459344,25.721586,25.957193,0.49955234,0.04098186,0.45243526,0.6055539,107.28535,2.5617015,103.25362,110.86858,1,1,1,1
0.0,0.0,0.0,0.0,0.0,0.59421176,0.06276586,0.524477,0.7700474,102.90156,1.611398,99.0078,106.13361,0,0,1,1
0.08913105,25.014242,0.05995486,24.932468,25.157938,0.0,0.0,0.0,0.0,0.0,0.0,0.0,0.0,1,1,0,0
0.0,25.082937,0.09721078,24.920263,25.238409,0.5047497,0.058148038,0.39980966,0.66269535,102.87557,2.2368395,98.07777,107.33341,0,1,1,1
0.0,24.874002,0.15946895,24.70229,25.080116,0.45419705,0.04457617,0.35503927,0.5332794,109.14688,2.6944737,105.40204,112.164986,0,1,1,1
0.0,0.0,0.0,0.0,0.0,0.59711397,0.0659312,0.43615347,0.74282724,105.2016,3.5394673,100.91862,110.313515,0,0,1,1
0.014080567,24.074183,0.08414883,23.904112,24.17788,0.0,0.0,0.0,0.0,0.0,0.0,0.0,0.0,1,1,0,0
0.002009505,24.799997,0.14677408,24.61354,25.058247,0.4257476,0.04466816,0.3138208,0.55066353,97.753,2.3539312,94.08068,103.37243,1,1,1,1
0.031792644,24.861898,0.09857656,24.746332,25.021616,0.0,0.0,0.0,0.0,0.0,0.0,0.0,0.0,1,1,0,0
0.0,0.0,0.0,0.0,0.0,0.4607677,0.051230025,0.34725368,0.586514,97.43075,2.2721555,95.03332,102.92157,0,0,1,1
0.0,0.0,0.0,0.0,0.0,0.52463126,0.0648635,0.3657091,0.60987234,110.756935,2.2470117,105.55414,114.88034,0,0,1,1
0.0,0.0,0.0,0.0,0.0,0.5200928,0.05190554,0.43145674,0.66510904,103.396545,1.2121161,101.756775,105.696014,0,0,1,1
0.04378636,25.049395,0.12732796,24.8828,25.240282,0.0,0.0,0.0,0.0,0.0,0.0,0.0,0.0,1,1,0,0
0.0,0.0,0.0,0.0,0.0,0.5567519,0.055050988,0.44301382,0.6559503,103.82782,1.6378187,100.524536,106.15966,0,0,1,1
0.03242079,24.626215,0.026755242,24.520899,24.707312,0.0,0.0,0.0,0.0,0.0,0.0,0.0,0.0,1,1,0,0
0.0,0.0,0.0,0.0,0.0,0.49333504,0.025809227,0.448602,0.5547555,101.293785,1.9365846,98.49727,103.52703,0,0,1,1
0.007697832,24.407587,0.20538738,23.90093,24.745304,0.0,0.0,0.0,0.0,0.0,0.0,0.0,0.0,1,1,0,0
0.020638984,24.417107,0.15199292,24.258585,24.65096,0.0,0.0,0.0,0.0,0.0,0.0,0.0,0.0,1,1,0,0
0.019667158,24.412918,0.13378452,24.16318,24.734837,0.0,0.0,0.0,0.0,0.0,0.0,0.0,0.0,1,1,0,0
0.19170438,25.136635,0.14804758,24.933933,25.348122,0.0,0.0,0.0,0.0,0.0,0.0,0.0,0.0,1,1,0,0
0.08975611,24.896048,0.29088664,24.315813,25.620398,0.0,0.0,0.0,0.0,0.0,0.0,0.0,0.0,1,1,0,0
0.0,0.0,0.0,0.0,0.0,0.3910738,0.053826507,0.24516095,0.5312915,101.280754,2.0166082,98.944214,105.33457,0,0,1,1
0.0,24.739477,0.11798313,24.461027,25.019756,0.5640432,0.059345607,0.40636265,0.7378334,97.13204,3.6365695,88.55835,101.31081,0,1,1,1
0.020574937,24.62216,0.1950847,24.286324,25.084242,0.0,0.0,0.0,0.0,0.0,0.0,0.0,0.0,1,1,0,0
0.0,0.0,0.0,0.0,0.0,0.53379345,0.03206156,0.44088042,0.5722276,95.63321,2.1579216,91.17797,100.31667,0,0,1,1
0.029063746,25.498507,0.100494914,25.35298,25.647089,0.564654,0.056658674,0.4373294,0.67462903,97.97513,2.607457,92.53548,101.28757,1,1,1,1
0.061504513,25.803795,0.18946806,25.570477,26.127592,0.0,0.0,0.0,0.0,0.0,0.0,0.0,0.0,1,1,0,0
0.016887907,25.509783,0.15713052,25.240038,25.716179,0.44587383,0.0620461,0.2969434,0.6292679,97.81083,2.9792662,93.75656,101.81522,1,1,1,1
0.162224,25.506178,0.18051864,25.158934,25.70564,0.49413192,0.038939733,0.3924491,0.5362909,108.77601,2.7028706,104.57656,113.42011,1,1,1,1
0.1282996,24.085672,0.08853979,23.880285,24.27688,0.0,0.0,0.0,0.0,0.0,0.0,0.0,0.0,1,1,0,0
0.0,0.0,0.0,0.0,0.0,0.43913457,0.063210435,0.297713,0.56530565,95.62437,2.9611444,88.254234,102.81117,0,0,1,1
0.0,0.0,0.0,0.0,0.0,0.5380468,0.041186202,0.418839,0.6167635,104.58197,1.4246838,101.37119,106.70795,0,0,1,1
0.0,0.0,0.0,0.0,0.0,0.50711244,0.049099963,0.43017054,0.63974804,94.50527,1.3757241,92.87831,97.1202,0,0,1,1
0.0,0.0,0.0,0.0,0.0,0.46087447,0.06350496,0.3750723,0.58413666,103.83389,3.1822755,98.88501,108.25724,0,0,1,1
0.03776703,24.908363,0.14567652,24.581661,25.189718,0.46653816,0.07914959,0.23541684,0.56131285,97.53136,1.4466405,94.259056,99.0876,1,1,1,1
0.13899548,25.117702,0.22573563,24.85255,25.52353,0.0,0.0,0.0,0.0,0.0,0.0,0.0,0.0,1,1,0,0
0.0,24.540209,0.13963884,24.240898,24.847826,0.5114261,0.057707295,0.36607313,0.64222777,99.411995,1.9314469,97.048004,103.486435,0,1,1,1
0.0,24.945332,0.1298312,24.73611,25.173819,0.5621312,0.06789366,0.44227606,0.72637594,101.17634,1.1921216,99.41261,103.21059,0,1,1,1
0.0,0.0,0.0,0.0,0.0,0.3241572,0.06395992,0.14497748,0.423431,106.947784,1.9826988,104.50174,109.064384,0,0,1,1
0.0,0.0,0.0,0.0,0.0,0.48809454,0.05505146,0.33365506,0.5453355,97.5476,1.2160568,94.85534,99.163704,0,0,1,1
0.07688472,24.483122,0.091246285,24.339945,24.631165,0.0,0.0,0.0,0.0,0.0,0.0,0.0,0.0,1,1,0,0
0.0,24.093014,0.20685245,23.58748,24.501663,0.41722402,0.033754934,0.37476388,0.47587973,94.76089,2.7345095,90.93985,98.5664,0,1,1,1
0.024362823,25.48539,0.17490515,25.218952,25.759304,0.0,0.0,0.0,0.0,0.0,0.0,0.0,0.0,1,1,0,0
0.12249593,24.232752,0.18353151,23.952972,24.632847,0.4871908,0.01661489,0.45821795,0.533591,92.96006,2.0775914,88.25371,95.32282,1,1,1,1
0.00046738127,25.3557,0.16353123,25.131552,25.72344,0.5210437,0.054431926,0.42543337,0.676239,100.670746,1.6008683,97.59886,103.08073,1,1,1,1
0.08176099,25.287987,0.20410748,24.894861,25.58194,0.5613917,0.057479307,0.4523994,0.66978335,97.02892,1.8347149,93.94164,101.27489,1,1,1,1
0.0,0.0,0.0,0.0,0.0,0.5509095,0.040449906,0.4668917,0.64223516,105.395035,1.6758738,101.87762,109.335,0,0,1,1
0.07564581,24.28076,0.1199154,23.991793,24.435135,0.0,0.0,0.0,0.0,0.0,0.0,0.0,0.0,1,1,0,0
0.0,0.0,0.0,0.0,0.0,0.52935135,0.075356446,0.37214193,0.6355638,92.65352,2.189665,87.65496,94.86464,0,0,1,1
0.02794532,25.298985,0.17821355,24.941332,25.679811,0.0,0.0,0.0,0.0,0.0,0.0,0.0,0.0,1,1,0,0
0.057946656,25.038134,0.13597399,24.720163,25.288893,0.0,0.0,0.0,0.0,0.0,0.0,0.0,0.0,1,1,0,0
0.031516735,24.484041,0.18117845,24.278717,24.828384,0.0,0.0,0.0,0.0,0.0,0.0,0.0,0.0,1,1,0,0
0.0,24.858984,0.14728117,24.509085,25.122593,0.49976978,0.06975858,0.31955346,0.69473106,98.810776,0.71026397,97.93737,100.42255,0,1,1,1
0.03996728,25.217844,0.14456345,25.022758,25.571186,0.43886954,0.02179974,0.40113994,0.4817787,93.95126,1.0523686,92.41131,95.379814,1,1,1,1
0.0,0.0,0.0,0.0,0.0,0.4528027,0.05844083,0.32154828,0.608448,103.012375,1.7813867,101.1049,105.763016,0,0,1,1
0.0,25.271648,0.17200975,25.025908,25.676376,0.4427938,0.034417704,0.39161226,0.48498267,92.92214,2.475924,87.77068,96.75618,0,1,1,1
0.003941136,25.618963,0.03806816,25.551262,25.679022,0.0,0.0,0.0,0.0,0.0,0.0,0.0,0.0,1,1,0,0
0.015726393,24.519547,0.118215136,24.323313,24.664083,0.52805936,0.047415987,0.43980512,0.58754796,97.543076,2.3993993,94.58425,100.18907,1,1,1,1
0.09667714,24.233097,0.13543306,24.029093,24.470139,0.0,0.0,0.0,0.0,0.0,0.0,0.0,0.0,1,1,0,0
0.021551074,25.720713,0.07267362,25.570293,25.855053,0.5763941,0.043083258,0.52850354,0.6603416,97.292404,2.4957614,93.0162,101.30874,1,1,1,1
0.00082211435,24.26156,0.16568962,23.985756,24.4749,0.0,0.0,0.0,0.0,0.0,0.0,0.0,0.0,1,1,0,0
0.053500455,24.338488,0.05804758,24.227468,24.425985,0.0,0.0,0.0,0.0,0.0,0.0,0.0,0.0,1,1,0,0
0.04402073,24.626661,0.123207055,24.342762,24.78382,0.50863534,0.052430034,0.41434652,0.5867755,99.050766,2.104507,93.857,103.85304,1,1,1,1
0.0,0.0,0.0,0.0,0.0,0.5243147,0.03449562,0.43766686,0.58705866,94.496796,1.2010951,92.765175,95.93708,0,0,1,1
0.019147316,24.37488,0.15415421,24.082466,24.650335,0.0,0.0,0.0,0.0,0.0,0.0,0.0,0.0,1,1,0,0
0.020304194,24.529867,0.105348706,24.312737,24.785427,0.45398134,0.00040213251,0.43893665,0.4807198,96.46367,1.8332466,92.77765,98.62657,1,1,1,1
0.0006029916,24.729397,0.08680687,24.56917,24.900707,0.50231165,0.06288865,0.43215993,0.67501074,85.228455,2.0846338,81.44847,89.719795,1,1,1,1
0.11418988,26.23591,0.1249003,26.080372,26.509617,0.56688106,0.075990185,0.37950644,0.7212456,106.36979,2.2130308,101.75318,109.0211,1,1,1,1
0.17609578,24.32681,0.110338815,24.132236,24.534048,0.45582718,0.06556242,0.38583586,0.5524913,97.06627,2.8923852,93.91679,102.24659,1,1,1,1
0.0,24.424643,0.16070153,24.077753,24.72086,0.48101267,0.04212734,0.41759753,0.5710309,103.070786,0.9952657,100.67132,104.37749,0,1,1,1
0.014004559,24.621895,0.17402087,24.202803,25.021446,0.4308134,0.041460108,0.36746153,0.5432845,96.20757,2.5547314,91.28206,102.23479,1,1,1,1
0.005973659,25.58361,0.17050385,25.311007,25.987448,0.0,0.0,0.0,0.0,0.0,0.0,0.0,0.0,1,1,0,0
0.07332497,26.418493,0.17781234,25.992188,26.757322,0.0,0.0,0.0,0.0,0.0,0.0,0.0,0.0,1,1,0,0
0.015434641,24.774511,0.22183259,24.52679,25.082348,0.3974838,0.05608856,0.25139448,0.4887016,96.42973,1.5734004,93.82423,99.39016,1,1,1,1
0.27356398,25.29189,0.1279989,25.034124,25.588392,0.0,0.0,0.0,0.0,0.0,0.0,0.0,0.0,1,1,0,0
0.024791013,24.083817,0.062210806,24.017206,24.16507,0.55081856,0.029682824,0.5029185,0.6276795,96.88,1.3603015,95.465454,98.42077,1,1,1,1
0.0,0.0,0.0,0.0,0.0,0.4842234,0.06182412,0.34495136,0.55374074,101.89266,1.789624,97.76245,104.74947,0,0,1,1
0.026110154,25.31638,0.1442739,25.1054,25.518253,0.0,0.0,0.0,0.0,0.0,0.0,0.0,0.0,1,1,0,0
0.0,0.0,0.0,0.0,0.0,0.56025296,0.006993657,0.53096265,0.5709463,96.10539,1.7184775,92.1856,99.03928,0,0,1,1
0.0,25.095812,0.054115433,25.032955,25.226788,0.42577058,0.053605173,0.321481,0.53188944,101.42643,1.5274322,98.36979,104.21514,0,1,1,1
0.005871677,25.524412,0.113841824,25.296652,25.770426,0.43071947,0.050519582,0.3658072,0.4899179,100.04141,2.379526,94.30178,105.02378,1,1,1,1
0.0,25.00035,0.17769007,24.574528,25.306671,0.45545325,0.08678473,0.2608096,0.64166,105.18163,2.3197114,99.64548,109.08062,0,1,1,1
0.0,0.0,0.0,0.0,0.0,0.57302946,0.055309553,0.43135858,0.7199273,102.856125,1.4610918,100.35761,106.44089,0,0,1,1
0.043670848,26.062483,0.1608847,25.736216,26.23606,0.54175204,0.046103273,0.43486446,0.59564376,105.846375,1.3284491,104.28549,107.19417,1,1,1,1
0.04384406,26.474487,0.1179019,26.231274,26.624126,0.0,0.0,0.0,0.0,0.0,0.0,0.0,0.0,1,1,0,0
0.11912354,24.778856,0.19241922,24.382778,25.064247,0.44135275,0.049016975,0.33969006,0.57142353,93.45212,1.9815124,90.25695,97.327194,1,1,1,1
0.0,24.717192,0.25799456,24.14961,25.022314,0.45925945,0.060371928,0.3102603,0.54488546,103.12899,2.1098661,100.00035,107.228645,0,1,1,1
0.09781805,24.494629,0.13905856,24.273418,24.804993,0.0,0.0,0.0,0.0,0.0,0.0,0.0,0.0,1,1,0,0
0.0,25.214981,0.2286589,24.96425,25.542105,0.4789781,0.039281774,0.43831077,0.5579079,100.92339,1.208394,99.13658,102.138054,0,1,1,1
0.0,0.0,0.0,0.0,0.0,0.5607299,0.011577587,0.5302793,0.58141565,105.094376,1.4390665,102.59428,108.12176,0,0,1,1
0.28586385,25.55372,0.22438869,25.086716,26.088438,0.0,0.0,0.0,0.0,0.0,0.0,0.0,0.0,1,1,0,0
0.0,0.0,0.0,0.0,0.0,0.5224462,0.08857038,0.33512992,0.7682501,98.62348,1.8881464,95.96641,103.19126,0,0,1,1
0.011205355,25.404354,0.16312571,25.021204,25.784225,0.0,0.0,0.0,0.0,0.0,0.0,0.0,0.0,1,1,0,0
0.0,24.859573,0.15489079,24.591345,25.05875,0.45805916,0.06710832,0.31313083,0.57901603,97.04728,2.0067139,94.281654,100.26429,0,1,1,1
0.0,0.0,0.0,0.0,0.0,0.38294446,0.035318613,0.3411531,0.4684964,97.52593,0.95028156,95.892204,99.274895,0,0,1,1
0.027567498,25.645048,0.1839618,25.383486,25.942865,0.4719858,0.054812845,0.33044088,0.59729004,96.68183,0.7998705,95.013084,98.17594,1,1,1,1
0.0065706703,24.82098,0.17618968,24.466995,25.13256,0.5017648,0.03708225,0.4514804,0.57554996,101.92322,2.0727725,98.03427,105.8146,1,1,1,1
0.031192927,25.581976,0.08718885,25.402624,25.764715,0.0,0.0,0.0,0.0,0.0,0.0,0.0,0.0,1,1,0,0
0.075499855,24.966478,0.11270121,24.792212,25.088547,0.5222587,0.034390572,0.43746832,0.5621443,96.41011,1.4925119,94.38355,97.964355,1,1,1,1
0.0,0.0,0.0,0.0,0.0,0.4229042,0.052125458,0.35048458,0.56567776,87.89855,1.4883698,85.89051,89.779495,0,0,1,1
0.18493931,25.97556,0.035011746,25.866545,26.02938,0.4139414,0.072044365,0.3095927,0.5441041,99.60634,1.474355,96.22686,101.66125,1,1,1,1
0.0718494,25.35355,0.13205326,25.053377,25.584888,0.0,0.0,0.0,0.0,0.0,0.0,0.0,0.0,1,1,0,0
0.0886052,25.323915,0.1866117,24.966372,25.549677,0.0,0.0,0.0,0.0,0.0,0.0,0.0,0.0,1,1,0,0
0.00677442,24.18085,0.18701176,23.734526,24.630733,0.49390504,0.062382087,0.401761,0.6494321,95.75244,2.16008,93.02237,99.28697,1,1,1,1
0.06877513,24.425722,0.24687108,23.994556,24.700453,0.4289808,0.06600597,0.32417223,0.536837,104.98557,1.5110205,101.70965,106.90221,1,1,1,1
0.019915577,23.879066,0.14382327,23.721464,24.148693,0.4317912,0.074500374,0.22397615,0.6067824,93.10042,1.7838469,89.186195,95.146706,1,1,1,1
0.2442303,26.082937,0.25060907,25.748133,26.626526,0.45696768,0.05943518,0.36739758,0.5793564,93.26066,2.023065,91.08389,97.00422,1,1,1,1
0.0,24.934574,0.07658326,24.765696,25.01447,0.5316704,0.03587304,0.4439208,0.615342,97.88698,1.4127387,95.99132,100.21751,0,1,1,1
0.05248487,25.125347,0.15603198,24.834879,25.451862,0.0,0.0,0.0,0.0,0.0,0.0,0.0,0.0,1,1,0,0
0.0,24.42334,0.09609757,24.25294,24.64349,0.39635447,0.04217123,0.3516472,0.5209297,108.99949,1.8195143,106.239914,111.1241,0,1,1,1
0.1546254,24.586388,0.019719532,24.47948,24.703354,0.0,0.0,0.0,0.0,0.0,0.0,0.0,0.0,1,1,0,0
0.0,0.0,0.0,0.0,0.0,0.47308442,0.035899803,0.3758668,0.57027006,113.33477,0.8893449,111.54711,115.23351,0,0,1,1
0.0,26.18474,0.18707727,25.721472,26.524618,0.43049476,0.04101569,0.38851082,0.48187375,98.93008,2.4135141,93.88092,104.96107,0,1,1,1
0.12904954,25.654854,0.2273495,25.17763,26.139132,0.0,0.0,0.0,0.0,0.0,0.0,0.0,0.0,1,1,0,0
0.0,0.0,0.0,0.0,0.0,0.48973215,0.019265417,0.45452362,0.5413605,96.83649,1.44071,94.84792,98.98756,0,0,1,1
0.0,25.076612,0.03577004,24.972342,25.15671,0.54423404,0.012647503,0.5185475,0.56790674,97.21532,2.0357373,93.51736,99.34808,0,1,1,1
0.0,25.700281,0.07883038,25.516714,25.7816,0.54690504,0.047560908,0.467716,0.6189216,100.59772,2.056937,95.7209,102.78836,0,1,1,1
0.0,25.130213,0.17703308,24.864511,25.399117,0.52692235,0.043042313,0.4389794,0.57590336,99.93309,2.223248,96.172,105.4216,0,1,1,1
0.0,24.073467,0.17687783,23.672016,24.388634,0.52398187,0.06425257,0.44261074,0.64256436,102.83722,2.6654637,98.2726,105.75954,0,1,1,1
0.036635406,24.711464,0.13555177,24.470293,24.886837,0.4002662,0.035081472,0.36452168,0.4926747,98.968056,2.3162835,94.65642,102.424576,1,1,1,1
0.0,25.103386,0.093141995,24.909424,25.243172,0.44625568,0.051988117,0.35796985,0.54685885,99.580025,2.6733234,94.07426,106.12117,0,1,1,1
0.023454623,24.913809,0.12840444,24.639534,25.140694,0.48402548,0.045720603,0.3732164,0.53530174,92.0137,2.2901027,89.65612,96.08301,1,1,1,1
0.083809,25.613811,0.18027663,25.405022,25.925352,0.4787818,0.035777032,0.4164917,0.52192014,98.37547,0.55733687,97.45454,99.3645,1,1,1,1
0.0005808252,25.228464,0.21332656,24.903023,25.45434,0.50009006,0.020789132,0.47234127,0.5417719,101.51794,2.5526052,96.16714,104.23787,1,1,1,1
0.037390117,25.069529,0.10816513,24.865389,25.297966,0.47282255,0.0327074,0.39396665,0.53518546,100.55636,2.36982,95.797005,105.206635,1,1,1,1
0.0,0.0,0.0,0.0,0.0,0.4961311,0.063258685,0.42424127,0.56416,92.47774,2.1155481,87.4286,96.73677,0,0,1,1
0.0,25.134068,0.12824641,24.903402,25.357786,0.5342922,0.07689796,0.31897002,0.72754705,102.630325,2.3341157,98.2654,106.741135,0,1,1,1
0.0,24.119116,0.1730617,23.800814,24.405731,0.5669327,0.045586802,0.46808642,0.6263528,100.1296,2.0509923,97.143036,105.07654,0,1,1,1
0.010224965,24.294077,0.109720506,24.070814,24.490242,0.0,0.0,0.0,0.0,0.0,0.0,0.0,0.0,1,1,0,0
0.0,0.0,0.0,0.0,0.0,0.49007422,0.03300998,0.44340572,0.5399458,99.327225,3.386535,95.93435,104.87001,0,0,1,1
0.012704716,25.085451,0.18989486,24.666676,25.385023,0.0,0.0,0.0,0.0,0.0,0.0,0.0,0.0,1,1,0,0
0.0,0.0,0.0,0.0,0.0,0.4535226,0.062200688,0.2750542,0.61034906,107.89267,2.360887,102.901276,113.612564,0,0,1,1
0.0,24.605135,0.18988407,24.230759,24.829437,0.5302432,0.045566875,0.43330035,0.6590347,103.9444,1.3551105,101.84483,105.93033,0,1,1,1
0.0,25.463465,0.18739492,25.026936,25.79751,0.47250074,0.025551591,0.41242626,0.50658965,94.37342,3.2625973,90.57006,100.04301,0,1,1,1
0.0,0.0,0.0,0.0,0.0,0.4381749,0.029557472,0.38969973,0.48762757,104.61427,2.411857,102.07928,109.28306,0,0,1,1
0.0,24.989964,0.15299381,24.739698,25.268679,0.47334433,0.06703459,0.38317692,0.60247195,96.41461,2.4126563,92.82592,100.37135,0,1,1,1
0.0,0.0,0.0,0.0,0.0,0.45681122,0.02922534,0.373262,0.51276,96.90847,2.4263246,94.1853,99.960815,0,0,1,1
0.0,0.0,0.0,0.0,0.0,0.43431047,0.036469545,0.3955421,0.5256447,99.920906,1.8093473,95.87769,102.554665,0,0,1,1
0.07454497,25.433706,0.14000429,25.215006,25.592836,0.46303686,0.036188833,0.41841704,0.571406,90.2384,1.3134466,87.592224,91.76627,1,1,1,1
0.0,25.237114,0.2016177,24.97887,25.72699,0.415129,0.037880465,0.36306962,0.47878778,95.17304,1.2009904,93.25095,97.055115,0,1,1,1
0.09542808,24.80008,0.20855811,24.465792,25.026093,0.0,0.0,0.0,0.0,0.0,0.0,0.0,0.0,1,1,0,0
0.0,24.7578,0.19165589,24.36277,24.973291,0.47930542,0.057630774,0.32699248,0.5605196,95.21952,2.055002,92.48673,97.65942,0,1,1,1
0.042690393,24.286404,0.16565672,24.083662,24.59087,0.49430636,0.027415883,0.46490452,0.5527207,110.6528,1.8517679,106.176285,113.61033,1,1,1,1
0.007461935,25.0267,0.14517583,24.68157,25.22319,0.0,0.0,0.0,0.0,0.0,0.0,0.0,0.0,1,1,0,0
0.11068439,24.91001,0.16984844,24.626013,25.233538,0.0,0.0,0.0,0.0,0.0,0.0,0.0,0.0,1,1,0,0
0.0018166952,24.340929,0.19124565,24.07329,24.787853,0.0,0.0,0.0,0.0,0.0,0.0,0.0,0.0,1,1,0,0
0.025621971,25.44948,0.13841681,25.285852,25.62068,0.48858282,0.042177986,0.4179033,0.5455673,98.10717,1.5821356,95.677765,99.7695,1,1,1,1
0.0,25.604546,0.16176642,25.280401,25.898825,0.48166886,0.08577908,0.32507086,0.62910473,100.999176,1.3800548,98.80626,103.32395,0,1,1,1
0.0,25.717201,0.11256888,25.556904,25.95475,0.46508414,0.045618895,0.35143337,0.5468339,102.97146,1.561519,99.14824,105.41488,0,1,1,1
0.0,0.0,0.0,0.0,0.0,0.46325096,0.045169,0.3513616,0.56559604,97.89223,2.6720822,93.03839,103.20766,0,0,1,1
0.0,0.0,0.0,0.0,0.0,0.466241,0.05054329,0.3798073,0.59205824,100.940506,1.9665244,97.59782,105.24079,0,0,1,1
0.0,0.0,0.0,0.0,0.0,0.55886877,0.04447651,0.46392477,0.6124102,102.47685,1.9563414,98.01056,107.247604,0,0,1,1
0.0,24.968187,0.16527289,24.664669,25.173569,0.5593986,0.029381866,0.52183104,0.6444896,94.71786,2.6099303,90.48055,100.64808,0,1,1,1
0.23723419,26.213966,0.15423453,25.999352,26.406284,0.5094428,0.02731375,0.47142562,0.54008967,95.592674,2.56287,93.02493,101.83602,1,1,1,1
0.0,24.909832,0.13769737,24.590597,25.22756,0.44543695,0.021170788,0.39950836,0.5076326,94.82727,2.5350914,91.86442,100.02735,0,1,1,1
0.007954808,26.204329,0.07649954,26.116829,26.358294,0.4868841,0.05565355,0.40753046,0.6149109,102.06229,2.5973568,97.66538,107.337006,1,1,1,1
0.017933907,24.377388,0.12330772,24.112747,24.670439,0.0,0.0,0.0,0.0,0.0,0.0,0.0,0.0,1,1,0,0
0.0,25.27815,0.17371143,25.026203,25.640163,0.4791659,0.04163348,0.36557335,0.53384966,97.29375,2.6506484,91.15907,101.31054,0,1,1,1
0.0,24.702631,0.20619518,24.344604,25.070541,0.44168302,0.05481576,0.35816887,0.50753593,96.99203,2.48731,94.16871,100.81462,0,1,1,1
0.0,0.0,0.0,0.0,0.0,0.5347068,0.04181614,0.4140868,0.62037826,102.88497,1.0383881,100.96746,104.47308,0,0,1,1
0.0,25.555195,0.14829904,25.248455,25.723133,0.41470766,0.07733655,0.33275542,0.51829654,96.003914,2.1685429,93.6331,101.065575,0,1,1,1
0.030843507,25.239403,0.19526716,24.987598,25.56113,0.5486252,0.04563896,0.4613685,0.6243179,93.887634,0.62845856,93.14327,95.11036,1,1,1,1
0.022812994,24.982922,0.18514656,24.57232,25.216133,0.0,0.0,0.0,0.0,0.0,0.0,0.0,0.0,1,1,0,0
0.06106026,26.25595,0.147649,26.095734,26.455925,0.0,0.0,0.0,0.0,0.0,0.0,0.0,0.0,1,1,0,0
0.0,25.926939,0.20779328,25.572289,26.2879,0.47232217,0.05532456,0.32123005,0.58682543,105.22813,2.2269423,100.58465,109.39173,0,1,1,1
0.27397186,25.376354,0.17611869,25.126202,25.789257,0.46964645,0.029647736,0.43477416,0.54384255,91.697105,1.9795502,86.76779,94.46547,1,1,1,1
0.05870544,24.95019,0.05291516,24.871319,25.029701,0.43409103,0.07717349,0.25175884,0.57405365,93.73757,1.3631952,92.21758,95.85354,1,1,1,1
0.0,0.0,0.0,0.0,0.0,0.50829893,0.06300237,0.40227228,0.6957216,92.49701,2.2260425,87.38591,96.96209,0,0,1,1
0.009223,25.741879,0.1746335,25.467937,25.953135,0.0,0.0,0.0,0.0,0.0,0.0,0.0,0.0,1,1,0,0
0.08171913,24.902134,0.12653942,24.705462,25.18403,0.0,0.0,0.0,0.0,0.0,0.0,0.0,0.0,1,1,0,0
0.0,25.126612,0.19069204,24.79223,25.567348,0.47247335,0.049188837,0.3478293,0.5266144,102.082054,2.3343122,97.755646,107.3372,0,1,1,1
0.0,23.995413,0.11854224,23.704382,24.166508,0.49609238,0.077756055,0.2798769,0.6202832,105.991806,1.7974615,104.135826,110.450195,0,1,1,1
0.0,0.0,0.0,0.0,0.0,0.49363294,0.06365941,0.4239974,0.571508,97.597694,1.5693549,94.81499,99.93386,0,0,1,1
0.019798331,25.716684,0.14219938,25.40245,25.986526,0.0,0.0,0.0,0.0,0.0,0.0,0.0,0.0,1,1,0,0
0.0,24.35871,0.18988422,24.095922,24.810133,0.46759427,0.07716704,0.27555284,0.68589073,103.00558,2.6228414,98.84245,109.03103,0,1,1,1
0.05093185,24.361385,0.023825692,24.266006,24.45191,0.0,0.0,0.0,0.0,0.0,0.0,0.0,0.0,1,1,0,0
0.0034497255,26.680416,0.12947327,26.529255,26.893856,0.0,0.0,0.0,0.0,0.0,0.0,0.0,0.0,1,1,0,0
0.0034898475,24.167084,0.23239568,23.757723,24.743502,0.0,0.0,0.0,0.0,0.0,0.0,0.0,0.0,1,1,0,0
0.10272787,25.58385,0.22191086,25.080849,25.883387,0.5408793,0.039018996,0.4569723,0.59724283,109.032135,2.4883204,104.45821,112.12211,1,1,1,1
0.0,0.0,0.0,0.0,0.0,0.555574,0.052338585,0.45085555,0.6224029,98.23326,1.1852564,96.08259,100.27866,0,0,1,1
0.0,0.0,0.0,0.0,0.0,0.50338125,0.04182295,0.41498923,0.61495817,94.96879,2.6925163,89.05766,99.0338,0,0,1,1
0.0,25.76428,0.113493174,25.563839,25.905165,0.5065725,0.048630685,0.44153443,0.6503815,106.370926,3.123266,99.03798,110.45751,0,1,1,1
0.0,24.975334,0.14375605,24.677925,25.20146,0.5691399,0.052229036,0.51646674,0.6638914,98.69454,2.6228006,92.32919,104.95923,0,1,1,1
0.005419877,24.618362,0.14402962,24.3103,24.815323,0.0,0.0,0.0,0.0,0.0,0.0,0.0,0.0,1,1,0,0
0.0,24.993961,0.14083554,24.67062,25.343895,0.4657926,0.05722675,0.3813337,0.6146238,90.69506,2.981333,83.74754,94.895874,0,1,1,1
0.0,25.696775,0.22515306,25.38594,26.106031,0.52761227,0.06469595,0.42484424,0.61241156,104.81996,1.5151547,102.241066,107.40186,0,1,1,1
0.119854525,26.550676,0.19189955,26.31693,27.012924,0.47374833,0.01024575,0.44524223,0.48993313,94.57158,1.7917267,90.87896,98.1426,1,1,1,1
0.0,0.0,0.0,0.0,0.0,0.5062162,0.044692773,0.42804685,0.5583248,98.52261,1.13891,95.99984,100.33721,0,0,1,1
0.0,24.014648,0.091377154,23.920288,24.18409,0.56459063,0.06319294,0.50121534,0.74694866,101.941795,3.247376,96.814995,108.98261,0,1,1,1
0.0,0.0,0.0,0.0,0.0,0.4866654,0.060975187,0.37017724,0.5507253,102.840805,2.2408328,98.73632,107.29678,0,0,1,1
0.118964955,24.029118,0.083514154,23.874804,24.22452,0.0,0.0,0.0,0.0,0.0,0.0,0.0,0.0,1,1,0,0
0.23003885,26.217676,0.19197829,25.941946,26.45111,0.5024238,0.00960063,0.48481306,0.523138,108.86469,2.7635143,104.0485,115.03805,1,1,1,1
0.0,0.0,0.0,0.0,0.0,0.5697347,0.05052403,0.50407505,0.6318837,100.65174,2.3963122,98.116875,104.83543,0,0,1,1
0.0,25.243643,0.23603052,24.729,25.823553,0.5581544,0.036411557,0.45631045,0.6453687,95.168205,3.2355838,91.27756,99.127556,0,1,1,1
0.20184265,25.799133,0.197043,25.558912,26.178534,0.55744004,0.059792638,0.47050607,0.72179884,103.18202,2.046207,98.44157,107.585815,1,1,1,1
0.042234015,25.435734,0.1753083,25.15077,25.676268,0.4869964,0.058371335,0.40415868,0.5594427,98.823364,2.295999,94.91626,102.492355,1,1,1,1
0.0,25.14794,0.18931197,24.708532,25.43488,0.4435595,0.016871376,0.4104721,0.47998488,96.44478,2.4555652,90.53286,100.54893,0,1,1,1
0.0,24.599548,0.12510215,24.382153,24.805868,0.49407005,0.03109345,0.40239856,0.54261255,97.42231,1.3267502,95.95627,99.933205,0,1,1,1
0.23254554,24.074417,0.12867582,23.768534,24.329239,0.5073449,0.0607318,0.42619175,0.5863443,99.099754,1.4909018,96.490685,100.990776,1,1,1,1
0.0,0.0,0.0,0.0,0.0,0.49559978,0.03925539,0.38655722,0.5911229,92.40782,2.3569858,88.30944,94.83149,0,0,1,1
0.0,24.501522,0.1052836,24.31596,24.666431,0.52731395,0.027959894,0.4811818,0.60769725,98.87684,2.2561226,94.831566,102.62498,0,1,1,1
0.0,0.0,0.0,0.0,0.0,0.5575701,0.040894248,0.46771616,0.6339685,98.68206,1.9227232,95.99022,102.66639,0,0,1,1
0.01112528,25.3977,0.14830497,25.089907,25.564472,0.5609578,0.07110743,0.46492675,0.6516254,111.56803,2.3244603,106.98529,113.92405,1,1,1,1
0.019841399,24.159891,0.113179274,23.95672,24.37111,0.0,0.0,0.0,0.0,0.0,0.0,0.0,0.0,1,1,0,0
0.0020763357,25.467741,0.10729281,25.227987,25.705757,0.49830794,0.008662893,0.4786668,0.5238007,103.99099,0.9006597,102.27327,105.30316,1,1,1,1
0.0,0.0,0.0,0.0,0.0,0.49832186,0.06739173,0.31124976,0.57930654,110.93857,1.8141016,107.548874,113.07941,0,0,1,1
0.01053363,25.050184,0.061331548,24.969522,25.194447,0.0,0.0,0.0,0.0,0.0,0.0,0.0,0.0,1,1,0,0
0.27295822,24.959248,0.12421719,24.762644,25.18712,0.52045757,0.011442644,0.5013457,0.54586846,93.20894,1.4713801,89.97408,96.621994,1,1,1,1
0.021754587,25.200375,0.16645497,24.856886,25.387827,0.5186286,0.049134947,0.4577555,0.59971285,101.13344,2.2825048,96.34002,106.09863,1,1,1,1
0.0,25.776052,0.09474895,25.669237,25.916067,0.5110675,0.07270779,0.3704883,0.6668574,104.61181,1.3421307,102.78866,106.505745,0,1,1,1
0.0,24.470716,0.24326928,24.166012,24.977678,0.44993165,0.05677329,0.35483018,0.59693545,95.24486,0.99430794,93.18536,96.84447,0,1,1,1
0.0021929306,24.166512,0.1250885,23.889437,24.296894,0.0,0.0,0.0,0.0,0.0,0.0,0.0,0.0,1,1,0,0
0.0020740537,24.281998,0.17258807,23.957327,24.698084,0.49287018,0.073886596,0.28074336,0.68777066,95.27363,1.7303866,92.26779,97.69086,1,1,1,1
0.016117103,24.756737,0.18480329,24.561104,25.0367,0.0,0.0,0.0,0.0,0.0,0.0,0.0,0.0,1,1,0,0
0.025324358,24.865616,0.11657137,24.596146,24.995918,0.0,0.0,0.0,0.0,0.0,0.0,0.0,0.0,1,1,0,0
0.022339461,26.014208,0.177437,25.625267,26.244505,0.48800203,0.09556051,0.26887703,0.6655688,104.18644,3.0401843,97.546585,109.421524,1,1,1,1
0.0,0.0,0.0,0.0,0.0,0.46881038,0.042771082,0.42596954,0.5543405,96.28203,2.6443014,90.999306,102.31263,0,0,1,1
0.0,25.023758,0.10169736,24.791117,25.277746,0.53706473,0.033523604,0.49990317,0.6015964,96.689026,2.306701,91.998535,99.58795,0,1,1,1
0.03446833,24.635721,0.081549026,24.440504,24.82324,0.0,0.0,0.0,0.0,0.0,0.0,0.0,0.0,1,1,0,0
0.33411545,25.281208,0.11065852,25.082428,25.54322,0.49570903,0.0141247455,0.45357615,0.51837194,100.172966,2.0693634,95.453064,104.06091,1,1,1,1
0.0,0.0,0.0,0.0,0.0,0.45158836,0.067001544,0.3602327,0.5799568,105.44341,2.2064705,101.262314,110.92869,0,0,1,1
0.0031355065,25.143436,0.20954397,24.71051,25.560616,0.0,0.0,0.0,0.0,0.0,0.0,0.0,0.0,1,1,0,0
0.0036127751,25.684227,0.122845486,25.397152,25.989437,0.5326775,0.082417004,0.36598316,0.7660388,105.80109,0.72017825,104.79492,107.17977,1,1,1,1
0.0,23.7385,0.082700245,23.576424,23.926832,0.5257065,0.049876723,0.3835279,0.6692451,99.35695,2.3763201,93.68565,105.01603,0,1,1,1
0.002945572,25.38097,0.22713491,24.8814,25.691198,0.0,0.0,0.0,0.0,0.0,0.0,0.0,0.0,1,1,0,0
0.057028,23.356628,0.22224446,22.938677,23.748245,0.0,0.0,0.0,0.0,0.0,0.0,0.0,0.0,1,1,0,0
0.41496807,25.439281,0.13331826,25.232557,25.618807,0.0,0.0,0.0,0.0,0.0,0.0,0.0,0.0,1,1,0,0
0.0,0.0,0.0,0.0,0.0,0.5209465,0.053468216,0.46502364,0.63875544,98.37737,1.7914219,96.37029,100.413506,0,0,1,1
0.14590882,25.299604,0.19365293,25.077301,25.737253,0.0,0.0,0.0,0.0,0.0,0.0,0.0,0.0,1,1,0,0
0.0,0.0,0.0,0.0,0.0,0.51688087,0.04562515,0.38782543,0.6302078,98.9222,2.314899,95.062515,101.5601,0,0,1,1
0.0,25.144737,0.17763187,24.912357,25.510141,0.5076313,0.053759247,0.4432914,0.5725612,104.45462,1.6768589,101.21662,106.44085,0,1,1,1
0.0,25.906239,0.18863617,25.641075,26.333033,0.5332669,0.07793427,0.35176453,0.66911083,94.653564,3.2313232,87.15593,100.77115,0,1,1,1
0.010159771,24.85056,0.17303027,24.479095,25.082047,0.5222967,0.059710532,0.37751886,0.62496096,95.83906,1.4791979,92.38966,98.786,1,1,1,1
0.010583735,24.759956,0.18069883,24.535786,25.106,0.0,0.0,0.0,0.0,0.0,0.0,0.0,0.0,1,1,0,0
0.0,0.0,0.0,0.0,0.0,0.49211702,0.033371236,0.45304525,0.58552843,96.056244,2.6249707,91.112045,100.28007,0,0,1,1
0.0,25.92087,0.16883603,25.620192,26.224552,0.5564913,0.027830686,0.52454525,0.60377383,95.68788,2.671778,89.621635,99.44254,0,1,1,1
0.028852891,24.552128,0.16530338,24.2446,24.809261,0.0,0.0,0.0,0.0,0.0,0.0,0.0,0.0,1,1,0,0
0.006582888,24.871166,0.042090014,24.801945,24.939837,0.0,0.0,0.0,0.0,0.0,0.0,0.0,0.0,1,1,0,0
0.01055804,25.125065,0.1853656,24.881788,25.526926,0.4769402,0.057431895,0.3214124,0.6263305,102.71226,2.4926074,97.86775,108.87843,1,1,1,1
0.0031976476,25.499949,0.20485175,25.263285,25.891993,0.0,0.0,0.0,0.0,0.0,0.0,0.0,0.0,1,1,0,0
0.019475784,24.921745,0.12820768,24.765268,25.119799,0.0,0.0,0.0,0.0,0.0,0.0,0.0,0.0,1,1,0,0
0.014375778,26.005463,0.21149625,25.537477,26.30338,0.5606421,0.037185907,0.5103942,0.634138,103.456894,2.7516634,96.95272,106.994286,1,1,1,1
0.0,0.0,0.0,0.0,0.0,0.43290564,0.05273708,0.30529574,0.59088206,105.35378,2.551056,100.00945,111.59911,0,0,1,1
0.051747236,24.730396,0.17101327,24.395197,24.96621,0.51668155,0.06839015,0.36197206,0.7141756,105.18917,1.7080249,102.9336,109.39869,1,1,1,1
0.0,0.0,0.0,0.0,0.0,0.47842917,0.062280465,0.37318644,0.5765492,101.00936,0.4159593,100.1792,101.85919,0,0,1,1
0.004230516,24.55795,0.1842388,24.09999,24.910757,0.0,0.0,0.0,0.0,0.0,0.0,0.0,0.0,1,1,0,0
0.11598773,26.416235,0.12306029,26.1172,26.57386,0.0,0.0,0.0,0.0,0.0,0.0,0.0,0.0,1,1,0,0
0.0,25.07131,0.15002385,24.849422,25.342796,0.47950834,0.02723186,0.42937386,0.514463,100.8091,2.3105788,96.2613,104.59832,0,1,1,1
0.032405835,24.73224,0.14092161,24.43761,24.994932,0.49983603,0.08801382,0.3655357,0.6920695,106.106316,2.8054492,99.53224,110.54624,1,1,1,1
0.0,0.0,0.0,0.0,0.0,0.5425078,0.03421366,0.5064154,0.60093176,103.11694,2.667878,99.208984,108.41289,0,0,1,1
0.0,25.2003,0.14792627,24.888344,25.392252,0.5538714,0.044292994,0.42163122,0.61754113,107.62663,1.8315853,104.425896,110.897545,0,1,1,1
0.023818107,23.860338,0.20308168,23.425959,24.122803,0.5045626,0.05828539,0.33715528,0.62197196,98.34604,2.5566792,94.06761,101.32724,1,1,1,1
0.06829253,25.48214,0.1016531,25.346533,25.603817,0.43382642,0.04515803,0.3318043,0.54025173,101.700676,1.4534843,98.87701,103.93914,1,1,1,1
0.0,25.195417,0.09108407,25.036306,25.353714,0.53925735,0.032932352,0.45113605,0.6318243,88.14402,2.102557,83.056656,92.46171,0,1,1,1
0.3297881,25.204762,0.00962249,25.123053,25.264837,0.0,0.0,0.0,0.0,0.0,0.0,0.0,0.0,1,1,0,0
0.0054825107,24.753498,0.15216586,24.379967,25.106058,0.40781084,0.051031213,0.33074877,0.560195,98.28383,1.3154242,95.02551,100.04113,1,1,1,1
0.4197406,24.923388,0.18072012,24.54535,25.313932,0.0,0.0,0.0,0.0,0.0,0.0,0.0,0.0,1,1,0,0
0.0,0.0,0.0,0.0,0.0,0.4437296,0.028193234,0.38411477,0.5057584,98.525696,2.2308245,95.8945,100.86215,0,0,1,1
0.1452851,25.385706,0.20646647,24.95179,25.674303,0.45413205,0.032144472,0.40350303,0.4953803,97.2089,2.850722,92.456726,102.4856,1,1,1,1
0.012349315,25.208107,0.22925271,24.796165,25.71002,0.5258983,0.05190643,0.37677976,0.6751604,95.15463,2.303009,90.796265,98.99825,1,1,1,1
0.006765357,24.873508,0.137323,24.617723,25.167385,0.49666494,0.04191793,0.44007844,0.56849015,91.62353,1.1582286,88.76095,94.06182,1,1,1,1
0.0,23.948545,0.21361639,23.589401,24.455751,0.50480604,0.028547851,0.46478578,0.5406601,95.58983,1.4442534,92.375114,98.69299,0,1,1,1
0.14281745,26.10546,0.054971162,26.04105,26.210196,0.47003385,0.021399846,0.4268051,0.5047247,93.61905,1.9420443,90.39108,96.75427,1,1,1,1
0.0,0.0,0.0,0.0,0.0,0.52217126,0.016172336,0.5017627,0.54770553,98.1103,1.419398,96.02578,100.91262,0,0,1,1
0.5238673,25.394478,0.2150362,24.942987,25.775826,0.44340703,0.055529777,0.37075943,0.53168654,93.94099,0.85628635,92.12766,95.93465,1,1,1,1
0.0,25.90543,0.068219684,25.788855,26.044687,0.48519006,0.012302037,0.46432498,0.5213412,97.27127,2.027179,93.484375,101.22391,0,1,1,1
0.0,25.68146,0.1636945,25.516401,25.849869,0.4282509,0.06904014,0.26391423,0.61389107,103.85377,2.3895934,98.6321,106.69199,0,1,1,1
0.0047078277,25.310026,0.16714416,25.092066,25.717537,0.0,0.0,0.0,0.0,0.0,0.0,0.0,0.0,1,1,0,0
0.28984416,25.287905,0.118265375,25.038033,25.515718,0.44850498,0.012061277,0.43464047,0.47259846,98.0513,1.2330698,96.68464,100.87328,1,1,1,1
0.01597264,25.225605,0.18769017,24.811264,25.526976,0.0,0.0,0.0,0.0,0.0,0.0,0.0,0.0,1,1,0,0
0.038717315,25.203234,0.1437391,24.971468,25.454937,0.0,0.0,0.0,0.0,0.0,0.0,0.0,0.0,1,1,0,0
0.022503294,24.927612,0.12828445,24.727491,25.172709,0.50468206,0.056259666,0.4112086,0.6441117,95.347176,2.0234663,92.6391,98.58395,1,1,1,1
0.0,25.086178,0.13276131,24.828394,25.243668,0.5153938,0.041568536,0.4435094,0.59926945,100.31459,2.1368062,95.73947,103.341064,0,1,1,1
0.057576377,24.825148,0.09996937,24.679426,24.93744,0.0,0.0,0.0,0.0,0.0,0.0,0.0,0.0,1,1,0,0
0.0026503946,23.786238,0.15585281,23.607983,24.100225,0.0,0.0,0.0,0.0,0.0,0.0,0.0,0.0,1,1,0,0
0.0,24.36822,0.08873452,24.246208,24.516062,0.47470993,0.036651712,0.40113294,0.5384594,95.090256,2.2844586,89.476974,100.20568,0,1,1,1
0.0077826288,25.420723,0.07928755,25.26651,25.508032,0.0,0.0,0.0,0.0,0.0,0.0,0.0,0.0,1,1,0,0
0.0,0.0,0.0,0.0,0.0,0.46867678,0.04888162,0.389448,0.53339165,104.67348,2.2048862,100.37877,107.499214,0,0,1,1
0.0115773985,24.742924,0.16769134,24.397806,25.133778,0.4596159,0.06938508,0.32406777,0.55532086,92.83581,2.4600117,88.541534,96.0167,1,1,1,1
0.0,0.0,0.0,0.0,0.0,0.60415745,0.03324447,0.5409907,0.67962164,107.62664,2.1254156,105.49078,111.799324,0,0,1,1
0.0,24.397198,0.15896139,24.203108,24.757462,0.5398994,0.023525298,0.47766995,0.57201236,95.09236,1.2445091,93.45776,97.79404,0,1,1,1
0.0,0.0,0.0,0.0,0.0,0.5116037,0.099246725,0.33091304,0.7750647,94.45451,3.1276839,88.05567,100.07747,0,0,1,1
0.0,0.0,0.0,0.0,0.0,0.41318333,0.064044826,0.306096,0.52024144,92.72677,2.1889875,88.79197,98.1331,0,0,1,1
0.0,24.969221,0.13975196,24.70738,25.159464,0.5137837,0.01388053,0.47329938,0.527779,105.132355,2.0942957,102.40467,110.00414,0,1,1,1
0.005531146,24.07442,0.1724012,23.734573,24.477596,0.5162008,0.055632744,0.39493448,0.5725227,100.94459,2.9308717,94.81756,107.736115,1,1,1,1
0.0,0.0,0.0,0.0,0.0,0.4768743,0.05901444,0.34154016,0.58763164,105.61524,2.5707722,101.73729,110.07749,0,0,1,1
0.0010189501,24.788515,0.14703381,24.43407,24.976757,0.46439254,0.04138065,0.39852592,0.54552037,99.1438,1.952207,94.390495,102.451324,1,1,1,1
0.14473101,25.200947,0.16851985,24.942822,25.490095,0.0,0.0,0.0,0.0,0.0,0.0,0.0,0.0,1,1,0,0
0.021259857,24.524525,0.14470956,24.211447,24.71135,0.0,0.0,0.0,0.0,0.0,0.0,0.0,0.0,1,1,0,0
0.0,24.58753,0.104507685,24.381838,24.824738,0.5191209,0.061965562,0.34871086,0.6619933,103.932556,2.3938751,99.56571,106.78202,0,1,1,1
0.0,0.0,0.0,0.0,0.0,0.48238468,0.05848682,0.33470368,0.5548969,105.252975,1.5280033,103.24084,107.98278,0,0,1,1
0.13280897,25.088303,0.13965613,24.877619,25.378386,0.5201494,0.039110724,0.4439066,0.5837045,92.297646,2.733221,86.22145,98.265854,1,1,1,1
0.0,0.0,0.0,0.0,0.0,0.568309,0.06233528,0.43714035,0.7306864,103.09231,2.1075742,98.03953,105.66055,0,0,1,1
0.0,0.0,0.0,0.0,0.0,0.45996353,0.08600322,0.34146145,0.69397944,104.51982,2.1740298,102.18915,106.76738,0,0,1,1
0.0114918,25.671099,0.1211118,25.506178,25.940788,0.0,0.0,0.0,0.0,0.0,0.0,0.0,0.0,1,1,0,0
0.03065554,25.624876,0.15493391,25.44472,25.873762,0.0,0.0,0.0,0.0,0.0,0.0,0.0,0.0,1,1,0,0
0.33376157,24.643461,0.1440815,24.434408,24.975609,0.54899794,0.02999165,0.45916218,0.5998215,104.243866,2.71784,100.83002,108.91079,1,1,1,1
0.004162753,24.340004,0.11011588,24.164886,24.468271,0.4244711,0.05059451,0.3141806,0.52967215,104.64926,1.4061657,102.37582,106.97632,1,1,1,1
0.0074484637,25.290611,0.14050427,24.95287,25.456264,0.0,0.0,0.0,0.0,0.0,0.0,0.0,0.0,1,1,0,0
0.0,0.0,0.0,0.0,0.0,0.4991992,0.04135945,0.4039942,0.60239613,99.90677,1.4561151,98.224396,103.53433,0,0,1,1
0.4672295,24.061298,0.18195799,23.618622,24.284332,0.5428914,0.058896936,0.4309066,0.6537043,104.72785,1.3066612,103.06006,106.54612,1,1,1,1
0.05170699,25.33936,0.09200142,25.211718,25.484512,0.5485023,0.050185263,0.48163,0.6334712,97.85502,1.6701934,95.99425,99.76253,1,1,1,1
0.0,24.31716,0.10301582,24.18855,24.460846,0.44574484,0.033540398,0.36310723,0.53275245,95.27758,3.5009341,86.7237,99.205315,0,1,1,1
0.06900139,24.368448,0.16847369,24.085297,24.636251,0.0,0.0,0.0,0.0,0.0,0.0,0.0,0.0,1,1,0,0
0.0053021223,24.865599,0.011763073,24.810947,24.965096,0.0,0.0,0.0,0.0,0.0,0.0,0.0,0.0,1,1,0,0
0.056992013,25.000732,0.20877911,24.702677,25.241709,0.0,0.0,0.0,0.0,0.0,0.0,0.0,0.0,1,1,0,0
0.00017330628,24.82081,0.08565598,24.643633,24.946896,0.0,0.0,0.0,0.0,0.0,0.0,0.0,0.0,1,1,0,0
0.043519363,25.322449,0.21916083,24.965082,25.844618,0.54590654,0.03793161,0.48750004,0.6471879,98.459724,2.9135149,93.05623,104.022644,1,1,1,1
0.27854168,24.984213,0.084016845,24.875456,25.134201,0.0,0.0,0.0,0.0,0.0,0.0,0.0,0.0,1,1,0,0
0.0,0.0,0.0,0.0,0.0,0.46189576,0.043404344,0.3840522,0.5913242,103.43907,1.220296,100.38928,105.65072,0,0,1,1
0.0,0.0,0.0,0.0,0.0,0.45368806,0.049669594,0.36916807,0.5213867,94.83769,1.0564132,93.73438,96.67761,0,0,1,1
0.0,25.488646,0.12717605,25.275057,25.729801,0.45788383,0.060990993,0.33446488,0.5410579,99.43233,2.923135,93.90829,104.82767,0,1,1,1
0.0,0.0,0.0,0.0,0.0,0.48222843,0.060428258,0.3785993,0.6000076,104.75212,3.352113,97.37656,111.67254,0,0,1,1
0.0,24.835743,0.19996595,24.339819,25.221317,0.5029199,0.06760769,0.39034376,0.64155513,99.73282,1.9252586,94.96463,102.72418,0,1,1,1
0.04192865,24.820608,0.12021166,24.655767,25.120108,0.4265034,0.017935624,0.39587322,0.4470073,98.49858,1.8031461,95.50103,100.44446,1,1,1,1
0.005817725,24.070522,0.13516515,23.792871,24.229359,0.4900494,0.050076183,0.37998453,0.5677258,102.73575,2.3433561,98.75803,106.14661,1,1,1,1
0.0,0.0,0.0,0.0,0.0,0.47729564,0.044889547,0.36327016,0.59074503,96.40122,2.9381924,92.90821,103.106544,0,0,1,1
0.0,24.364477,0.12548307,24.065632,24.572208,0.53632045,0.05293853,0.4381852,0.64213264,97.80787,2.51928,93.38496,103.6836,0,1,1,1
0.026179401,25.888044,0.17469223,25.644766,26.241076,0.0,0.0,0.0,0.0,0.0,0.0,0.0,0.0,1,1,0,0
0.0,26.47417,0.15009286,26.167763,26.805517,0.5219342,0.04275846,0.41393134,0.59228694,95.65869,1.5971159,92.26142,98.0209,0,1,1,1
0.0,25.048319,0.15323457,24.670815,25.284286,0.5553558,0.0743941,0.37414083,0.6355212,95.30872,2.5401406,91.73621,97.99095,0,1,1,1
0.0,0.0,0.0,0.0,0.0,0.44800776,0.03718544,0.37174824,0.52354664,101.2658,1.28322,99.49944,103.27036,0,0,1,1
0.0,0.0,0.0,0.0,0.0,0.53011227,0.077902064,0.35192165,0.61392885,102.01455,1.6416492,99.493324,104.123795,0,0,1,1
0.0,25.412184,0.19703469,24.921337,25.68426,0.61175907,0.08310627,0.48360217,0.70441955,98.36696,2.247565,95.03631,102.012764,0,1,1,1
0.018553426,24.741003,0.12269301,24.49657,24.972822,0.0,0.0,0.0,0.0,0.0,0.0,0.0,0.0,1,1,0,0
0.028802656,24.979414,0.14617608,24.73003,25.248043,0.5567149,0.049285162,0.44968912,0.63403285,94.524216,2.0568075,89.945015,97.88704,1,1,1,1
0.0,0.0,0.0,0.0,0.0,0.51461005,0.05087868,0.39194423,0.60917526,100.30684,2.3497539,97.21037,103.687035,0,0,1,1
0.10410712,25.86075,0.16414614,25.550661,26.143309,0.4768351,0.07169162,0.40011317,0.59631246,105.1943,2.6561568,101.18673,109.67403,1,1,1,1
0.0,24.583694,0.092820756,24.387817,24.682205,0.38883016,0.049692012,0.24831049,0.44408587,99.41394,1.7420378,96.78778,102.15328,0,1,1,1
0.0010078562,25.87014,0.15244462,25.667196,26.156654,0.0,0.0,0.0,0.0,0.0,0.0,0.0,0.0,1,1,0,0
0.0,25.119108,0.12201257,24.81632,25.347233,0.50984496,0.023933489,0.45284882,0.56521964,103.58319,2.3396842,100.668915,106.6935,0,1,1,1
0.022986785,25.383165,0.123888545,25.224386,25.662663,0.51494443,0.06269353,0.3778182,0.6618694,90.52486,0.32581937,89.53085,91.42346,1,1,1,1
0.06315317,24.325994,0.044018,24.24298,24.4285,0.0,0.0,0.0,0.0,0.0,0.0,0.0,0.0,1,1,0,0
0.0,25.61651,0.16853838,25.373846,25.951826,0.52187276,0.019396754,0.49315944,0.54779977,101.171455,3.098509,97.20457,107.29662,0,1,1,1
0.047963474,25.278198,0.19671154,24.858307,25.621323,0.558029,0.071401715,0.44748414,0.69769543,102.50476,1.6721218,98.85007,105.95101,1,1,1,1
0.0033834993,24.780811,0.09133408,24.617933,24.9246,0.0,0.0,0.0,0.0,0.0,0.0,0.0,0.0,1,1,0,0
0.0,0.0,0.0,0.0,0.0,0.5337869,0.060228936,0.46563083,0.6949779,96.00984,1.9360483,91.72088,99.03335,0,0,1,1
0.0,24.413614,0.1145083,24.19458,24.64648,0.4555882,0.050918348,0.39450628,0.58541155,95.70143,1.8626462,91.565895,99.92357,0,1,1,1
0.0,25.882692,0.07024312,25.728535,25.9736,0.50314385,0.04828889,0.36198932,0.62097204,99.241455,1.6709925,96.86524,102.11591,0,1,1,1
0.010611693,23.945797,0.12512605,23.718374,24.07204,0.0,0.0,0.0,0.0,0.0,0.0,0.0,0.0,1,1,0,0
0.0,0.0,0.0,0.0,0.0,0.53070766,0.084241875,0.41843313,0.7572509,103.33246,2.980423,99.3332,107.32923,0,0,1,1
0.04877579,25.231316,0.15228789,24.925116,25.567646,0.0,0.0,0.0,0.0,0.0,0.0,0.0,0.0,1,1,0,0
0.19924955,24.846218,0.09052141,24.748753,25.05035,0.49812862,0.05664107,0.39329058,0.63161606,100.947975,1.8481108,98.600494,103.29723,1,1,1,1
0.030512981,24.559277,0.11240992,24.442371,24.753895,0.48911887,0.062386807,0.4164975,0.6575543,106.38102,2.622502,100.37577,112.298645,1,1,1,1
0.0,0.0,0.0,0.0,0.0,0.48814115,0.08356822,0.3058826,0.69902456,100.44814,1.3473538,98.09625,103.30987,0,0,1,1
0.0,26.77169,0.06656942,26.618046,26.903996,0.4288083,0.017808031,0.3889659,0.4744433,94.649704,2.4503722,88.94823,98.501686,0,1,1,1
0.0,0.0,0.0,0.0,0.0,0.47732866,0.04448419,0.37819308,0.5329301,99.066345,1.4399459,96.074135,101.53673,0,0,1,1
0.0,0.0,0.0,0.0,0.0,0.3867591,0.05517521,0.32370862,0.48463908,98.65226,3.043123,93.71236,106.080734,0,0,1,1
0.0,0.0,0.0,0.0,0.0,0.535525,0.022668868,0.4893379,0.5718965,93.95671,1.1566958,91.19149,95.279594,0,0,1,1
0.078856766,26.318167,0.12011482,26.021208,26.52342,0.0,0.0,0.0,0.0,0.0,0.0,0.0,0.0,1,1,0,0
0.041962348,25.442677,0.16132878,25.114836,25.701366,0.0,0.0,0.0,0.0,0.0,0.0,0.0,0.0,1,1,0,0
0.0,0.0,0.0,0.0,0.0,0.4571204,0.04593088,0.36522755,0.53311634,94.96449,2.2674766,91.54184,98.158035,0,0,1,1
0.0,0.0,0.0,0.0,0.0,0.5529511,0.027933666,0.49148118,0.63232386,100.69693,2.3415072,94.96445,104.67642,0,0,1,1
0.0,25.861668,0.09991554,25.749687,25.990526,0.5312239,0.03549045,0.44807413,0.5764495,109.00452,2.551503,103.81271,112.55473,0,1,1,1
0.014113287,25.485346,0.14019418,25.1765,25.663597,0.0,0.0,0.0,0.0,0.0,0.0,0.0,0.0,1,1,0,0
0.0,0.0,0.0,0.0,0.0,0.4852441,0.111612126,0.31499174,0.7577404,92.07366,2.8629482,85.83253,95.12881,0,0,1,1
0.021760602,25.48247,0.08686286,25.2853,25.602781,0.5770678,0.060140923,0.48872787,0.75748986,97.36458,1.8427707,95.23291,100.351234,1,1,1,1
0.16366574,25.310333,0.16674614,25.080519,25.685741,0.51204824,0.053869084,0.42796484,0.6538334,104.95692,1.3585457,102.72771,107.57186,1,1,1,1
0.0,24.384115,0.08288069,24.18276,24.557262,0.46953464,0.025990836,0.40293595,0.5266474,95.22705,2.9898524,92.00948,101.057274,0,1,1,1
0.0,0.0,0.0,0.0,0.0,0.5147336,0.039349586,0.46259737,0.63075143,94.69177,1.660894,91.11564,96.514404,0,0,1,1
0.0,25.019869,0.14364173,24.804201,25.217209,0.5264967,0.05385354,0.45958805,0.6569907,98.28952,1.9566885,96.02167,100.89532,0,1,1,1
0.06207522,24.765705,0.2507208,24.164488,25.21299,0.58924603,0.042949926,0.51061976,0.71097845,101.73689,1.9255155,97.66717,105.62613,1,1,1,1
0.0,0.0,0.0,0.0,0.0,0.5556848,0.044371717,0.43459997,0.65068835,102.74658,1.9368598,99.09158,107.58034,0,0,1,1
0.0,0.0,0.0,0.0,0.0,0.3391734,0.033645753,0.28564346,0.4081523,103.53579,3.0841925,96.12822,110.66273,0,0,1,1
0.0,0.0,0.0,0.0,0.0,0.5098823,0.07431607,0.39680552,0.6421649,97.52875,2.664456,94.66646,102.83533,0,0,1,1
0.0,25.032532,0.17420469,24.622372,25.232864,0.53383595,0.07079445,0.40324065,0.61195225,100.31356,2.52462,95.736565,103.50585,0,1,1,1
0.03845398,24.864927,0.12320112,24.73936,25.03553,0.0,0.0,0.0,0.0,0.0,0.0,0.0,0.0,1,1,0,0
0.2986483,25.077366,0.14342692,24.82432,25.256805,0.0,0.0,0.0,0.0,0.0,0.0,0.0,0.0,1,1,0,0
0.0,24.935188,0.05813348,24.805927,25.061811,0.5074957,0.02651248,0.44888133,0.57790947,97.08149,1.6569195,94.018524,100.55197,0,1,1,1
0.0,0.0,0.0,0.0,0.0,0.5138582,0.049326852,0.4408247,0.6111674,96.300415,2.1733735,92.049065,99.345985,0,0,1,1
0.024762241,25.862907,0.109655514,25.676517,26.130388,0.51184225,0.070866995,0.40074906,0.5858511,101.42398,3.1566024,95.0673,104.91482,1,1,1,1
0.0,24.767185,0.23676854,24.223099,25.15675,0.5548077,0.015425952,0.5330918,0.5705308,96.711235,2.4381146,91.98896,100.11274,0,1,1,1
0.060480617,24.81516,0.06916184,24.703508,24.941587,0.0,0.0,0.0,0.0,0.0,0.0,0.0,0.0,1,1,0,0
0.088652596,25.19384,0.21352832,24.806744,25.525928,0.0,0.0,0.0,0.0,0.0,0.0,0.0,0.0,1,1,0,0
0.06944637,24.629972,0.17400947,24.328678,24.940384,0.46476716,0.059919205,0.35223338,0.610111,97.15879,2.418942,94.60396,102.6332,1,1,1,1
0.0,0.0,0.0,0.0,0.0,0.45940697,0.06678428,0.27912843,0.61850816,88.462524,2.1660085,83.7281,92.653656,0,0,1,1
0.0,0.0,0.0,0.0,0.0,0.43547925,0.06598131,0.3325939,0.6175541,96.749535,2.7575994,92.61928,103.41902,0,0,1,1
0.02035663,25.468525,0.18174754,25.238646,25.810345,0.5031707,0.0077837845,0.4767587,0.53095424,104.34771,1.8937757,101.49385,108.15442,1,1,1,1
0.0,0.0,0.0,0.0,0.0,0.47658497,0.062482662,0.28949252,0.6472293,101.75046,1.9845876,98.94562,106.33998,0,0,1,1
0.0,0.0,0.0,0.0,0.0,0.4444838,0.062033568,0.33943868,0.5299134,99.42923,1.2766485,97.49525,102.11142,0,0,1,1
0.0801157,24.179588,0.20831467,23.956648,24.556444,0.0,0.0,0.0,0.0,0.0,0.0,0.0,0.0,1,1,0,0
0.062455565,24.057959,0.25415167,23.61751,24.551464,0.0,0.0,0.0,0.0,0.0,0.0,0.0,0.0,1,1,0,0
0.0,0.0,0.0,0.0,0.0,0.52298063,0.049583536,0.44669947,0.5765494,102.399734,1.2721379,100.55953,103.892235,0,0,1,1
0.0,24.22117,0.19268735,23.818493,24.604233,0.51924425,0.05520192,0.3597216,0.5751139,101.2724,3.5404754,95.60201,106.6212,0,1,1,1
0.0,0.0,0.0,0.0,0.0,0.49380603,0.035954982,0.42467925,0.5734838,101.31003,1.5218763,98.531204,104.913734,0,0,1,1
0.0045959423,25.561237,0.17224461,25.147291,25.823156,0.4872811,0.052684374,0.38101542,0.5578944,100.39721,1.7797928,96.25305,102.847176,1,1,1,1
0.013034613,25.354717,0.12459452,25.132168,25.638357,0.5715312,0.0555975,0.42548233,0.713811,104.24524,2.282996,99.914734,109.629684,1,1,1,1
0.016978713,26.574984,0.1008374,26.395681,26.73701,0.544177,0.059395093,0.44541138,0.6512836,99.46595,1.6389194,97.64906,102.54985,1,1,1,1
0.0,24.92468,0.07794453,24.816803,25.100094,0.49835113,0.028279448,0.44172043,0.581089,97.0208,1.3466969,95.54555,99.26635,0,1,1,1
0.020517355,23.964745,0.10084251,23.797,24.128668,0.56134903,0.07031353,0.40049475,0.6401355,104.83282,2.5310545,99.54199,110.21443,1,1,1,1
0.0,25.085548,0.13722196,24.896376,25.347921,0.49626073,0.046799816,0.4080776,0.59787744,92.948814,2.236206,87.47567,96.36197,0,1,1,1
0.0,25.282503,0.03711826,25.190292,25.360825,0.45149186,0.05364422,0.33107,0.572742,93.745056,3.4352348,87.88458,100.0824,0,1,1,1
0.061393548,25.23913,0.16124378,24.98329,25.492704,0.0,0.0,0.0,0.0,0.0,0.0,0.0,0.0,1,1,0,0
0.066873915,24.835155,0.27053583,24.303875,25.284966,0.50164264,0.05329845,0.4469716,0.65239745,104.901215,1.9937972,101.48367,107.6408,1,1,1,1
0.011212635,24.093418,0.1339897,23.958757,24.22824,0.0,0.0,0.0,0.0,0.0,0.0,0.0,0.0,1,1,0,0
0.028986096,24.839386,0.09538009,24.73043,25.001982,0.0,0.0,0.0,0.0,0.0,0.0,0.0,0.0,1,1,0,0
0.26184762,23.779978,0.23861057,23.417953,24.141376,0.5601041,0.009169235,0.5434765,0.573643,99.96485,2.5198736,95.60639,102.757645,1,1,1,1
0.0,25.345425,0.066449985,25.247469,25.50761,0.5075475,0.073230594,0.37132365,0.6936101,109.161644,1.3295133,106.37751,112.184906,0,1,1,1
0.014076669,24.662731,0.15657212,24.317327,24.894793,0.0,0.0,0.0,0.0,0.0,0.0,0.0,0.0,1,1,0,0
0.01903258,24.485308,0.14750136,24.243143,24.810568,0.0,0.0,0.0,0.0,0.0,0.0,0.0,0.0,1,1,0,0
0.0,24.83641,0.20387733,24.466417,25.107841,0.50847167,0.027498538,0.46191618,0.5710861,104.27372,2.0586991,101.266495,107.03943,0,1,1,1
0.0,25.24023,0.18897812,24.901134,25.489733,0.45811495,0.06463759,0.31814054,0.5880706,93.96757,2.0848207,91.25699,96.22594,0,1,1,1
0.035930753,25.356941,0.22508807,25.013172,25.905855,0.5008471,0.07182022,0.33439225,0.71227914,92.04218,2.319515,87.13694,96.03991,1,1,1,1
0.0,24.86926,0.040046345,24.780022,24.93787,0.52621746,0.089188226,0.2983908,0.7019644,90.438934,1.545448,87.88258,93.82906,0,1,1,1
0.07060137,24.997364,0.102767065,24.7475,25.201187,0.54352444,0.08200435,0.3567365,0.686306,101.45941,2.4890614,95.808876,107.37706,1,1,1,1
0.02147455,24.846884,0.081480436,24.659605,25.024794,0.0,0.0,0.0,0.0,0.0,0.0,0.0,0.0,1,1,0,0
0.0012721386,25.956741,0.15424177,25.741001,26.2708,0.0,0.0,0.0,0.0,0.0,0.0,0.0,0.0,1,1,0,0
0.00041328196,25.24566,0.03925039,25.165499,25.350779,0.5156332,0.031367756,0.47784218,0.5631661,100.24429,2.3171146,97.67145,106.02445,1,1,1,1
0.0,25.444502,0.12482913,25.181341,25.60031,0.49461672,0.02830546,0.45737597,0.52925676,98.988785,1.864019,96.348625,101.55868,0,1,1,1
0.09802553,24.784729,0.12146708,24.60508,24.961418,0.0,0.0,0.0,0.0,0.0,0.0,0.0,0.0,1,1,0,0
0.0,0.0,0.0,0.0,0.0,0.46828324,0.060978,0.33643958,0.60529774,101.117485,1.103372,98.50564,102.71386,0,0,1,1
0.0,0.0,0.0,0.0,0.0,0.4144776,0.048156336,0.29546025,0.49698177,100.92982,2.6784708,97.125496,105.90937,0,0,1,1
0.0,0.0,0.0,0.0,0.0,0.49316084,0.06361128,0.40356973,0.627768,101.62766,1.6939179,99.8737,105.02214,0,0,1,1
0.0,25.40505,0.12224137,25.12761,25.685472,0.49144384,0.022926556,0.4584845,0.54721427,96.72135,2.4338257,93.34956,102.01621,0,1,1,1
0.011207967,24.575657,0.14605615,24.34235,24.72738,0.49752524,0.07914978,0.2855273,0.6360849,99.49957,1.8881903,97.41134,103.92012,1,1,1,1
0.0,23.505892,0.14151694,23.341568,23.65232,0.5206897,0.017981786,0.4697538,0.5630059,100.99969,1.5411148,97.820145,103.50068,0,1,1,1
0.053647295,24.300802,0.10610773,24.052103,24.497234,0.5641917,0.040701997,0.47821057,0.6094696,102.92012,2.46612,99.08688,108.06615,1,1,1,1
0.0,0.0,0.0,0.0,0.0,0.47374135,0.06743161,0.38343763,0.61891437,102.42332,1.9244392,99.608505,106.711586,0,0,1,1
0.11705405,25.005692,0.15693772,24.726929,25.261116,0.0,0.0,0.0,0.0,0.0,0.0,0.0,0.0,1,1,0,0
0.0,25.305618,0.07436828,25.163097,25.433228,0.45305803,0.041039225,0.4051675,0.53912544,101.03398,2.1699448,96.53007,106.13862,0,1,1,1
0.116204426,24.934607,0.21961243,24.394573,25.183193,0.536506,0.017216949,0.51802516,0.5635029,94.95575,1.7029011,91.61626,98.22191,1,1,1,1
0.0,24.869453,0.2019089,24.426607,25.217552,0.5193399,0.04933017,0.425044,0.6016336,98.94726,1.4819391,97.13866,100.914856,0,1,1,1
0.0,0.0,0.0,0.0,0.0,0.43494853,0.07613745,0.27260533,0.61738515,115.67524,1.032506,114.01316,117.945435,0,0,1,1
0.0,24.681442,0.13576935,24.498539,24.933182,0.48279893,0.091652915,0.34585634,0.66442424,96.91025,2.3361318,91.94372,99.38946,0,1,1,1
0.0,0.0,0.0,0.0,0.0,0.3886153,0.045433942,0.28238985,0.48290446,110.72734,2.4511452,106.75,113.712105,0,0,1,1
0.05138294,23.993383,0.21334894,23.655022,24.30525,0.444761,0.04049198,0.39036426,0.48967603,100.81361,1.6718247,98.07644,104.76657,1,1,1,1
0.00045024342,24.291996,0.15212181,23.978884,24.591839,0.5445421,0.06110958,0.39824754,0.6859082,104.544624,1.5154418,101.77039,106.37472,1,1,1,1
0.0,24.671595,0.18475688,24.482214,24.90765,0.4572686,0.04230585,0.35062984,0.566087,95.962944,1.0956163,94.722626,97.36602,0,1,1,1
0.05960402,25.730219,0.13948679,25.471415,25.984013,0.46564528,0.06534472,0.27343374,0.57838714,105.71221,1.3176442,103.419106,108.0197,1,1,1,1
0.0385601,25.82177,0.15060462,25.519215,26.061766,0.0,0.0,0.0,0.0,0.0,0.0,0.0,0.0,1,1,0,0
0.03062225,25.486837,0.20570117,25.093307,25.928633,0.0,0.0,0.0,0.0,0.0,0.0,0.0,0.0,1,1,0,0
0.050959356,24.731165,0.25869918,24.115953,25.21228,0.4743947,0.027992807,0.3948015,0.55686253,93.567535,1.6377566,89.953835,96.40551,1,1,1,1
0.0,25.651808,0.1315846,25.460503,25.870619,0.4522879,0.08014629,0.2635137,0.5646126,98.174194,1.8088568,96.361015,100.615364,0,1,1,1
0.0,24.596348,0.14309561,24.310217,24.891037,0.546007,0.08494905,0.37035012,0.6339535,109.2672,2.3212144,103.71336,114.697685,0,1,1,1
0.039967325,25.251556,0.107347734,25.068296,25.39764,0.5349926,0.07347847,0.39490223,0.6608445,99.34153,2.3135114,96.627014,101.82203,1,1,1,1
0.058307074,25.162882,0.20817855,24.91525,25.403627,0.47863114,0.03189866,0.42254555,0.55173486,97.140884,1.8736743,93.95224,99.8453,1,1,1,1
0.07509116,24.355774,0.16028176,24.087801,24.733223,0.0,0.0,0.0,0.0,0.0,0.0,0.0,0.0,1,1,0,0
0.0,25.321323,0.14726055,25.084904,25.593956,0.46351805,0.028487043,0.41772836,0.53526443,105.25895,1.2300078,103.73766,106.89453,0,1,1,1
0.009879906,25.399769,0.18270433,24.997696,25.735773,0.5485318,0.0051923883,0.5300521,0.56942976,95.3743,1.6913377,91.53778,97.69231,1,1,1,1
0.05010494,25.267908,0.1389388,25.090149,25.45105,0.5167648,0.012113994,0.49789178,0.5380956,94.53138,1.8295896,91.803154,96.91154,1,1,1,1
0.025593875,25.7044,0.090813704,25.57008,25.829435,0.38932756,0.021301067,0.36557373,0.45027208,96.90721,1.94305,92.32085,98.88348,1,1,1,1
0.0,24.510517,0.15493017,24.228777,24.737709,0.5525635,0.04131863,0.46352077,0.65198636,99.61152,2.3508732,94.41647,105.014565,0,1,1,1
0.11989654,25.329275,0.25946075,25.045603,25.602581,0.4315515,0.033110436,0.35557476,0.5213943,95.316185,2.449716,89.516594,101.14497,1,1,1,1
0.085726514,25.133968,0.32116494,24.501394,25.689283,0.37073588,0.044590596,0.24209476,0.41552722,96.78684,1.9815012,94.19006,100.22952,1,1,1,1
0.0,25.639303,0.12476373,25.465126,25.90934,0.4566376,0.046898708,0.372206,0.5087383,104.19064,2.2946475,98.76025,108.25909,0,1,1,1
0.0,0.0,0.0,0.0,0.0,0.47238746,0.06375352,0.32235727,0.56397206,101.55732,1.9479365,99.04085,103.92476,0,0,1,1
0.0,25.25922,0.16530801,24.939764,25.550837,0.5012713,0.012034419,0.48532984,0.52637124,106.92401,0.8516383,105.0092,108.358444,0,1,1,1
0.0,24.8568,0.11426387,24.605196,25.118956,0.52579606,0.047520623,0.46694106,0.61458594,95.47158,1.4325007,93.591125,96.98712,0,1,1,1
0.0,25.198898,0.20252539,24.965403,25.62328,0.5372207,0.017380506,0.487536,0.56038755,98.59262,1.7909184,95.48664,102.16806,0,1,1,1
0.0,0.0,0.0,0.0,0.0,0.52914625,0.051579762,0.39865154,0.6359112,105.38397,2.4244578,102.93274,109.35439,0,0,1,1
0.025236709,24.577082,0.11672307,24.308937,24.854733,0.0,0.0,0.0,0.0,0.0,0.0,0.0,0.0,1,1,0,0
0.14318393,25.142197,0.16951488,24.916418,25.456345,0.49553055,0.0587782,0.33225513,0.63964444,92.94075,2.290628,89.80788,96.960884,1,1,1,1
0.018884994,25.034813,0.06729962,24.886465,25.107534,0.0,0.0,0.0,0.0,0.0,0.0,0.0,0.0,1,1,0,0
0.01671059,25.50497,0.21053407,25.067484,26.000889,0.0,0.0,0.0,0.0,0.0,0.0,0.0,0.0,1,1,0,0
0.0,0.0,0.0,0.0,0.0,0.48737732,0.030056838,0.4187889,0.5254149,98.988396,1.9585319,94.816,102.61566,0,0,1,1
0.0,0.0,0.0,0.0,0.0,0.43601835,0.06356002,0.3457026,0.502835,94.306046,1.9079576,91.26236,96.790565,0,0,1,1
0.0,24.541328,0.14267129,24.301481,24.780308,0.47137344,0.045966685,0.35188273,0.57829463,103.61134,0.65600175,102.28374,104.99887,0,1,1,1
0.008631071,24.416864,0.12970813,24.163746,24.643467,0.0,0.0,0.0,0.0,0.0,0.0,0.0,0.0,1,1,0,0
0.0,25.170517,0.17270584,24.988731,25.494267,0.48966393,0.08675984,0.285626,0.65474164,110.94695,2.7293684,106.39922,115.31009,0,1,1,1
0.042263452,24.077183,0.1825693,23.856361,24.355862,0.0,0.0,0.0,0.0,0.0,0.0,0.0,0.0,1,1,0,0
0.037931424,25.089745,0.11936601,24.949442,25.22489,0.7042709,0.028824547,0.6326491,0.7359177,99.44855,2.1586406,95.9652,102.76064,1,1,1,1
0.0,0.0,0.0,0.0,0.0,0.53544956,0.05363995,0.44801617,0.6471575,101.82711,1.4980053,99.03414,104.83174,0,0,1,1
0.0,0.0,0.0,0.0,0.0,0.55453694,0.047154937,0.44962722,0.6803016,106.51633,2.2918887,103.79513,111.133736,0,0,1,1
0.05068108,24.639898,0.114930354,24.460888,24.763441,0.0,0.0,0.0,0.0,0.0,0.0,0.0,0.0,1,1,0,0
0.0,24.380224,0.1783133,23.98683,24.56984,0.500159,0.08624851,0.31680357,0.6259265,93.440704,1.3975525,90.78362,96.92776,0,1,1,1
0.0,0.0,0.0,0.0,0.0,0.48424911,0.08705707,0.3895908,0.64435124,97.643814,2.7187934,93.83229,101.35565,0,0,1,1
0.0,0.0,0.0,0.0,0.0,0.52170014,0.06817951,0.31772476,0.6404815,91.66883,1.7003231,88.511955,93.90493,0,0,1,1
0.0,0.0,0.0,0.0,0.0,0.5307671,0.040154573,0.48248914,0.58924603,99.75555,2.350504,95.03929,104.03101,0,0,1,1
0.0038672783,26.331526,0.15483004,25.99042,26.61403,0.53225857,0.03358252,0.4340805,0.6231457,99.558525,2.6914792,96.33419,105.92828,1,1,1,1
0.0008011468,26.24042,0.12094845,25.9936,26.415243,0.0,0.0,0.0,0.0,0.0,0.0,0.0,0.0,1,1,0,0
0.0,25.558039,0.103654675,25.36487,25.669382,0.5383256,0.074129306,0.3195975,0.6570391,101.17454,2.0899186,96.66819,103.786415,0,1,1,1
0.002332033,24.746387,0.21078894,24.50581,25.099085,0.0,0.0,0.0,0.0,0.0,0.0,0.0,0.0,1,1,0,0
0.0,24.476248,0.18889163,24.007217,24.802818,0.5067576,0.038435694,0.42983902,0.61891204,89.344376,2.7184134,82.684875,93.265594,0,1,1,1
0.0,25.08187,0.18667658,24.83387,25.478855,0.49500582,0.06357691,0.3225549,0.59356326,100.39418,1.4674366,98.22865,102.29438,0,1,1,1
0.0,24.08171,0.20914267,23.774893,24.294111,0.4563023,0.0485007,0.32739,0.5535268,101.668655,1.6202497,99.15102,103.68476,0,1,1,1
0.0,0.0,0.0,0.0,0.0,0.51008123,0.017861692,0.46257544,0.538222,100.935486,3.1519308,96.572685,108.31554,0,0,1,1
0.059944753,25.583843,0.196067,25.336899,25.989138,0.0,0.0,0.0,0.0,0.0,0.0,0.0,0.0,1,1,0,0
0.0,25.09845,0.15168455,24.872383,25.385382,0.5306404,0.008540097,0.5098019,0.5425088,98.29316,2.1168122,94.360054,100.94817,0,1,1,1
0.013947344,25.48333,0.19820091,25.276917,25.79367,0.0,0.0,0.0,0.0,0.0,0.0,0.0,0.0,1,1,0,0
0.0020786722,24.988932,0.17101099,24.716108,25.373219,0.4643542,0.08724335,0.3681656,0.5776838,103.92626,1.8519527,100.974846,107.38492,1,1,1,1
0.0,0.0,0.0,0.0,0.0,0.52513725,0.03304136,0.46241382,0.5798624,108.64234,1.5973889,104.912674,112.575554,0,0,1,1
0.028316036,25.264917,0.14216031,24.915142,25.589592,0.4652555,0.032946974,0.37733892,0.5369414,99.789185,0.9345567,98.08857,101.371864,1,1,1,1
0.020972311,25.256233,0.14587556,24.94545,25.443861,0.0,0.0,0.0,0.0,0.0,0.0,0.0,0.0,1,1,0,0
0.036719985,23.83679,0.15301514,23.531418,24.07884,0.42919245,0.036783397,0.34014735,0.5112151,101.85687,2.0022423,99.37123,105.342834,1,1,1,1
0.0,0.0,0.0,0.0,0.0,0.4739008,0.07959809,0.34746653,0.7108757,95.378235,2.0637567,92.57528,97.49597,0,0,1,1
0.026874607,25.110477,0.17221496,24.862991,25.331415,0.49177048,0.060455244,0.36324188,0.5939223,94.45625,1.2727946,92.455986,96.47681,1,1,1,1
0.0,25.01159,0.13216949,24.852692,25.192781,0.532904,0.07943772,0.44698817,0.61471206,108.40334,2.0234246,103.94643,113.3796,0,1,1,1
0.0,24.36354,0.12942533,24.15215,24.573948,0.5353021,0.0024312884,0.5206052,0.560136,103.86937,2.2475493,99.94417,106.23133,0,1,1,1
0.0,25.341791,0.0808459,25.145905,25.440695,0.52948713,0.039539028,0.46192214,0.57569504,91.03623,3.1465762,84.75142,97.78259,0,1,1,1
0.0022979574,23.737179,0.11675537,23.479223,23.898706,0.5349795,0.0221072,0.4956528,0.5776486,92.53146,1.8316724,89.245804,95.125206,1,1,1,1
0.0,25.235857,0.15485494,24.873177,25.421059,0.49176747,0.049350742,0.38161212,0.5752451,101.70828,1.3405211,98.363525,103.315475,0,1,1,1
0.0,24.860851,0.07705411,24.749344,25.028572,0.5680619,0.07161372,0.42297775,0.741008,104.042534,3.5748088,99.27282,110.75826,0,1,1,1
0.0,0.0,0.0,0.0,0.0,0.44539806,0.07359874,0.25657505,0.6219596,98.57675,1.4568044,97.0536,101.93846,0,0,1,1
0.0020563672,24.895214,0.11483479,24.766048,25.069183,0.5659465,0.010429836,0.5461023,0.58615625,97.45737,1.1260669,96.22328,99.64438,1,1,1,1
0.0,26.137247,0.103698224,25.90786,26.391127,0.5360875,0.08992915,0.2896849,0.68922895,94.26467,2.5217507,90.92068,97.97194,0,1,1,1
0.0,0.0,0.0,0.0,0.0,0.4366332,0.035504617,0.3455036,0.5182783,100.0156,1.5769668,98.385345,101.600365,0,0,1,1
0.0,24.620573,0.1910627,24.183865,24.976942,0.5108658,0.02140941,0.48663095,0.53643376,110.037025,1.7701445,105.66132,113.938095,0,1,1,1
0.047751017,24.567577,0.124559775,24.423462,24.797771,0.511315,0.04704001,0.4074705,0.595951,104.41725,1.8078185,102.10106,107.955315,1,1,1,1
0.014111743,24.968147,0.15176393,24.640678,25.136086,0.0,0.0,0.0,0.0,0.0,0.0,0.0,0.0,1,1,0,0
0.0,0.0,0.0,0.0,0.0,0.4942468,0.04988981,0.38058472,0.5984355,100.26267,1.8918762,97.01655,103.34588,0,0,1,1
0.0,0.0,0.0,0.0,0.0,0.5138501,0.053760085,0.42032173,0.62983817,95.351234,2.9552436,91.16944,100.719795,0,0,1,1
0.0,0.0,0.0,0.0,0.0,0.46868366,0.041091204,0.39319554,0.54242176,102.51543,2.1000812,99.4849,107.489334,0,0,1,1
0.0027864012,25.550795,0.010553481,25.492659,25.610945,0.0,0.0,0.0,0.0,0.0,0.0,0.0,0.0,1,1,0,0
0.0440036,24.779593,0.12779374,24.516762,25.016329,0.0,0.0,0.0,0.0,0.0,0.0,0.0,0.0,1,1,0,0
0.00097217516,24.790667,0.19284599,24.5693,25.132013,0.0,0.0,0.0,0.0,0.0,0.0,0.0,0.0,1,1,0,0
0.0,0.0,0.0,0.0,0.0,0.6001844,0.03797771,0.52312934,0.653634,97.05839,2.752294,90.57368,103.487816,0,0,1,1
0.0,0.0,0.0,0.0,0.0,0.52258086,0.04704976,0.44377026,0.5907753,98.58767,1.8227906,95.674194,101.07406,0,0,1,1
0.0007256819,25.193325,0.14382802,24.894522,25.382006,0.46189082,0.040430244,0.41748375,0.5773351,97.6092,3.0606694,94.36391,100.73403,1,1,1,1
0.0,0.0,0.0,0.0,0.0,0.45451248,0.047785863,0.34484768,0.50282794,99.298225,1.2856711,97.77722,102.14899,0,0,1,1
0.017844804,24.77512,0.19223462,24.368282,25.158703,0.5099938,0.027913274,0.458739,0.5714018,98.88019,1.702738,94.76568,100.94099,1,1,1,1
0.0,0.0,0.0,0.0,0.0,0.4671405,0.0431907,0.3724511,0.5213424,101.82319,1.0588268,99.28423,103.335625,0,0,1,1
0.0,0.0,0.0,0.0,0.0,0.5066616,0.05723128,0.38739854,0.64571506,105.72283,1.6532334,102.8603,108.70665,0,0,1,1
0.0,24.667595,0.114038095,24.483452,24.835052,0.5610873,0.04067577,0.4849918,0.6017819,102.177155,2.224222,99.263306,107.081955,0,1,1,1
0.0,24.00679,0.110957175,23.852657,24.256695,0.484515,0.030366804,0.42079926,0.5468381,97.32225,1.3847228,94.55228,100.77112,0,1,1,1
0.0026862375,25.77043,0.15957831,25.582638,26.039581,0.0,0.0,0.0,0.0,0.0,0.0,0.0,0.0,1,1,0,0
0.0,25.959927,0.103809945,25.716442,26.156948,0.533308,0.034743175,0.46599156,0.5985854,107.414604,1.2069746,106.11118,108.7316,0,1,1,1
0.0,0.0,0.0,0.0,0.0,0.6278545,0.022942057,0.59865093,0.6705722,96.484634,2.3946397,93.41057,100.278755,0,0,1,1
0.012670879,24.614754,0.13838668,24.272385,24.874847,0.0,0.0,0.0,0.0,0.0,0.0,0.0,0.0,1,1,0,0
0.095627084,25.274305,0.14337172,25.120815,25.422613,0.5890557,0.04532197,0.54124916,0.64780855,108.41249,1.1465657,105.66087,109.88576,1,1,1,1
0.02833779,25.349874,0.15782923,25.068178,25.547918,0.45679218,0.051068667,0.38959002,0.55869156,97.705,1.4853159,95.33455,99.45341,1,1,1,1
0.0,25.25861,0.11828668,25.006893,25.469393,0.47503892,0.07426247,0.34023446,0.5615543,103.58194,1.8091911,101.48984,107.37857,0,1,1,1
0.00044664164,24.479136,0.15698546,24.193819,24.681896,0.0,0.0,0.0,0.0,0.0,0.0,0.0,0.0,1,1,0,0
0.0,24.544912,0.12712273,24.265886,24.75247,0.42819053,0.019354345,0.39287585,0.4716859,95.92913,0.956924,94.83362,97.91278,0,1,1,1
0.0,0.0,0.0,0.0,0.0,0.48684424,0.06483193,0.31493533,0.56342685,95.75743,2.494581,92.03815,101.41701,0,0,1,1
0.037168372,24.088036,0.116659425,23.923903,24.311237,0.45807767,0.048766278,0.38678956,0.57290745,103.302444,1.5023166,101.15523,106.487686,1,1,1,1
0.0,25.091116,0.10244384,24.888325,25.238575,0.42747226,0.007421605,0.4082068,0.44253775,105.59659,1.4832675,102.12973,109.26021,0,1,1,1
0.0,0.0,0.0,0.0,0.0,0.4599799,0.00105341,0.4326934,0.47777307,100.832054,2.3746538,96.33682,103.81197,0,0,1,1
0.0,26.20011,0.0884557,26.032284,26.405577,0.52166736,0.02126574,0.46919024,0.56622434,96.49323,2.3838596,93.532745,101.75614,0,1,1,1
0.0,24.24341,0.15728042,23.915953,24.510382,0.45293373,0.06771728,0.36287528,0.623792,102.13533,2.7981102,98.0389,107.67205,0,1,1,1
0.0,0.0,0.0,0.0,0.0,0.48957428,0.071301736,0.3836763,0.607055,98.84337,2.2664363,96.19793,102.32889,0,0,1,1
0.0,25.849287,0.17603956,25.596788,26.139387,0.47137818,0.07050386,0.27702454,0.6703058,95.14259,2.514246,91.186195,98.51806,0,1,1,1
0.0,24.94286,0.11773755,24.794994,25.09685,0.46902648,0.01399679,0.43612227,0.4898567,98.03849,1.9740057,93.49613,102.1274,0,1,1,1
0.0,0.0,0.0,0.0,0.0,0.5110913,0.0877802,0.38869476,0.6645885,93.50781,1.8659759,90.92314,97.41296,0,0,1,1
0.0,24.901518,0.035581872,24.789831,24.97358,0.48396304,0.047795795,0.38456842,0.62558997,96.10587,2.4141579,92.36699,101.18288,0,1,1,1
0.0,24.681509,0.16474381,24.504524,24.939482,0.48754033,0.015390819,0.45317078,0.51234627,93.693115,2.076649,89.11521,98.77458,0,1,1,1
0.0,25.48267,0.14408135,25.251635,25.744349,0.4639428,0.025900114,0.40924406,0.5257397,96.593834,0.94917107,95.25826,98.33628,0,1,1,1
0.0,25.229616,0.15789182,24.988394,25.392778,0.60003793,0.051638257,0.5296251,0.73693514,95.61485,2.300356,90.26099,100.89459,0,1,1,1
0.0,0.0,0.0,0.0,0.0,0.5738453,0.013024216,0.5495788,0.5889508,91.01969,1.672917,88.601494,94.16326,0,0,1,1
0.016143633,24.963013,0.12646331,24.830036,25.168457,0.43343085,0.049671233,0.32484308,0.5053363,90.2766,1.6395065,87.79844,93.35352,1,1,1,1
0.0048878384,25.898796,0.16418496,25.729666,26.161259,0.0,0.0,0.0,0.0,0.0,0.0,0.0,0.0,1,1,0,0
0.034687564,24.501623,0.23844501,24.128698,24.972961,0.5273474,0.032147024,0.44448963,0.610356,101.66089,2.2566447,97.571144,105.5666,1,1,1,1
0.0,25.061668,0.21717463,24.6197,25.390022,0.51427525,0.020486917,0.46700466,0.575704,109.14493,2.6280515,105.16796,113.5577,0,1,1,1
0.0,0.0,0.0,0.0,0.0,0.47842425,0.082871534,0.36208773,0.69550794,97.454056,1.685718,93.43489,100.63691,0,0,1,1
0.0053813905,23.943665,0.1436495,23.762316,24.258995,0.43710476,0.013878633,0.41765457,0.45962888,102.932724,1.4302702,100.22077,106.34199,1,1,1,1
0.0,0.0,0.0,0.0,0.0,0.51433945,0.08404372,0.35838374,0.66790795,96.64716,2.5225363,93.4671,102.09245,0,0,1,1
0.0,24.216026,0.21296903,23.834679,24.642319,0.47557494,0.084306,0.27230477,0.58640844,104.3573,3.0114796,100.01097,108.32531,0,1,1,1
0.0042273942,24.718542,0.10841468,24.566038,24.893745,0.46490517,0.07443515,0.26987696,0.55372006,102.92935,1.3317571,101.36227,104.87819,1,1,1,1
0.0,0.0,0.0,0.0,0.0,0.47735763,0.05084352,0.36097115,0.5339223,88.28529,1.878996,86.17515,90.6169,0,0,1,1
0.09208838,25.754305,0.15815373,25.55109,25.968887,0.39658347,0.026483813,0.34104544,0.43291992,108.23395,0.42081288,107.227295,108.997154,1,1,1,1
0.0065517086,24.503149,0.14592779,24.216293,24.701504,0.0,0.0,0.0,0.0,0.0,0.0,0.0,0.0,1,1,0,0
0.14925471,24.384853,0.18141876,24.06577,24.707708,0.4607381,0.061586645,0.37368202,0.64165705,94.46944,3.3241365,89.67915,101.567375,1,1,1,1
0.0,0.0,0.0,0.0,0.0,0.47661334,0.046552055,0.38316482,0.6126033,92.933365,1.2858193,90.315796,95.11951,0,0,1,1
0.0,0.0,0.0,0.0,0.0,0.49495432,0.03167245,0.40701318,0.588632,92.827324,2.8822458,88.69016,99.36469,0,0,1,1
0.09765827,24.988106,0.14086285,24.77824,25.189663,0.5392554,0.067166775,0.4380738,0.7094176,109.648224,2.4558244,105.953545,112.75823,1,1,1,1
0.0,0.0,0.0,0.0,0.0,0.4731033,0.035368975,0.3903184,0.5503992,100.23197,2.4716265,95.03062,104.69998,0,0,1,1
0.0048743086,24.397139,0.18970652,24.062902,24.71401,0.49834973,0.02794293,0.41565737,0.54474765,100.60884,1.1715139,98.8247,102.54527,1,1,1,1
0.0,24.008818,0.15003309,23.83885,24.207613,0.41941014,0.0784738,0.23927687,0.5310246,103.40406,2.9487696,96.13309,108.7912,0,1,1,1
0.005572548,25.04404,0.13539056,24.870716,25.37486,0.0,0.0,0.0,0.0,0.0,0.0,0.0,0.0,1,1,0,0
0.18022579,25.364294,0.22663838,24.894007,25.86342,0.549193,0.030147506,0.46972162,0.62187165,89.82058,2.1087441,84.635056,93.349464,1,1,1,1
0.0,24.970318,0.12950566,24.750996,25.292141,0.54231286,0.050556913,0.4761146,0.64283234,98.46558,2.0550942,94.25802,103.07307,0,1,1,1
0.06481649,25.538233,0.14014779,25.248953,25.810568,0.0,0.0,0.0,0.0,0.0,0.0,0.0,0.0,1,1,0,0
0.0,25.492752,0.106674165,25.36283,25.729988,0.52340543,0.05637499,0.4338586,0.59665453,96.39406,1.6804676,93.699394,99.357216,0,1,1,1
0.0,0.0,0.0,0.0,0.0,0.48745498,0.072057605,0.3981574,0.5943089,109.83422,1.4277478,106.3328,112.31701,0,0,1,1
0.023359245,24.89409,0.1481374,24.614191,25.157877,0.45121735,0.039105713,0.3597887,0.49999008,105.98657,2.013756,101.93467,109.58189,1,1,1,1
0.12908944,24.902348,0.07328389,24.76632,25.026901,0.0,0.0,0.0,0.0,0.0,0.0,0.0,0.0,1,1,0,0
0.0,0.0,0.0,0.0,0.0,0.43580583,0.093227774,0.2827752,0.56882024,108.787285,1.2714148,106.435165,110.12226,0,0,1,1
0.0,0.0,0.0,0.0,0.0,0.48534477,0.023897735,0.4136635,0.51726574,105.70036,1.5376573,103.288704,109.490616,0,0,1,1
0.17304914,24.223772,0.17942747,23.973042,24.635515,0.0,0.0,0.0,0.0,0.0,0.0,0.0,0.0,1,1,0,0
0.0,24.66229,0.0679348,24.527546,24.775965,0.45175877,0.049271442,0.3058568,0.5414676,97.93032,2.2322924,94.61858,101.30771,0,1,1,1
0.0,0.0,0.0,0.0,0.0,0.48980138,0.030076649,0.4029782,0.5338633,96.87561,2.3079686,92.338806,102.42922,0,0,1,1
0.0,24.80022,0.16454929,24.615322,25.053192,0.49573764,0.06818166,0.3853052,0.65838575,99.22104,2.7788873,95.227264,102.93079,0,1,1,1
0.0,0.0,0.0,0.0,0.0,0.5276861,0.052870933,0.38879323,0.63601905,99.110695,2.839297,95.15382,103.58031,0,0,1,1
0.0,24.403578,0.21022409,24.177528,24.726065,0.56547034,0.06773217,0.3686339,0.7626934,98.981346,1.5965134,95.7132,102.57828,0,1,1,1
0.04012941,24.73102,0.20117015,24.436136,24.993465,0.0,0.0,0.0,0.0,0.0,0.0,0.0,0.0,1,1,0,0
0.0,0.0,0.0,0.0,0.0,0.49263865,0.058220968,0.32324854,0.6645327,97.91578,2.288336,95.145325,103.54826,0,0,1,1
0.0,25.450388,0.077562444,25.366158,25.603195,0.499539,0.08373608,0.34589115,0.6027256,94.23949,2.121025,90.893814,96.78476,0,1,1,1
0.0,24.228685,0.2513175,23.790247,24.587492,0.42394358,0.081689104,0.32784066,0.58897096,105.99384,1.6539744,102.05045,109.58575,0,1,1,1
0.0,24.333921,0.17719373,23.933636,24.674309,0.47955018,0.023238622,0.4120663,0.51085085,104.96115,1.8902422,100.86779,108.08334,0,1,1,1
0.0,0.0,0.0,0.0,0.0,0.41396886,0.04802717,0.32720533,0.5480969,103.463066,2.518904,97.70007,106.78523,0,0,1,1
0.0,25.20807,0.13401014,24.915346,25.353144,0.52013975,0.028938452,0.45013234,0.572356,96.632835,2.4219103,93.98656,100.9204,0,1,1,1
0.0,23.975853,0.07242557,23.84456,24.064787,0.45900917,0.052854702,0.34080598,0.5933776,98.9827,0.98650676,96.676056,100.48596,0,1,1,1
0.040774975,24.645731,0.22032799,24.166391,25.104004,0.0,0.0,0.0,0.0,0.0,0.0,0.0,0.0,1,1,0,0
0.061489485,25.092457,0.1268338,24.805485,25.407284,0.56565815,0.08398876,0.480283,0.76826143,96.13862,1.4246744,93.804016,99.35896,1,1,1,1
0.12440487,25.444677,0.20108359,25.10255,25.84125,0.0,0.0,0.0,0.0,0.0,0.0,0.0,0.0,1,1,0,0
0.0926714,24.465496,0.10249983,24.254097,24.606411,0.58719283,0.04419603,0.49615532,0.6359559,105.03156,1.9975487,103.013435,107.7077,1,1,1,1
0.0,0.0,0.0,0.0,0.0,0.4976274,0.0827421,0.28002015,0.7122511,97.18688,3.2733295,91.11586,102.74218,0,0,1,1
0.0,0.0,0.0,0.0,0.0,0.46376422,0.0881332,0.22752427,0.6703353,100.80831,2.648768,97.7844,104.72612,0,0,1,1
0.0,0.0,0.0,0.0,0.0,0.4718428,0.006153709,0.45387986,0.48840457,92.058975,2.2594962,87.04369,95.658615,0,0,1,1
0.0,25.711084,0.18320674,25.475164,25.993849,0.5539634,0.038754743,0.48036817,0.60470146,103.60628,2.300373,99.06037,108.85276,0,1,1,1
0.009784019,26.181503,0.0776913,26.103577,26.365503,0.0,0.0,0.0,0.0,0.0,0.0,0.0,0.0,1,1,0,0
0.025631119,25.58486,0.115584806,25.363686,25.791096,0.574792,0.02897566,0.50275725,0.635301,94.21817,1.5073891,90.86124,96.07011,1,1,1,1
0.011790038,25.368567,0.12422834,25.241905,25.52526,0.5429236,0.02533231,0.49324876,0.5881838,95.72579,2.0463753,91.7369,98.81592,1,1,1,1
0.1751834,24.620476,0.26601282,24.262917,24.917852,0.0,0.0,0.0,0.0,0.0,0.0,0.0,0.0,1,1,0,0
0.0,0.0,0.0,0.0,0.0,0.50019455,0.059459098,0.4233341,0.6098557,102.28278,1.7474655,99.69011,104.15172,0,0,1,1
0.0,24.754585,0.12507455,24.60216,24.920101,0.43974844,0.040394016,0.3570151,0.5304389,102.15846,1.4311066,100.301056,104.553825,0,1,1,1
0.0,0.0,0.0,0.0,0.0,0.4384545,0.07027605,0.25749314,0.5363696,93.29836,0.482653,92.07134,94.46614,0,0,1,1
0.0,0.0,0.0,0.0,0.0,0.5480277,0.058498863,0.43853563,0.62558204,107.14687,1.6415257,105.33564,109.573906,0,0,1,1
0.0,25.258717,0.1878367,24.807423,25.543701,0.40967107,0.056236126,0.32452828,0.48694968,95.1242,2.3848248,90.18732,99.31676,0,1,1,1
0.010695539,24.877836,0.27353966,24.217583,25.23937,0.0,0.0,0.0,0.0,0.0,0.0,0.0,0.0,1,1,0,0
0.03698679,24.940355,0.11554862,24.805178,25.133415,0.0,0.0,0.0,0.0,0.0,0.0,0.0,0.0,1,1,0,0
0.07694154,24.998508,0.23377082,24.653545,25.316725,0.5383938,0.056869987,0.47508946,0.6655408,105.85938,1.0740287,103.2294,107.376236,1,1,1,1
0.061867476,24.267609,0.21803741,24.04924,24.590582,0.0,0.0,0.0,0.0,0.0,0.0,0.0,0.0,1,1,0,0
0.0,0.0,0.0,0.0,0.0,0.5410667,0.060423817,0.37742472,0.6929559,101.49428,2.1683695,97.63726,105.4177,0,0,1,1
0.030460205,24.3865,0.09380991,24.219011,24.596931,0.49206,0.07660191,0.40797496,0.57436895,98.85645,2.9145548,92.88137,104.17644,1,1,1,1
0.037835844,23.955568,0.15148123,23.60066,24.189669,0.0,0.0,0.0,0.0,0.0,0.0,0.0,0.0,1,1,0,0
0.0,25.088581,0.10363743,24.92296,25.337273,0.41156104,0.0129662305,0.37909567,0.43848512,106.69244,1.7407067,104.56825,110.14653,0,1,1,1
0.109374695,24.341454,0.09073371,24.21057,24.537952,0.0,0.0,0.0,0.0,0.0,0.0,0.0,0.0,1,1,0,0
0.015935559,25.149616,0.15781404,24.755226,25.44683,0.0,0.0,0.0,0.0,0.0,0.0,0.0,0.0,1,1,0,0
0.045779288,25.047628,0.085955225,24.857206,25.232246,0.4960635,0.048209578,0.40034544,0.6080506,98.62539,2.8411777,95.314575,105.07981,1,1,1,1
0.0,0.0,0.0,0.0,0.0,0.5162704,0.073723145,0.3056631,0.6870077,94.83982,2.2586017,90.524185,98.37917,0,0,1,1
0.035375867,25.164175,0.2445486,24.753695,25.655577,0.4759762,0.06746198,0.34364346,0.6114729,92.36459,1.3348225,90.9922,94.143616,1,1,1,1
0.0,23.780685,0.19357349,23.380068,24.264124,0.4997345,0.06515553,0.4232296,0.6513632,102.80104,1.6340913,100.40058,106.62394,0,1,1,1
0.0,24.29812,0.09665529,24.12899,24.454449,0.52341986,0.06897882,0.34400988,0.7088578,102.09839,3.2929225,95.682945,109.64104,0,1,1,1
0.07488713,24.666561,0.25353768,24.081089,25.078508,0.4789734,0.007062926,0.45932052,0.49277395,97.801575,1.6012226,94.96436,101.61233,1,1,1,1
0.0,24.563322,0.22184631,24.069666,24.808308,0.47802266,0.0609292,0.35253388,0.5775132,103.263466,2.597596,98.030396,107.19523,0,1,1,1
0.0,24.656176,0.16406506,24.434769,24.877457,0.45386603,0.057573285,0.33311728,0.5370919,109.402954,2.189306,105.83442,113.7378,0,1,1,1
0.026763411,25.181591,0.1419237,24.924011,25.385492,0.0,0.0,0.0,0.0,0.0,0.0,0.0,0.0,1,1,0,0
0.061903793,24.539097,0.057208415,24.441183,24.651188,0.6121885,0.0780347,0.40726393,0.832176,98.692024,2.2114763,93.49756,102.686874,1,1,1,1
0.020988297,24.485538,0.21830986,24.081415,24.912748,0.5105056,0.055699673,0.42520916,0.5719419,101.88293,1.8768681,97.19404,106.02158,1,1,1,1
0.036692247,25.85094,0.18508121,25.661386,26.110495,0.47128135,0.06598554,0.36456773,0.6494593,102.7818,1.8315423,98.9824,106.018684,1,1,1,1
0.0,24.5619,0.16373372,24.253412,24.735266,0.50340724,0.100033134,0.22824498,0.6044862,95.83235,3.2036753,88.770004,101.36344,0,1,1,1
0.0,0.0,0.0,0.0,0.0,0.54708153,0.04886605,0.44214487,0.63780946,106.6425,1.8701295,104.767654,110.4281,0,0,1,1
0.0,25.134434,0.095266886,24.986818,25.317413,0.4889469,0.028602356,0.44431838,0.5268339,96.468155,1.5458089,93.03534,98.06063,0,1,1,1
0.0,25.061956,0.054502472,24.961287,25.118532,0.5120989,0.038280204,0.41044897,0.5923667,99.27771,1.9656909,97.093765,103.552635,0,1,1,1
0.0,25.142216,0.14450257,24.98541,25.328419,0.56618106,0.04103523,0.4913786,0.6466966,94.14708,1.1064051,92.5189,96.333115,0,1,1,1
0.0053993827,24.454079,0.17220515,24.04881,24.660225,0.48770538,0.043929912,0.4042975,0.5964576,105.49694,0.824659,104.504234,106.34302,1,1,1,1
0.0,0.0,0.0,0.0,0.0,0.49679402,0.049061492,0.43015575,0.5505412,103.26501,3.3901143,97.04413,108.468925,0,0,1,1
0.0,24.855549,0.17010084,24.624498,25.140862,0.47892874,0.06605472,0.29051745,0.62568295,92.44636,2.012448,90.14117,96.46869,0,1,1,1
0.12725471,24.910023,0.113271385,24.760778,25.039782,0.45265958,0.06633416,0.29871184,0.6111287,96.41073,1.1208241,94.32754,98.73016,1,1,1,1
0.019130975,25.006184,0.12478314,24.707539,25.27836,0.45059538,0.050104927,0.30451605,0.53860635,101.57102,2.3135054,97.738205,105.86349,1,1,1,1
0.0,25.148438,0.21252413,24.69328,25.530773,0.5485112,0.052581813,0.4150217,0.6176392,99.518486,1.346602,96.58816,102.06459,0,1,1,1
0.38327038,24.754177,0.13628015,24.503618,25.019629,0.51558805,0.036258496,0.45386237,0.6207669,102.49198,2.0185816,98.75932,107.347244,1,1,1,1
0.013314693,26.250383,0.14329173,26.105276,26.45208,0.5827092,0.017728027,0.54011464,0.616414,92.16525,1.2391192,89.49774,94.86809,1,1,1,1
0.0,0.0,0.0,0.0,0.0,0.45362067,0.031794176,0.37967914,0.5345417,96.82047,0.13436082,95.75462,97.68492,0,0,1,1
0.0,24.83271,0.0869605,24.70874,24.93265,0.4839412,0.049562808,0.35158774,0.58674705,101.19218,2.651417,96.19478,107.71489,0,1,1,1
0.027069854,25.336567,0.16862093,24.98164,25.746983,0.43350267,0.055427145,0.36261734,0.5324906,106.191,2.8060367,102.046974,111.31993,1,1,1,1
0.0,24.061407,0.07058128,23.983553,24.185219,0.46734712,0.059024297,0.34908316,0.6126,102.728195,1.2730289,100.40371,105.49303,0,1,1,1
0.0,24.704626,0.21620402,24.37954,24.998291,0.4806993,0.11538627,0.1719315,0.61004084,96.64492,1.1887472,95.08745,98.29385,0,1,1,1
0.027986353,24.297709,0.19978936,24.006239,24.554775,0.5440075,0.07502481,0.4463169,0.6335192,98.61169,1.5414746,96.765495,100.59886,1,1,1,1
0.024162589,23.897087,0.060925737,23.814638,23.974396,0.5583324,0.06525897,0.37028068,0.70236105,96.38752,1.7612844,94.42435,99.52892,1,1,1,1
0.028199319,25.280167,0.11978976,25.071741,25.541224,0.0,0.0,0.0,0.0,0.0,0.0,0.0,0.0,1,1,0,0
0.016542029,24.315033,0.18697959,24.003696,24.627192,0.0,0.0,0.0,0.0,0.0,0.0,0.0,0.0,1,1,0,0
0.07098428,24.867315,0.16436608,24.50746,25.145742,0.48181894,0.05454782,0.3786199,0.5369134,97.2402,1.065852,95.78975,98.9931,1,1,1,1
0.19004267,25.542187,0.11221812,25.38334,25.80461,0.5061954,0.019521058,0.4498844,0.5303398,91.636475,3.4011722,85.7588,99.87893,1,1,1,1
0.0,24.513903,0.044924658,24.449076,24.590467,0.42946592,0.08552973,0.315012,0.55863374,96.25701,1.3691511,94.551346,99.03368,0,1,1,1
0.06669776,26.219921,0.101739876,26.022022,26.3303,0.5071007,0.060354736,0.36317262,0.6775499,95.62339,1.940131,91.810555,100.21152,1,1,1,1
0.0,0.0,0.0,0.0,0.0,0.53161734,0.028696543,0.4901621,0.6126503,110.76202,2.3569286,105.92982,114.11492,0,0,1,1
0.0,0.0,0.0,0.0,0.0,0.51938134,0.06761467,0.36471963,0.6221851,107.43251,2.377767,102.32293,110.72167,0,0,1,1
0.01914223,25.2567,0.1782967,24.84752,25.681332,0.0,0.0,0.0,0.0,0.0,0.0,0.0,0.0,1,1,0,0
0.30570346,25.724874,0.06764833,25.61346,25.82738,0.45616496,0.042340793,0.3738607,0.5431319,100.17506,1.2698061,98.57021,102.39875,1,1,1,1
0.15776195,26.00677,0.17279148,25.666063,26.263645,0.0,0.0,0.0,0.0,0.0,0.0,0.0,0.0,1,1,0,0
0.00084456557,25.360613,0.16549252,24.977499,25.620077,0.49125567,0.06705551,0.2916042,0.57779026,106.41012,1.6943052,103.55964,108.9637,1,1,1,1
0.0,0.0,0.0,0.0,0.0,0.45408282,0.044129293,0.38160512,0.54942256,97.45174,1.7732534,94.0129,100.12965,0,0,1,1
0.0,0.0,0.0,0.0,0.0,0.52933544,0.04201708,0.47478005,0.6529954,98.60707,1.5977709,95.43507,102.30965,0,0,1,1
0.0,0.0,0.0,0.0,0.0,0.42295605,0.041126404,0.36702004,0.49346066,97.355576,2.5354154,94.731606,103.18599,0,0,1,1
0.25447452,25.350967,0.1290211,25.182165,25.49126,0.0,0.0,0.0,0.0,0.0,0.0,0.0,0.0,1,1,0,0
0.0,0.0,0.0,0.0,0.0,0.49195024,0.06926127,0.34537736,0.6080358,111.69578,2.2716942,106.66629,114.23948,0,0,1,1
0.0018489532,24.819633,0.17878284,24.385084,25.19598,0.0,0.0,0.0,0.0,0.0,0.0,0.0,0.0,1,1,0,0
0.05920752,25.944887,0.1604335,25.668734,26.159487,0.52891403,0.034951594,0.46829867,0.58636725,95.23101,0.523006,94.494095,96.22466,1,1,1,1
0.08980832,24.609892,0.099711955,24.466537,24.844698,0.482671,0.04639839,0.39689708,0.61418504,105.123146,2.4027846,100.60625,110.09001,1,1,1,1
0.029550157,24.378494,0.16443597,24.074509,24.587687,0.48913413,0.060913578,0.34955248,0.6276305,103.093056,3.2269757,99.73246,110.00962,1,1,1,1
0.07837338,25.362385,0.19903314,24.97014,25.681622,0.45511776,0.024390252,0.406005,0.48156857,107.45267,3.4899156,102.17107,116.11096,1,1,1,1
0.103456736,26.071682,0.18314295,25.823559,26.460169,0.0,0.0,0.0,0.0,0.0,0.0,0.0,0.0,1,1,0,0
0.055608604,24.914204,0.19732113,24.423204,25.32783,0.0,0.0,0.0,0.0,0.0,0.0,0.0,0.0,1,1,0,0
0.05621116,25.218288,0.12600447,24.939241,25.507761,0.4260488,0.046061866,0.32673734,0.5326787,99.51477,1.1253357,97.23034,101.91039,1,1,1,1
0.025262203,25.503557,0.12725201,25.197248,25.682306,0.34388044,0.07881752,0.24084541,0.5636706,100.04112,2.2119017,95.330246,104.46549,1,1,1,1
0.018188396,25.16188,0.19899979,24.757633,25.534054,0.41520724,0.023676498,0.38066134,0.46690476,91.318146,2.3214245,86.716484,95.62266,1,1,1,1
0.0,24.982037,0.20668665,24.594952,25.26544,0.46639064,0.0106112,0.44441128,0.4940774,90.23299,2.042759,85.955574,92.65505,0,1,1,1
0.0,0.0,0.0,0.0,0.0,0.5099136,0.08091607,0.32912332,0.7303872,100.6335,2.1751285,96.228905,105.27824,0,0,1,1
0.016766744,25.144833,0.10023768,24.934364,25.304768,0.43706432,0.07180734,0.30264506,0.5931162,105.14987,3.418675,97.78563,108.64522,1,1,1,1
0.13747235,25.471725,0.12202189,25.253702,25.71099,0.0,0.0,0.0,0.0,0.0,0.0,0.0,0.0,1,1,0,0
0.0,24.571846,0.16164939,24.200796,24.931313,0.5023769,0.05967677,0.3826812,0.61770326,102.395134,0.945516,100.21804,103.63212,0,1,1,1
0.04430468,24.983828,0.18788289,24.644304,25.315372,0.54001635,0.023732785,0.4887867,0.60203934,100.0978,1.8946067,96.77439,103.75645,1,1,1,1
0.0,25.027338,0.14916278,24.690475,25.191513,0.45894247,0.024755841,0.4290481,0.48974013,88.65332,1.2824507,86.12257,90.493546,0,1,1,1
0.0,0.0,0.0,0.0,0.0,0.503036,0.055069935,0.38568538,0.6672086,101.95833,2.2204306,96.8514,107.479256,0,0,1,1
0.0,0.0,0.0,0.0,0.0,0.45345077,0.024242148,0.38686514,0.5204179,111.56324,1.6037625,108.4589,114.47796,0,0,1,1
0.12010098,25.198421,0.23765706,24.62016,25.638632,0.0,0.0,0.0,0.0,0.0,0.0,0.0,0.0,1,1,0,0
0.0,0.0,0.0,0.0,0.0,0.56763923,0.037539616,0.48347464,0.6447353,93.13183,1.3119162,90.80786,96.21984,0,0,1,1
0.004518347,24.473444,0.05450134,24.39487,24.55703,0.0,0.0,0.0,0.0,0.0,0.0,0.0,0.0,1,1,0,0
0.029161021,25.054451,0.18196505,24.707232,25.35705,0.0,0.0,0.0,0.0,0.0,0.0,0.0,0.0,1,1,0,0
0.0029594111,24.752007,0.16750553,24.402517,25.131262,0.4071261,0.04910681,0.33774868,0.5072805,93.94544,2.6297963,88.41813,97.76603,1,1,1,1
0.15112628,24.646185,0.07362121,24.490425,24.771856,0.49547577,0.05217474,0.3505093,0.5726387,92.893875,1.8570272,89.58422,97.1935,1,1,1,1
0.07831526,24.161888,0.15777831,23.9837,24.411734,0.49098745,0.04717012,0.4396937,0.6008678,110.16568,2.4860156,107.04074,113.36414,1,1,1,1
0.0,0.0,0.0,0.0,0.0,0.57307184,0.06712577,0.39057824,0.7643291,101.11007,2.7343776,96.61292,105.52202,0,0,1,1
0.0,24.291246,0.1896029,23.973232,24.521698,0.47246143,0.037804693,0.4304224,0.5386525,88.0329,1.8615075,85.83951,91.59921,0,1,1,1
0.0061912783,24.748678,0.118086495,24.47145,24.973959,0.0,0.0,0.0,0.0,0.0,0.0,0.0,0.0,1,1,0,0
0.0,0.0,0.0,0.0,0.0,0.49413309,0.028268008,0.44833082,0.5242531,97.660126,1.8307744,94.65251,99.616806,0,0,1,1
0.008432247,25.23317,0.09771855,24.990576,25.43924,0.0,0.0,0.0,0.0,0.0,0.0,0.0,0.0,1,1,0,0
0.1057508,24.77172,0.1657315,24.422338,24.942234,0.0,0.0,0.0,0.0,0.0,0.0,0.0,0.0,1,1,0,0
0.008511689,24.893677,0.15311873,24.621109,25.129063,0.0,0.0,0.0,0.0,0.0,0.0,0.0,0.0,1,1,0,0
0.0095042605,25.671453,0.08996529,25.521566,25.796095,0.0,0.0,0.0,0.0,0.0,0.0,0.0,0.0,1,1,0,0
0.070496425,25.075731,0.19824578,24.791094,25.32703,0.45745888,0.09000708,0.19110596,0.58621544,105.901405,1.6317301,102.34414,109.95222,1,1,1,1
0.0,0.0,0.0,0.0,0.0,0.40784428,0.038396444,0.3289725,0.49813387,103.2747,1.9141114,98.98445,105.50405,0,0,1,1
0.0,25.377487,0.22114213,25.093521,25.906479,0.54100883,0.03195619,0.48822612,0.57572556,89.429634,2.2819412,86.01999,93.49361,0,1,1,1
0.0,24.604183,0.19539723,24.127949,25.056013,0.5045704,0.033848714,0.46109775,0.59186184,105.97934,2.35952,101.2373,111.35235,0,1,1,1
0.0085127875,24.720873,0.16549715,24.539703,25.129574,0.5629292,0.041465163,0.49936074,0.6819616,97.36647,2.3211691,93.38175,102.0974,1,1,1,1
0.17922337,24.875639,0.13545719,24.567812,25.029234,0.44184896,0.08230912,0.23399472,0.53971225,105.211136,2.6735604,98.9917,108.662384,1,1,1,1
0.0,0.0,0.0,0.0,0.0,0.484276,0.047956634,0.35701802,0.5470722,85.38671,1.7897863,82.91,87.28806,0,0,1,1
0.109487765,25.183231,0.14853059,24.853735,25.435123,0.5250742,0.055212542,0.36637026,0.6777033,95.733154,2.3214126,92.921455,99.88972,1,1,1,1
0.0,0.0,0.0,0.0,0.0,0.40937248,0.039186843,0.30229667,0.4548269,99.230095,1.3629882,97.649704,101.479744,0,0,1,1
0.0,24.523378,0.06297826,24.378649,24.625486,0.4682525,0.100849725,0.29882675,0.67121434,99.350334,1.8256079,95.49155,101.18334,0,1,1,1
0.0,25.425816,0.17416047,25.130816,25.791143,0.4882514,0.10009012,0.28855768,0.77959406,100.44068,1.2668134,97.76515,102.57097,0,1,1,1
0.0,25.575096,0.07400266,25.39786,25.676878,0.48678344,0.05626457,0.3783832,0.55990463,96.06999,1.7426639,92.744736,98.893684,0,1,1,1
0.012911516,26.057524,0.23034595,25.529116,26.53928,0.0,0.0,0.0,0.0,0.0,0.0,0.0,0.0,1,1,0,0
0.0,26.034273,0.182832,25.842278,26.224657,0.5855308,0.06670853,0.42882812,0.7166481,94.961464,1.9364758,92.91831,98.44713,0,1,1,1
0.014880719,24.861862,0.14392473,24.7051,25.159164,0.0,0.0,0.0,0.0,0.0,0.0,0.0,0.0,1,1,0,0
0.0,0.0,0.0,0.0,0.0,0.48703292,0.038037147,0.42856357,0.5666766,99.85819,1.3377117,97.52426,102.966156,0,0,1,1
0.0,25.423517,0.08839714,25.211208,25.585,0.50676894,0.070975184,0.36656636,0.66000056,97.28318,1.1808215,95.27593,99.45821,0,1,1,1
0.039265152,25.064072,0.071036026,24.900497,25.229412,0.43119085,0.03285579,0.3481039,0.5270366,100.04922,1.0477773,98.43674,102.48934,1,1,1,1
0.0042088013,25.63218,0.1684423,25.2314,25.998951,0.5381624,0.076028,0.44485536,0.70567685,96.10127,2.468152,90.88403,99.47735,1,1,1,1
0.0,25.303122,0.1343025,25.036518,25.523588,0.37602678,0.034923717,0.30325225,0.47052506,102.027695,3.03093,95.51527,109.22695,0,1,1,1
0.0,24.774996,0.20612524,24.414387,25.247438,0.42972058,0.06725398,0.26911998,0.52028334,104.56362,1.5455658,102.63096,106.43376,0,1,1,1
0.21798861,25.380817,0.14499868,25.118587,25.567898,0.51366377,0.059021514,0.3917751,0.6780748,98.279015,1.5682127,96.40061,102.026695,1,1,1,1
0.044202473,24.721352,0.18354523,24.492792,24.945803,0.5025783,0.047722656,0.4150474,0.6356047,94.012665,2.36131,88.41274,97.51309,1,1,1,1
0.05776111,24.956018,0.118785776,24.693127,25.136223,0.0,0.0,0.0,0.0,0.0,0.0,0.0,0.0,1,1,0,0
0.0,24.924107,0.12273163,24.669567,25.173285,0.46783906,0.055362128,0.38196263,0.6335339,103.23891,1.2382251,100.84874,105.563545,0,1,1,1
0.13350073,24.662094,0.16393736,24.323046,24.90174,0.5854004,0.049339328,0.51013935,0.7004674,104.385254,1.7437481,101.356834,106.68814,1,1,1,1
0.014300619,24.493837,0.06756199,24.36563,24.60087,0.0,0.0,0.0,0.0,0.0,0.0,0.0,0.0,1,1,0,0
0.43383235,24.350319,0.19379094,24.034569,24.633562,0.0,0.0,0.0,0.0,0.0,0.0,0.0,0.0,1,1,0,0
0.017326098,24.333618,0.18572415,23.976118,24.755379,0.0,0.0,0.0,0.0,0.0,0.0,0.0,0.0,1,1,0,0
0.014933938,25.160805,0.16914594,24.752857,25.548418,0.0,0.0,0.0,0.0,0.0,0.0,0.0,0.0,1,1,0,0
0.0,0.0,0.0,0.0,0.0,0.5016698,0.041749638,0.4321439,0.580761,100.791466,0.97392166,98.88175,101.953804,0,0,1,1
0.004614656,25.444958,0.15172255,25.186493,25.66194,0.0,0.0,0.0,0.0,0.0,0.0,0.0,0.0,1,1,0,0
0.0,0.0,0.0,0.0,0.0,0.47994247,0.057793755,0.40292072,0.5646227,95.28673,2.4811494,91.609566,101.12617,0,0,1,1
0.00063578266,23.969366,0.107555255,23.835705,24.091734,0.5415916,0.05272208,0.44500375,0.6329631,95.84456,1.9489884,93.4288,99.45725,1,1,1,1
0.08810051,24.499352,0.14891273,24.141542,24.720879,0.5303593,0.040715296,0.43789312,0.63234776,104.84807,2.247148,100.3148,108.70873,1,1,1,1
0.012586416,24.634914,0.16983292,24.443968,24.86761,0.0,0.0,0.0,0.0,0.0,0.0,0.0,0.0,1,1,0,0
0.042213243,24.840376,0.07891121,24.678814,24.967005,0.0,0.0,0.0,0.0,0.0,0.0,0.0,0.0,1,1,0,0
0.06146696,23.950205,0.08345529,23.792648,24.118818,0.0,0.0,0.0,0.0,0.0,0.0,0.0,0.0,1,1,0,0
0.0,0.0,0.0,0.0,0.0,0.50244534,0.073731914,0.35869035,0.67229795,96.06696,3.3828635,88.814445,99.69029,0,0,1,1
0.0,25.164581,0.15985319,24.9695,25.471851,0.575519,0.068363436,0.43740183,0.7081425,102.41054,1.2315955,100.70355,104.13288,0,1,1,1
0.022702614,25.367163,0.05793032,25.2829,25.439264,0.57326496,0.08448083,0.42772532,0.6836824,102.70408,1.663733,100.42169,105.915634,1,1,1,1
0.12554249,24.609955,0.085392475,24.49677,24.805222,0.0,0.0,0.0,0.0,0.0,0.0,0.0,0.0,1,1,0,0
0.0,0.0,0.0,0.0,0.0,0.46969712,0.061064202,0.30187336,0.5584643,105.44721,1.6013132,101.71684,108.90355,0,0,1,1
0.0,24.537626,0.11612665,24.34739,24.707111,0.5546302,0.04196953,0.45635274,0.5974638,106.27095,0.51027274,105.12462,107.02471,0,1,1,1
0.008010973,25.53401,0.06061907,25.447594,25.618483,0.0,0.0,0.0,0.0,0.0,0.0,0.0,0.0,1,1,0,0
0.0,0.0,0.0,0.0,0.0,0.5313675,0.024561672,0.46525788,0.5970816,92.965576,2.5816338,88.09315,96.70686,0,0,1,1
0.0,0.0,0.0,0.0,0.0,0.4828256,0.069274515,0.37998113,0.6072766,95.471634,2.3835244,92.58096,100.322914,0,0,1,1
0.0,25.091715,0.052701596,24.967241,25.180883,0.5173252,0.06110364,0.41672763,0.61188275,91.839485,2.1467075,88.36424,94.82647,0,1,1,1
0.10786439,24.032267,0.08936355,23.932032,24.197113,0.0,0.0,0.0,0.0,0.0,0.0,0.0,0.0,1,1,0,0
0.08030822,24.769537,0.25647306,24.285288,25.391273,0.5137163,0.030238913,0.45119745,0.5838523,99.57653,0.9874631,98.40851,100.918655,1,1,1,1
0.0,0.0,0.0,0.0,0.0,0.54381144,0.096536756,0.27566746,0.7959556,100.60173,2.391873,97.24369,105.5197,0,0,1,1
0.023934249,26.48135,0.19160217,26.061611,26.935442,0.0,0.0,0.0,0.0,0.0,0.0,0.0,0.0,1,1,0,0
0.05299528,24.937332,0.12936182,24.627068,25.247463,0.41465732,0.07125612,0.31510964,0.53304476,105.54996,1.9775916,103.57046,109.87515,1,1,1,1
0.0,0.0,0.0,0.0,0.0,0.47211325,0.060656212,0.39023823,0.5757084,97.45944,0.38509655,96.648224,98.6526,0,0,1,1
0.0,0.0,0.0,0.0,0.0,0.54714173,0.041119408,0.46787906,0.59314966,98.877625,1.7737429,96.407585,101.744576,0,0,1,1
0.23795824,24.38681,0.12546714,24.153563,24.686474,0.4728315,0.0011354513,0.4545098,0.49660406,99.883156,2.5825295,97.11747,103.49044,1,1,1,1
0.04159617,25.450117,0.19385445,25.06135,25.8658,0.5294,0.09435945,0.37914237,0.6237712,99.221725,1.9326646,97.004974,101.27363,1,1,1,1
0.0,25.55961,0.07293758,25.398146,25.67153,0.5403088,0.05540774,0.3990146,0.6728881,94.37523,2.1748018,90.54712,99.77115,0,1,1,1
0.08954178,24.42776,0.18508519,24.235983,24.625776,0.0,0.0,0.0,0.0,0.0,0.0,0.0,0.0,1,1,0,0
0.0,0.0,0.0,0.0,0.0,0.57392365,0.007832436,0.5497719,0.58659965,95.7227,1.6937374,93.449905,99.51982,0,0,1,1
0.0,0.0,0.0,0.0,0.0,0.5602163,0.06383833,0.47752428,0.66720206,93.38723,1.9438939,90.34372,97.30759,0,0,1,1
0.015618636,24.719608,0.06938819,24.6146,24.792734,0.5546848,0.07931512,0.3287022,0.73485744,97.57912,1.6133945,93.864845,99.52091,1,1,1,1
0.0,0.0,0.0,0.0,0.0,0.52412003,0.0417694,0.46543804,0.627654,100.15632,1.6823297,96.45572,102.251625,0,0,1,1
0.013264541,26.082462,0.11425847,25.822105,26.343338,0.5689912,0.07558548,0.49312732,0.73008066,94.9121,3.1249864,88.050995,102.5181,1,1,1,1
0.5691216,23.866386,0.14544353,23.683163,24.102903,0.0,0.0,0.0,0.0,0.0,0.0,0.0,0.0,1,1,0,0
0.0,24.506195,0.1103505,24.306385,24.777351,0.5001312,0.09646099,0.36951503,0.69192123,101.70626,1.7600718,99.31021,106.07412,0,1,1,1
0.025198327,25.314224,0.17013256,25.002745,25.594795,0.0,0.0,0.0,0.0,0.0,0.0,0.0,0.0,1,1,0,0
0.0,24.98593,0.15260915,24.80097,25.19841,0.4323363,0.04179036,0.3151122,0.5528526,98.41752,2.1257226,93.74453,101.12304,0,1,1,1
0.0,23.572731,0.07834249,23.44008,23.741455,0.48319983,0.05301952,0.39393756,0.63029844,96.985565,1.9969792,92.24214,101.11769,0,1,1,1
0.0,25.574684,0.17122838,25.248737,25.89669,0.41926163,0.03128081,0.35136464,0.48943374,101.4314,2.100533,96.83886,106.086494,0,1,1,1
0.05050769,24.42089,0.16962716,24.158112,24.74858,0.0,0.0,0.0,0.0,0.0,0.0,0.0,0.0,1,1,0,0
0.010051652,25.040632,0.24433602,24.534233,25.392109,0.529085,0.03200337,0.43641767,0.6007121,87.87177,2.2201061,84.561485,91.26054,1,1,1,1
0.07182926,24.987904,0.07482683,24.875761,25.089386,0.5092587,0.05793796,0.41911045,0.6265598,95.12967,2.8794796,90.23296,100.28977,1,1,1,1
0.0,24.221037,0.1617412,23.881363,24.592445,0.5327009,0.082630984,0.4066507,0.7490866,99.80962,1.6180675,97.065544,102.75149,0,1,1,1
0.0,0.0,0.0,0.0,0.0,0.607752,0.07689088,0.47218323,0.7433625,111.79891,1.4824985,109.46151,114.57191,0,0,1,1
0.112608574,24.992865,0.20055021,24.637709,25.429222,0.4854324,0.08893928,0.3448215,0.66245013,94.088974,1.8295789,89.89634,96.33626,1,1,1,1
0.0,0.0,0.0,0.0,0.0,0.44840705,0.0820427,0.36495614,0.6179059,96.10485,1.7778174,93.70234,98.486145,0,0,1,1
0.0,0.0,0.0,0.0,0.0,0.4698998,0.06199068,0.28992173,0.61822164,100.03147,2.0219553,96.58227,104.508385,0,0,1,1
0.0,0.0,0.0,0.0,0.0,0.40132436,0.065609984,0.2137496,0.51504546,110.39845,1.9530398,106.81209,114.1618,0,0,1,1
0.0,0.0,0.0,0.0,0.0,0.45804402,0.08784883,0.29390684,0.58050275,111.829445,2.2541134,107.94083,115.359375,0,0,1,1
0.0,0.0,0.0,0.0,0.0,0.35374007,0.070234135,0.20170088,0.5484176,102.95953,2.0268025,99.5,106.6077,0,0,1,1
0.04033909,24.673481,0.10580063,24.541265,24.788889,0.4625157,0.026491486,0.40640956,0.5363933,103.84006,1.8457994,100.462326,106.2431,1,1,1,1
0.0,0.0,0.0,0.0,0.0,0.45636818,0.055618893,0.4000428,0.5615589,86.09627,2.323826,81.420105,91.294235,0,0,1,1
0.2656745,24.920357,0.24157588,24.33191,25.344254,0.0,0.0,0.0,0.0,0.0,0.0,0.0,0.0,1,1,0,0
0.0,0.0,0.0,0.0,0.0,0.39025038,0.07407918,0.21357328,0.48693925,96.988045,2.0464916,92.81123,99.61648,0,0,1,1
0.0,26.579,0.19057383,26.31857,26.857498,0.46450958,0.067154095,0.26956916,0.66526574,98.33815,2.327606,95.77153,102.736115,0,1,1,1
0.0,25.372072,0.090348214,25.259117,25.512648,0.46895283,0.021005956,0.44055068,0.5151049,101.51549,2.023725,96.539055,104.99085,0,1,1,1
0.0,24.706884,0.08353683,24.600914,24.821852,0.459368,0.0578123,0.3643352,0.5920206,107.32812,2.0864816,103.488075,111.48276,0,1,1,1
0.0,0.0,0.0,0.0,0.0,0.4614593,0.033698346,0.3898491,0.5159034,105.19019,2.405396,102.41034,110.67313,0,0,1,1
0.009213823,24.20557,0.23536241,23.940044,24.517715,0.47835854,0.022304514,0.41993886,0.5082566,102.06844,1.5700917,100.1264,104.20887,1,1,1,1
0.008696839,25.214033,0.10117362,25.059,25.419533,0.0,0.0,0.0,0.0,0.0,0.0,0.0,0.0,1,1,0,0
0.0,24.253054,0.095342554,24.027021,24.45974,0.4750322,0.035520434,0.37338722,0.52245593,96.007484,2.2762375,93.71467,98.71768,0,1,1,1
0.032832485,24.452084,0.06816781,24.324833,24.52641,0.46325073,0.030696744,0.3974544,0.5437377,88.71105,1.7546909,86.677246,90.667885,1,1,1,1
0.0,24.46021,0.12981613,24.1618,24.715664,0.44883344,0.057261497,0.34460303,0.53811723,94.688416,1.6048607,91.406395,98.19439,0,1,1,1
0.0,0.0,0.0,0.0,0.0,0.49729463,0.07112754,0.3330963,0.63189894,103.727325,1.387458,100.37658,106.88057,0,0,1,1
0.019503301,25.791399,0.1230618,25.48755,25.918957,0.0,0.0,0.0,0.0,0.0,0.0,0.0,0.0,1,1,0,0
0.0,0.0,0.0,0.0,0.0,0.55073357,0.05227624,0.4405638,0.64273906,96.7242,0.38630873,95.613365,97.57254,0,0,1,1
0.0,0.0,0.0,0.0,0.0,0.4864669,0.04382901,0.3710455,0.590706,95.66894,2.2316577,92.86503,98.1243,0,0,1,1
0.0,0.0,0.0,0.0,0.0,0.4463979,0.035350017,0.3635621,0.49972847,93.132675,3.248812,86.399666,98.37171,0,0,1,1
0.0,25.262094,0.25811818,24.94451,25.688992,0.5248861,0.09176281,0.31618297,0.6590955,101.9565,0.5472396,101.37343,103.00191,0,1,1,1
0.015142992,24.883955,0.07357991,24.787285,24.970514,0.0,0.0,0.0,0.0,0.0,0.0,0.0,0.0,1,1,0,0
0.0,0.0,0.0,0.0,0.0,0.5200095,0.04291706,0.4540232,0.576142,100.450005,2.3048704,95.02135,105.1623,0,0,1,1
0.017335312,24.978405,0.12566157,24.6918,25.219963,0.0,0.0,0.0,0.0,0.0,0.0,0.0,0.0,1,1,0,0
0.011948861,24.71384,0.1302375,24.456686,24.960382,0.0,0.0,0.0,0.0,0.0,0.0,0.0,0.0,1,1,0,0
0.052589875,25.344435,0.13827911,25.039059,25.504995,0.0,0.0,0.0,0.0,0.0,0.0,0.0,0.0,1,1,0,0
0.04587559,24.333572,0.14511217,24.16774,24.573261,0.0,0.0,0.0,0.0,0.0,0.0,0.0,0.0,1,1,0,0
0.25026757,24.891752,0.16421431,24.635675,25.123007,0.5679136,0.07790952,0.4324017,0.76258117,98.80171,1.2365547,97.35925,101.03961,1,1,1,1
0.0,0.0,0.0,0.0,0.0,0.4251378,0.0054074284,0.40310302,0.4379516,105.43624,1.2508793,103.26934,107.1621,0,0,1,1
0.07031125,25.254484,0.17040709,25.01165,25.665035,0.0,0.0,0.0,0.0,0.0,0.0,0.0,0.0,1,1,0,0
0.33481455,25.598877,0.20872271,25.248312,25.908525,0.0,0.0,0.0,0.0,0.0,0.0,0.0,0.0,1,1,0,0
0.078192696,25.447186,0.12142166,25.171337,25.730938,0.58548594,0.064932175,0.50170666,0.7773003,93.399994,3.1206067,88.84512,96.66976,1,1,1,1
0.0,0.0,0.0,0.0,0.0,0.4791597,0.054437682,0.37655202,0.5654474,103.06269,2.5224144,98.49768,108.810196,0,0,1,1
0.0,0.0,0.0,0.0,0.0,0.46156177,0.02448373,0.4010778,0.49950653,96.799805,2.1560235,94.382,99.14305,0,0,1,1
0.0,0.0,0.0,0.0,0.0,0.5027592,0.004121807,0.48066646,0.5161751,101.54189,1.9144888,97.267624,103.75263,0,0,1,1
0.02291546,24.333324,0.12381636,24.0872,24.481064,0.0,0.0,0.0,0.0,0.0,0.0,0.0,0.0,1,1,0,0
0.0,24.710567,0.13215585,24.495842,24.894445,0.5140642,0.01703208,0.47915947,0.5455321,94.93102,1.7391018,90.96507,97.76945,0,1,1,1
0.05584646,24.609184,0.19389002,24.399456,24.905674,0.0,0.0,0.0,0.0,0.0,0.0,0.0,0.0,1,1,0,0
0.051615637,24.841915,0.14673726,24.529501,25.129404,0.47104466,0.07184969,0.31194735,0.6553342,94.15648,1.0583233,93.022766,96.23891,1,1,1,1
0.06547365,25.99232,0.16323988,25.82204,26.19808,0.45799574,0.05446956,0.35188857,0.5851991,101.8193,2.906756,94.79639,107.32607,1,1,1,1
0.04880908,25.036583,0.21136127,24.705647,25.405548,0.0,0.0,0.0,0.0,0.0,0.0,0.0,0.0,1,1,0,0
0.058771197,24.827175,0.09852876,24.652569,25.00366,0.0,0.0,0.0,0.0,0.0,0.0,0.0,0.0,1,1,0,0
0.027576186,25.360666,0.122897185,25.221642,25.619131,0.0,0.0,0.0,0.0,0.0,0.0,0.0,0.0,1,1,0,0
0.0,26.016417,0.11951398,25.803125,26.243515,0.5186637,0.02823191,0.44103596,0.5764373,98.03339,2.0552073,93.72677,102.00592,0,1,1,1
0.0,24.636812,0.18035033,24.221958,24.894924,0.43861398,0.052054077,0.37470028,0.5456698,108.38447,1.0121601,106.82086,110.88077,0,1,1,1
0.0,0.0,0.0,0.0,0.0,0.45531493,0.057784125,0.37986523,0.5402692,93.197716,3.4398942,87.66096,99.64882,0,0,1,1
0.10742985,25.12614,0.09426168,24.968256,25.272692,0.0,0.0,0.0,0.0,0.0,0.0,0.0,0.0,1,1,0,0
0.012121639,24.405594,0.14099635,24.081112,24.600992,0.53237927,0.06120729,0.42101806,0.6929927,103.77413,2.1325045,99.55145,106.105354,1,1,1,1
0.23879005,26.294323,0.13140543,25.981373,26.506388,0.0,0.0,0.0,0.0,0.0,0.0,0.0,0.0,1,1,0,0
0.038426578,24.798449,0.13746598,24.582502,25.023575,0.0,0.0,0.0,0.0,0.0,0.0,0.0,0.0,1,1,0,0
0.01690309,25.293137,0.12780912,25.09968,25.471525,0.5059526,0.03933955,0.42399827,0.58119076,100.403366,1.8154224,97.8598,102.5635,1,1,1,1
0.0020978162,25.274958,0.15583545,24.894218,25.472868,0.5321289,0.07077537,0.41481096,0.6684531,97.00795,1.6553599,94.6176,101.05468,1,1,1,1
0.0,0.0,0.0,0.0,0.0,0.52692014,0.063503005,0.39545238,0.6724341,105.02905,2.4026244,100.67994,109.16843,0,0,1,1
0.21599275,24.38022,0.17174786,24.185028,24.598764,0.4969355,0.065774485,0.37891632,0.6870628,105.39174,2.2760804,100.78338,108.77642,1,1,1,1
0.16385749,24.775757,0.14096689,24.434265,25.092533,0.0,0.0,0.0,0.0,0.0,0.0,0.0,0.0,1,1,0,0
0.0,0.0,0.0,0.0,0.0,0.41175202,0.04186805,0.2946396,0.49865857,103.51476,2.2433357,99.260445,107.34528,0,0,1,1
0.0057720467,25.130678,0.18256019,24.693993,25.50821,0.0,0.0,0.0,0.0,0.0,0.0,0.0,0.0,1,1,0,0
0.030249003,25.554607,0.20783329,25.22776,26.047987,0.5567338,0.030379163,0.50818795,0.61596864,101.69626,2.187531,98.37784,104.95627,1,1,1,1
0.0,24.989368,0.17662667,24.762682,25.286404,0.49773166,0.04163833,0.4443961,0.59334534,106.37547,1.9522151,102.97085,108.44072,0,1,1,1
0.0,0.0,0.0,0.0,0.0,0.46926486,0.05787362,0.4003709,0.5414758,96.87199,2.3927732,94.0632,102.00605,0,0,1,1
0.0,0.0,0.0,0.0,0.0,0.46763405,0.0149432635,0.44974688,0.489603,99.80086,2.0300245,97.196785,102.48422,0,0,1,1
0.0013786821,25.099974,0.16802824,24.857843,25.343557,0.5522072,0.056417372,0.47999996,0.71122104,104.32377,1.6977752,100.94363,106.62894,1,1,1,1
0.0,25.215372,0.09014216,25.034698,25.39744,0.46647036,0.030442055,0.42328367,0.5129629,108.05855,1.6281663,105.31999,110.66773,0,1,1,1
0.0,0.0,0.0,0.0,0.0,0.5258476,0.019325985,0.4984556,0.5621763,105.25708,1.8194854,102.915596,108.96609,0,0,1,1
0.09135227,25.13619,0.14185864,24.944788,25.339184,0.0,0.0,0.0,0.0,0.0,0.0,0.0,0.0,1,1,0,0
0.0,0.0,0.0,0.0,0.0,0.4701199,0.06878759,0.27093568,0.5515462,93.345795,1.2245858,91.651115,95.48392,0,0,1,1
0.0188071,25.665417,0.12143973,25.388493,25.904335,0.49374288,0.10169735,0.23948807,0.6029424,104.82324,1.4682894,101.396614,106.35329,1,1,1,1
0.0,0.0,0.0,0.0,0.0,0.575873,0.07253605,0.44453064,0.66269547,98.08876,2.555917,93.28872,101.27063,0,0,1,1
0.0,24.635332,0.25155354,24.25344,24.903946,0.4687366,0.0641589,0.30412608,0.6421444,106.06453,2.6435287,102.07641,111.28582,0,1,1,1
0.0,25.9248,0.17333293,25.574295,26.224884,0.4660286,0.04940878,0.38422167,0.57566553,100.87637,3.520942,95.6017,105.59286,0,1,1,1
0.0,24.90807,0.16107242,24.5339,25.282637,0.5185,0.08020599,0.42599538,0.6189441,103.07871,2.8960574,95.96651,108.00285,0,1,1,1
0.05619787,25.006208,0.13859203,24.755358,25.17479,0.5127625,0.046382755,0.41875237,0.60071504,103.06645,1.2721732,100.63755,105.89417,1,1,1,1
0.015793618,25.097038,0.07153397,24.977179,25.207842,0.46456856,0.064168535,0.30141392,0.5686819,96.01348,0.66877216,94.774345,97.47885,1,1,1,1
0.0,25.08582,0.111130305,24.917273,25.22785,0.46696407,0.030395359,0.40424478,0.5315968,101.46658,1.0529699,100.15776,104.02313,0,1,1,1
0.0,0.0,0.0,0.0,0.0,0.5213784,0.056050763,0.4433314,0.6667551,99.73822,2.5552242,94.16914,102.42858,0,0,1,1
0.005827942,26.51311,0.066355415,26.360474,26.675411,0.0,0.0,0.0,0.0,0.0,0.0,0.0,0.0,1,1,0,0
0.0,25.146042,0.11695702,25.011608,25.370974,0.6111649,0.059747655,0.4512194,0.7830536,89.87441,2.8337424,84.898346,95.50758,0,1,1,1
0.042524267,24.303822,0.11384813,24.179216,24.528694,0.0,0.0,0.0,0.0,0.0,0.0,0.0,0.0,1,1,0,0
0.016407287,24.90576,0.14886484,24.54504,25.09263,0.51309705,0.037100874,0.4021689,0.5962437,99.64057,2.687749,96.71233,102.76782,1,1,1,1
0.0,24.34484,0.14529061,24.038628,24.62969,0.50833845,0.07295449,0.29163104,0.61747324,104.93579,3.2136962,98.54539,112.49378,0,1,1,1
0.0,0.0,0.0,0.0,0.0,0.50286794,0.07104272,0.30331972,0.6677654,110.17668,1.1295133,107.73969,112.08847,0,0,1,1
0.025850648,25.111376,0.20792155,24.791634,25.572578,0.47514808,0.034496296,0.41581312,0.51608115,102.0857,1.661943,98.54582,104.12662,1,1,1,1
0.0057007736,24.920017,0.13652112,24.727488,25.134653,0.440991,0.08150599,0.33227134,0.66769755,105.82602,1.7607555,102.06173,110.22312,1,1,1,1
0.07976499,24.044771,0.21341331,23.614822,24.366884,0.0,0.0,0.0,0.0,0.0,0.0,0.0,0.0,1,1,0,0
0.04345181,25.094982,0.13787426,24.814714,25.306383,0.46946678,0.037070125,0.36398113,0.53820235,96.57569,2.6674423,91.263374,102.75469,1,1,1,1
0.043713067,24.853672,0.13414499,24.523321,25.070822,0.41747272,0.021970656,0.38736758,0.4721917,100.97117,2.2329285,97.10069,103.45756,1,1,1,1
0.0,0.0,0.0,0.0,0.0,0.6028071,0.033892594,0.51025486,0.66422725,97.85117,2.4170978,94.18179,103.14328,0,0,1,1
0.008080376,25.569881,0.23930433,25.115469,25.948885,0.0,0.0,0.0,0.0,0.0,0.0,0.0,0.0,1,1,0,0
0.0,0.0,0.0,0.0,0.0,0.47510839,0.051972467,0.3594051,0.56106466,106.95462,1.7221378,103.52766,109.83989,0,0,1,1
0.0038695566,24.136126,0.19697607,23.8029,24.509007,0.0,0.0,0.0,0.0,0.0,0.0,0.0,0.0,1,1,0,0
0.0,0.0,0.0,0.0,0.0,0.4610638,0.05915772,0.38407436,0.53457177,104.96932,2.4003017,100.92192,108.29063,0,0,1,1
0.0,24.863037,0.17705403,24.579899,25.223186,0.52597487,0.01222307,0.49153772,0.55360514,102.331856,2.577403,97.467415,106.605644,0,1,1,1
0.0,0.0,0.0,0.0,0.0,0.5459058,0.033819117,0.46164185,0.60066354,99.94949,1.5463799,98.21241,102.637085,0,0,1,1
0.0,24.891727,0.12202885,24.703552,25.188467,0.5046445,0.043217756,0.4292954,0.5988612,105.727196,1.9722698,101.110756,108.180504,0,1,1,1
0.04225706,25.58673,0.2191648,25.219885,26.103848,0.41973105,0.040371828,0.36738768,0.49968353,99.41103,2.4709651,95.00134,103.95126,1,1,1,1
0.0,25.414434,0.13108033,25.087227,25.681454,0.45353654,0.053863816,0.37651858,0.5882664,85.64794,1.9764198,81.080605,87.8127,0,1,1,1
0.0,24.239359,0.18820906,23.797916,24.607517,0.46378466,0.067891374,0.32905984,0.6580912,106.14784,2.9977102,101.16919,110.458275,0,1,1,1
0.0,0.0,0.0,0.0,0.0,0.48984668,0.06676335,0.32278416,0.60930365,108.290146,1.7708043,106.37065,110.49008,0,0,1,1
0.0,0.0,0.0,0.0,0.0,0.5535617,0.05375569,0.44684955,0.68945867,89.03551,1.2518327,86.07322,91.73145,0,0,1,1
0.0,0.0,0.0,0.0,0.0,0.44924295,0.04375403,0.365281,0.5251229,86.74224,3.214742,81.29562,92.583694,0,0,1,1
0.009095565,25.432405,0.0858438,25.267578,25.553545,0.47401938,0.035537936,0.40323564,0.5517698,98.168434,2.441544,92.68494,102.43931,1,1,1,1
0.102218635,24.747648,0.18961363,24.458645,25.132381,0.0,0.0,0.0,0.0,0.0,0.0,0.0,0.0,1,1,0,0
0.03303597,25.021742,0.12382853,24.786211,25.272478,0.0,0.0,0.0,0.0,0.0,0.0,0.0,0.0,1,1,0,0
0.030165806,24.777246,0.055195257,24.657404,24.85143,0.5284423,0.051542778,0.4049772,0.62066704,100.14738,1.6981441,98.03048,104.17851,1,1,1,1
0.020582955,25.388765,0.14616467,25.184002,25.613937,0.0,0.0,0.0,0.0,0.0,0.0,0.0,0.0,1,1,0,0
0.123155,25.129807,0.1967756,24.640388,25.563313,0.0,0.0,0.0,0.0,0.0,0.0,0.0,0.0,1,1,0,0
0.0,0.0,0.0,0.0,0.0,0.46546027,0.06486779,0.27087098,0.5352474,111.10696,1.1415272,109.06663,113.74727,0,0,1,1
0.0,0.0,0.0,0.0,0.0,0.47616982,0.07723592,0.37320104,0.6903794,108.660995,1.9169233,104.77939,111.2051,0,0,1,1
0.05308941,24.717531,0.11473397,24.527195,24.878614,0.0,0.0,0.0,0.0,0.0,0.0,0.0,0.0,1,1,0,0
0.0,25.461283,0.14862373,25.248709,25.646837,0.44436085,0.057295755,0.28864408,0.5912023,104.520515,2.616128,98.031235,108.5416,0,1,1,1
0.0,24.315292,0.13108431,23.999393,24.49545,0.5432363,0.030497195,0.47674775,0.5981449,102.313545,2.7540574,96.54617,108.11946,0,1,1,1
0.0,0.0,0.0,0.0,0.0,0.44445363,0.04435441,0.35650697,0.561919,102.914276,2.2621288,98.87243,106.904274,0,0,1,1
0.0,0.0,0.0,0.0,0.0,0.50325555,0.05883226,0.41849855,0.62060463,100.8454,1.5491229,98.8032,104.39338,0,0,1,1
0.005125958,25.273264,0.19362076,24.875546,25.67716,0.47797978,0.025362559,0.41041586,0.5123345,102.96729,2.6688728,97.17282,106.26921,1,1,1,1
0.0049261916,24.567614,0.09862024,24.349098,24.669718,0.0,0.0,0.0,0.0,0.0,0.0,0.0,0.0,1,1,0,0
0.0,24.703876,0.18316689,24.259275,24.973713,0.4458003,0.06890249,0.37672395,0.51687443,105.08877,1.8162178,100.99801,108.98934,0,1,1,1
0.0069028796,25.270025,0.140201,24.985178,25.492,0.525175,0.034880087,0.47052267,0.5680448,101.82901,1.5457051,98.545074,105.534386,1,1,1,1
0.0,0.0,0.0,0.0,0.0,0.47638395,0.07492803,0.260141,0.59443516,96.31632,1.9057162,93.162155,99.55344,0,0,1,1
0.0,24.2591,0.15071389,23.894882,24.559696,0.5853432,0.034608565,0.5261215,0.6663954,101.8979,1.7052472,98.99862,104.27087,0,1,1,1
0.0,25.25306,0.13261431,25.005722,25.495396,0.4923265,0.045406044,0.427793,0.57255024,98.983765,2.0359921,94.51468,103.57072,0,1,1,1
0.024281768,24.001173,0.12770396,23.733164,24.196482,0.48441234,0.07276572,0.361832,0.6964016,100.18344,2.2961974,96.910576,103.73435,1,1,1,1
0.28947374,23.930565,0.14988364,23.642242,24.288618,0.0,0.0,0.0,0.0,0.0,0.0,0.0,0.0,1,1,0,0
0.0,24.264261,0.12906827,24.002224,24.532888,0.3899094,0.041215375,0.28267348,0.46138272,108.29268,0.9036765,107.09006,109.995056,0,1,1,1
0.032063447,24.55923,0.079929106,24.449055,24.752401,0.0,0.0,0.0,0.0,0.0,0.0,0.0,0.0,1,1,0,0
0.0,0.0,0.0,0.0,0.0,0.47654366,0.063193284,0.40697238,0.58874923,108.36848,2.2685463,103.409485,113.97151,0,0,1,1
0.0,25.472628,0.12049476,25.215908,25.603931,0.4796132,0.024452513,0.41803753,0.54744345,107.07019,2.0303378,102.6211,109.80899,0,1,1,1
0.0,0.0,0.0,0.0,0.0,0.51494133,0.052470107,0.419447,0.65993863,95.3409,1.8929102,93.39849,98.014275,0,0,1,1
0.024683028,23.864065,0.20054783,23.658653,24.074451,0.0,0.0,0.0,0.0,0.0,0.0,0.0,0.0,1,1,0,0
0.0,24.545897,0.20964618,24.137516,24.99884,0.50271255,0.05262012,0.44590807,0.6413503,105.90669,2.016064,102.77114,108.75734,0,1,1,1
0.0,25.813713,0.22500113,25.557972,26.066845,0.4731888,0.04458833,0.42031404,0.55614,100.814545,2.3203046,97.84512,106.36407,0,1,1,1
0.0,0.0,0.0,0.0,0.0,0.4680523,0.04261492,0.41968048,0.53481877,97.392395,1.8060628,95.481316,99.75614,0,0,1,1
0.03680842,24.663643,0.14386451,24.401777,24.831112,0.0,0.0,0.0,0.0,0.0,0.0,0.0,0.0,1,1,0,0
0.015488393,25.32883,0.00047564803,25.259995,25.381252,0.48231858,0.0619257,0.33287296,0.59478694,107.315125,1.0724292,105.66891,109.724785,1,1,1,1
0.034004364,24.334902,0.18793239,24.046984,24.63848,0.0,0.0,0.0,0.0,0.0,0.0,0.0,0.0,1,1,0,0
0.08244559,25.491076,0.16526176,25.09615,25.838898,0.0,0.0,0.0,0.0,0.0,0.0,0.0,0.0,1,1,0,0
0.0,0.0,0.0,0.0,0.0,0.5144121,0.041326337,0.44403213,0.6222989,108.95596,1.1823218,107.069626,110.87508,0,0,1,1
0.0,0.0,0.0,0.0,0.0,0.59583247,0.01975974,0.56399524,0.64537966,100.64818,2.7583103,95.4559,105.77196,0,0,1,1
0.014654831,25.933853,0.17189527,25.591917,26.13717,0.0,0.0,0.0,0.0,0.0,0.0,0.0,0.0,1,1,0,0
0.0,25.031488,0.16979767,24.785398,25.419962,0.5291989,0.025074031,0.49414787,0.59658,96.78668,1.6892536,93.675354,99.76082,0,1,1,1
0.030657254,25.35349,0.16984858,24.996458,25.597816,0.52551264,0.058367934,0.35836866,0.6391764,99.09187,0.4225744,98.51947,100.06493,1,1,1,1
0.0,24.93293,0.14359717,24.670834,25.114271,0.48544085,0.058190078,0.37829155,0.6145551,96.45996,2.3048475,93.84327,100.47263,0,1,1,1
0.009664786,24.677723,0.15541565,24.519117,24.941774,0.4869358,0.031386673,0.39750704,0.54475844,102.6154,1.7414378,99.236244,105.677826,1,1,1,1
0.012126008,25.492517,0.17329669,25.26163,25.889277,0.56153256,0.03505315,0.47610712,0.61748785,97.18849,1.481212,93.96637,99.94568,1,1,1,1
0.0,0.0,0.0,0.0,0.0,0.5337057,0.061478622,0.43793997,0.68948627,92.525536,2.3956754,87.75981,96.68346,0,0,1,1
0.0,0.0,0.0,0.0,0.0,0.49801505,0.07382544,0.35868472,0.62298846,107.24741,2.7923589,101.28488,113.84586,0,0,1,1
0.21095237,24.35575,0.203064,24.14885,24.763714,0.0,0.0,0.0,0.0,0.0,0.0,0.0,0.0,1,1,0,0
0.0,0.0,0.0,0.0,0.0,0.4417309,0.034721714,0.3589882,0.5220275,99.48215,2.9550447,92.34207,103.460106,0,0,1,1
0.0,24.949106,0.21456116,24.63856,25.314121,0.54749453,0.019914357,0.51375306,0.60460263,98.25449,1.5763803,95.94266,102.0462,0,1,1,1
0.010927021,25.609653,0.2383213,25.018621,26.02287,0.4988415,0.02298128,0.4571394,0.55663395,104.302704,2.1017735,102.0971,109.3497,1,1,1,1
0.0,25.445057,0.12375204,25.201439,25.60752,0.49201035,0.06400162,0.3797088,0.6433682,92.188255,1.972421,87.972855,96.61628,0,1,1,1
0.025061255,24.138271,0.119894065,23.995628,24.333208,0.0,0.0,0.0,0.0,0.0,0.0,0.0,0.0,1,1,0,0
0.47326294,24.202658,0.19997385,23.840063,24.426003,0.47078684,0.061469138,0.38307038,0.5918292,97.67067,2.6826518,91.02174,101.47861,1,1,1,1
0.0,23.103888,0.094161555,22.975182,23.23727,0.5078706,0.0021280209,0.4830799,0.5239316,102.86739,1.1975931,100.8152,104.682755,0,1,1,1
0.0,25.629396,0.122343734,25.384892,25.927784,0.50885606,0.02777826,0.4559514,0.57332337,102.9368,2.5681875,98.376396,106.94213,0,1,1,1
0.0,0.0,0.0,0.0,0.0,0.47681707,0.018167226,0.43347865,0.5179622,102.47613,2.5265903,99.66804,106.974915,0,0,1,1
0.1425047,24.89296,0.12543885,24.70849,25.191168,0.48357716,0.031785816,0.4508802,0.5483495,98.26307,1.7805365,95.12464,101.19307,1,1,1,1
0.0028339215,25.423414,0.029324546,25.371279,25.489756,0.47756913,0.10800293,0.29283178,0.75933,103.616936,2.120459,98.68735,107.23858,1,1,1,1
0.0,25.344198,0.044313118,25.229277,25.422634,0.52761376,0.06692771,0.4272406,0.6270384,104.8501,2.9790993,99.90814,111.06834,0,1,1,1
0.01116044,25.169054,0.14156245,24.982317,25.503563,0.49421802,0.08543001,0.26982406,0.6676801,102.36158,3.3108578,94.27116,106.7705,1,1,1,1
0.0,25.130316,0.19841921,24.872694,25.439878,0.43441764,0.03115475,0.3619031,0.48809364,97.193375,1.2653406,94.23401,99.324776,0,1,1,1
0.0,0.0,0.0,0.0,0.0,0.42032748,0.070278734,0.21797423,0.5928701,101.71201,2.9197862,97.99017,108.75309,0,0,1,1
0.0,0.0,0.0,0.0,0.0,0.44698423,0.07327505,0.26729012,0.62030995,100.11291,2.0783997,97.29988,104.07193,0,0,1,1
0.0,25.182713,0.14530575,24.927446,25.410372,0.49418935,0.034685574,0.41437122,0.5317375,95.598724,2.2903152,91.47963,101.18918,0,1,1,1
0.0,0.0,0.0,0.0,0.0,0.51970994,0.053520408,0.4257681,0.59054965,104.21059,2.084349,99.76067,108.7788,0,0,1,1
0.0070022256,24.48039,0.11412144,24.29384,24.687447,0.5166373,0.05221912,0.3644082,0.6058927,102.53724,2.6356437,98.12024,108.79897,1,1,1,1
0.0,23.377237,0.04429902,23.324646,23.482841,0.512768,0.042186808,0.42414838,0.61499894,93.22423,2.3282244,89.43568,96.79846,0,1,1,1
0.0,24.952276,0.23468846,24.397642,25.396181,0.47025046,0.06285315,0.29355106,0.5594563,106.77407,1.2702857,105.45297,109.471344,0,1,1,1
0.0,0.0,0.0,0.0,0.0,0.5406966,0.02859303,0.4607992,0.57214135,104.62997,2.5163226,99.97231,108.73864,0,0,1,1
0.034491822,25.775206,0.22853722,25.373962,26.32002,0.5272687,0.0347973,0.48794803,0.6058571,98.821205,2.0617487,94.24875,103.26659,1,1,1,1
0.0056682685,24.918726,0.10780202,24.691692,25.029251,0.4897556,0.057689805,0.32007027,0.63166654,99.60074,0.12916507,98.80004,100.68956,1,1,1,1
0.06952514,25.046207,0.17524262,24.845018,25.26384,0.0,0.0,0.0,0.0,0.0,0.0,0.0,0.0,1,1,0,0
0.11509578,24.548685,0.1064996,24.284893,24.730425,0.4602658,0.057032738,0.36395308,0.53560936,92.314804,1.0514847,90.74666,94.00938,1,1,1,1
0.2650782,24.669025,0.15271907,24.487568,25.002583,0.0,0.0,0.0,0.0,0.0,0.0,0.0,0.0,1,1,0,0
0.0,0.0,0.0,0.0,0.0,0.42652366,0.03219754,0.3523131,0.50394404,101.14902,2.1521485,98.14519,104.60439,0,0,1,1
0.10147958,25.4466,0.1606968,25.094904,25.720804,0.0,0.0,0.0,0.0,0.0,0.0,0.0,0.0,1,1,0,0
0.0,0.0,0.0,0.0,0.0,0.44239932,0.01368247,0.42737353,0.4680912,102.25998,2.4288783,97.78488,107.42318,0,0,1,1
0.060284242,24.882622,0.12259259,24.732813,25.032753,0.0,0.0,0.0,0.0,0.0,0.0,0.0,0.0,1,1,0,0
0.06352213,25.29255,0.15317388,24.999348,25.485064,0.0,0.0,0.0,0.0,0.0,0.0,0.0,0.0,1,1,0,0
0.023737604,25.098345,0.15524006,24.859703,25.404963,0.5508137,0.06029563,0.4508031,0.68340254,102.51019,2.62219,99.75425,108.68415,1,1,1,1
0.012863379,24.780209,0.23785757,24.31771,25.16471,0.6043097,0.06670865,0.48338085,0.746265,103.195076,1.5252415,99.9023,105.58972,1,1,1,1
0.0,0.0,0.0,0.0,0.0,0.5204384,0.06791702,0.40326688,0.6930634,99.90906,2.2015479,96.35635,104.27626,0,0,1,1
0.0,24.322357,0.07061472,24.156425,24.48963,0.48289922,0.06661482,0.3147881,0.5839068,92.80886,1.6896434,89.03571,96.03826,0,1,1,1
0.0,24.885817,0.19335675,24.451508,25.25381,0.51587254,0.05380664,0.35955408,0.59200174,101.578545,1.819182,98.90551,105.02188,0,1,1,1
0.033675298,25.362896,0.13686427,25.060932,25.679003,0.0,0.0,0.0,0.0,0.0,0.0,0.0,0.0,1,1,0,0
0.0,26.221127,0.05349906,26.161963,26.337708,0.4854859,0.058221545,0.42290166,0.6582926,96.15091,0.63417757,94.869675,97.377815,0,1,1,1
0.019688943,24.801552,0.15054344,24.614319,24.991413,0.59935474,0.04692349,0.5504844,0.6699195,96.524506,2.2867644,94.08874,99.646614,1,1,1,1
0.060950793,24.203487,0.14959453,23.868668,24.4347,0.46175355,0.06459001,0.32547948,0.6024103,99.386215,2.3937035,95.89398,102.0357,1,1,1,1
0.017604254,25.610153,0.16807637,25.234468,25.897669,0.4496294,0.052756757,0.2961774,0.5703542,100.601166,2.9243882,97.116295,105.29492,1,1,1,1
0.0,25.957903,0.059433218,25.809647,26.050453,0.4586986,0.038817197,0.40558198,0.54742295,99.74412,2.5180259,95.413956,104.70796,0,1,1,1
0.004349976,24.26471,0.1713957,24.064781,24.632696,0.38509947,0.051419582,0.2911181,0.520871,98.88764,1.9106905,94.11481,102.516106,1,1,1,1
0.011430987,24.924898,0.12215236,24.667976,25.161192,0.0,0.0,0.0,0.0,0.0,0.0,0.0,0.0,1,1,0,0
0.0,26.133148,0.12829284,25.84607,26.406199,0.53835493,0.062820405,0.39346993,0.65696955,98.33133,2.2179663,94.84361,101.14382,0,1,1,1
0.0,0.0,0.0,0.0,0.0,0.47452414,0.044693973,0.35610154,0.5988959,116.54354,1.8115481,114.46415,120.82595,0,0,1,1
0.21879636,25.515432,0.13104232,25.26638,25.808422,0.49732572,0.07498381,0.34880802,0.655078,90.644295,1.1060736,89.25037,91.9468,1,1,1,1
0.012400013,25.613714,0.12377743,25.426266,25.749266,0.59604275,0.078970045,0.4596949,0.68613285,99.32852,1.6262385,95.26984,101.90867,1,1,1,1
0.0,0.0,0.0,0.0,0.0,0.49784923,0.033418383,0.46153885,0.54959524,97.58735,2.1147215,94.993805,101.54512,0,0,1,1
0.41572312,24.970337,0.09691327,24.772589,25.141567,0.3895687,0.058410432,0.31801268,0.54020166,105.77123,1.4540439,103.355644,108.6278,1,1,1,1
0.0,0.0,0.0,0.0,0.0,0.52333987,0.05872828,0.39171946,0.6468698,96.54712,2.2384703,92.73298,100.55413,0,0,1,1
0.0,0.0,0.0,0.0,0.0,0.48475784,0.085093655,0.36637875,0.73626524,92.87597,1.7330064,88.54643,95.974,0,0,1,1
0.0,0.0,0.0,0.0,0.0,0.46325,0.060699206,0.31907293,0.6253173,107.39281,3.065035,103.075294,112.33132,0,0,1,1
0.01725634,25.950373,0.13769083,25.716238,26.193148,0.5018949,0.06036089,0.38966227,0.6542179,102.823425,2.4812887,97.09702,108.11391,1,1,1,1
0.0,0.0,0.0,0.0,0.0,0.46611845,0.097358435,0.20203613,0.58234066,100.12983,1.5694054,98.30311,102.06458,0,0,1,1
0.09230101,25.94347,0.08472897,25.825064,26.137249,0.0,0.0,0.0,0.0,0.0,0.0,0.0,0.0,1,1,0,0
0.0,0.0,0.0,0.0,0.0,0.48311567,0.06895144,0.32396796,0.673416,100.94015,2.2189155,97.90344,104.634735,0,0,1,1
0.0,25.153002,0.092695825,25.04779,25.332502,0.5106921,0.059813034,0.4193344,0.6223563,100.66737,2.5334802,98.105995,104.02548,0,1,1,1
0.20455839,25.185926,0.047557868,25.062586,25.243067,0.4527634,0.07299136,0.36127985,0.6483858,97.65197,1.3836868,95.92273,100.56248,1,1,1,1
0.031778913,24.550549,0.13460061,24.410677,24.777319,0.4570139,0.03606382,0.36843568,0.56305265,100.23057,2.5074275,96.78961,103.368355,1,1,1,1
0.0,23.581818,0.18863115,23.239986,24.039948,0.51940864,0.07884874,0.33779576,0.6228372,102.26841,2.1680026,99.47632,105.78116,0,1,1,1
0.0,25.110498,0.013515139,25.029196,25.214685,0.5064122,0.08035518,0.42416558,0.66512305,102.795746,2.9813275,95.49601,110.2475,0,1,1,1
0.0,0.0,0.0,0.0,0.0,0.55913365,0.06708367,0.42182386,0.6710199,102.98838,2.7234886,96.775734,106.76993,0,0,1,1
0.0,25.09543,0.042366624,24.98267,25.161064,0.5201923,0.07375253,0.40561888,0.6706822,99.10459,2.7694468,96.03969,105.66154,0,1,1,1
0.0,0.0,0.0,0.0,0.0,0.5275463,0.043270003,0.47747785,0.5843163,102.14775,1.5826066,100.30343,104.055435,0,0,1,1
0.007545224,24.815657,0.14789759,24.663494,25.015251,0.0,0.0,0.0,0.0,0.0,0.0,0.0,0.0,1,1,0,0
0.00087199634,24.203575,0.17501955,23.99955,24.625029,0.50750667,0.03793332,0.44461638,0.56579936,99.906204,1.4083755,96.91656,101.748505,1,1,1,1
0.0,24.833862,0.16545759,24.648296,25.204565,0.5055808,0.08133329,0.3998114,0.6883123,96.5774,3.2655942,90.02577,101.95998,0,1,1,1
0.018552398,25.50668,0.12006849,25.3565,25.776464,0.0,0.0,0.0,0.0,0.0,0.0,0.0,0.0,1,1,0,0
0.056265164,24.152784,0.19409297,23.729948,24.54948,0.0,0.0,0.0,0.0,0.0,0.0,0.0,0.0,1,1,0,0
0.0,0.0,0.0,0.0,0.0,0.5040003,0.04866352,0.3872263,0.5625564,98.987465,2.5697727,94.51068,104.61253,0,0,1,1
0.009337791,25.96756,0.12698196,25.73979,26.142582,0.0,0.0,0.0,0.0,0.0,0.0,0.0,0.0,1,1,0,0
0.13282256,24.82963,0.23315346,24.46152,25.169899,0.0,0.0,0.0,0.0,0.0,0.0,0.0,0.0,1,1,0,0
0.0,0.0,0.0,0.0,0.0,0.534317,0.031515945,0.48328212,0.5988955,97.981636,1.6434208,94.30532,100.85204,0,0,1,1
1.8420744e-05,25.3072,0.15692557,25.141863,25.609512,0.46982402,0.04387829,0.4147963,0.5550536,103.09733,2.2247615,98.928955,107.199486,1,1,1,1
0.0053324285,25.551079,0.17371479,25.313717,25.937204,0.50007266,0.031777732,0.42943916,0.53322715,92.27194,2.1541998,89.89298,94.44522,1,1,1,1
0.0,25.314215,0.19767682,24.878979,25.704428,0.53790736,0.034664623,0.45078185,0.58530253,96.04701,1.7895495,91.83922,99.7951,0,1,1,1
0.0,24.274315,0.14254037,24.090237,24.53446,0.48622152,0.04857367,0.34717035,0.5396942,106.8907,2.7920215,103.76979,112.29072,0,1,1,1
0.01599866,24.477295,0.07064556,24.395697,24.632181,0.5953524,0.078108095,0.47812757,0.79026335,98.298996,3.60013,93.58645,103.3476,1,1,1,1
0.0,24.633127,0.19435966,24.348667,24.845722,0.5568053,0.07164783,0.42883497,0.66363746,95.088486,1.5683907,93.514565,96.85827,0,1,1,1
0.034542143,25.34783,0.12745184,25.199265,25.485313,0.5601747,0.055765387,0.43056896,0.62722665,95.8135,2.7496736,90.25453,102.684364,1,1,1,1
0.0,0.0,0.0,0.0,0.0,0.5474808,0.056793038,0.46453694,0.71122223,97.84787,1.2834464,95.97315,100.18026,0,0,1,1
0.012113928,25.046017,0.18012504,24.63068,25.309805,0.0,0.0,0.0,0.0,0.0,0.0,0.0,0.0,1,1,0,0
0.03220103,24.109766,0.112149775,23.901306,24.253567,0.0,0.0,0.0,0.0,0.0,0.0,0.0,0.0,1,1,0,0
0.0,0.0,0.0,0.0,0.0,0.4823647,0.03654189,0.41600344,0.5353476,110.161446,2.7077875,104.45142,115.17478,0,0,1,1
0.077029005,24.787228,0.16452156,24.418343,25.069729,0.5434807,0.050071362,0.41948548,0.63602275,86.32191,1.4330833,83.825035,88.23828,1,1,1,1
0.0029619373,25.480745,0.13672493,25.297567,25.662144,0.0,0.0,0.0,0.0,0.0,0.0,0.0,0.0,1,1,0,0
0.0,0.0,0.0,0.0,0.0,0.4799002,0.019264456,0.44879407,0.5071678,107.05411,2.3761113,101.34196,109.59451,0,0,1,1
0.0,0.0,0.0,0.0,0.0,0.5802779,0.042766128,0.4841209,0.63776964,97.28368,0.9980211,96.120514,99.72857,0,0,1,1
0.0018270406,24.941193,0.13944814,24.759035,25.224937,0.0,0.0,0.0,0.0,0.0,0.0,0.0,0.0,1,1,0,0
0.07267081,25.019821,0.1028005,24.781542,25.219734,0.0,0.0,0.0,0.0,0.0,0.0,0.0,0.0,1,1,0,0
0.0,0.0,0.0,0.0,0.0,0.46953663,0.04166861,0.4009165,0.5735711,104.63458,2.8363853,99.680984,109.571045,0,0,1,1
0.0,0.0,0.0,0.0,0.0,0.44489202,0.045815557,0.34849417,0.5088709,95.41208,3.4860454,88.86674,102.74325,0,0,1,1
0.0026765883,25.554792,0.11208389,25.306353,25.82429,0.54071313,0.04727169,0.44712684,0.6273869,98.10647,2.1081798,93.76618,102.15327,1,1,1,1
0.0,0.0,0.0,0.0,0.0,0.45759434,0.08291605,0.3538702,0.61018956,101.81153,1.759464,99.50587,105.20437,0,0,1,1
0.022745784,25.19146,0.18191174,24.84338,25.52242,0.47193182,0.08797735,0.30334258,0.690541,108.733604,1.6573524,105.16891,111.97844,1,1,1,1
0.088473305,25.3223,0.12016046,25.16017,25.559385,0.0,0.0,0.0,0.0,0.0,0.0,0.0,0.0,1,1,0,0
0.04433901,25.645538,0.11463599,25.436441,25.88326,0.5074282,0.03414199,0.47194478,0.55645543,108.68918,1.1023216,106.6569,111.16235,1,1,1,1
0.0,0.0,0.0,0.0,0.0,0.5678975,0.041700453,0.5115639,0.63270694,103.56973,1.9319206,100.64382,107.54311,0,0,1,1
0.0055112615,25.584309,0.29555508,25.046457,26.101288,0.50919026,0.044431567,0.38579625,0.6104803,99.38193,1.2422389,97.975296,102.39819,1,1,1,1
0.0124613065,25.633568,0.105393514,25.487938,25.823336,0.4218264,0.065538764,0.25837487,0.52243507,99.566,1.9774077,95.40108,101.58861,1,1,1,1
0.0,0.0,0.0,0.0,0.0,0.498991,0.03626726,0.39161232,0.5600415,99.98554,1.3872361,97.58321,102.28398,0,0,1,1
0.012078361,25.417799,0.19701406,25.16294,25.687914,0.5202491,0.012102148,0.48831272,0.54016113,104.21049,2.0323277,100.81205,107.52251,1,1,1,1
0.11423081,24.856863,0.1911209,24.495256,25.258553,0.4138365,0.052195985,0.36040446,0.56726813,97.25456,1.2717022,95.90184,99.72078,1,1,1,1
0.058769245,24.877033,0.15177493,24.569948,25.234137,0.0,0.0,0.0,0.0,0.0,0.0,0.0,0.0,1,1,0,0
0.0,24.322144,0.20161076,23.85479,24.814686,0.42073154,0.07075094,0.31419447,0.59791404,99.98653,2.3411613,96.34956,105.09634,0,1,1,1
0.0,25.267073,0.16536833,24.907,25.516306,0.52372366,0.061105024,0.44304687,0.59881485,94.20056,1.570197,90.78731,95.7709,0,1,1,1
0.0,25.866034,0.14032096,25.657236,26.16507,0.58138347,0.001862867,0.5553618,0.60641366,89.53183,1.9892793,86.44698,92.45158,0,1,1,1
0.023286223,25.15555,0.15562533,24.843765,25.48726,0.0,0.0,0.0,0.0,0.0,0.0,0.0,0.0,1,1,0,0
0.175396,24.83868,0.16314681,24.466644,25.10171,0.44032478,0.094186954,0.19379297,0.6974375,101.59567,2.2861407,97.08381,104.26324,1,1,1,1
0.038609464,25.325155,0.19533877,24.986624,25.69358,0.54424936,0.03941973,0.44917527,0.61225533,107.03698,2.1929648,101.824066,109.329056,1,1,1,1
0.23708184,26.347378,0.15189889,25.986954,26.544195,0.0,0.0,0.0,0.0,0.0,0.0,0.0,0.0,1,1,0,0
0.041418355,24.768023,0.19075412,24.364267,24.969757,0.0,0.0,0.0,0.0,0.0,0.0,0.0,0.0,1,1,0,0
0.07616136,24.199501,0.10968467,23.98527,24.472532,0.45728713,0.046266567,0.33939964,0.5105459,99.39757,0.8866522,98.4354,100.41628,1,1,1,1
0.0,0.0,0.0,0.0,0.0,0.47781178,0.029738504,0.3924223,0.55943763,99.01615,1.7129748,96.260925,102.73165,0,0,1,1
0.0,25.322067,0.09806776,25.12084,25.56655,0.6099868,0.05592659,0.44597486,0.7453387,100.952194,1.1480461,98.419655,102.55588,0,1,1,1
0.0,0.0,0.0,0.0,0.0,0.5370104,0.0711164,0.34625974,0.6472347,90.38199,2.3881528,84.58277,94.93678,0,0,1,1
0.17456026,23.782337,0.14477244,23.503965,24.000515,0.0,0.0,0.0,0.0,0.0,0.0,0.0,0.0,1,1,0,0
0.035845384,25.810131,0.21249977,25.554827,26.332514,0.5032553,0.06092097,0.34453282,0.57515377,102.46573,2.1367943,97.234566,105.304405,1,1,1,1
0.0,25.513805,0.092385165,25.369308,25.73145,0.5404597,0.06716197,0.45601732,0.6960156,105.043434,2.2643383,102.10936,108.98718,0,1,1,1
0.0,25.149426,0.14565909,24.946035,25.325611,0.43556193,0.055973545,0.3557524,0.5622672,92.03402,0.4919817,90.91944,93.2468,0,1,1,1
0.0,25.260527,0.1584662,25.090427,25.5917,0.49344933,0.036873795,0.42360485,0.57034487,98.75803,2.5213003,93.27998,103.004265,0,1,1,1
0.0,0.0,0.0,0.0,0.0,0.55278844,0.05165203,0.45954075,0.6326271,108.94128,0.5473853,107.66807,109.49944,0,0,1,1
0.012327824,23.986296,0.27542257,23.4005,24.523262,0.56311446,0.042134374,0.47237718,0.6491703,109.145515,2.3187246,104.71252,112.60858,1,1,1,1
0.059456065,25.232235,0.16650324,24.92404,25.47617,0.46710518,0.037701204,0.3753917,0.54545856,105.439766,2.2580352,99.921455,108.66353,1,1,1,1
0.009485179,25.194345,0.15560354,24.8749,25.411766,0.42882955,0.026360461,0.3952212,0.49284413,96.37373,2.4559293,92.4268,100.2892,1,1,1,1
0.014147248,25.045866,0.16266903,24.729153,25.331335,0.0,0.0,0.0,0.0,0.0,0.0,0.0,0.0,1,1,0,0
0.0,24.968065,0.07162825,24.81062,25.078474,0.51882434,0.064023554,0.43425488,0.68883574,101.57704,1.8504465,97.15718,105.71681,0,1,1,1
0.026527727,24.66925,0.08015186,24.5883,24.856146,0.48746538,0.07847621,0.4078808,0.6224441,107.58238,1.1960801,105.15139,109.52361,1,1,1,1
0.005698373,23.774593,0.06553655,23.68542,23.85064,0.0,0.0,0.0,0.0,0.0,0.0,0.0,0.0,1,1,0,0
0.0,26.535591,0.1342747,26.34928,26.816753,0.48794258,0.04465223,0.41851902,0.5942201,103.82171,2.6784992,99.84449,109.05251,0,1,1,1
0.0,0.0,0.0,0.0,0.0,0.5196145,0.08833402,0.29325268,0.63236594,105.67628,1.8532612,101.15704,107.613045,0,0,1,1
0.0,24.614347,0.1484217,24.343838,24.81213,0.5360755,0.06140698,0.45316634,0.6636539,102.44308,3.2264626,94.69114,110.41297,0,1,1,1
0.018568872,25.117397,0.10661232,24.903212,25.328045,0.0,0.0,0.0,0.0,0.0,0.0,0.0,0.0,1,1,0,0
0.09965997,25.942524,0.1495575,25.755678,26.108738,0.0,0.0,0.0,0.0,0.0,0.0,0.0,0.0,1,1,0,0
0.0,0.0,0.0,0.0,0.0,0.49458623,0.03234131,0.43510595,0.5672654,97.33364,3.20517,92.23517,102.49919,0,0,1,1
0.0,24.894342,0.103072554,24.77182,25.027046,0.51822066,0.054495867,0.45958248,0.6575845,103.69148,2.3014653,100.45234,107.25767,0,1,1,1
0.110307336,23.887018,0.13496988,23.744469,24.070452,0.5082947,0.04256545,0.40241003,0.55494094,106.93193,2.6361115,101.10407,113.390045,1,1,1,1
0.0,0.0,0.0,0.0,0.0,0.40172118,0.0618717,0.25068328,0.48979443,103.291855,0.7091641,102.09166,104.42317,0,0,1,1
0.012414406,25.447672,0.1437634,25.29126,25.62361,0.0,0.0,0.0,0.0,0.0,0.0,0.0,0.0,1,1,0,0
0.10777458,24.83242,0.07198391,24.744219,24.928524,0.0,0.0,0.0,0.0,0.0,0.0,0.0,0.0,1,1,0,0
0.004129115,24.580105,0.124463454,24.33627,24.708872,0.5804806,0.042678915,0.47280714,0.65157557,96.35594,1.1088719,94.0556,98.44555,1,1,1,1
0.1461364,25.285118,0.10366329,25.1528,25.47628,0.0,0.0,0.0,0.0,0.0,0.0,0.0,0.0,1,1,0,0
0.0,0.0,0.0,0.0,0.0,0.5207506,0.0479152,0.4414287,0.6075839,95.86234,0.8550496,94.060196,97.52504,0,0,1,1
0.029212367,25.165733,0.14118539,24.94938,25.433895,0.4875731,0.065194786,0.4004487,0.6530851,100.210106,2.6823378,93.58184,105.53042,1,1,1,1
0.008468653,25.245527,0.23058355,25.00044,25.54321,0.46618536,0.080018125,0.27858862,0.5881031,99.64957,1.847126,97.80114,102.650635,1,1,1,1
0.11446414,24.971184,0.19540241,24.701511,25.286688,0.0,0.0,0.0,0.0,0.0,0.0,0.0,0.0,1,1,0,0
0.0,0.0,0.0,0.0,0.0,0.4876497,0.075026214,0.31489494,0.6004977,97.82274,1.7756323,94.52714,100.24841,0,0,1,1
0.0,25.423971,0.16078147,25.194408,25.69063,0.53320706,0.018098842,0.5007876,0.5785938,103.84014,1.3729999,102.06921,106.88083,0,1,1,1
0.0,0.0,0.0,0.0,0.0,0.4914597,0.00965778,0.4739396,0.5083696,102.743095,1.1700847,100.850586,104.00912,0,0,1,1
0.09795414,24.870897,0.12922315,24.557156,25.154083,0.4848769,0.02965766,0.44321,0.5469762,99.91597,2.4584336,96.79043,103.920074,1,1,1,1
0.0,0.0,0.0,0.0,0.0,0.4703007,0.050112735,0.33256647,0.6127384,96.03827,2.1199803,93.53058,100.27979,0,0,1,1
0.003439796,25.021242,0.11606675,24.78826,25.197893,0.4898865,0.049765475,0.3892894,0.5933961,97.28016,1.6865503,94.811516,99.80617,1,1,1,1
0.04524258,24.307331,0.0833329,24.118034,24.39819,0.0,0.0,0.0,0.0,0.0,0.0,0.0,0.0,1,1,0,0
0.0,24.968048,0.09029275,24.823648,25.077612,0.4037863,0.08582589,0.31703514,0.5886985,100.61578,1.0349622,98.706436,102.570755,0,1,1,1
0.011999546,24.481148,0.14129572,24.148369,24.67215,0.0,0.0,0.0,0.0,0.0,0.0,0.0,0.0,1,1,0,0
0.0,0.0,0.0,0.0,0.0,0.4553052,0.059812747,0.3434651,0.544196,98.99459,2.0903196,95.22628,102.34405,0,0,1,1
0.0027978367,24.79081,0.14443524,24.466663,25.094736,0.0,0.0,0.0,0.0,0.0,0.0,0.0,0.0,1,1,0,0
0.007263078,25.219465,0.19289804,24.749216,25.676832,0.0,0.0,0.0,0.0,0.0,0.0,0.0,0.0,1,1,0,0
0.024044475,24.679562,0.20115453,24.201214,25.117722,0.0,0.0,0.0,0.0,0.0,0.0,0.0,0.0,1,1,0,0
0.0,0.0,0.0,0.0,0.0,0.5063738,0.014688481,0.48405993,0.52669567,102.53744,1.9009308,98.167046,107.25518,0,0,1,1
0.1146985,26.200796,0.07299377,26.021524,26.324646,0.0,0.0,0.0,0.0,0.0,0.0,0.0,0.0,1,1,0,0
0.010066817,25.296318,0.10377648,25.052883,25.403631,0.5441335,0.040018752,0.50287,0.6153078,100.50169,1.7231811,98.11106,102.57052,1,1,1,1
0.0,0.0,0.0,0.0,0.0,0.46090785,0.067690365,0.26130205,0.53159046,99.77001,2.531134,94.343925,104.078964,0,0,1,1
0.0,25.351698,0.23667394,24.807226,25.681301,0.55407083,0.028643843,0.47817513,0.5897028,107.648926,1.4739982,105.061584,110.22978,0,1,1,1
0.0,24.944685,0.089190625,24.782387,25.142582,0.5568893,0.07699597,0.47267488,0.7028498,99.839005,1.6360526,96.61126,102.7336,0,1,1,1
0.025544053,25.036818,0.17251548,24.8613,25.311607,0.0,0.0,0.0,0.0,0.0,0.0,0.0,0.0,1,1,0,0
0.07600474,26.098753,0.16796473,25.844463,26.288532,0.4774485,0.013913207,0.45657364,0.511282,110.051506,1.3138493,106.80379,112.18772,1,1,1,1
0.0,0.0,0.0,0.0,0.0,0.44770068,0.038322028,0.3379064,0.5320086,86.3788,2.3587308,82.93193,92.01076,0,0,1,1
0.011299289,24.054714,0.17192495,23.807844,24.444788,0.0,0.0,0.0,0.0,0.0,0.0,0.0,0.0,1,1,0,0
0.08625494,24.298698,0.14256985,23.968945,24.528797,0.56529194,0.021489518,0.5029936,0.6155946,97.510994,2.564402,92.94544,102.83862,1,1,1,1
0.038481053,25.10302,0.17986512,24.885891,25.41752,0.0,0.0,0.0,0.0,0.0,0.0,0.0,0.0,1,1,0,0
0.01162051,25.334106,0.06717681,25.21295,25.470972,0.50104994,0.017524313,0.47743177,0.5410737,99.215004,1.4355454,95.941826,102.75196,1,1,1,1
0.015664741,24.673164,0.13293186,24.51089,24.85157,0.48634672,0.035883788,0.4082994,0.569733,103.11897,1.4553844,100.497894,105.73096,1,1,1,1
0.05848528,25.535362,0.15726392,25.262028,25.802177,0.0,0.0,0.0,0.0,0.0,0.0,0.0,0.0,1,1,0,0
0.0,24.6394,0.19228207,24.437513,24.882225,0.46250543,0.03301429,0.37279385,0.5187264,91.19862,2.7717364,84.48169,97.253746,0,1,1,1
0.0,25.216206,0.050403878,25.150862,25.329344,0.4950588,0.05813749,0.4144503,0.6354502,106.424644,2.5690303,101.21253,109.63137,0,1,1,1
0.3060184,24.500761,0.21763475,24.146334,24.877977,0.0,0.0,0.0,0.0,0.0,0.0,0.0,0.0,1,1,0,0
0.0,24.494778,0.066178255,24.33554,24.602032,0.37873986,0.033178363,0.3174739,0.4618575,99.78926,2.2240162,96.31651,104.072075,0,1,1,1
0.049171943,25.112303,0.17643449,24.926697,25.47401,0.4660011,0.048440807,0.41045573,0.60424453,105.77539,3.2247386,101.037254,113.19235,1,1,1,1
0.017336031,24.79138,0.1291301,24.577473,24.957016,0.0,0.0,0.0,0.0,0.0,0.0,0.0,0.0,1,1,0,0
0.06944648,25.571064,0.17145666,25.3697,25.928596,0.0,0.0,0.0,0.0,0.0,0.0,0.0,0.0,1,1,0,0
0.0045830114,24.375557,0.15970215,23.982948,24.724976,0.4455985,0.045911662,0.35179085,0.49413228,92.70091,1.5486345,90.61659,95.54684,1,1,1,1
0.0,25.121687,0.09125655,25.0004,25.339197,0.49473837,0.040533736,0.43995458,0.6108834,105.8698,2.1921272,102.17692,111.27726,0,1,1,1
0.0,0.0,0.0,0.0,0.0,0.45404947,0.089509405,0.20029975,0.60750836,100.00104,2.2255588,96.18811,103.05661,0,0,1,1
0.0,25.019487,0.0977012,24.782612,25.181322,0.44581905,0.044670757,0.3197,0.4975219,104.82807,1.3035517,102.00876,106.87126,0,1,1,1
0.0,24.329378,0.14802235,24.06835,24.6841,0.4986983,0.055353858,0.39098766,0.6312322,106.04538,2.0753472,100.96334,108.330284,0,1,1,1
0.08291709,25.697397,0.20470022,25.441246,25.918146,0.0,0.0,0.0,0.0,0.0,0.0,0.0,0.0,1,1,0,0
0.0,24.80903,0.19743589,24.520489,25.08421,0.52770436,0.021310024,0.4752238,0.59078294,105.50357,2.286226,100.79186,108.89809,0,1,1,1
0.06843903,24.813574,0.13199873,24.681425,24.982916,0.57509416,0.04499905,0.50521594,0.659731,96.23683,2.1941688,91.16164,98.72879,1,1,1,1
0.0,0.0,0.0,0.0,0.0,0.3571555,0.031311028,0.32142487,0.39605063,107.07289,0.49473178,106.12929,108.28333,0,0,1,1
0.10331905,25.25819,0.066036485,25.117994,25.359343,0.0,0.0,0.0,0.0,0.0,0.0,0.0,0.0,1,1,0,0
0.0,0.0,0.0,0.0,0.0,0.53031945,0.08113983,0.3920875,0.6914294,98.1387,2.2968335,95.41474,103.452736,0,0,1,1
0.0,25.33276,0.1333672,25.067104,25.563316,0.5221349,0.040156655,0.44374797,0.5854301,101.426445,2.467669,95.53588,107.37916,0,1,1,1
0.0,24.82795,0.19868682,24.355307,25.060724,0.4527613,0.032708768,0.38393664,0.50798035,97.381966,1.736489,94.913216,100.284485,0,1,1,1
0.0,25.087547,0.18283539,24.743422,25.369213,0.5181554,0.045532715,0.44890043,0.56953514,99.76688,1.9364855,96.90661,104.4897,0,1,1,1
0.0,0.0,0.0,0.0,0.0,0.46218553,0.07978035,0.29883024,0.65228766,104.72447,1.5291401,102.203445,106.55831,0,0,1,1
0.04827437,24.338,0.1515985,24.05485,24.521645,0.0,0.0,0.0,0.0,0.0,0.0,0.0,0.0,1,1,0,0
0.0,24.5181,0.11323286,24.33785,24.67319,0.5503788,0.05260275,0.4920905,0.6430394,97.303406,2.4823449,94.30537,102.42744,0,1,1,1
0.011750869,25.842194,0.081810005,25.717867,25.94278,0.40537432,0.09613099,0.29650792,0.6780881,103.91446,2.889716,99.272804,109.21168,1,1,1,1
0.030077593,25.546875,0.08645989,25.38482,25.68397,0.43046615,0.058976788,0.37059686,0.5850855,97.588326,2.3746815,92.32126,100.98697,1,1,1,1
0.0,0.0,0.0,0.0,0.0,0.5953051,0.072307706,0.49417722,0.67533237,105.65579,1.4619687,102.701454,108.208786,0,0,1,1
0.0,0.0,0.0,0.0,0.0,0.43011394,0.04427504,0.36463577,0.49701533,102.33538,1.5449275,100.68429,105.95451,0,0,1,1
0.0,24.97174,0.21739613,24.617887,25.498775,0.5130114,0.01822509,0.4671165,0.5500605,97.53802,3.2420323,92.655266,102.946014,0,1,1,1
0.0077014817,25.316727,0.17534234,25.136562,25.74197,0.57467103,0.079632334,0.43612483,0.7341169,93.32575,1.7743165,90.19571,95.916405,1,1,1,1
0.13454466,26.429197,0.16241169,26.17217,26.744827,0.5680595,0.07688585,0.3482022,0.65780157,100.808075,1.4851326,97.916176,103.52833,1,1,1,1
0.0,0.0,0.0,0.0,0.0,0.47466186,0.06874659,0.27366352,0.59919786,96.26693,1.2221065,93.75018,98.51262,0,0,1,1
0.0,24.893387,0.21300791,24.50209,25.193798,0.4063096,0.055905387,0.32608476,0.4894726,104.50736,2.0356307,100.80932,108.78057,0,1,1,1
0.08292758,24.560246,0.05192312,24.464127,24.66184,0.0,0.0,0.0,0.0,0.0,0.0,0.0,0.0,1,1,0,0
0.030614462,25.090488,0.21525328,24.646381,25.54922,0.48604053,0.090341054,0.21961564,0.6393014,93.18325,2.070193,89.865105,97.53535,1,1,1,1
0.0072199726,24.987288,0.1665607,24.639366,25.364622,0.0,0.0,0.0,0.0,0.0,0.0,0.0,0.0,1,1,0,0
0.03086004,25.09045,0.19865805,24.75943,25.301529,0.55496854,0.06030211,0.39115247,0.6581663,98.90975,2.3591967,96.42687,103.65106,1,1,1,1
0.004965133,25.022392,0.11119536,24.800001,25.260105,0.0,0.0,0.0,0.0,0.0,0.0,0.0,0.0,1,1,0,0
0.0,24.527098,0.11177516,24.401918,24.797068,0.5123663,0.051097225,0.3884366,0.5945276,87.99638,1.5544449,84.73972,89.98621,0,1,1,1
0.0013548548,25.419872,0.21031043,25.059492,25.903244,0.45716155,0.046314746,0.37199515,0.59410626,94.695656,2.5022795,90.34531,99.74187,1,1,1,1
0.049349025,24.787024,0.07545507,24.670948,24.883638,0.0,0.0,0.0,0.0,0.0,0.0,0.0,0.0,1,1,0,0
0.025020152,25.202736,0.2104479,24.950155,25.534111,0.54367244,0.03582951,0.45102012,0.5883996,109.06942,3.4597776,102.24486,115.97947,1,1,1,1
0.028861392,24.889093,0.04565694,24.833158,24.966028,0.4081087,0.040091984,0.33216164,0.46264443,97.27451,1.4856933,94.64226,100.40271,1,1,1,1
0.099001855,23.989725,0.21146753,23.672224,24.243366,0.0,0.0,0.0,0.0,0.0,0.0,0.0,0.0,1,1,0,0
0.0,0.0,0.0,0.0,0.0,0.45027077,0.05025896,0.33140984,0.51254815,91.981895,1.6214641,88.03639,94.973915,0,0,1,1
0.021637121,24.73967,0.13172315,24.531113,24.99223,0.0,0.0,0.0,0.0,0.0,0.0,0.0,0.0,1,1,0,0
0.005938039,25.054049,0.09055604,24.853247,25.166618,0.42954785,0.031158444,0.3619423,0.4895866,104.663895,2.4263546,101.24945,107.79302,1,1,1,1
0.054691944,25.096783,0.17821294,24.712105,25.42862,0.5090314,0.033587396,0.44745886,0.5602907,100.402534,2.8494031,95.61434,106.93099,1,1,1,1
0.0,24.898766,0.08785538,24.79721,25.115486,0.5101044,0.03604326,0.4476048,0.6071453,98.75297,2.3979988,94.028,101.9903,0,1,1,1
0.05030713,25.091461,0.21985167,24.837946,25.508055,0.502671,0.049378607,0.44038147,0.578383,97.41877,3.3776927,89.387115,104.55717,1,1,1,1
0.13838173,25.831598,0.13788445,25.651268,26.113861,0.47635275,0.06448672,0.3717826,0.5679652,95.99943,1.254118,93.52896,97.91505,1,1,1,1
0.0050897547,24.64758,0.19106814,24.23001,24.843641,0.54744405,0.052912835,0.4127943,0.70338744,106.356544,1.9327526,102.6214,108.91927,1,1,1,1
0.0,0.0,0.0,0.0,0.0,0.49486655,0.079974934,0.3773795,0.6630588,102.34877,2.8589618,98.25005,106.356476,0,0,1,1
0.1053831,24.486935,0.1742983,24.231644,24.833504,0.58677566,0.04193713,0.46943963,0.71037394,97.12097,0.5705809,96.0341,98.05094,1,1,1,1
0.02854998,24.991709,0.23194514,24.581955,25.252106,0.0,0.0,0.0,0.0,0.0,0.0,0.0,0.0,1,1,0,0
0.0,0.0,0.0,0.0,0.0,0.56149465,0.035686344,0.51697826,0.6082552,99.863884,0.6574214,98.91468,101.03299,0,0,1,1
0.08171211,24.183641,0.17215912,23.835495,24.391172,0.0,0.0,0.0,0.0,0.0,0.0,0.0,0.0,1,1,0,0
0.09034982,25.25339,0.13785852,24.994308,25.437876,0.0,0.0,0.0,0.0,0.0,0.0,0.0,0.0,1,1,0,0
0.0,24.257078,0.26391032,23.712309,24.640726,0.5170872,0.06098241,0.38570207,0.61604124,101.64865,1.8264656,99.64835,105.48055,0,1,1,1
0.0,0.0,0.0,0.0,0.0,0.5096432,0.024518367,0.4737642,0.5695278,96.7875,2.0264506,92.8269,100.66646,0,0,1,1
0.08795342,25.27213,0.28650412,24.82955,25.94402,0.0,0.0,0.0,0.0,0.0,0.0,0.0,0.0,1,1,0,0
0.015574899,25.278475,0.2313295,24.800436,25.781199,0.0,0.0,0.0,0.0,0.0,0.0,0.0,0.0,1,1,0,0
0.09603031,24.645874,0.15568732,24.458685,24.969652,0.0,0.0,0.0,0.0,0.0,0.0,0.0,0.0,1,1,0,0
0.04288808,25.091772,0.10676416,24.927116,25.305183,0.0,0.0,0.0,0.0,0.0,0.0,0.0,0.0,1,1,0,0
0.0,25.423813,0.21494293,25.0911,25.89379,0.47507927,0.055457823,0.3149205,0.55511415,99.73204,1.6072133,97.47718,103.33062,0,1,1,1
0.010127812,24.291891,0.16965286,24.002682,24.622433,0.4636932,0.035416342,0.37812763,0.5575968,106.498146,0.8542388,105.45967,108.19644,1,1,1,1
0.19421828,24.61352,0.12984785,24.36672,24.775171,0.0,0.0,0.0,0.0,0.0,0.0,0.0,0.0,1,1,0,0
0.0,24.892544,0.19084038,24.680258,25.093397,0.48913077,0.040513568,0.3952572,0.5550972,101.1918,2.8355746,95.79113,106.6453,0,1,1,1
0.013885695,24.353912,0.08919331,24.256504,24.575356,0.0,0.0,0.0,0.0,0.0,0.0,0.0,0.0,1,1,0,0
0.029102752,26.124628,0.15002088,25.953203,26.489473,0.49918425,0.03975573,0.39848763,0.54481834,102.83973,1.7693878,99.399445,106.00091,1,1,1,1
0.0,0.0,0.0,0.0,0.0,0.5318207,0.033049542,0.49015832,0.5875317,97.58819,1.2206758,96.02473,99.4823,0,0,1,1
0.0,0.0,0.0,0.0,0.0,0.5242771,0.05355588,0.36787105,0.5842747,97.60652,2.6419988,92.460434,101.37252,0,0,1,1
0.051071737,24.826471,0.20108844,24.477215,25.168688,0.0,0.0,0.0,0.0,0.0,0.0,0.0,0.0,1,1,0,0
0.25442702,24.835382,0.1789835,24.44025,25.274897,0.0,0.0,0.0,0.0,0.0,0.0,0.0,0.0,1,1,0,0
0.0,0.0,0.0,0.0,0.0,0.4700598,0.043726403,0.40592366,0.5975976,107.534805,1.3240817,104.459045,110.598045,0,0,1,1
0.005803853,24.94987,0.19914581,24.623814,25.238638,0.42530915,0.04093748,0.31593263,0.4789708,95.87054,1.637272,93.51264,99.14739,1,1,1,1
0.14237285,24.640688,0.14749058,24.300886,25.00858,0.52623814,0.056396663,0.40695047,0.66887784,93.95059,2.3431594,89.076256,99.676346,1,1,1,1
0.013420592,25.014885,0.23675881,24.483397,25.338295,0.0,0.0,0.0,0.0,0.0,0.0,0.0,0.0,1,1,0,0
0.027405607,24.135923,0.14318316,23.917645,24.33076,0.4912877,0.05008915,0.37491497,0.54669523,98.59626,0.94911027,96.66917,100.62069,1,1,1,1
0.0,25.00237,0.14339006,24.78628,25.226704,0.5955223,0.04831251,0.5334366,0.7165275,96.61828,0.907096,94.582405,97.77705,0,1,1,1
0.0,0.0,0.0,0.0,0.0,0.55906147,0.07334183,0.38122848,0.74577326,100.657646,1.4925493,97.780495,104.07352,0,0,1,1
0.024637097,25.245556,0.113102436,25.036224,25.41553,0.55511194,0.08449683,0.31017807,0.7744053,96.32317,1.8887868,92.05322,99.25127,1,1,1,1
0.02857409,25.205696,0.16919546,24.786776,25.592707,0.46521506,0.055498198,0.33980146,0.6047056,107.33562,1.3441432,104.22468,108.956375,1,1,1,1
0.1132242,25.392015,0.13947943,25.179876,25.577478,0.0,0.0,0.0,0.0,0.0,0.0,0.0,0.0,1,1,0,0
0.0,25.782282,0.123417735,25.63677,25.954557,0.5425124,0.046781648,0.46512565,0.6392665,99.287926,2.5350075,94.4145,104.37406,0,1,1,1
0.0,25.301136,0.19860071,24.984411,25.78115,0.5435761,0.07303094,0.4050471,0.61937004,112.74284,2.0555475,109.11763,115.85227,0,1,1,1
0.009816076,25.310463,0.24760322,24.788263,25.808798,0.0,0.0,0.0,0.0,0.0,0.0,0.0,0.0,1,1,0,0
0.032949302,25.1427,0.1646721,24.85339,25.35483,0.5205234,0.036296055,0.4333698,0.6076639,91.94649,2.1364384,87.50248,94.422966,1,1,1,1
0.032645985,24.313478,0.12548657,24.170885,24.60213,0.0,0.0,0.0,0.0,0.0,0.0,0.0,0.0,1,1,0,0
0.0325042,25.512342,0.09421872,25.388298,25.645483,0.5294038,0.08594809,0.3327345,0.72459877,92.51322,2.1471996,90.22045,95.89224,1,1,1,1
0.0,24.71594,0.17457563,24.519072,24.960646,0.4479213,0.01402527,0.40822774,0.47312242,96.11502,2.0956135,92.940956,100.90412,0,1,1,1
0.01754213,25.374315,0.16758862,24.964972,25.593075,0.5149608,0.06692022,0.3761558,0.6032143,100.1089,3.2954302,94.75484,107.97591,1,1,1,1
0.0,25.15182,0.10243911,24.9388,25.264744,0.46954647,0.02924334,0.4175783,0.5051748,95.80774,1.645756,93.75172,97.71457,0,1,1,1
0.030289276,25.451197,0.13076426,25.175577,25.701653,0.476301,0.050564565,0.39001086,0.56020695,100.1589,1.2975352,97.62892,103.144005,1,1,1,1
0.0,0.0,0.0,0.0,0.0,0.49438915,0.033929612,0.41547814,0.58731043,95.60714,2.2912648,92.63839,100.7157,0,0,1,1
0.0,24.974848,0.10161605,24.816109,25.213717,0.516444,0.031648897,0.4627618,0.5895433,103.039474,2.5132015,100.4487,105.906815,0,1,1,1
0.0,25.437796,0.07887013,25.349316,25.626715,0.4899609,0.035862166,0.41663465,0.58540535,110.90572,2.7128737,105.172775,115.74755,0,1,1,1
0.009589155,24.821129,0.10593087,24.647564,25.061981,0.0,0.0,0.0,0.0,0.0,0.0,0.0,0.0,1,1,0,0
0.0,0.0,0.0,0.0,0.0,0.4941782,0.05233359,0.38224775,0.5733949,110.68478,1.7461146,106.920906,114.944786,0,0,1,1
0.0,24.8413,0.21180789,24.373598,25.156921,0.4990951,0.04918642,0.35669234,0.63558984,100.40006,2.2623122,98.1009,104.46566,0,1,1,1
0.0,0.0,0.0,0.0,0.0,0.6223081,0.054339163,0.49364904,0.701914,107.53492,1.4567821,104.69652,109.06769,0,0,1,1
0.0,25.16051,0.13768922,24.979998,25.329994,0.48070005,0.06761475,0.33035094,0.6389918,96.24804,2.5214708,93.03964,99.23018,0,1,1,1
0.056480166,24.851694,0.17105493,24.639668,25.213982,0.53482574,0.05095446,0.43033254,0.6511578,84.09104,2.3818204,79.83943,89.7673,1,1,1,1
0.0,0.0,0.0,0.0,0.0,0.4732293,0.06989989,0.396914,0.5959743,98.33217,2.2207682,95.83823,103.16938,0,0,1,1
0.0,25.657766,0.10414646,25.452778,25.911047,0.5373351,0.059047755,0.37261957,0.6003318,98.847664,2.7714868,94.45496,103.552246,0,1,1,1
0.05675246,25.224415,0.10267587,25.092438,25.411045,0.0,0.0,0.0,0.0,0.0,0.0,0.0,0.0,1,1,0,0
0.017671613,24.297068,0.12898758,24.013746,24.564234,0.0,0.0,0.0,0.0,0.0,0.0,0.0,0.0,1,1,0,0
0.056254122,25.839108,0.17005943,25.667398,26.260626,0.0,0.0,0.0,0.0,0.0,0.0,0.0,0.0,1,1,0,0
0.04252624,26.11437,0.21873552,25.70552,26.59814,0.0,0.0,0.0,0.0,0.0,0.0,0.0,0.0,1,1,0,0
0.01999585,23.782228,0.074337706,23.676134,23.965553,0.0,0.0,0.0,0.0,0.0,0.0,0.0,0.0,1,1,0,0
0.0,0.0,0.0,0.0,0.0,0.53326094,0.025655398,0.4716715,0.6084622,107.3826,0.9139478,105.83742,108.94244,0,0,1,1
0.33887988,23.924809,0.10830706,23.727549,24.072252,0.0,0.0,0.0,0.0,0.0,0.0,0.0,0.0,1,1,0,0
0.024213018,24.65256,0.13415942,24.33123,24.852776,0.41606486,0.043576706,0.3534656,0.5009698,98.00356,1.3805634,96.06392,100.98175,1,1,1,1
0.0,25.306637,0.13469492,25.01764,25.470299,0.49030355,0.022469971,0.45787385,0.5490147,101.0578,1.6201609,97.18073,104.79278,0,1,1,1
0.006230351,24.084042,0.19763961,23.736483,24.499813,0.41796532,0.056525823,0.34985667,0.5087263,95.22133,1.7627954,91.15207,98.49865,1,1,1,1
0.0,0.0,0.0,0.0,0.0,0.50839424,0.05030756,0.4026325,0.6301101,101.81735,2.2987702,97.00127,107.2696,0,0,1,1
0.004967426,24.445953,0.1565152,24.230253,24.610788,0.0,0.0,0.0,0.0,0.0,0.0,0.0,0.0,1,1,0,0
0.0,24.96091,0.19715571,24.704351,25.43585,0.57850224,0.053490087,0.45387486,0.64657915,96.334854,1.1129042,93.84259,98.26253,0,1,1,1
0.16604912,24.785898,0.14003345,24.579786,25.020435,0.5280148,0.05503909,0.40216067,0.5893714,109.24105,1.7382486,106.13682,111.637276,1,1,1,1
0.06316067,24.164364,0.1985079,23.899248,24.583181,0.46839517,0.022865167,0.41197872,0.49407926,95.10099,2.1465325,90.34059,98.142975,1,1,1,1
0.010332197,24.029512,0.18677242,23.813332,24.289274,0.55955297,0.04476712,0.45900044,0.680289,95.77173,2.6629527,92.46761,101.70683,1,1,1,1
0.0,24.301693,0.116765045,24.14524,24.473068,0.6088706,0.042648714,0.53032255,0.68252176,100.14887,3.5561695,93.069496,107.48037,0,1,1,1
0.20582747,25.190111,0.09621178,25.027737,25.317308,0.33460745,0.048299372,0.2753083,0.4231033,105.10039,1.3378758,103.66716,107.349785,1,1,1,1
0.012077001,24.748688,0.11671348,24.508318,24.86715,0.0,0.0,0.0,0.0,0.0,0.0,0.0,0.0,1,1,0,0
0.0,25.227556,0.18853667,24.909248,25.543266,0.5935552,0.044364467,0.51347685,0.6831139,96.14322,1.1608194,93.632256,98.117546,0,1,1,1
0.0,24.75271,0.13188718,24.504192,25.03183,0.5419523,0.07250989,0.3462766,0.6905236,101.0862,1.0731562,99.52101,102.26015,0,1,1,1
0.0,0.0,0.0,0.0,0.0,0.5529686,0.084896736,0.32513016,0.70145917,99.28819,2.0121603,96.80147,103.506615,0,0,1,1
0.037657283,24.480082,0.18852682,24.188803,24.77918,0.43376303,0.0766162,0.22822382,0.56891346,99.4459,0.8528707,97.76908,101.48584,1,1,1,1
0.055876862,24.666592,0.118362136,24.527786,24.810408,0.5158449,0.07034738,0.32291687,0.6667549,102.73099,1.8097181,100.42287,104.55106,1,1,1,1
0.0011308847,24.282238,0.13631912,24.13952,24.52675,0.0,0.0,0.0,0.0,0.0,0.0,0.0,0.0,1,1,0,0
0.0039796024,24.860447,0.12555341,24.57192,25.056726,0.0,0.0,0.0,0.0,0.0,0.0,0.0,0.0,1,1,0,0
0.014535828,24.807507,0.09378914,24.578932,25.01725,0.46833822,0.056331873,0.38992944,0.6228636,101.8878,3.09811,95.57732,107.20462,1,1,1,1
0.0,0.0,0.0,0.0,0.0,0.5195867,0.06911596,0.37133637,0.7093422,92.51861,1.8341885,89.570435,95.82368,0,0,1,1
0.0,25.041172,0.16078271,24.655636,25.213985,0.46104142,0.040778812,0.4163616,0.50618005,105.349785,1.3081764,103.02068,107.53875,0,1,1,1
0.0,25.26928,0.05762605,25.134068,25.363419,0.4338886,0.054457612,0.33042642,0.5713092,107.27988,2.2115672,103.18898,109.95069,0,1,1,1
0.0,0.0,0.0,0.0,0.0,0.4847202,0.040692788,0.43736064,0.60362,104.46622,1.6598184,102.693855,106.97513,0,0,1,1
0.0,24.426388,0.11024594,24.264267,24.684587,0.491058,0.059234392,0.33598256,0.59573436,97.15561,2.082068,93.26257,101.678215,0,1,1,1
0.0,0.0,0.0,0.0,0.0,0.4592071,0.041904673,0.3413435,0.56795263,95.6244,1.4333922,93.594765,98.03064,0,0,1,1
0.0,0.0,0.0,0.0,0.0,0.53636587,0.055237543,0.46126878,0.6422993,100.78754,1.4388566,98.789375,104.31907,0,0,1,1
0.027352437,25.135235,0.1437593,24.874048,25.355902,0.0,0.0,0.0,0.0,0.0,0.0,0.0,0.0,1,1,0,0
0.0,25.213575,0.08968112,25.030727,25.361921,0.42050827,0.06255016,0.2643532,0.5836181,101.75555,1.912375,98.85467,105.05782,0,1,1,1
0.02696527,23.59821,0.0047969855,23.507881,23.673468,0.0,0.0,0.0,0.0,0.0,0.0,0.0,0.0,1,1,0,0
0.048233077,25.531391,0.11192935,25.362513,25.672178,0.42893082,0.018638805,0.4023688,0.47444287,99.2698,2.1180193,94.5242,104.27208,1,1,1,1
0.012890294,25.476988,0.14137207,25.314705,25.76849,0.4919502,0.03653103,0.44785282,0.60078895,99.40916,2.3153994,93.97147,103.47515,1,1,1,1
0.0,24.745058,0.22111617,24.398724,25.294071,0.519706,0.047704857,0.44127035,0.5698767,97.2947,2.6259034,94.22317,102.24057,0,1,1,1
0.05139851,24.709927,0.12284973,24.504805,24.976027,0.4759089,0.023280406,0.426284,0.521903,103.05793,2.9013295,99.273254,107.135155,1,1,1,1
0.016152633,24.9989,0.03228035,24.938158,25.100786,0.0,0.0,0.0,0.0,0.0,0.0,0.0,0.0,1,1,0,0
0.0,0.0,0.0,0.0,0.0,0.46027157,0.049328428,0.40255645,0.5907982,102.56483,2.8865728,97.144714,108.32857,0,0,1,1
0.0,26.22758,0.13037468,26.003416,26.521408,0.3428259,0.040372748,0.29995513,0.42988253,99.06919,2.2529602,94.30756,102.785484,0,1,1,1
0.10499773,25.407192,0.18201496,25.053553,25.666286,0.0,0.0,0.0,0.0,0.0,0.0,0.0,0.0,1,1,0,0
0.0,0.0,0.0,0.0,0.0,0.46678454,0.09454415,0.19269931,0.69349355,104.153915,2.430591,98.88167,109.27475,0,0,1,1
0.038191993,25.155827,0.20212233,24.694778,25.50394,0.4226147,0.068510816,0.32508466,0.4912681,95.44807,2.1086316,91.298454,97.61313,1,1,1,1
0.058149856,24.782558,0.106747515,24.612514,24.944353,0.4973408,0.06677483,0.4061549,0.69161284,106.364235,1.0782305,104.81269,107.86653,1,1,1,1
0.0,0.0,0.0,0.0,0.0,0.5614032,0.04907973,0.49552736,0.68648994,95.867905,1.0697006,94.58443,98.242096,0,0,1,1
0.0,25.602047,0.17814025,25.420609,26.015703,0.47904226,0.014417027,0.45932412,0.50369567,99.307655,1.0816954,96.84482,100.70955,0,1,1,1
0.20251839,25.424458,0.17270592,25.222712,25.657488,0.5099747,0.022850886,0.44620603,0.56257725,92.14594,1.5501996,88.335976,95.54366,1,1,1,1
0.0,0.0,0.0,0.0,0.0,0.52851856,0.03755625,0.42461678,0.6036247,99.805756,2.516333,97.2085,106.04947,0,0,1,1
0.005244848,25.509312,0.09131274,25.365332,25.620874,0.0,0.0,0.0,0.0,0.0,0.0,0.0,0.0,1,1,0,0
0.0,0.0,0.0,0.0,0.0,0.49625263,0.10004774,0.2387296,0.7658853,100.27557,2.5798168,93.921906,104.31891,0,0,1,1
0.0,24.964243,0.12008799,24.800636,25.128088,0.45802432,0.023861365,0.42012566,0.5208654,98.709915,2.2563715,94.96891,101.30209,0,1,1,1
0.0,0.0,0.0,0.0,0.0,0.4852304,0.054988176,0.34305224,0.5874585,99.98189,2.0728507,97.28331,104.28513,0,0,1,1
0.023336977,24.613783,0.14322202,24.429535,24.936466,0.5142538,0.07225963,0.30621728,0.67088383,106.15016,1.8876053,104.02272,109.62325,1,1,1,1
0.08340976,24.417353,0.1895241,24.204714,24.656828,0.0,0.0,0.0,0.0,0.0,0.0,0.0,0.0,1,1,0,0
0.0,0.0,0.0,0.0,0.0,0.43287733,0.085545905,0.19737314,0.6344436,100.242744,0.7889152,98.54153,101.556946,0,0,1,1
0.0026174397,24.758596,0.22201745,24.43559,25.078062,0.0,0.0,0.0,0.0,0.0,0.0,0.0,0.0,1,1,0,0
0.0,25.303799,0.079907924,25.150236,25.497065,0.44012544,0.028352695,0.40660173,0.48633596,100.4993,1.8292751,96.92414,103.38231,0,1,1,1
0.003095256,24.81612,0.19044828,24.50713,25.00835,0.5201424,0.055136602,0.3808178,0.6246057,96.57431,1.0174989,94.9442,98.43949,1,1,1,1
0.0,24.72241,0.12405764,24.510963,24.937254,0.5392151,0.041845422,0.46021292,0.6227483,96.82035,2.178447,92.62312,101.600845,0,1,1,1
0.20077865,24.330809,0.18879312,23.95185,24.538671,0.0,0.0,0.0,0.0,0.0,0.0,0.0,0.0,1,1,0,0
0.034018997,25.349052,0.1911492,24.904203,25.611584,0.4846976,0.04275597,0.37024787,0.59228164,96.10633,2.9974086,89.495804,100.49315,1,1,1,1
0.0,24.741837,0.18004385,24.307266,25.09801,0.4915638,0.054295227,0.41109583,0.5534373,101.26835,2.7368312,95.86596,105.76334,0,1,1,1
0.0,24.730843,0.1639928,24.41206,25.058956,0.48715642,0.04505759,0.42622373,0.57498187,95.46169,2.325397,89.843636,98.096634,0,1,1,1
0.041658495,24.945251,0.20519865,24.636948,25.372744,0.5233604,0.032768276,0.45786226,0.567531,102.81575,1.1701683,101.41224,105.01769,1,1,1,1
0.0,24.738117,0.18704307,24.40522,25.122358,0.5857864,0.059898157,0.45755127,0.7567675,104.70524,2.3055828,102.27041,107.90693,0,1,1,1
0.0,24.736538,0.19433355,24.534422,25.08051,0.518504,0.059090897,0.34806034,0.61054397,94.89602,2.125011,91.04922,97.38482,0,1,1,1
0.0,25.518373,0.095612295,25.310478,25.680908,0.5601222,0.028675461,0.48195416,0.59544206,108.39886,2.7404954,105.55983,114.70989,0,1,1,1
0.06799752,25.771698,0.21539624,25.281229,26.304739,0.0,0.0,0.0,0.0,0.0,0.0,0.0,0.0,1,1,0,0
0.0,0.0,0.0,0.0,0.0,0.51254237,0.050096728,0.3641513,0.64247745,95.011375,3.4183064,89.112114,100.90965,0,0,1,1
0.0,0.0,0.0,0.0,0.0,0.44059053,0.053844143,0.37121645,0.52759975,96.46662,2.061653,92.826584,99.251724,0,0,1,1
0.23256674,25.441555,0.1926536,25.238733,25.891878,0.552141,0.047307048,0.41635534,0.6456783,102.1265,2.4846115,96.43748,106.17312,1,1,1,1
0.009895836,24.935125,0.16921511,24.528473,25.177578,0.433058,0.02406487,0.3825991,0.45883542,100.262405,1.4475127,98.40885,103.64566,1,1,1,1
0.004300528,25.292723,0.17482178,25.047935,25.68808,0.0,0.0,0.0,0.0,0.0,0.0,0.0,0.0,1,1,0,0
0.0,0.0,0.0,0.0,0.0,0.47006717,0.04791933,0.3776434,0.5600153,102.50176,3.2476437,97.038956,107.34571,0,0,1,1
0.0,0.0,0.0,0.0,0.0,0.47746733,0.07729065,0.29378018,0.7038626,105.36698,2.3033695,100.90223,110.96241,0,0,1,1
0.0,25.16343,0.13073601,24.92604,25.485855,0.5556005,0.028278,0.4784501,0.5869041,98.27265,1.422895,96.609795,100.40151,0,1,1,1
0.022458158,25.484552,0.13880791,25.21266,25.825962,0.5373842,0.08361037,0.3775926,0.7200452,96.17898,1.5079815,92.447624,98.62627,1,1,1,1
0.0,0.0,0.0,0.0,0.0,0.47652155,0.06191367,0.34179118,0.650442,104.535255,1.5690123,100.74654,107.153915,0,0,1,1
0.030851051,24.188587,0.22921924,23.898054,24.540216,0.0,0.0,0.0,0.0,0.0,0.0,0.0,0.0,1,1,0,0
0.08234428,24.973179,0.13959245,24.715137,25.29747,0.44162205,0.059993878,0.2665534,0.5662344,102.167885,1.9902657,100.02073,105.98705,1,1,1,1
0.07234986,25.228786,0.18708555,25.00541,25.504932,0.45793128,0.014747291,0.42083925,0.4959882,109.8976,1.4733914,106.27215,113.1917,1,1,1,1
0.0,25.012815,0.0963794,24.779781,25.24353,0.48234138,0.06572538,0.3355988,0.64402556,105.463715,1.3270837,104.01376,108.22798,0,1,1,1
0.0,23.832884,0.1297758,23.531292,23.991331,0.410468,0.010860843,0.3968669,0.42351773,101.23894,3.3075345,97.91142,108.96376,0,1,1,1
0.05264473,25.52654,0.16787823,25.243843,25.889057,0.0,0.0,0.0,0.0,0.0,0.0,0.0,0.0,1,1,0,0
0.0,25.90132,0.114248484,25.73018,26.025726,0.4866989,0.013271706,0.4596902,0.5063546,95.31096,1.8020294,92.45149,97.213165,0,1,1,1
0.05626409,25.13813,0.16111042,24.788782,25.427591,0.480958,0.058352612,0.31939998,0.63455987,91.00473,0.5034337,90.100494,91.64651,1,1,1,1
0.0,0.0,0.0,0.0,0.0,0.48765472,0.036923345,0.39989355,0.55204993,104.811165,3.5418212,96.671234,113.59172,0,0,1,1
0.0,0.0,0.0,0.0,0.0,0.45525262,0.051495153,0.37406206,0.59868973,96.34853,1.5884188,93.78662,100.03297,0,0,1,1
0.0,25.491512,0.22037658,24.948652,25.897991,0.45406848,0.049933154,0.33517286,0.54659015,103.42229,2.7490556,98.46328,109.48459,0,1,1,1
0.0,24.602434,0.15106331,24.426262,24.87372,0.54423237,0.06901306,0.42026067,0.70689267,98.10117,2.4166172,92.360634,101.77158,0,1,1,1
0.25185904,25.082808,0.12745458,24.84477,25.37502,0.0,0.0,0.0,0.0,0.0,0.0,0.0,0.0,1,1,0,0
0.0028005305,23.977121,0.14109556,23.790094,24.254082,0.0,0.0,0.0,0.0,0.0,0.0,0.0,0.0,1,1,0,0
0.0,0.0,0.0,0.0,0.0,0.46793288,0.0658185,0.28222147,0.5503398,95.6102,2.4335263,89.529,100.04902,0,0,1,1
0.0,0.0,0.0,0.0,0.0,0.5267769,0.06067343,0.4488126,0.6286219,97.411606,0.8993289,95.756836,98.72447,0,0,1,1
0.0,25.055685,0.13807268,24.836681,25.320288,0.5762768,0.030613327,0.53279454,0.62344706,93.88401,2.34597,88.022285,98.75293,0,1,1,1
0.033728737,26.18429,0.10328488,26.011318,26.352137,0.61170405,0.053504433,0.543735,0.7316807,102.44443,2.6549766,98.14856,106.53756,1,1,1,1
0.0,0.0,0.0,0.0,0.0,0.52494323,0.035206523,0.42655644,0.5950465,101.27651,2.479332,96.71749,106.72156,0,0,1,1
0.0030639947,25.295904,0.2340636,24.979416,25.656445,0.4718916,0.06649862,0.30544543,0.6425345,92.455414,1.5293075,88.76554,94.89544,1,1,1,1
0.05583298,25.307903,0.12642503,25.058668,25.562754,0.0,0.0,0.0,0.0,0.0,0.0,0.0,0.0,1,1,0,0
0.0,0.0,0.0,0.0,0.0,0.53932416,0.080102965,0.36856812,0.6359407,106.43328,1.0995538,104.95929,109.048386,0,0,1,1
0.0,24.952557,0.077431165,24.866457,25.131487,0.533461,0.049768135,0.4088958,0.60862166,99.91161,1.6625808,96.24961,104.056625,0,1,1,1
0.0,0.0,0.0,0.0,0.0,0.4278683,0.07716454,0.24609677,0.5953103,101.59707,0.8873261,100.10087,103.08191,0,0,1,1
0.008399623,25.231325,0.058422174,25.150938,25.341572,0.0,0.0,0.0,0.0,0.0,0.0,0.0,0.0,1,1,0,0
0.09365273,25.38187,0.13677739,25.08544,25.674091,0.0,0.0,0.0,0.0,0.0,0.0,0.0,0.0,1,1,0,0
0.026559409,24.97018,0.13512206,24.650473,25.293,0.533891,0.032395046,0.48168713,0.5914081,101.6049,2.2157974,98.93096,103.94034,1,1,1,1
0.06541747,24.17375,0.15892571,23.904345,24.338713,0.0,0.0,0.0,0.0,0.0,0.0,0.0,0.0,1,1,0,0
0.0,25.666332,0.16340964,25.412905,25.899117,0.5051031,0.04665896,0.4231603,0.63624805,94.43256,1.3705913,91.24491,97.753006,0,1,1,1
0.0,25.195915,0.15845181,24.949265,25.531061,0.4543733,0.06408837,0.3462247,0.55831844,93.13457,1.5751215,90.841515,94.83214,0,1,1,1
0.077450104,24.881794,0.20147541,24.399315,25.361057,0.589196,0.046443053,0.45718512,0.69692135,99.899284,1.3992667,96.914825,102.97212,1,1,1,1
0.0,0.0,0.0,0.0,0.0,0.53783244,0.038416762,0.4695189,0.62414664,93.955185,0.26737267,93.423546,95.0591,0,0,1,1
0.0,0.0,0.0,0.0,0.0,0.45219034,0.05142816,0.36000428,0.5524921,98.29828,2.5212827,94.12721,102.64212,0,0,1,1
0.0,26.035492,0.10033906,25.853666,26.201267,0.5210864,0.04535223,0.41129094,0.60903454,94.1671,2.6804802,88.27816,98.72048,0,1,1,1
0.0,0.0,0.0,0.0,0.0,0.48034385,0.06839253,0.36972857,0.65191257,97.48962,2.5499775,93.83769,101.89192,0,0,1,1
0.0,24.380527,0.09683458,24.18551,24.50009,0.45245054,0.01657906,0.4268148,0.47481516,94.94699,1.4581141,92.085304,97.3921,0,1,1,1
0.020044541,24.947134,0.14126812,24.68531,25.115555,0.5034945,0.018580342,0.4778791,0.5352145,94.79867,2.0480647,92.37883,97.344215,1,1,1,1
0.07969956,25.202274,0.21362838,24.944489,25.555998,0.49516848,0.060413167,0.38602662,0.604067,94.39861,2.7539194,91.47427,98.82496,1,1,1,1
0.0,0.0,0.0,0.0,0.0,0.46488726,0.059947442,0.36486077,0.5903215,107.54355,2.5783203,102.896095,113.39974,0,0,1,1
0.0,25.13238,0.1463162,24.89115,25.38944,0.42845476,0.008612859,0.4030849,0.44610816,101.259384,2.5387158,97.50365,107.52971,0,1,1,1
0.0,0.0,0.0,0.0,0.0,0.50292325,0.053164344,0.36762965,0.61950076,104.600006,2.4097397,100.409615,109.23708,0,0,1,1
0.016490525,26.436811,0.13694328,26.294651,26.6257,0.45758075,0.05583689,0.319095,0.5872333,94.785225,1.588969,92.38148,98.24291,1,1,1,1
0.0,23.532864,0.1338964,23.200867,23.738756,0.48205018,0.064171694,0.31984413,0.5914183,97.89678,2.5184708,94.970726,103.524704,0,1,1,1
0.043449286,25.588,0.08129782,25.42511,25.694473,0.0,0.0,0.0,0.0,0.0,0.0,0.0,0.0,1,1,0,0
0.0,0.0,0.0,0.0,0.0,0.4435877,0.05645156,0.35333538,0.5010437,104.30816,2.2052503,101.797935,109.26643,0,0,1,1
0.0,0.0,0.0,0.0,0.0,0.48080224,0.0116070295,0.4573681,0.49720907,93.06573,0.9111937,91.429214,94.534164,0,0,1,1
0.013145132,25.115686,0.16042611,24.719902,25.463913,0.5383813,0.047142643,0.40711084,0.6711556,99.888435,1.3167952,98.49731,101.52125,1,1,1,1
0.032544684,24.412119,0.20330131,23.92643,24.744047,0.0,0.0,0.0,0.0,0.0,0.0,0.0,0.0,1,1,0,0
0.02923741,24.88869,0.24466524,24.523521,25.40493,0.55835164,0.01842044,0.5152573,0.5800111,102.299706,2.1728044,99.70019,104.81944,1,1,1,1
0.0,0.0,0.0,0.0,0.0,0.47520125,0.038022183,0.43166372,0.5702764,97.152115,1.875346,92.76773,100.902214,0,0,1,1
0.0,0.0,0.0,0.0,0.0,0.45648703,0.08041505,0.2528838,0.59465843,101.3753,1.3487697,99.26401,103.09181,0,0,1,1
0.0,0.0,0.0,0.0,0.0,0.53388906,0.06332769,0.45047882,0.658165,96.376,2.9559646,93.00349,103.473816,0,0,1,1
0.0,0.0,0.0,0.0,0.0,0.547536,0.04368425,0.4364998,0.6158655,101.46213,1.671637,97.44435,105.2991,0,0,1,1
0.044470962,24.534256,0.17458405,24.335001,24.803503,0.4469486,0.04401696,0.37440467,0.517604,101.265015,2.1217744,96.57149,103.90924,1,1,1,1
0.0,25.238121,0.106595844,25.113121,25.446232,0.49387196,0.024275228,0.44236168,0.5560519,97.06329,1.700419,94.00431,100.72186,0,1,1,1
0.0064489353,25.091087,0.1313793,24.881248,25.302158,0.0,0.0,0.0,0.0,0.0,0.0,0.0,0.0,1,1,0,0
0.0,0.0,0.0,0.0,0.0,0.45340747,0.03577393,0.36007324,0.4991178,95.28224,2.2612855,92.46546,97.71547,0,0,1,1
0.0,23.980066,0.13533022,23.665041,24.274012,0.5349515,0.04511061,0.44244775,0.60326046,103.666466,0.92358106,102.438965,105.730286,0,1,1,1
0.14385155,24.749533,0.19644852,24.307499,24.975048,0.50738066,0.0448409,0.42129937,0.6386898,91.50821,1.921273,88.706245,93.86124,1,1,1,1
0.0,0.0,0.0,0.0,0.0,0.5100231,0.040515915,0.39744705,0.5735634,96.77704,1.2084073,93.82288,99.77669,0,0,1,1
0.04237228,24.376875,0.093586236,24.195055,24.499434,0.0,0.0,0.0,0.0,0.0,0.0,0.0,0.0,1,1,0,0
0.0,24.788774,0.19715583,24.520386,25.057959,0.58201593,0.025387455,0.5201833,0.638675,101.84845,1.5400683,99.615524,103.91315,0,1,1,1
0.0,25.76826,0.10673924,25.633486,25.967588,0.45846677,0.050848626,0.31069103,0.51397246,103.16375,1.1441697,101.042145,105.9063,0,1,1,1
0.055511728,24.514946,0.18458426,24.264622,24.869993,0.51024354,0.048913155,0.38997892,0.5869774,92.53016,2.7980828,88.06303,98.01294,1,1,1,1
0.0,0.0,0.0,0.0,0.0,0.4294854,0.064250685,0.3547848,0.5403497,91.238884,2.9231436,87.18243,95.62953,0,0,1,1
0.03403573,24.94103,0.12019476,24.801497,25.238937,0.0,0.0,0.0,0.0,0.0,0.0,0.0,0.0,1,1,0,0
0.0,0.0,0.0,0.0,0.0,0.49594575,0.050536387,0.36027813,0.5550898,101.15164,1.6578994,97.335625,104.19848,0,0,1,1
0.01942235,26.24899,0.107950605,26.071835,26.391481,0.0,0.0,0.0,0.0,0.0,0.0,0.0,0.0,1,1,0,0
0.0,0.0,0.0,0.0,0.0,0.53352034,0.050060607,0.47046125,0.6568143,92.41316,2.5237007,89.85946,98.04903,0,0,1,1
0.0,25.079062,0.15566535,24.866768,25.349623,0.56043714,0.023878487,0.51877236,0.6069503,103.32235,2.2721784,100.11915,106.2931,0,1,1,1
0.0033659665,24.611235,0.19946128,24.323015,25.071003,0.463732,0.03256912,0.43050766,0.51359814,100.48527,1.0740396,99.366615,101.93151,1,1,1,1
0.05253991,23.840982,0.1225894,23.651585,24.03356,0.0,0.0,0.0,0.0,0.0,0.0,0.0,0.0,1,1,0,0
0.0,0.0,0.0,0.0,0.0,0.53550076,0.0622221,0.4465189,0.6433847,100.988884,2.6346743,96.03408,105.05282,0,0,1,1
0.0,24.929873,0.094884776,24.754965,25.075922,0.5013281,0.061987896,0.4349326,0.66391444,91.09958,0.9450977,89.170815,93.042496,0,1,1,1
0.0,24.542486,0.08536036,24.396128,24.674444,0.49717882,0.03532219,0.4528566,0.5783269,98.983444,2.4531038,94.79589,102.12267,0,1,1,1
0.07634627,25.269163,0.0799958,25.095427,25.376133,0.0,0.0,0.0,0.0,0.0,0.0,0.0,0.0,1,1,0,0
0.0077813384,24.795376,0.10095903,24.54594,24.986967,0.5881011,0.0587669,0.5179699,0.6862926,103.32743,1.8457719,98.9515,105.95231,1,1,1,1
0.096153975,25.308857,0.25642416,24.673,25.712133,0.0,0.0,0.0,0.0,0.0,0.0,0.0,0.0,1,1,0,0
0.0013151845,26.099583,0.060507562,26.026695,26.174845,0.0,0.0,0.0,0.0,0.0,0.0,0.0,0.0,1,1,0,0
0.002290584,24.388494,0.2562806,23.910624,24.668245,0.4482482,0.051907673,0.37334454,0.5087717,92.809425,1.7640814,91.04079,94.83981,1,1,1,1
0.0,0.0,0.0,0.0,0.0,0.49205655,0.084399395,0.24569607,0.6990214,96.86943,0.14411564,96.04079,97.71781,0,0,1,1
0.03494476,24.574177,0.1626981,24.18803,24.765907,0.0,0.0,0.0,0.0,0.0,0.0,0.0,0.0,1,1,0,0
0.0,0.0,0.0,0.0,0.0,0.4784629,0.09259886,0.28775847,0.70162576,97.87582,2.314161,93.75506,101.27447,0,0,1,1
0.0,0.0,0.0,0.0,0.0,0.5365997,0.07802954,0.38686275,0.7573229,99.17468,1.7836101,95.56095,101.71002,0,0,1,1
0.0,25.289497,0.17646551,24.951757,25.682262,0.47288787,0.078353845,0.3040134,0.65170777,95.95671,1.9488486,93.39683,99.501015,0,1,1,1
0.004449855,25.085861,0.17174341,24.69727,25.443384,0.5355675,0.014322544,0.5179203,0.55706453,94.41612,2.2195332,90.812584,98.20275,1,1,1,1
0.063385315,25.388613,0.15706803,25.200119,25.568533,0.0,0.0,0.0,0.0,0.0,0.0,0.0,0.0,1,1,0,0
0.0,0.0,0.0,0.0,0.0,0.49859577,0.028241852,0.43562627,0.54677147,93.34515,2.0658762,88.416336,96.13085,0,0,1,1
0.0059953453,24.904293,0.11490994,24.753443,25.020725,0.0,0.0,0.0,0.0,0.0,0.0,0.0,0.0,1,1,0,0
0.0052268603,24.945421,0.13554524,24.792658,25.167889,0.5280481,0.060997996,0.37984833,0.67074835,98.76295,1.6409687,94.69596,101.89981,1,1,1,1
0.056904115,24.32575,0.16417642,24.066822,24.712782,0.4963669,0.08168267,0.36188123,0.66126096,102.12276,2.0281518,98.77522,106.271614,1,1,1,1
0.0,0.0,0.0,0.0,0.0,0.6105343,0.05375761,0.49026674,0.7568759,97.480995,2.1676645,94.847305,99.924805,0,0,1,1
0.036514744,23.960827,0.1941931,23.708761,24.169502,0.0,0.0,0.0,0.0,0.0,0.0,0.0,0.0,1,1,0,0
0.0,25.452911,0.21121888,25.14177,25.9796,0.45933622,0.07229378,0.26688635,0.5894528,101.23512,1.0769076,99.50695,102.50686,0,1,1,1
0.017367577,24.990046,0.17287661,24.607342,25.345139,0.5569598,0.04395751,0.42725235,0.6402228,98.23584,1.7981336,94.62307,102.56232,1,1,1,1
0.08813699,25.382778,0.13669918,25.199902,25.661858,0.0,0.0,0.0,0.0,0.0,0.0,0.0,0.0,1,1,0,0
0.0,0.0,0.0,0.0,0.0,0.5022121,0.039612457,0.41165265,0.6168792,103.12708,1.4977161,101.0017,104.71109,0,0,1,1
0.04678797,25.166435,0.15919791,24.95182,25.476088,0.4287071,0.08637893,0.2252683,0.573791,103.79902,3.3018641,98.42272,109.73567,1,1,1,1
0.024968201,23.986824,0.22182818,23.654198,24.356869,0.0,0.0,0.0,0.0,0.0,0.0,0.0,0.0,1,1,0,0
0.04425339,25.097855,0.14911595,24.938417,25.448977,0.56986445,0.10389948,0.3733745,0.86503935,90.464615,2.4758844,85.49415,93.92916,1,1,1,1
0.027383432,24.322128,0.1569865,23.937332,24.589594,0.5061476,0.08055383,0.35570434,0.65313053,99.93875,2.178288,96.812294,104.472496,1,1,1,1
0.0,0.0,0.0,0.0,0.0,0.53395367,0.051072385,0.46074447,0.5880278,94.153625,0.69916606,92.45476,95.70017,0,0,1,1
0.0,26.514837,0.093659304,26.326834,26.696371,0.43685213,0.05699356,0.34972313,0.5431309,106.59576,2.4367237,103.99906,109.08621,0,1,1,1
0.2361689,25.81368,0.14926249,25.604065,25.976358,0.4888122,0.08040622,0.30189368,0.5840972,104.45794,1.5322948,102.79814,106.83119,1,1,1,1
0.035635594,25.808088,0.11162278,25.553707,26.003506,0.41539508,0.06581235,0.31653693,0.59743863,103.23056,1.335568,100.26201,105.40834,1,1,1,1
0.019653177,24.745773,0.113956586,24.611832,25.011076,0.0,0.0,0.0,0.0,0.0,0.0,0.0,0.0,1,1,0,0
0.11491594,24.534302,0.13289008,24.367502,24.727898,0.439812,0.04643549,0.3363837,0.5320961,96.50669,2.0336657,93.48607,100.2866,1,1,1,1
0.04372354,26.11356,0.21366535,25.757603,26.634113,0.56937313,0.08051107,0.39882383,0.74164903,97.85469,3.201296,90.85354,103.414925,1,1,1,1
0.0,24.650331,0.085071705,24.537941,24.844364,0.52271634,0.04106763,0.4020778,0.619373,105.36919,1.2409358,102.80569,107.01573,0,1,1,1
0.053762835,24.370344,0.1732322,24.127983,24.728054,0.4536985,0.03673509,0.37826222,0.5545037,99.003296,2.417572,94.30498,103.744644,1,1,1,1
0.15707712,24.584774,0.13810404,24.342216,24.77835,0.0,0.0,0.0,0.0,0.0,0.0,0.0,0.0,1,1,0,0
0.0,24.408873,0.12897173,24.171175,24.553085,0.4710295,0.06801464,0.30654737,0.5758976,96.44497,1.9431134,94.39454,99.646774,0,1,1,1
0.41004634,24.847708,0.1719962,24.45229,25.215338,0.5579752,0.052409835,0.4921637,0.68885237,104.09542,2.4957747,101.37305,107.01802,1,1,1,1
0.0,0.0,0.0,0.0,0.0,0.5186527,0.05011075,0.4515388,0.56955576,100.2219,2.0214672,96.4767,104.43936,0,0,1,1
0.0,24.33842,0.14771004,24.171026,24.633387,0.59647286,0.048508525,0.54752284,0.71781427,101.05972,1.6314893,99.40921,102.849014,0,1,1,1
0.0,24.104242,0.20864932,23.710773,24.576523,0.46176147,0.02282872,0.42308763,0.49409536,88.67689,0.98753166,87.346855,91.000244,0,1,1,1
0.14883178,25.251923,0.086707264,25.13442,25.459007,0.0,0.0,0.0,0.0,0.0,0.0,0.0,0.0,1,1,0,0
0.0,0.0,0.0,0.0,0.0,0.5325089,0.07153437,0.35027206,0.61601526,97.10712,2.2130454,94.14313,101.43193,0,0,1,1
0.0,25.468447,0.2247185,25.066809,25.949629,0.46242774,0.051606078,0.3671911,0.57431865,104.43068,3.2159176,98.5696,111.860855,0,1,1,1
0.01942964,25.0201,0.14218065,24.734539,25.282461,0.0,0.0,0.0,0.0,0.0,0.0,0.0,0.0,1,1,0,0
0.100435205,25.459845,0.12638943,25.260485,25.724125,0.5023078,0.042172465,0.45920494,0.610132,103.17681,2.9939828,100.01719,109.13754,1,1,1,1
0.021782229,25.09056,0.16524729,24.784952,25.497238,0.0,0.0,0.0,0.0,0.0,0.0,0.0,0.0,1,1,0,0
0.0,25.262362,0.22898671,24.942242,25.75184,0.5033205,0.029901426,0.4246453,0.5793846,100.49098,2.9650486,93.98459,107.20349,0,1,1,1
0.020393908,24.216307,0.27217245,23.817066,24.60098,0.49821103,0.033564724,0.40627873,0.59044987,101.637245,1.9501773,96.96656,105.85059,1,1,1,1
0.0,25.941893,0.151281,25.66032,26.157383,0.56722933,0.050695397,0.433809,0.6389241,99.83185,2.6997783,93.599434,106.00005,0,1,1,1
0.010103951,25.248829,0.1612888,24.971539,25.572609,0.5475927,0.008406615,0.51975113,0.56138617,102.96137,2.805926,99.916435,109.09605,1,1,1,1
0.010001654,25.520357,0.11613167,25.283434,25.80244,0.0,0.0,0.0,0.0,0.0,0.0,0.0,0.0,1,1,0,0
0.005147027,24.132465,0.20610364,23.684893,24.449972,0.6082274,0.043022428,0.5601515,0.69352883,101.31739,2.7069457,95.511765,105.8684,1,1,1,1
0.0,0.0,0.0,0.0,0.0,0.46210712,0.040822446,0.39189902,0.57670534,100.62564,2.8839295,93.93988,106.807915,0,0,1,1
0.0,25.11744,0.13829172,24.892712,25.336689,0.5269473,0.045442585,0.46808016,0.60406935,98.36825,1.9428302,96.38857,102.12699,0,1,1,1
0.022149531,25.587248,0.2426002,25.045242,25.920881,0.0,0.0,0.0,0.0,0.0,0.0,0.0,0.0,1,1,0,0
0.023601837,25.77352,0.1941566,25.387888,26.042944,0.4997575,0.041333586,0.37783188,0.60977614,105.909515,1.5748047,102.99346,109.36856,1,1,1,1
0.0,0.0,0.0,0.0,0.0,0.43066627,0.041119542,0.31038934,0.5367769,96.75845,1.670316,93.32191,99.60458,0,0,1,1
0.0,24.842596,0.07986177,24.727943,24.954988,0.5188396,0.047186803,0.4040423,0.5935807,101.72623,2.4344752,97.40552,104.28863,0,1,1,1
0.009485427,24.335464,0.11843798,24.125734,24.51915,0.46365395,0.062636025,0.3658259,0.53580606,105.41357,2.2446637,102.500656,108.88691,1,1,1,1
0.0300069,25.050478,0.20419087,24.625444,25.55872,0.5078704,0.07295225,0.39736834,0.65410775,104.205246,2.6185238,99.75845,107.88076,1,1,1,1
0.0054345583,24.12449,0.15520647,23.966442,24.368656,0.0,0.0,0.0,0.0,0.0,0.0,0.0,0.0,1,1,0,0
0.33134094,25.7224,0.23551214,25.231083,25.966387,0.5019979,0.06383376,0.37529835,0.59341717,99.03841,4.1331825,89.201096,106.63841,1,1,1,1
0.0074400133,25.298975,0.24201979,24.92018,25.72622,0.0,0.0,0.0,0.0,0.0,0.0,0.0,0.0,1,1,0,0
0.0,24.974272,0.10136441,24.732023,25.173063,0.42822054,0.07214633,0.27649695,0.6162054,101.830574,2.147136,99.424675,105.037025,0,1,1,1
0.0,0.0,0.0,0.0,0.0,0.37719077,0.06697069,0.18624775,0.5057948,99.97191,2.7560232,94.246994,103.43538,0,0,1,1
0.04349467,24.843279,0.20621231,24.383017,25.249804,0.4833285,0.08469402,0.26873598,0.59847397,93.96732,1.9607706,90.36416,96.17663,1,1,1,1
0.09785731,26.015892,0.19159135,25.771507,26.451036,0.4507936,0.08361224,0.34073463,0.6449516,88.4621,2.742161,85.49423,91.44883,1,1,1,1
0.024034344,24.911856,0.111207664,24.676311,25.15783,0.0,0.0,0.0,0.0,0.0,0.0,0.0,0.0,1,1,0,0
0.0,24.261415,0.22712454,23.968758,24.81634,0.39677796,0.058713,0.24032897,0.5159937,109.84783,2.1273396,105.26195,112.84862,0,1,1,1
0.014221793,24.743776,0.11060477,24.549095,24.987862,0.0,0.0,0.0,0.0,0.0,0.0,0.0,0.0,1,1,0,0
0.0012259864,24.476368,0.040439386,24.35886,24.530088,0.4757107,0.03008014,0.39681128,0.5310415,99.42152,1.5290674,96.18012,102.53677,1,1,1,1
1.36464005e-05,25.862083,0.2516158,25.256144,26.246857,0.46691853,0.06415993,0.3816965,0.5871484,93.14336,1.746381,90.41482,96.03258,1,1,1,1
0.0,23.565405,0.2075723,23.107153,23.803637,0.54339635,0.05253782,0.44686934,0.6698074,96.12339,2.4682264,91.51713,98.98813,0,1,1,1
0.009842798,25.10638,0.09754731,24.918205,25.32356,0.0,0.0,0.0,0.0,0.0,0.0,0.0,0.0,1,1,0,0
0.06830918,24.681793,0.16158372,24.429089,25.03795,0.0,0.0,0.0,0.0,0.0,0.0,0.0,0.0,1,1,0,0
0.029201137,24.656153,0.13483089,24.323215,24.948715,0.0,0.0,0.0,0.0,0.0,0.0,0.0,0.0,1,1,0,0
