f0,f1,f2,f3,f4,f5,f6,f7,f8,f9,f10,f11,f12,f13,f14,f15,m0,m1,m2,m3
31.0,0.0,31.0,31.0,85.3,0.0,85.3,85.3,1.786311,0.834759,0.588544,2.823527,75.0,50.0,0.0,100.0,1,1,1,1
31.0,0.0,31.0,31.0,83.6,0.0,83.6,83.6,1.819889,1.070092,0.398738,3.093694,75.0,50.0,0.0,100.0,1,1,1,1
31.0,0.0,31.0,31.0,83.6,0.0,83.6,83.6,1.819889,1.070092,0.398738,3.093694,16.5,33.0,0.0,66.0,1,1,1,1
31.0,0.0,31.0,31.0,83.6,0.0,83.6,83.6,1.819889,1.070092,0.398738,3.093694,0.0,0.0,0.0,0.0,1,1,1,1
31.0,0.0,31.0,31.0,83.6,0.0,83.6,83.6,1.627557,0.893673,0.596872,2.982404,0.0,0.0,0.0,0.0,1,1,1,1
31.0,0.0,31.0,31.0,83.6,0.0,83.6,83.6,1.627557,0.893673,0.596872,2.982404,100.0,0.0,100.0,100.0,1,1,1,1
31.0,0.0,31.0,31.0,83.6,0.0,83.6,83.6,1.627557,0.893673,0.596872,2.982404,71.5,48.121374,0.0,100.0,1,1,1,1
31.0,0.0,31.0,31.0,83.6,0.0,83.6,83.6,1.627557,0.893673,0.596872,2.982404,69.0,47.370877,0.0,100.0,1,1,1,1
31.0,0.0,31.0,31.0,83.6,0.0,83.6,83.6,1.627557,0.893673,0.596872,2.982404,75.0,50.0,0.0,100.0,1,1,1,1
31.0,0.0,31.0,31.0,83.6,0.0,83.6,83.6,1.627557,0.893673,0.596872,2.982404,16.5,33.0,0.0,66.0,1,1,1,1
31.0,0.0,31.0,31.0,83.6,0.0,83.6,83.6,1.137693,0.268864,0.827352,1.650421,0.0,0.0,0.0,0.0,1,1,1,1
31.0,0.0,31.0,31.0,83.6,0.0,83.6,83.6,1.137693,0.268864,0.827352,1.650421,100.0,0.0,100.0,100.0,1,1,1,1
31.0,0.0,31.0,31.0,83.6,0.0,83.6,83.6,1.137693,0.268864,0.827352,1.650421,71.5,48.121374,0.0,100.0,1,1,1,1
31.0,0.0,31.0,31.0,83.6,0.0,83.6,83.6,1.137693,0.268864,0.827352,1.650421,69.0,47.370877,0.0,100.0,1,1,1,1
31.0,0.0,31.0,31.0,83.6,0.0,83.6,83.6,1.137693,0.268864,0.827352,1.650421,75.0,50.0,0.0,100.0,1,1,1,1
31.0,0.0,31.0,31.0,83.6,0.0,83.6,83.6,1.137693,0.268864,0.827352,1.650421,16.5,33.0,0.0,66.0,1,1,1,1
31.0,0.0,31.0,31.0,83.6,0.0,83.6,83.6,1.137693,0.268864,0.827352,1.650421,0.0,0.0,0.0,0.0,1,1,1,1
31.0,0.0,31.0,31.0,83.6,0.0,83.6,83.6,0.359362,0.0,0.359362,0.359362,0.0,0.0,0.0,0.0,1,1,1,1
31.0,0.0,31.0,31.0,83.6,0.0,83.6,83.6,1.819889,1.070092,0.398738,3.093694,69.0,47.370877,0.0,100.0,1,1,1,1
31.0,0.0,31.0,31.0,83.6,0.0,83.6,83.6,1.819889,1.070092,0.398738,3.093694,71.5,48.121374,0.0,100.0,1,1,1,1
31.0,0.0,31.0,31.0,83.6,0.0,83.6,83.6,1.819889,1.070092,0.398738,3.093694,100.0,0.0,100.0,100.0,1,1,1,1
31.0,0.0,31.0,31.0,83.6,0.0,83.6,83.6,1.819889,1.070092,0.398738,3.093694,0.0,0.0,0.0,0.0,1,1,1,1
31.0,0.0,31.0,31.0,85.4,0.0,85.4,85.4,0.333727,0.0,0.333727,0.333727,69.0,47.370877,0.0,100.0,1,1,1,1
31.0,0.0,31.0,31.0,85.4,0.0,85.4,85.4,0.333727,0.0,0.333727,0.333727,75.0,50.0,0.0,100.0,1,1,1,1
31.0,0.0,31.0,31.0,85.4,0.0,85.4,85.4,0.333727,0.0,0.333727,0.333727,16.5,33.0,0.0,66.0,1,1,1,1
31.0,0.0,31.0,31.0,85.4,0.0,85.4,85.4,0.333727,0.0,0.333727,0.333727,0.0,0.0,0.0,0.0,1,1,1,1
31.0,0.0,31.0,31.0,85.4,0.0,85.4,85.4,0.290816,0.0,0.290816,0.290816,0.0,0.0,0.0,0.0,1,1,1,1
31.0,0.0,31.0,31.0,85.4,0.0,85.4,85.4,0.290816,0.0,0.290816,0.290816,100.0,0.0,100.0,100.0,1,1,1,1
31.0,0.0,31.0,31.0,85.4,0.0,85.4,85.4,0.290816,0.0,0.290816,0.290816,71.5,48.121374,0.0,100.0,1,1,1,1
31.0,0.0,31.0,31.0,85.4,0.0,85.4,85.4,0.290816,0.0,0.290816,0.290816,69.0,47.370877,0.0,100.0,1,1,1,1
31.0,0.0,31.0,31.0,83.6,0.0,83.6,83.6,0.359362,0.0,0.359362,0.359362,100.0,0.0,100.0,100.0,1,1,1,1
31.0,0.0,31.0,31.0,85.4,0.0,85.4,85.4,0.290816,0.0,0.290816,0.290816,75.0,50.0,0.0,100.0,1,1,1,1
31.0,0.0,31.0,31.0,85.4,0.0,85.4,85.4,0.290816,0.0,0.290816,0.290816,0.0,0.0,0.0,0.0,1,1,1,1
31.0,0.0,31.0,31.0,83.6,0.0,83.6,83.6,1.0587,0.004893,1.052076,1.064616,0.0,0.0,0.0,0.0,1,1,1,1
31.0,0.0,31.0,31.0,83.6,0.0,83.6,83.6,1.0587,0.004893,1.052076,1.064616,100.0,0.0,100.0,100.0,1,1,1,1
31.0,0.0,31.0,31.0,83.6,0.0,83.6,83.6,1.0587,0.004893,1.052076,1.064616,71.5,48.121374,0.0,100.0,1,1,1,1
31.0,0.0,31.0,31.0,83.6,0.0,83.6,83.6,1.0587,0.004893,1.052076,1.064616,69.0,47.370877,0.0,100.0,1,1,1,1
31.0,0.0,31.0,31.0,83.6,0.0,83.6,83.6,1.0587,0.004893,1.052076,1.064616,75.0,50.0,0.0,100.0,1,1,1,1
31.0,0.0,31.0,31.0,83.6,0.0,83.6,83.6,1.0587,0.004893,1.052076,1.064616,16.5,33.0,0.0,66.0,1,1,1,1
31.0,0.0,31.0,31.0,83.6,0.0,83.6,83.6,1.0587,0.004893,1.052076,1.064616,0.0,0.0,0.0,0.0,1,1,1,1
31.0,0.0,31.0,31.0,85.4,0.0,85.4,85.4,0.290816,0.0,0.290816,0.290816,16.5,33.0,0.0,66.0,1,1,1,1
31.0,0.0,31.0,31.0,85.4,0.0,85.4,85.4,0.333727,0.0,0.333727,0.333727,71.5,48.121374,0.0,100.0,1,1,1,1
31.0,0.0,31.0,31.0,83.6,0.0,83.6,83.6,0.359362,0.0,0.359362,0.359362,71.5,48.121374,0.0,100.0,1,1,1,1
31.0,0.0,31.0,31.0,83.6,0.0,83.6,83.6,0.359362,0.0,0.359362,0.359362,75.0,50.0,0.0,100.0,1,1,1,1
62.3,0.0,62.3,62.3,168.6,0.0,168.6,168.6,1.0587,0.004893,1.052076,1.064616,0.0,0.0,0.0,0.0,1,1,1,1
62.3,0.0,62.3,62.3,168.6,0.0,168.6,168.6,1.819889,1.070092,0.398738,3.093694,0.0,0.0,0.0,0.0,1,1,1,1
62.3,0.0,62.3,62.3,168.6,0.0,168.6,168.6,1.819889,1.070092,0.398738,3.093694,100.0,0.0,100.0,100.0,1,1,1,1
62.3,0.0,62.3,62.3,168.6,0.0,168.6,168.6,1.819889,1.070092,0.398738,3.093694,71.5,48.121374,0.0,100.0,1,1,1,1
62.3,0.0,62.3,62.3,168.6,0.0,168.6,168.6,1.819889,1.070092,0.398738,3.093694,69.0,47.370877,0.0,100.0,1,1,1,1
62.3,0.0,62.3,62.3,168.6,0.0,168.6,168.6,1.819889,1.070092,0.398738,3.093694,75.0,50.0,0.0,100.0,1,1,1,1
62.3,0.0,62.3,62.3,168.6,0.0,168.6,168.6,1.819889,1.070092,0.398738,3.093694,16.5,33.0,0.0,66.0,1,1,1,1
62.3,0.0,62.3,62.3,168.6,0.0,168.6,168.6,1.819889,1.070092,0.398738,3.093694,0.0,0.0,0.0,0.0,1,1,1,1
62.3,0.0,62.3,62.3,168.6,0.0,168.6,168.6,1.627557,0.893673,0.596872,2.982404,0.0,0.0,0.0,0.0,1,1,1,1
62.3,0.0,62.3,62.3,168.6,0.0,168.6,168.6,1.627557,0.893673,0.596872,2.982404,100.0,0.0,100.0,100.0,1,1,1,1
62.3,0.0,62.3,62.3,168.6,0.0,168.6,168.6,1.627557,0.893673,0.596872,2.982404,71.5,48.121374,0.0,100.0,1,1,1,1
62.3,0.0,62.3,62.3,168.6,0.0,168.6,168.6,1.627557,0.893673,0.596872,2.982404,69.0,47.370877,0.0,100.0,1,1,1,1
62.3,0.0,62.3,62.3,168.6,0.0,168.6,168.6,1.627557,0.893673,0.596872,2.982404,75.0,50.0,0.0,100.0,1,1,1,1
62.3,0.0,62.3,62.3,168.6,0.0,168.6,168.6,1.627557,0.893673,0.596872,2.982404,16.5,33.0,0.0,66.0,1,1,1,1
62.3,0.0,62.3,62.3,168.6,0.0,168.6,168.6,1.627557,0.893673,0.596872,2.982404,0.0,0.0,0.0,0.0,1,1,1,1
62.3,0.0,62.3,62.3,168.6,0.0,168.6,168.6,1.137693,0.268864,0.827352,1.650421,0.0,0.0,0.0,0.0,1,1,1,1
62.3,0.0,62.3,62.3,168.6,0.0,168.6,168.6,1.137693,0.268864,0.827352,1.650421,100.0,0.0,100.0,100.0,1,1,1,1
62.3,0.0,62.3,62.3,168.6,0.0,168.6,168.6,1.0587,0.004893,1.052076,1.064616,16.5,33.0,0.0,66.0,1,1,1,1
62.3,0.0,62.3,62.3,168.6,0.0,168.6,168.6,1.0587,0.004893,1.052076,1.064616,75.0,50.0,0.0,100.0,1,1,1,1
62.3,0.0,62.3,62.3,168.6,0.0,168.6,168.6,1.0587,0.004893,1.052076,1.064616,69.0,47.370877,0.0,100.0,1,1,1,1
62.3,0.0,62.3,62.3,168.6,0.0,168.6,168.6,1.0587,0.004893,1.052076,1.064616,71.5,48.121374,0.0,100.0,1,1,1,1
31.0,0.0,31.0,31.0,83.6,0.0,83.6,83.6,0.359362,0.0,0.359362,0.359362,16.5,33.0,0.0,66.0,1,1,1,1
31.0,0.0,31.0,31.0,83.6,0.0,83.6,83.6,0.359362,0.0,0.359362,0.359362,0.0,0.0,0.0,0.0,1,1,1,1
31.0,0.0,31.0,31.0,83.6,0.0,83.6,83.6,0.333727,0.0,0.333727,0.333727,0.0,0.0,0.0,0.0,1,1,1,1
31.0,0.0,31.0,31.0,83.6,0.0,83.6,83.6,0.333727,0.0,0.333727,0.333727,100.0,0.0,100.0,100.0,1,1,1,1
31.0,0.0,31.0,31.0,83.6,0.0,83.6,83.6,0.333727,0.0,0.333727,0.333727,71.5,48.121374,0.0,100.0,1,1,1,1
31.0,0.0,31.0,31.0,83.6,0.0,83.6,83.6,0.333727,0.0,0.333727,0.333727,69.0,47.370877,0.0,100.0,1,1,1,1
31.0,0.0,31.0,31.0,83.6,0.0,83.6,83.6,0.333727,0.0,0.333727,0.333727,75.0,50.0,0.0,100.0,1,1,1,1
31.0,0.0,31.0,31.0,83.6,0.0,83.6,83.6,0.333727,0.0,0.333727,0.333727,16.5,33.0,0.0,66.0,1,1,1,1
31.0,0.0,31.0,31.0,83.6,0.0,83.6,83.6,0.359362,0.0,0.359362,0.359362,69.0,47.370877,0.0,100.0,1,1,1,1
31.0,0.0,31.0,31.0,83.6,0.0,83.6,83.6,0.333727,0.0,0.333727,0.333727,0.0,0.0,0.0,0.0,1,1,1,1
31.0,0.0,31.0,31.0,83.6,0.0,83.6,83.6,0.290816,0.0,0.290816,0.290816,100.0,0.0,100.0,100.0,1,1,1,1
31.0,0.0,31.0,31.0,83.6,0.0,83.6,83.6,0.290816,0.0,0.290816,0.290816,71.5,48.121374,0.0,100.0,1,1,1,1
31.0,0.0,31.0,31.0,83.6,0.0,83.6,83.6,0.290816,0.0,0.290816,0.290816,69.0,47.370877,0.0,100.0,1,1,1,1
31.0,0.0,31.0,31.0,83.6,0.0,83.6,83.6,0.290816,0.0,0.290816,0.290816,75.0,50.0,0.0,100.0,1,1,1,1
31.0,0.0,31.0,31.0,83.6,0.0,83.6,83.6,0.290816,0.0,0.290816,0.290816,16.5,33.0,0.0,66.0,1,1,1,1
31.0,0.0,31.0,31.0,83.6,0.0,83.6,83.6,0.290816,0.0,0.290816,0.290816,0.0,0.0,0.0,0.0,1,1,1,1
62.3,0.0,62.3,62.3,168.6,0.0,168.6,168.6,1.0587,0.004893,1.052076,1.064616,0.0,0.0,0.0,0.0,1,1,1,1
62.3,0.0,62.3,62.3,168.6,0.0,168.6,168.6,1.0587,0.004893,1.052076,1.064616,100.0,0.0,100.0,100.0,1,1,1,1
31.0,0.0,31.0,31.0,83.6,0.0,83.6,83.6,0.290816,0.0,0.290816,0.290816,0.0,0.0,0.0,0.0,1,1,1,1
31.0,0.0,31.0,31.0,85.4,0.0,85.4,85.4,0.333727,0.0,0.333727,0.333727,100.0,0.0,100.0,100.0,1,1,1,1
31.0,0.0,31.0,31.0,85.4,0.0,85.4,85.4,0.333727,0.0,0.333727,0.333727,0.0,0.0,0.0,0.0,1,1,1,1
31.0,0.0,31.0,31.0,85.4,0.0,85.4,85.4,0.359362,0.0,0.359362,0.359362,0.0,0.0,0.0,0.0,1,1,1,1
30.9,0.0,30.9,30.9,86.2,0.0,86.2,86.2,1.137693,0.268864,0.827352,1.650421,100.0,0.0,100.0,100.0,1,1,1,1
30.9,0.0,30.9,30.9,86.2,0.0,86.2,86.2,1.137693,0.268864,0.827352,1.650421,71.5,48.121374,0.0,100.0,1,1,1,1
30.9,0.0,30.9,30.9,86.2,0.0,86.2,86.2,1.137693,0.268864,0.827352,1.650421,69.0,47.370877,0.0,100.0,1,1,1,1
30.9,0.0,30.9,30.9,86.2,0.0,86.2,86.2,1.137693,0.268864,0.827352,1.650421,75.0,50.0,0.0,100.0,1,1,1,1
30.9,0.0,30.9,30.9,86.2,0.0,86.2,86.2,1.137693,0.268864,0.827352,1.650421,16.5,33.0,0.0,66.0,1,1,1,1
30.9,0.0,30.9,30.9,86.2,0.0,86.2,86.2,1.137693,0.268864,0.827352,1.650421,0.0,0.0,0.0,0.0,1,1,1,1
30.9,0.0,30.9,30.9,86.2,0.0,86.2,86.2,0.359362,0.0,0.359362,0.359362,0.0,0.0,0.0,0.0,1,1,1,1
30.9,0.0,30.9,30.9,86.2,0.0,86.2,86.2,0.359362,0.0,0.359362,0.359362,100.0,0.0,100.0,100.0,1,1,1,1
30.9,0.0,30.9,30.9,86.2,0.0,86.2,86.2,0.359362,0.0,0.359362,0.359362,71.5,48.121374,0.0,100.0,1,1,1,1
30.9,0.0,30.9,30.9,86.2,0.0,86.2,86.2,0.359362,0.0,0.359362,0.359362,69.0,47.370877,0.0,100.0,1,1,1,1
30.9,0.0,30.9,30.9,86.2,0.0,86.2,86.2,0.359362,0.0,0.359362,0.359362,75.0,50.0,0.0,100.0,1,1,1,1
30.9,0.0,30.9,30.9,86.2,0.0,86.2,86.2,0.359362,0.0,0.359362,0.359362,16.5,33.0,0.0,66.0,1,1,1,1
30.9,0.0,30.9,30.9,86.2,0.0,86.2,86.2,0.359362,0.0,0.359362,0.359362,0.0,0.0,0.0,0.0,1,1,1,1
30.9,0.0,30.9,30.9,86.2,0.0,86.2,86.2,0.333727,0.0,0.333727,0.333727,0.0,0.0,0.0,0.0,1,1,1,1
30.9,0.0,30.9,30.9,86.2,0.0,86.2,86.2,0.333727,0.0,0.333727,0.333727,100.0,0.0,100.0,100.0,1,1,1,1
30.9,0.0,30.9,30.9,86.2,0.0,86.2,86.2,0.333727,0.0,0.333727,0.333727,71.5,48.121374,0.0,100.0,1,1,1,1
30.9,0.0,30.9,30.9,86.2,0.0,86.2,86.2,0.333727,0.0,0.333727,0.333727,69.0,47.370877,0.0,100.0,1,1,1,1
30.9,0.0,30.9,30.9,86.2,0.0,86.2,86.2,1.137693,0.268864,0.827352,1.650421,0.0,0.0,0.0,0.0,1,1,1,1
30.9,0.0,30.9,30.9,86.2,0.0,86.2,86.2,1.627557,0.893673,0.596872,2.982404,0.0,0.0,0.0,0.0,1,1,1,1
30.9,0.0,30.9,30.9,86.2,0.0,86.2,86.2,1.627557,0.893673,0.596872,2.982404,16.5,33.0,0.0,66.0,1,1,1,1
30.9,0.0,30.9,30.9,86.2,0.0,86.2,86.2,1.627557,0.893673,0.596872,2.982404,75.0,50.0,0.0,100.0,1,1,1,1
30.9,0.0,30.9,30.9,86.2,0.0,86.2,86.2,1.0587,0.004893,1.052076,1.064616,0.0,0.0,0.0,0.0,1,1,1,1
30.9,0.0,30.9,30.9,86.2,0.0,86.2,86.2,1.0587,0.004893,1.052076,1.064616,100.0,0.0,100.0,100.0,1,1,1,1
30.9,0.0,30.9,30.9,86.2,0.0,86.2,86.2,1.0587,0.004893,1.052076,1.064616,71.5,48.121374,0.0,100.0,1,1,1,1
30.9,0.0,30.9,30.9,86.2,0.0,86.2,86.2,1.0587,0.004893,1.052076,1.064616,69.0,47.370877,0.0,100.0,1,1,1,1
30.9,0.0,30.9,30.9,86.2,0.0,86.2,86.2,1.0587,0.004893,1.052076,1.064616,75.0,50.0,0.0,100.0,1,1,1,1
30.9,0.0,30.9,30.9,86.2,0.0,86.2,86.2,1.0587,0.004893,1.052076,1.064616,16.5,33.0,0.0,66.0,1,1,1,1
30.9,0.0,30.9,30.9,86.2,0.0,86.2,86.2,1.0587,0.004893,1.052076,1.064616,0.0,0.0,0.0,0.0,1,1,1,1
30.9,0.0,30.9,30.9,86.2,0.0,86.2,86.2,1.819889,1.070092,0.398738,3.093694,0.0,0.0,0.0,0.0,1,1,1,1
30.9,0.0,30.9,30.9,86.2,0.0,86.2,86.2,0.333727,0.0,0.333727,0.333727,75.0,50.0,0.0,100.0,1,1,1,1
30.9,0.0,30.9,30.9,86.2,0.0,86.2,86.2,1.819889,1.070092,0.398738,3.093694,100.0,0.0,100.0,100.0,1,1,1,1
30.9,0.0,30.9,30.9,86.2,0.0,86.2,86.2,1.819889,1.070092,0.398738,3.093694,69.0,47.370877,0.0,100.0,1,1,1,1
30.9,0.0,30.9,30.9,86.2,0.0,86.2,86.2,1.819889,1.070092,0.398738,3.093694,75.0,50.0,0.0,100.0,1,1,1,1
30.9,0.0,30.9,30.9,86.2,0.0,86.2,86.2,1.819889,1.070092,0.398738,3.093694,16.5,33.0,0.0,66.0,1,1,1,1
30.9,0.0,30.9,30.9,86.2,0.0,86.2,86.2,1.819889,1.070092,0.398738,3.093694,0.0,0.0,0.0,0.0,1,1,1,1
30.9,0.0,30.9,30.9,86.2,0.0,86.2,86.2,1.627557,0.893673,0.596872,2.982404,0.0,0.0,0.0,0.0,1,1,1,1
30.9,0.0,30.9,30.9,86.2,0.0,86.2,86.2,1.627557,0.893673,0.596872,2.982404,100.0,0.0,100.0,100.0,1,1,1,1
30.9,0.0,30.9,30.9,86.2,0.0,86.2,86.2,1.627557,0.893673,0.596872,2.982404,71.5,48.121374,0.0,100.0,1,1,1,1
30.9,0.0,30.9,30.9,86.2,0.0,86.2,86.2,1.627557,0.893673,0.596872,2.982404,69.0,47.370877,0.0,100.0,1,1,1,1
30.9,0.0,30.9,30.9,86.2,0.0,86.2,86.2,1.819889,1.070092,0.398738,3.093694,71.5,48.121374,0.0,100.0,1,1,1,1
30.9,0.0,30.9,30.9,86.2,0.0,86.2,86.2,0.333727,0.0,0.333727,0.333727,16.5,33.0,0.0,66.0,1,1,1,1
30.9,0.0,30.9,30.9,86.2,0.0,86.2,86.2,0.333727,0.0,0.333727,0.333727,0.0,0.0,0.0,0.0,1,1,1,1
30.9,0.0,30.9,30.9,86.2,0.0,86.2,86.2,0.290816,0.0,0.290816,0.290816,0.0,0.0,0.0,0.0,1,1,1,1
31.0,0.0,31.0,31.0,85.4,0.0,85.4,85.4,1.627557,0.893673,0.596872,2.982404,71.5,48.121374,0.0,100.0,1,1,1,1
31.0,0.0,31.0,31.0,85.4,0.0,85.4,85.4,1.627557,0.893673,0.596872,2.982404,69.0,47.370877,0.0,100.0,1,1,1,1
31.0,0.0,31.0,31.0,85.4,0.0,85.4,85.4,1.627557,0.893673,0.596872,2.982404,75.0,50.0,0.0,100.0,1,1,1,1
31.0,0.0,31.0,31.0,85.4,0.0,85.4,85.4,1.627557,0.893673,0.596872,2.982404,16.5,33.0,0.0,66.0,1,1,1,1
31.0,0.0,31.0,31.0,85.4,0.0,85.4,85.4,1.627557,0.893673,0.596872,2.982404,0.0,0.0,0.0,0.0,1,1,1,1
31.0,0.0,31.0,31.0,85.4,0.0,85.4,85.4,1.137693,0.268864,0.827352,1.650421,0.0,0.0,0.0,0.0,1,1,1,1
31.0,0.0,31.0,31.0,85.4,0.0,85.4,85.4,1.137693,0.268864,0.827352,1.650421,100.0,0.0,100.0,100.0,1,1,1,1
31.0,0.0,31.0,31.0,85.4,0.0,85.4,85.4,1.137693,0.268864,0.827352,1.650421,71.5,48.121374,0.0,100.0,1,1,1,1
31.0,0.0,31.0,31.0,85.4,0.0,85.4,85.4,1.627557,0.893673,0.596872,2.982404,100.0,0.0,100.0,100.0,1,1,1,1
31.0,0.0,31.0,31.0,85.4,0.0,85.4,85.4,1.137693,0.268864,0.827352,1.650421,69.0,47.370877,0.0,100.0,1,1,1,1
31.0,0.0,31.0,31.0,85.4,0.0,85.4,85.4,1.137693,0.268864,0.827352,1.650421,16.5,33.0,0.0,66.0,1,1,1,1
31.0,0.0,31.0,31.0,85.4,0.0,85.4,85.4,1.137693,0.268864,0.827352,1.650421,0.0,0.0,0.0,0.0,1,1,1,1
31.0,0.0,31.0,31.0,85.4,0.0,85.4,85.4,0.359362,0.0,0.359362,0.359362,0.0,0.0,0.0,0.0,1,1,1,1
31.0,0.0,31.0,31.0,85.4,0.0,85.4,85.4,0.359362,0.0,0.359362,0.359362,100.0,0.0,100.0,100.0,1,1,1,1
31.0,0.0,31.0,31.0,85.4,0.0,85.4,85.4,0.359362,0.0,0.359362,0.359362,71.5,48.121374,0.0,100.0,1,1,1,1
31.0,0.0,31.0,31.0,85.4,0.0,85.4,85.4,0.359362,0.0,0.359362,0.359362,69.0,47.370877,0.0,100.0,1,1,1,1
31.0,0.0,31.0,31.0,85.4,0.0,85.4,85.4,0.359362,0.0,0.359362,0.359362,75.0,50.0,0.0,100.0,1,1,1,1
31.0,0.0,31.0,31.0,85.4,0.0,85.4,85.4,0.359362,0.0,0.359362,0.359362,16.5,33.0,0.0,66.0,1,1,1,1
31.0,0.0,31.0,31.0,85.4,0.0,85.4,85.4,1.137693,0.268864,0.827352,1.650421,75.0,50.0,0.0,100.0,1,1,1,1
62.3,0.0,62.3,62.3,168.6,0.0,168.6,168.6,1.137693,0.268864,0.827352,1.650421,71.5,48.121374,0.0,100.0,1,1,1,1
31.0,0.0,31.0,31.0,85.4,0.0,85.4,85.4,1.627557,0.893673,0.596872,2.982404,0.0,0.0,0.0,0.0,1,1,1,1
31.0,0.0,31.0,31.0,85.4,0.0,85.4,85.4,1.819889,1.070092,0.398738,3.093694,16.5,33.0,0.0,66.0,1,1,1,1
30.9,0.0,30.9,30.9,86.2,0.0,86.2,86.2,0.290816,0.0,0.290816,0.290816,100.0,0.0,100.0,100.0,1,1,1,1
30.9,0.0,30.9,30.9,86.2,0.0,86.2,86.2,0.290816,0.0,0.290816,0.290816,71.5,48.121374,0.0,100.0,1,1,1,1
30.9,0.0,30.9,30.9,86.2,0.0,86.2,86.2,0.290816,0.0,0.290816,0.290816,69.0,47.370877,0.0,100.0,1,1,1,1
30.9,0.0,30.9,30.9,86.2,0.0,86.2,86.2,0.290816,0.0,0.290816,0.290816,75.0,50.0,0.0,100.0,1,1,1,1
30.9,0.0,30.9,30.9,86.2,0.0,86.2,86.2,0.290816,0.0,0.290816,0.290816,16.5,33.0,0.0,66.0,1,1,1,1
30.9,0.0,30.9,30.9,86.2,0.0,86.2,86.2,0.290816,0.0,0.290816,0.290816,0.0,0.0,0.0,0.0,1,1,1,1
31.0,0.0,31.0,31.0,85.4,0.0,85.4,85.4,1.0587,0.004893,1.052076,1.064616,0.0,0.0,0.0,0.0,1,1,1,1
31.0,0.0,31.0,31.0,85.4,0.0,85.4,85.4,1.0587,0.004893,1.052076,1.064616,100.0,0.0,100.0,100.0,1,1,1,1
31.0,0.0,31.0,31.0,85.4,0.0,85.4,85.4,1.819889,1.070092,0.398738,3.093694,0.0,0.0,0.0,0.0,1,1,1,1
31.0,0.0,31.0,31.0,85.4,0.0,85.4,85.4,1.0587,0.004893,1.052076,1.064616,71.5,48.121374,0.0,100.0,1,1,1,1
31.0,0.0,31.0,31.0,85.4,0.0,85.4,85.4,1.0587,0.004893,1.052076,1.064616,75.0,50.0,0.0,100.0,1,1,1,1
31.0,0.0,31.0,31.0,85.4,0.0,85.4,85.4,1.0587,0.004893,1.052076,1.064616,16.5,33.0,0.0,66.0,1,1,1,1
31.0,0.0,31.0,31.0,85.4,0.0,85.4,85.4,1.0587,0.004893,1.052076,1.064616,0.0,0.0,0.0,0.0,1,1,1,1
31.0,0.0,31.0,31.0,85.4,0.0,85.4,85.4,1.819889,1.070092,0.398738,3.093694,0.0,0.0,0.0,0.0,1,1,1,1
31.0,0.0,31.0,31.0,85.4,0.0,85.4,85.4,1.819889,1.070092,0.398738,3.093694,100.0,0.0,100.0,100.0,1,1,1,1
31.0,0.0,31.0,31.0,85.4,0.0,85.4,85.4,1.819889,1.070092,0.398738,3.093694,71.5,48.121374,0.0,100.0,1,1,1,1
31.0,0.0,31.0,31.0,85.4,0.0,85.4,85.4,1.819889,1.070092,0.398738,3.093694,69.0,47.370877,0.0,100.0,1,1,1,1
31.0,0.0,31.0,31.0,85.4,0.0,85.4,85.4,1.819889,1.070092,0.398738,3.093694,75.0,50.0,0.0,100.0,1,1,1,1
31.0,0.0,31.0,31.0,85.4,0.0,85.4,85.4,1.0587,0.004893,1.052076,1.064616,69.0,47.370877,0.0,100.0,1,1,1,1
62.3,0.0,62.3,62.3,168.6,0.0,168.6,168.6,1.137693,0.268864,0.827352,1.650421,69.0,47.370877,0.0,100.0,1,1,1,1
31.0,0.0,31.0,31.0,83.6,0.0,83.6,83.6,1.627557,0.893673,0.596872,2.982404,0.0,0.0,0.0,0.0,1,1,1,1
62.3,0.0,62.3,62.3,168.6,0.0,168.6,168.6,1.137693,0.268864,0.827352,1.650421,16.5,33.0,0.0,66.0,1,1,1,1
31.1,0.0,31.1,31.1,84.8,0.0,84.8,84.8,0.333727,0.0,0.333727,0.333727,71.5,48.121374,0.0,100.0,1,1,1,1
31.1,0.0,31.1,31.1,84.8,0.0,84.8,84.8,0.333727,0.0,0.333727,0.333727,69.0,47.370877,0.0,100.0,1,1,1,1
31.1,0.0,31.1,31.1,84.8,0.0,84.8,84.8,0.333727,0.0,0.333727,0.333727,75.0,50.0,0.0,100.0,1,1,1,1
31.1,0.0,31.1,31.1,84.8,0.0,84.8,84.8,0.333727,0.0,0.333727,0.333727,16.5,33.0,0.0,66.0,1,1,1,1
31.1,0.0,31.1,31.1,84.8,0.0,84.8,84.8,0.333727,0.0,0.333727,0.333727,0.0,0.0,0.0,0.0,1,1,1,1
31.1,0.0,31.1,31.1,84.8,0.0,84.8,84.8,0.290816,0.0,0.290816,0.290816,0.0,0.0,0.0,0.0,1,1,1,1
31.1,0.0,31.1,31.1,84.8,0.0,84.8,84.8,0.290816,0.0,0.290816,0.290816,100.0,0.0,100.0,100.0,1,1,1,1
31.1,0.0,31.1,31.1,84.8,0.0,84.8,84.8,0.290816,0.0,0.290816,0.290816,71.5,48.121374,0.0,100.0,1,1,1,1
31.1,0.0,31.1,31.1,84.8,0.0,84.8,84.8,0.290816,0.0,0.290816,0.290816,69.0,47.370877,0.0,100.0,1,1,1,1
31.1,0.0,31.1,31.1,84.8,0.0,84.8,84.8,0.290816,0.0,0.290816,0.290816,75.0,50.0,0.0,100.0,1,1,1,1
31.1,0.0,31.1,31.1,84.8,0.0,84.8,84.8,0.290816,0.0,0.290816,0.290816,16.5,33.0,0.0,66.0,1,1,1,1
31.1,0.0,31.1,31.1,84.8,0.0,84.8,84.8,0.290816,0.0,0.290816,0.290816,0.0,0.0,0.0,0.0,1,1,1,1
30.9,0.0,30.9,30.9,87.2,0.0,87.2,87.2,1.0587,0.004893,1.052076,1.064616,0.0,0.0,0.0,0.0,1,1,1,1
30.9,0.0,30.9,30.9,87.2,0.0,87.2,87.2,1.0587,0.004893,1.052076,1.064616,100.0,0.0,100.0,100.0,1,1,1,1
30.9,0.0,30.9,30.9,87.2,0.0,87.2,87.2,1.0587,0.004893,1.052076,1.064616,71.5,48.121374,0.0,100.0,1,1,1,1
30.9,0.0,30.9,30.9,87.2,0.0,87.2,87.2,1.0587,0.004893,1.052076,1.064616,69.0,47.370877,0.0,100.0,1,1,1,1
30.9,0.0,30.9,30.9,87.2,0.0,87.2,87.2,1.0587,0.004893,1.052076,1.064616,75.0,50.0,0.0,100.0,1,1,1,1
31.1,0.0,31.1,31.1,84.8,0.0,84.8,84.8,0.333727,0.0,0.333727,0.333727,100.0,0.0,100.0,100.0,1,1,1,1
31.1,0.0,31.1,31.1,84.8,0.0,84.8,84.8,0.333727,0.0,0.333727,0.333727,0.0,0.0,0.0,0.0,1,1,1,1
31.1,0.0,31.1,31.1,84.8,0.0,84.8,84.8,0.359362,0.0,0.359362,0.359362,0.0,0.0,0.0,0.0,1,1,1,1
31.1,0.0,31.1,31.1,84.8,0.0,84.8,84.8,0.359362,0.0,0.359362,0.359362,16.5,33.0,0.0,66.0,1,1,1,1
31.1,0.0,31.1,31.1,84.8,0.0,84.8,84.8,1.627557,0.893673,0.596872,2.982404,100.0,0.0,100.0,100.0,1,1,1,1
31.1,0.0,31.1,31.1,84.8,0.0,84.8,84.8,1.627557,0.893673,0.596872,2.982404,71.5,48.121374,0.0,100.0,1,1,1,1
31.1,0.0,31.1,31.1,84.8,0.0,84.8,84.8,1.627557,0.893673,0.596872,2.982404,69.0,47.370877,0.0,100.0,1,1,1,1
31.1,0.0,31.1,31.1,84.8,0.0,84.8,84.8,1.627557,0.893673,0.596872,2.982404,75.0,50.0,0.0,100.0,1,1,1,1
31.1,0.0,31.1,31.1,84.8,0.0,84.8,84.8,1.627557,0.893673,0.596872,2.982404,16.5,33.0,0.0,66.0,1,1,1,1
31.1,0.0,31.1,31.1,84.8,0.0,84.8,84.8,1.627557,0.893673,0.596872,2.982404,0.0,0.0,0.0,0.0,1,1,1,1
31.1,0.0,31.1,31.1,84.8,0.0,84.8,84.8,1.137693,0.268864,0.827352,1.650421,0.0,0.0,0.0,0.0,1,1,1,1
31.1,0.0,31.1,31.1,84.8,0.0,84.8,84.8,1.137693,0.268864,0.827352,1.650421,100.0,0.0,100.0,100.0,1,1,1,1
30.9,0.0,30.9,30.9,87.2,0.0,87.2,87.2,1.0587,0.004893,1.052076,1.064616,16.5,33.0,0.0,66.0,1,1,1,1
31.1,0.0,31.1,31.1,84.8,0.0,84.8,84.8,1.137693,0.268864,0.827352,1.650421,71.5,48.121374,0.0,100.0,1,1,1,1
31.1,0.0,31.1,31.1,84.8,0.0,84.8,84.8,1.137693,0.268864,0.827352,1.650421,75.0,50.0,0.0,100.0,1,1,1,1
31.1,0.0,31.1,31.1,84.8,0.0,84.8,84.8,1.137693,0.268864,0.827352,1.650421,16.5,33.0,0.0,66.0,1,1,1,1
31.1,0.0,31.1,31.1,84.8,0.0,84.8,84.8,1.137693,0.268864,0.827352,1.650421,0.0,0.0,0.0,0.0,1,1,1,1
31.1,0.0,31.1,31.1,84.8,0.0,84.8,84.8,0.359362,0.0,0.359362,0.359362,0.0,0.0,0.0,0.0,1,1,1,1
31.1,0.0,31.1,31.1,84.8,0.0,84.8,84.8,0.359362,0.0,0.359362,0.359362,100.0,0.0,100.0,100.0,1,1,1,1
31.1,0.0,31.1,31.1,84.8,0.0,84.8,84.8,0.359362,0.0,0.359362,0.359362,71.5,48.121374,0.0,100.0,1,1,1,1
31.1,0.0,31.1,31.1,84.8,0.0,84.8,84.8,0.359362,0.0,0.359362,0.359362,69.0,47.370877,0.0,100.0,1,1,1,1
31.1,0.0,31.1,31.1,84.8,0.0,84.8,84.8,0.359362,0.0,0.359362,0.359362,75.0,50.0,0.0,100.0,1,1,1,1
31.1,0.0,31.1,31.1,84.8,0.0,84.8,84.8,1.137693,0.268864,0.827352,1.650421,69.0,47.370877,0.0,100.0,1,1,1,1
30.9,0.0,30.9,30.9,87.2,0.0,87.2,87.2,1.0587,0.004893,1.052076,1.064616,0.0,0.0,0.0,0.0,1,1,1,1
30.9,0.0,30.9,30.9,87.2,0.0,87.2,87.2,1.819889,1.070092,0.398738,3.093694,0.0,0.0,0.0,0.0,1,1,1,1
30.9,0.0,30.9,30.9,87.2,0.0,87.2,87.2,1.819889,1.070092,0.398738,3.093694,100.0,0.0,100.0,100.0,1,1,1,1
30.9,0.0,30.9,30.9,87.2,0.0,87.2,87.2,0.359362,0.0,0.359362,0.359362,69.0,47.370877,0.0,100.0,1,1,1,1
30.9,0.0,30.9,30.9,87.2,0.0,87.2,87.2,0.359362,0.0,0.359362,0.359362,75.0,50.0,0.0,100.0,1,1,1,1
30.9,0.0,30.9,30.9,87.2,0.0,87.2,87.2,0.359362,0.0,0.359362,0.359362,16.5,33.0,0.0,66.0,1,1,1,1
30.9,0.0,30.9,30.9,87.2,0.0,87.2,87.2,0.359362,0.0,0.359362,0.359362,0.0,0.0,0.0,0.0,1,1,1,1
30.9,0.0,30.9,30.9,87.2,0.0,87.2,87.2,0.333727,0.0,0.333727,0.333727,0.0,0.0,0.0,0.0,1,1,1,1
30.9,0.0,30.9,30.9,87.2,0.0,87.2,87.2,0.333727,0.0,0.333727,0.333727,100.0,0.0,100.0,100.0,1,1,1,1
30.9,0.0,30.9,30.9,87.2,0.0,87.2,87.2,0.333727,0.0,0.333727,0.333727,71.5,48.121374,0.0,100.0,1,1,1,1
30.9,0.0,30.9,30.9,87.2,0.0,87.2,87.2,0.333727,0.0,0.333727,0.333727,69.0,47.370877,0.0,100.0,1,1,1,1
30.9,0.0,30.9,30.9,87.2,0.0,87.2,87.2,0.359362,0.0,0.359362,0.359362,71.5,48.121374,0.0,100.0,1,1,1,1
30.9,0.0,30.9,30.9,87.2,0.0,87.2,87.2,0.333727,0.0,0.333727,0.333727,75.0,50.0,0.0,100.0,1,1,1,1
30.9,0.0,30.9,30.9,87.2,0.0,87.2,87.2,0.333727,0.0,0.333727,0.333727,0.0,0.0,0.0,0.0,1,1,1,1
30.9,0.0,30.9,30.9,87.2,0.0,87.2,87.2,0.290816,0.0,0.290816,0.290816,0.0,0.0,0.0,0.0,1,1,1,1
30.9,0.0,30.9,30.9,87.2,0.0,87.2,87.2,0.290816,0.0,0.290816,0.290816,100.0,0.0,100.0,100.0,1,1,1,1
30.9,0.0,30.9,30.9,87.2,0.0,87.2,87.2,0.290816,0.0,0.290816,0.290816,71.5,48.121374,0.0,100.0,1,1,1,1
30.9,0.0,30.9,30.9,87.2,0.0,87.2,87.2,0.290816,0.0,0.290816,0.290816,69.0,47.370877,0.0,100.0,1,1,1,1
30.9,0.0,30.9,30.9,87.2,0.0,87.2,87.2,0.290816,0.0,0.290816,0.290816,75.0,50.0,0.0,100.0,1,1,1,1
30.9,0.0,30.9,30.9,87.2,0.0,87.2,87.2,0.290816,0.0,0.290816,0.290816,16.5,33.0,0.0,66.0,1,1,1,1
30.9,0.0,30.9,30.9,87.2,0.0,87.2,87.2,0.290816,0.0,0.290816,0.290816,0.0,0.0,0.0,0.0,1,1,1,1
30.9,0.0,30.9,30.9,87.2,0.0,87.2,87.2,0.333727,0.0,0.333727,0.333727,16.5,33.0,0.0,66.0,1,1,1,1
31.1,0.0,31.1,31.1,84.8,0.0,84.8,84.8,1.627557,0.893673,0.596872,2.982404,0.0,0.0,0.0,0.0,1,1,1,1
30.9,0.0,30.9,30.9,87.2,0.0,87.2,87.2,0.359362,0.0,0.359362,0.359362,100.0,0.0,100.0,100.0,1,1,1,1
30.9,0.0,30.9,30.9,87.2,0.0,87.2,87.2,1.137693,0.268864,0.827352,1.650421,0.0,0.0,0.0,0.0,1,1,1,1
30.9,0.0,30.9,30.9,87.2,0.0,87.2,87.2,1.819889,1.070092,0.398738,3.093694,71.5,48.121374,0.0,100.0,1,1,1,1
30.9,0.0,30.9,30.9,87.2,0.0,87.2,87.2,1.819889,1.070092,0.398738,3.093694,69.0,47.370877,0.0,100.0,1,1,1,1
30.9,0.0,30.9,30.9,87.2,0.0,87.2,87.2,1.819889,1.070092,0.398738,3.093694,75.0,50.0,0.0,100.0,1,1,1,1
30.9,0.0,30.9,30.9,87.2,0.0,87.2,87.2,1.819889,1.070092,0.398738,3.093694,16.5,33.0,0.0,66.0,1,1,1,1
30.9,0.0,30.9,30.9,87.2,0.0,87.2,87.2,1.819889,1.070092,0.398738,3.093694,0.0,0.0,0.0,0.0,1,1,1,1
30.9,0.0,30.9,30.9,87.2,0.0,87.2,87.2,1.627557,0.893673,0.596872,2.982404,0.0,0.0,0.0,0.0,1,1,1,1
30.9,0.0,30.9,30.9,87.2,0.0,87.2,87.2,1.627557,0.893673,0.596872,2.982404,100.0,0.0,100.0,100.0,1,1,1,1
62.3,0.0,62.3,62.3,168.6,0.0,168.6,168.6,1.137693,0.268864,0.827352,1.650421,75.0,50.0,0.0,100.0,1,1,1,1
30.9,0.0,30.9,30.9,87.2,0.0,87.2,87.2,0.359362,0.0,0.359362,0.359362,0.0,0.0,0.0,0.0,1,1,1,1
30.9,0.0,30.9,30.9,87.2,0.0,87.2,87.2,1.627557,0.893673,0.596872,2.982404,69.0,47.370877,0.0,100.0,1,1,1,1
30.9,0.0,30.9,30.9,87.2,0.0,87.2,87.2,1.627557,0.893673,0.596872,2.982404,16.5,33.0,0.0,66.0,1,1,1,1
30.9,0.0,30.9,30.9,87.2,0.0,87.2,87.2,1.627557,0.893673,0.596872,2.982404,0.0,0.0,0.0,0.0,1,1,1,1
30.9,0.0,30.9,30.9,87.2,0.0,87.2,87.2,1.137693,0.268864,0.827352,1.650421,0.0,0.0,0.0,0.0,1,1,1,1
30.9,0.0,30.9,30.9,87.2,0.0,87.2,87.2,1.137693,0.268864,0.827352,1.650421,100.0,0.0,100.0,100.0,1,1,1,1
30.9,0.0,30.9,30.9,87.2,0.0,87.2,87.2,1.137693,0.268864,0.827352,1.650421,71.5,48.121374,0.0,100.0,1,1,1,1
30.9,0.0,30.9,30.9,87.2,0.0,87.2,87.2,1.137693,0.268864,0.827352,1.650421,69.0,47.370877,0.0,100.0,1,1,1,1
30.9,0.0,30.9,30.9,87.2,0.0,87.2,87.2,1.137693,0.268864,0.827352,1.650421,75.0,50.0,0.0,100.0,1,1,1,1
30.9,0.0,30.9,30.9,87.2,0.0,87.2,87.2,1.137693,0.268864,0.827352,1.650421,16.5,33.0,0.0,66.0,1,1,1,1
30.9,0.0,30.9,30.9,87.2,0.0,87.2,87.2,1.627557,0.893673,0.596872,2.982404,75.0,50.0,0.0,100.0,1,1,1,1
31.1,0.0,31.1,31.1,84.8,0.0,84.8,84.8,1.819889,1.070092,0.398738,3.093694,0.0,0.0,0.0,0.0,1,1,1,1
30.9,0.0,30.9,30.9,87.2,0.0,87.2,87.2,1.627557,0.893673,0.596872,2.982404,71.5,48.121374,0.0,100.0,1,1,1,1
31.1,0.0,31.1,31.1,84.8,0.0,84.8,84.8,1.819889,1.070092,0.398738,3.093694,75.0,50.0,0.0,100.0,1,1,1,1
31.0,0.0,31.0,31.0,83.8,0.0,83.8,83.8,1.0587,0.004893,1.052076,1.064616,0.0,0.0,0.0,0.0,1,1,1,1
31.0,0.0,31.0,31.0,83.8,0.0,83.8,83.8,1.0587,0.004893,1.052076,1.064616,100.0,0.0,100.0,100.0,1,1,1,1
31.0,0.0,31.0,31.0,83.8,0.0,83.8,83.8,1.0587,0.004893,1.052076,1.064616,71.5,48.121374,0.0,100.0,1,1,1,1
31.0,0.0,31.0,31.0,83.8,0.0,83.8,83.8,1.0587,0.004893,1.052076,1.064616,69.0,47.370877,0.0,100.0,1,1,1,1
31.0,0.0,31.0,31.0,83.8,0.0,83.8,83.8,1.0587,0.004893,1.052076,1.064616,75.0,50.0,0.0,100.0,1,1,1,1
31.0,0.0,31.0,31.0,83.8,0.0,83.8,83.8,1.0587,0.004893,1.052076,1.064616,16.5,33.0,0.0,66.0,1,1,1,1
31.0,0.0,31.0,31.0,83.8,0.0,83.8,83.8,1.0587,0.004893,1.052076,1.064616,0.0,0.0,0.0,0.0,1,1,1,1
31.0,0.0,31.0,31.0,83.8,0.0,83.8,83.8,1.819889,1.070092,0.398738,3.093694,0.0,0.0,0.0,0.0,1,1,1,1
31.0,0.0,31.0,31.0,83.8,0.0,83.8,83.8,1.819889,1.070092,0.398738,3.093694,100.0,0.0,100.0,100.0,1,1,1,1
31.0,0.0,31.0,31.0,83.8,0.0,83.8,83.8,1.819889,1.070092,0.398738,3.093694,71.5,48.121374,0.0,100.0,1,1,1,1
31.0,0.0,31.0,31.0,83.8,0.0,83.8,83.8,1.819889,1.070092,0.398738,3.093694,69.0,47.370877,0.0,100.0,1,1,1,1
31.0,0.0,31.0,31.0,83.8,0.0,83.8,83.8,1.819889,1.070092,0.398738,3.093694,75.0,50.0,0.0,100.0,1,1,1,1
31.0,0.0,31.0,31.0,83.8,0.0,83.8,83.8,1.819889,1.070092,0.398738,3.093694,16.5,33.0,0.0,66.0,1,1,1,1
31.0,0.0,31.0,31.0,83.8,0.0,83.8,83.8,1.819889,1.070092,0.398738,3.093694,0.0,0.0,0.0,0.0,1,1,1,1
31.0,0.0,31.0,31.0,83.8,0.0,83.8,83.8,1.627557,0.893673,0.596872,2.982404,0.0,0.0,0.0,0.0,1,1,1,1
31.0,0.0,31.0,31.0,83.8,0.0,83.8,83.8,1.627557,0.893673,0.596872,2.982404,100.0,0.0,100.0,100.0,1,1,1,1
31.0,0.0,31.0,31.0,83.8,0.0,83.8,83.8,1.627557,0.893673,0.596872,2.982404,71.5,48.121374,0.0,100.0,1,1,1,1
62.3,0.0,62.3,62.3,168.6,0.0,168.6,168.6,0.290816,0.0,0.290816,0.290816,0.0,0.0,0.0,0.0,1,1,1,1
62.3,0.0,62.3,62.3,168.6,0.0,168.6,168.6,0.290816,0.0,0.290816,0.290816,16.5,33.0,0.0,66.0,1,1,1,1
62.3,0.0,62.3,62.3,168.6,0.0,168.6,168.6,0.290816,0.0,0.290816,0.290816,75.0,50.0,0.0,100.0,1,1,1,1
62.3,0.0,62.3,62.3,168.6,0.0,168.6,168.6,0.290816,0.0,0.290816,0.290816,69.0,47.370877,0.0,100.0,1,1,1,1
31.1,0.0,31.1,31.1,84.8,0.0,84.8,84.8,1.819889,1.070092,0.398738,3.093694,16.5,33.0,0.0,66.0,1,1,1,1
62.3,0.0,62.3,62.3,168.6,0.0,168.6,168.6,1.137693,0.268864,0.827352,1.650421,0.0,0.0,0.0,0.0,1,1,1,1
62.3,0.0,62.3,62.3,168.6,0.0,168.6,168.6,0.359362,0.0,0.359362,0.359362,0.0,0.0,0.0,0.0,1,1,1,1
62.3,0.0,62.3,62.3,168.6,0.0,168.6,168.6,0.359362,0.0,0.359362,0.359362,100.0,0.0,100.0,100.0,1,1,1,1
62.3,0.0,62.3,62.3,168.6,0.0,168.6,168.6,0.359362,0.0,0.359362,0.359362,71.5,48.121374,0.0,100.0,1,1,1,1
62.3,0.0,62.3,62.3,168.6,0.0,168.6,168.6,0.359362,0.0,0.359362,0.359362,69.0,47.370877,0.0,100.0,1,1,1,1
62.3,0.0,62.3,62.3,168.6,0.0,168.6,168.6,0.359362,0.0,0.359362,0.359362,75.0,50.0,0.0,100.0,1,1,1,1
62.3,0.0,62.3,62.3,168.6,0.0,168.6,168.6,0.359362,0.0,0.359362,0.359362,16.5,33.0,0.0,66.0,1,1,1,1
31.0,0.0,31.0,31.0,83.8,0.0,83.8,83.8,1.627557,0.893673,0.596872,2.982404,69.0,47.370877,0.0,100.0,1,1,1,1
62.3,0.0,62.3,62.3,168.6,0.0,168.6,168.6,0.359362,0.0,0.359362,0.359362,0.0,0.0,0.0,0.0,1,1,1,1
62.3,0.0,62.3,62.3,168.6,0.0,168.6,168.6,0.333727,0.0,0.333727,0.333727,100.0,0.0,100.0,100.0,1,1,1,1
62.3,0.0,62.3,62.3,168.6,0.0,168.6,168.6,0.333727,0.0,0.333727,0.333727,71.5,48.121374,0.0,100.0,1,1,1,1
62.3,0.0,62.3,62.3,168.6,0.0,168.6,168.6,0.333727,0.0,0.333727,0.333727,69.0,47.370877,0.0,100.0,1,1,1,1
62.3,0.0,62.3,62.3,168.6,0.0,168.6,168.6,0.333727,0.0,0.333727,0.333727,75.0,50.0,0.0,100.0,1,1,1,1
62.3,0.0,62.3,62.3,168.6,0.0,168.6,168.6,0.333727,0.0,0.333727,0.333727,16.5,33.0,0.0,66.0,1,1,1,1
62.3,0.0,62.3,62.3,168.6,0.0,168.6,168.6,0.333727,0.0,0.333727,0.333727,0.0,0.0,0.0,0.0,1,1,1,1
62.3,0.0,62.3,62.3,168.6,0.0,168.6,168.6,0.290816,0.0,0.290816,0.290816,0.0,0.0,0.0,0.0,1,1,1,1
62.3,0.0,62.3,62.3,168.6,0.0,168.6,168.6,0.290816,0.0,0.290816,0.290816,71.5,48.121374,0.0,100.0,1,1,1,1
62.3,0.0,62.3,62.3,168.6,0.0,168.6,168.6,0.333727,0.0,0.333727,0.333727,0.0,0.0,0.0,0.0,1,1,1,1
31.0,0.0,31.0,31.0,83.8,0.0,83.8,83.8,1.627557,0.893673,0.596872,2.982404,75.0,50.0,0.0,100.0,1,1,1,1
62.3,0.0,62.3,62.3,168.6,0.0,168.6,168.6,0.290816,0.0,0.290816,0.290816,100.0,0.0,100.0,100.0,1,1,1,1
31.0,0.0,31.0,31.0,83.8,0.0,83.8,83.8,1.627557,0.893673,0.596872,2.982404,0.0,0.0,0.0,0.0,1,1,1,1
31.0,0.0,31.0,31.0,83.8,0.0,83.8,83.8,0.290816,0.0,0.290816,0.290816,0.0,0.0,0.0,0.0,1,1,1,1
31.0,0.0,31.0,31.0,83.8,0.0,83.8,83.8,0.290816,0.0,0.290816,0.290816,100.0,0.0,100.0,100.0,1,1,1,1
31.0,0.0,31.0,31.0,83.8,0.0,83.8,83.8,0.290816,0.0,0.290816,0.290816,71.5,48.121374,0.0,100.0,1,1,1,1
31.0,0.0,31.0,31.0,83.8,0.0,83.8,83.8,0.290816,0.0,0.290816,0.290816,69.0,47.370877,0.0,100.0,1,1,1,1
31.0,0.0,31.0,31.0,83.8,0.0,83.8,83.8,0.290816,0.0,0.290816,0.290816,75.0,50.0,0.0,100.0,1,1,1,1
31.0,0.0,31.0,31.0,83.8,0.0,83.8,83.8,0.290816,0.0,0.290816,0.290816,16.5,33.0,0.0,66.0,1,1,1,1
31.0,0.0,31.0,31.0,83.8,0.0,83.8,83.8,0.290816,0.0,0.290816,0.290816,0.0,0.0,0.0,0.0,1,1,1,1
31.1,0.0,31.1,31.1,84.8,0.0,84.8,84.8,1.0587,0.004893,1.052076,1.064616,0.0,0.0,0.0,0.0,1,1,1,1
31.0,0.0,31.0,31.0,83.8,0.0,83.8,83.8,0.333727,0.0,0.333727,0.333727,0.0,0.0,0.0,0.0,1,1,1,1
31.1,0.0,31.1,31.1,84.8,0.0,84.8,84.8,1.0587,0.004893,1.052076,1.064616,71.5,48.121374,0.0,100.0,1,1,1,1
31.1,0.0,31.1,31.1,84.8,0.0,84.8,84.8,1.0587,0.004893,1.052076,1.064616,75.0,50.0,0.0,100.0,1,1,1,1
31.1,0.0,31.1,31.1,84.8,0.0,84.8,84.8,1.0587,0.004893,1.052076,1.064616,16.5,33.0,0.0,66.0,1,1,1,1
31.1,0.0,31.1,31.1,84.8,0.0,84.8,84.8,1.0587,0.004893,1.052076,1.064616,0.0,0.0,0.0,0.0,1,1,1,1
31.1,0.0,31.1,31.1,84.8,0.0,84.8,84.8,1.819889,1.070092,0.398738,3.093694,0.0,0.0,0.0,0.0,1,1,1,1
31.1,0.0,31.1,31.1,84.8,0.0,84.8,84.8,1.819889,1.070092,0.398738,3.093694,100.0,0.0,100.0,100.0,1,1,1,1
31.1,0.0,31.1,31.1,84.8,0.0,84.8,84.8,1.819889,1.070092,0.398738,3.093694,71.5,48.121374,0.0,100.0,1,1,1,1
31.0,0.0,31.0,31.0,83.8,0.0,83.8,83.8,1.627557,0.893673,0.596872,2.982404,16.5,33.0,0.0,66.0,1,1,1,1
31.1,0.0,31.1,31.1,84.8,0.0,84.8,84.8,1.819889,1.070092,0.398738,3.093694,69.0,47.370877,0.0,100.0,1,1,1,1
31.1,0.0,31.1,31.1,84.8,0.0,84.8,84.8,1.0587,0.004893,1.052076,1.064616,69.0,47.370877,0.0,100.0,1,1,1,1
31.0,0.0,31.0,31.0,83.8,0.0,83.8,83.8,0.333727,0.0,0.333727,0.333727,16.5,33.0,0.0,66.0,1,1,1,1
31.1,0.0,31.1,31.1,84.8,0.0,84.8,84.8,1.0587,0.004893,1.052076,1.064616,100.0,0.0,100.0,100.0,1,1,1,1
31.0,0.0,31.0,31.0,83.8,0.0,83.8,83.8,0.333727,0.0,0.333727,0.333727,69.0,47.370877,0.0,100.0,1,1,1,1
31.0,0.0,31.0,31.0,83.8,0.0,83.8,83.8,1.137693,0.268864,0.827352,1.650421,100.0,0.0,100.0,100.0,1,1,1,1
31.0,0.0,31.0,31.0,83.8,0.0,83.8,83.8,0.333727,0.0,0.333727,0.333727,75.0,50.0,0.0,100.0,1,1,1,1
31.0,0.0,31.0,31.0,83.8,0.0,83.8,83.8,1.137693,0.268864,0.827352,1.650421,71.5,48.121374,0.0,100.0,1,1,1,1
31.0,0.0,31.0,31.0,83.8,0.0,83.8,83.8,1.137693,0.268864,0.827352,1.650421,69.0,47.370877,0.0,100.0,1,1,1,1
31.0,0.0,31.0,31.0,83.8,0.0,83.8,83.8,1.137693,0.268864,0.827352,1.650421,75.0,50.0,0.0,100.0,1,1,1,1
31.0,0.0,31.0,31.0,83.8,0.0,83.8,83.8,1.137693,0.268864,0.827352,1.650421,16.5,33.0,0.0,66.0,1,1,1,1
31.0,0.0,31.0,31.0,83.8,0.0,83.8,83.8,0.359362,0.0,0.359362,0.359362,0.0,0.0,0.0,0.0,1,1,1,1
31.0,0.0,31.0,31.0,83.8,0.0,83.8,83.8,0.359362,0.0,0.359362,0.359362,100.0,0.0,100.0,100.0,1,1,1,1
31.0,0.0,31.0,31.0,83.8,0.0,83.8,83.8,1.137693,0.268864,0.827352,1.650421,0.0,0.0,0.0,0.0,1,1,1,1
31.0,0.0,31.0,31.0,83.8,0.0,83.8,83.8,1.137693,0.268864,0.827352,1.650421,0.0,0.0,0.0,0.0,1,1,1,1
31.0,0.0,31.0,31.0,83.8,0.0,83.8,83.8,0.359362,0.0,0.359362,0.359362,69.0,47.370877,0.0,100.0,1,1,1,1
31.0,0.0,31.0,31.0,83.8,0.0,83.8,83.8,0.359362,0.0,0.359362,0.359362,75.0,50.0,0.0,100.0,1,1,1,1
31.0,0.0,31.0,31.0,83.8,0.0,83.8,83.8,0.359362,0.0,0.359362,0.359362,16.5,33.0,0.0,66.0,1,1,1,1
31.0,0.0,31.0,31.0,83.8,0.0,83.8,83.8,0.359362,0.0,0.359362,0.359362,0.0,0.0,0.0,0.0,1,1,1,1
31.0,0.0,31.0,31.0,83.8,0.0,83.8,83.8,0.333727,0.0,0.333727,0.333727,0.0,0.0,0.0,0.0,1,1,1,1
31.0,0.0,31.0,31.0,83.8,0.0,83.8,83.8,0.333727,0.0,0.333727,0.333727,100.0,0.0,100.0,100.0,1,1,1,1
31.0,0.0,31.0,31.0,83.8,0.0,83.8,83.8,0.359362,0.0,0.359362,0.359362,71.5,48.121374,0.0,100.0,1,1,1,1
31.0,0.0,31.0,31.0,83.8,0.0,83.8,83.8,0.333727,0.0,0.333727,0.333727,71.5,48.121374,0.0,100.0,1,1,1,1
31.0,0.0,31.0,31.0,85.4,0.0,85.4,85.4,0.290816,0.0,0.290816,0.290816,100.0,0.0,100.0,100.0,1,1,1,1
31.0,0.0,31.0,31.0,85.4,0.0,85.4,85.4,0.290816,0.0,0.290816,0.290816,21.0,36.373067,0.0,63.0,1,1,1,1
31.0,0.0,31.0,31.0,85.4,0.0,85.4,85.4,0.290816,0.0,0.290816,0.290816,0.0,0.0,0.0,0.0,1,1,1,1
31.0,0.0,31.0,31.0,84.5,0.0,84.5,84.5,1.056148,0.003844,1.049327,1.0608,13.5,27.0,0.0,54.0,1,1,1,1
31.0,0.0,31.0,31.0,84.5,0.0,84.5,84.5,1.056148,0.003844,1.049327,1.0608,0.0,0.0,0.0,0.0,1,1,1,1
31.0,0.0,31.0,31.0,84.5,0.0,84.5,84.5,2.399741,0.738473,1.461687,3.269048,13.5,27.0,0.0,54.0,1,1,1,1
31.0,0.0,31.0,31.0,84.5,0.0,84.5,84.5,1.056148,0.003844,1.049327,1.0608,67.25,47.154887,0.0,100.0,1,1,1,1
31.0,0.0,31.0,31.0,85.4,0.0,85.4,85.4,0.290816,0.0,0.290816,0.290816,67.25,47.154887,0.0,100.0,1,1,1,1
31.0,0.0,31.0,31.0,84.5,0.0,84.5,84.5,1.056148,0.003844,1.049327,1.0608,21.0,36.373067,0.0,63.0,1,1,1,1
31.0,0.0,31.0,31.0,84.5,0.0,84.5,84.5,1.056148,0.003844,1.049327,1.0608,88.0,20.78461,64.0,100.0,1,1,1,1
31.0,0.0,31.0,31.0,84.5,0.0,84.5,84.5,1.056148,0.003844,1.049327,1.0608,100.0,0.0,100.0,100.0,1,1,1,1
31.0,0.0,31.0,31.0,85.4,0.0,85.4,85.4,0.333727,0.0,0.333727,0.333727,13.5,27.0,0.0,54.0,1,1,1,1
31.0,0.0,31.0,31.0,85.4,0.0,85.4,85.4,0.290816,0.0,0.290816,0.290816,13.5,27.0,0.0,54.0,1,1,1,1
31.0,0.0,31.0,31.0,85.4,0.0,85.4,85.4,0.333727,0.0,0.333727,0.333727,0.0,0.0,0.0,0.0,1,1,1,1
31.0,0.0,31.0,31.0,85.4,0.0,85.4,85.4,0.333727,0.0,0.333727,0.333727,21.0,36.373067,0.0,63.0,1,1,1,1
31.0,0.0,31.0,31.0,85.4,0.0,85.4,85.4,0.333727,0.0,0.333727,0.333727,100.0,0.0,100.0,100.0,1,1,1,1
31.0,0.0,31.0,31.0,85.4,0.0,85.4,85.4,0.333727,0.0,0.333727,0.333727,67.25,47.154887,0.0,100.0,1,1,1,1
31.0,0.0,31.0,31.0,85.4,0.0,85.4,85.4,0.333727,0.0,0.333727,0.333727,88.0,20.78461,64.0,100.0,1,1,1,1
31.0,0.0,31.0,31.0,85.4,0.0,85.4,85.4,0.359362,0.0,0.359362,0.359362,0.0,0.0,0.0,0.0,1,1,1,1
31.0,0.0,31.0,31.0,85.4,0.0,85.4,85.4,0.359362,0.0,0.359362,0.359362,21.0,36.373067,0.0,63.0,1,1,1,1
31.0,0.0,31.0,31.0,85.4,0.0,85.4,85.4,0.359362,0.0,0.359362,0.359362,67.25,47.154887,0.0,100.0,1,1,1,1
31.0,0.0,31.0,31.0,84.5,0.0,84.5,84.5,2.399741,0.738473,1.461687,3.269048,88.0,20.78461,64.0,100.0,1,1,1,1
31.0,0.0,31.0,31.0,85.4,0.0,85.4,85.4,0.359362,0.0,0.359362,0.359362,100.0,0.0,100.0,100.0,1,1,1,1
31.0,0.0,31.0,31.0,85.4,0.0,85.4,85.4,0.290816,0.0,0.290816,0.290816,88.0,20.78461,64.0,100.0,1,1,1,1
31.0,0.0,31.0,31.0,84.5,0.0,84.5,84.5,2.399741,0.738473,1.461687,3.269048,67.25,47.154887,0.0,100.0,1,1,1,1
31.0,0.0,31.0,31.0,84.5,0.0,84.5,84.5,0.333727,0.0,0.333727,0.333727,100.0,0.0,100.0,100.0,1,1,1,1
31.0,0.0,31.0,31.0,84.5,0.0,84.5,84.5,2.399741,0.738473,1.461687,3.269048,21.0,36.373067,0.0,63.0,1,1,1,1
31.0,0.0,31.0,31.0,84.5,0.0,84.5,84.5,0.290816,0.0,0.290816,0.290816,100.0,0.0,100.0,100.0,1,1,1,1
31.0,0.0,31.0,31.0,85.4,0.0,85.4,85.4,0.359362,0.0,0.359362,0.359362,88.0,20.78461,64.0,100.0,1,1,1,1
31.0,0.0,31.0,31.0,84.5,0.0,84.5,84.5,0.290816,0.0,0.290816,0.290816,67.25,47.154887,0.0,100.0,1,1,1,1
31.0,0.0,31.0,31.0,84.5,0.0,84.5,84.5,0.290816,0.0,0.290816,0.290816,88.0,20.78461,64.0,100.0,1,1,1,1
31.0,0.0,31.0,31.0,84.5,0.0,84.5,84.5,0.290816,0.0,0.290816,0.290816,13.5,27.0,0.0,54.0,1,1,1,1
31.0,0.0,31.0,31.0,84.5,0.0,84.5,84.5,0.333727,0.0,0.333727,0.333727,0.0,0.0,0.0,0.0,1,1,1,1
31.0,0.0,31.0,31.0,84.5,0.0,84.5,84.5,0.333727,0.0,0.333727,0.333727,21.0,36.373067,0.0,63.0,1,1,1,1
31.0,0.0,31.0,31.0,84.5,0.0,84.5,84.5,0.333727,0.0,0.333727,0.333727,67.25,47.154887,0.0,100.0,1,1,1,1
31.0,0.0,31.0,31.0,84.5,0.0,84.5,84.5,0.333727,0.0,0.333727,0.333727,88.0,20.78461,64.0,100.0,1,1,1,1
31.0,0.0,31.0,31.0,84.5,0.0,84.5,84.5,0.333727,0.0,0.333727,0.333727,13.5,27.0,0.0,54.0,1,1,1,1
31.0,0.0,31.0,31.0,84.5,0.0,84.5,84.5,0.359362,0.0,0.359362,0.359362,0.0,0.0,0.0,0.0,1,1,1,1
31.0,0.0,31.0,31.0,84.5,0.0,84.5,84.5,0.359362,0.0,0.359362,0.359362,21.0,36.373067,0.0,63.0,1,1,1,1
31.0,0.0,31.0,31.0,84.5,0.0,84.5,84.5,0.359362,0.0,0.359362,0.359362,100.0,0.0,100.0,100.0,1,1,1,1
31.0,0.0,31.0,31.0,84.5,0.0,84.5,84.5,0.359362,0.0,0.359362,0.359362,67.25,47.154887,0.0,100.0,1,1,1,1
31.0,0.0,31.0,31.0,84.5,0.0,84.5,84.5,0.359362,0.0,0.359362,0.359362,88.0,20.78461,64.0,100.0,1,1,1,1
31.0,0.0,31.0,31.0,84.5,0.0,84.5,84.5,0.359362,0.0,0.359362,0.359362,13.5,27.0,0.0,54.0,1,1,1,1
31.0,0.0,31.0,31.0,84.5,0.0,84.5,84.5,1.154371,0.447606,0.711539,1.866873,0.0,0.0,0.0,0.0,1,1,1,1
31.0,0.0,31.0,31.0,84.5,0.0,84.5,84.5,1.154371,0.447606,0.711539,1.866873,21.0,36.373067,0.0,63.0,1,1,1,1
31.0,0.0,31.0,31.0,84.5,0.0,84.5,84.5,1.154371,0.447606,0.711539,1.866873,100.0,0.0,100.0,100.0,1,1,1,1
31.0,0.0,31.0,31.0,84.5,0.0,84.5,84.5,1.154371,0.447606,0.711539,1.866873,67.25,47.154887,0.0,100.0,1,1,1,1
31.0,0.0,31.0,31.0,84.5,0.0,84.5,84.5,1.154371,0.447606,0.711539,1.866873,88.0,20.78461,64.0,100.0,1,1,1,1
31.0,0.0,31.0,31.0,84.5,0.0,84.5,84.5,1.154371,0.447606,0.711539,1.866873,13.5,27.0,0.0,54.0,1,1,1,1
31.0,0.0,31.0,31.0,84.5,0.0,84.5,84.5,2.399741,0.738473,1.461687,3.269048,0.0,0.0,0.0,0.0,1,1,1,1
31.0,0.0,31.0,31.0,84.5,0.0,84.5,84.5,2.399741,0.738473,1.461687,3.269048,100.0,0.0,100.0,100.0,1,1,1,1
31.0,0.0,31.0,31.0,85.4,0.0,85.4,85.4,0.359362,0.0,0.359362,0.359362,13.5,27.0,0.0,54.0,1,1,1,1
30.9,0.0,30.9,30.9,87.4,0.0,87.4,87.4,2.399741,0.738473,1.461687,3.269048,0.0,0.0,0.0,0.0,1,1,1,1
31.0,0.0,31.0,31.0,85.4,0.0,85.4,85.4,1.154371,0.447606,0.711539,1.866873,21.0,36.373067,0.0,63.0,1,1,1,1
30.9,0.0,30.9,30.9,87.4,0.0,87.4,87.4,0.359362,0.0,0.359362,0.359362,21.0,36.373067,0.0,63.0,1,1,1,1
30.9,0.0,30.9,30.9,87.4,0.0,87.4,87.4,0.359362,0.0,0.359362,0.359362,100.0,0.0,100.0,100.0,1,1,1,1
30.9,0.0,30.9,30.9,87.4,0.0,87.4,87.4,0.359362,0.0,0.359362,0.359362,67.25,47.154887,0.0,100.0,1,1,1,1
30.9,0.0,30.9,30.9,87.4,0.0,87.4,87.4,0.359362,0.0,0.359362,0.359362,88.0,20.78461,64.0,100.0,1,1,1,1
30.9,0.0,30.9,30.9,87.4,0.0,87.4,87.4,0.359362,0.0,0.359362,0.359362,13.5,27.0,0.0,54.0,1,1,1,1
30.9,0.0,30.9,30.9,87.4,0.0,87.4,87.4,1.154371,0.447606,0.711539,1.866873,0.0,0.0,0.0,0.0,1,1,1,1
30.9,0.0,30.9,30.9,87.4,0.0,87.4,87.4,1.154371,0.447606,0.711539,1.866873,21.0,36.373067,0.0,63.0,1,1,1,1
30.9,0.0,30.9,30.9,87.4,0.0,87.4,87.4,1.154371,0.447606,0.711539,1.866873,100.0,0.0,100.0,100.0,1,1,1,1
30.9,0.0,30.9,30.9,87.4,0.0,87.4,87.4,1.154371,0.447606,0.711539,1.866873,67.25,47.154887,0.0,100.0,1,1,1,1
30.9,0.0,30.9,30.9,87.4,0.0,87.4,87.4,1.154371,0.447606,0.711539,1.866873,88.0,20.78461,64.0,100.0,1,1,1,1
30.9,0.0,30.9,30.9,87.4,0.0,87.4,87.4,1.154371,0.447606,0.711539,1.866873,13.5,27.0,0.0,54.0,1,1,1,1
30.9,0.0,30.9,30.9,87.4,0.0,87.4,87.4,2.399741,0.738473,1.461687,3.269048,21.0,36.373067,0.0,63.0,1,1,1,1
30.9,0.0,30.9,30.9,87.4,0.0,87.4,87.4,2.399741,0.738473,1.461687,3.269048,100.0,0.0,100.0,100.0,1,1,1,1
30.9,0.0,30.9,30.9,87.4,0.0,87.4,87.4,2.399741,0.738473,1.461687,3.269048,67.25,47.154887,0.0,100.0,1,1,1,1
30.9,0.0,30.9,30.9,87.4,0.0,87.4,87.4,2.399741,0.738473,1.461687,3.269048,88.0,20.78461,64.0,100.0,1,1,1,1
30.9,0.0,30.9,30.9,87.4,0.0,87.4,87.4,2.399741,0.738473,1.461687,3.269048,13.5,27.0,0.0,54.0,1,1,1,1
30.9,0.0,30.9,30.9,87.4,0.0,87.4,87.4,1.056148,0.003844,1.049327,1.0608,0.0,0.0,0.0,0.0,1,1,1,1
30.9,0.0,30.9,30.9,87.4,0.0,87.4,87.4,1.056148,0.003844,1.049327,1.0608,21.0,36.373067,0.0,63.0,1,1,1,1
30.9,0.0,30.9,30.9,87.4,0.0,87.4,87.4,1.056148,0.003844,1.049327,1.0608,100.0,0.0,100.0,100.0,1,1,1,1
30.9,0.0,30.9,30.9,87.4,0.0,87.4,87.4,1.056148,0.003844,1.049327,1.0608,67.25,47.154887,0.0,100.0,1,1,1,1
30.9,0.0,30.9,30.9,87.4,0.0,87.4,87.4,1.056148,0.003844,1.049327,1.0608,88.0,20.78461,64.0,100.0,1,1,1,1
30.9,0.0,30.9,30.9,87.4,0.0,87.4,87.4,1.056148,0.003844,1.049327,1.0608,13.5,27.0,0.0,54.0,1,1,1,1
31.0,0.0,31.0,31.0,84.5,0.0,84.5,84.5,0.290816,0.0,0.290816,0.290816,21.0,36.373067,0.0,63.0,1,1,1,1
30.9,0.0,30.9,30.9,87.4,0.0,87.4,87.4,0.359362,0.0,0.359362,0.359362,0.0,0.0,0.0,0.0,1,1,1,1
30.9,0.0,30.9,30.9,87.4,0.0,87.4,87.4,0.333727,0.0,0.333727,0.333727,13.5,27.0,0.0,54.0,1,1,1,1
30.9,0.0,30.9,30.9,87.4,0.0,87.4,87.4,0.333727,0.0,0.333727,0.333727,88.0,20.78461,64.0,100.0,1,1,1,1
30.9,0.0,30.9,30.9,87.4,0.0,87.4,87.4,0.333727,0.0,0.333727,0.333727,67.25,47.154887,0.0,100.0,1,1,1,1
31.0,0.0,31.0,31.0,85.4,0.0,85.4,85.4,1.154371,0.447606,0.711539,1.866873,100.0,0.0,100.0,100.0,1,1,1,1
31.0,0.0,31.0,31.0,85.4,0.0,85.4,85.4,1.154371,0.447606,0.711539,1.866873,67.25,47.154887,0.0,100.0,1,1,1,1
31.0,0.0,31.0,31.0,85.4,0.0,85.4,85.4,1.154371,0.447606,0.711539,1.866873,88.0,20.78461,64.0,100.0,1,1,1,1
31.0,0.0,31.0,31.0,85.4,0.0,85.4,85.4,1.154371,0.447606,0.711539,1.866873,13.5,27.0,0.0,54.0,1,1,1,1
31.0,0.0,31.0,31.0,85.4,0.0,85.4,85.4,2.399741,0.738473,1.461687,3.269048,0.0,0.0,0.0,0.0,1,1,1,1
31.0,0.0,31.0,31.0,85.4,0.0,85.4,85.4,2.399741,0.738473,1.461687,3.269048,21.0,36.373067,0.0,63.0,1,1,1,1
31.0,0.0,31.0,31.0,85.4,0.0,85.4,85.4,2.399741,0.738473,1.461687,3.269048,100.0,0.0,100.0,100.0,1,1,1,1
31.0,0.0,31.0,31.0,85.4,0.0,85.4,85.4,2.399741,0.738473,1.461687,3.269048,67.25,47.154887,0.0,100.0,1,1,1,1
31.0,0.0,31.0,31.0,85.4,0.0,85.4,85.4,2.399741,0.738473,1.461687,3.269048,88.0,20.78461,64.0,100.0,1,1,1,1
31.0,0.0,31.0,31.0,85.4,0.0,85.4,85.4,2.399741,0.738473,1.461687,3.269048,13.5,27.0,0.0,54.0,1,1,1,1
31.0,0.0,31.0,31.0,85.4,0.0,85.4,85.4,1.056148,0.003844,1.049327,1.0608,0.0,0.0,0.0,0.0,1,1,1,1
31.0,0.0,31.0,31.0,85.4,0.0,85.4,85.4,1.154371,0.447606,0.711539,1.866873,0.0,0.0,0.0,0.0,1,1,1,1
31.0,0.0,31.0,31.0,85.4,0.0,85.4,85.4,1.056148,0.003844,1.049327,1.0608,21.0,36.373067,0.0,63.0,1,1,1,1
31.0,0.0,31.0,31.0,85.4,0.0,85.4,85.4,1.056148,0.003844,1.049327,1.0608,67.25,47.154887,0.0,100.0,1,1,1,1
31.0,0.0,31.0,31.0,85.4,0.0,85.4,85.4,1.056148,0.003844,1.049327,1.0608,13.5,27.0,0.0,54.0,1,1,1,1
30.9,0.0,30.9,30.9,87.4,0.0,87.4,87.4,0.290816,0.0,0.290816,0.290816,0.0,0.0,0.0,0.0,1,1,1,1
30.9,0.0,30.9,30.9,87.4,0.0,87.4,87.4,0.290816,0.0,0.290816,0.290816,21.0,36.373067,0.0,63.0,1,1,1,1
30.9,0.0,30.9,30.9,87.4,0.0,87.4,87.4,0.290816,0.0,0.290816,0.290816,100.0,0.0,100.0,100.0,1,1,1,1
30.9,0.0,30.9,30.9,87.4,0.0,87.4,87.4,0.290816,0.0,0.290816,0.290816,67.25,47.154887,0.0,100.0,1,1,1,1
30.9,0.0,30.9,30.9,87.4,0.0,87.4,87.4,0.290816,0.0,0.290816,0.290816,88.0,20.78461,64.0,100.0,1,1,1,1
30.9,0.0,30.9,30.9,87.4,0.0,87.4,87.4,0.290816,0.0,0.290816,0.290816,13.5,27.0,0.0,54.0,1,1,1,1
30.9,0.0,30.9,30.9,87.4,0.0,87.4,87.4,0.333727,0.0,0.333727,0.333727,0.0,0.0,0.0,0.0,1,1,1,1
30.9,0.0,30.9,30.9,87.4,0.0,87.4,87.4,0.333727,0.0,0.333727,0.333727,21.0,36.373067,0.0,63.0,1,1,1,1
30.9,0.0,30.9,30.9,87.4,0.0,87.4,87.4,0.333727,0.0,0.333727,0.333727,100.0,0.0,100.0,100.0,1,1,1,1
31.0,0.0,31.0,31.0,85.4,0.0,85.4,85.4,1.056148,0.003844,1.049327,1.0608,100.0,0.0,100.0,100.0,1,1,1,1
31.0,0.0,31.0,31.0,84.5,0.0,84.5,84.5,0.290816,0.0,0.290816,0.290816,0.0,0.0,0.0,0.0,1,1,1,1
31.0,0.0,31.0,31.0,85.4,0.0,85.4,85.4,1.056148,0.003844,1.049327,1.0608,88.0,20.78461,64.0,100.0,1,1,1,1
31.1,0.0,31.1,31.1,84.7,0.0,84.7,84.7,1.056148,0.003844,1.049327,1.0608,88.0,20.78461,64.0,100.0,1,1,1,1
30.9,0.0,30.9,30.9,86.7,0.0,86.7,86.7,2.399741,0.738473,1.461687,3.269048,67.25,47.154887,0.0,100.0,1,1,1,1
30.9,0.0,30.9,30.9,86.7,0.0,86.7,86.7,2.399741,0.738473,1.461687,3.269048,88.0,20.78461,64.0,100.0,1,1,1,1
30.9,0.0,30.9,30.9,86.7,0.0,86.7,86.7,2.399741,0.738473,1.461687,3.269048,13.5,27.0,0.0,54.0,1,1,1,1
30.9,0.0,30.9,30.9,86.7,0.0,86.7,86.7,1.056148,0.003844,1.049327,1.0608,0.0,0.0,0.0,0.0,1,1,1,1
30.9,0.0,30.9,30.9,86.7,0.0,86.7,86.7,1.056148,0.003844,1.049327,1.0608,21.0,36.373067,0.0,63.0,1,1,1,1
30.9,0.0,30.9,30.9,86.7,0.0,86.7,86.7,1.056148,0.003844,1.049327,1.0608,100.0,0.0,100.0,100.0,1,1,1,1
30.9,0.0,30.9,30.9,86.7,0.0,86.7,86.7,1.056148,0.003844,1.049327,1.0608,67.25,47.154887,0.0,100.0,1,1,1,1
30.9,0.0,30.9,30.9,86.7,0.0,86.7,86.7,1.056148,0.003844,1.049327,1.0608,88.0,20.78461,64.0,100.0,1,1,1,1
30.9,0.0,30.9,30.9,86.7,0.0,86.7,86.7,1.056148,0.003844,1.049327,1.0608,13.5,27.0,0.0,54.0,1,1,1,1
0.0,0.0,0.0,0.0,0.0,0.0,0.0,0.0,0.290816,0.0,0.290816,0.290816,0.0,0.0,0.0,0.0,1,1,1,1
0.0,0.0,0.0,0.0,0.0,0.0,0.0,0.0,0.290816,0.0,0.290816,0.290816,100.0,0.0,100.0,100.0,1,1,1,1
0.0,0.0,0.0,0.0,0.0,0.0,0.0,0.0,0.290816,0.0,0.290816,0.290816,67.25,47.154887,0.0,100.0,1,1,1,1
0.0,0.0,0.0,0.0,0.0,0.0,0.0,0.0,0.290816,0.0,0.290816,0.290816,88.0,20.78461,64.0,100.0,1,1,1,1
0.0,0.0,0.0,0.0,0.0,0.0,0.0,0.0,0.290816,0.0,0.290816,0.290816,13.5,27.0,0.0,54.0,1,1,1,1
0.0,0.0,0.0,0.0,0.0,0.0,0.0,0.0,0.333727,0.0,0.333727,0.333727,0.0,0.0,0.0,0.0,1,1,1,1
0.0,0.0,0.0,0.0,0.0,0.0,0.0,0.0,0.333727,0.0,0.333727,0.333727,21.0,36.373067,0.0,63.0,1,1,1,1
0.0,0.0,0.0,0.0,0.0,0.0,0.0,0.0,0.333727,0.0,0.333727,0.333727,100.0,0.0,100.0,100.0,1,1,1,1
0.0,0.0,0.0,0.0,0.0,0.0,0.0,0.0,0.333727,0.0,0.333727,0.333727,67.25,47.154887,0.0,100.0,1,1,1,1
0.0,0.0,0.0,0.0,0.0,0.0,0.0,0.0,0.333727,0.0,0.333727,0.333727,88.0,20.78461,64.0,100.0,1,1,1,1
0.0,0.0,0.0,0.0,0.0,0.0,0.0,0.0,0.333727,0.0,0.333727,0.333727,13.5,27.0,0.0,54.0,1,1,1,1
0.0,0.0,0.0,0.0,0.0,0.0,0.0,0.0,0.359362,0.0,0.359362,0.359362,0.0,0.0,0.0,0.0,1,1,1,1
0.0,0.0,0.0,0.0,0.0,0.0,0.0,0.0,0.359362,0.0,0.359362,0.359362,21.0,36.373067,0.0,63.0,1,1,1,1
0.0,0.0,0.0,0.0,0.0,0.0,0.0,0.0,0.359362,0.0,0.359362,0.359362,100.0,0.0,100.0,100.0,1,1,1,1
30.9,0.0,30.9,30.9,86.7,0.0,86.7,86.7,2.399741,0.738473,1.461687,3.269048,100.0,0.0,100.0,100.0,1,1,1,1
30.9,0.0,30.9,30.9,86.7,0.0,86.7,86.7,2.399741,0.738473,1.461687,3.269048,21.0,36.373067,0.0,63.0,1,1,1,1
30.9,0.0,30.9,30.9,86.7,0.0,86.7,86.7,2.399741,0.738473,1.461687,3.269048,0.0,0.0,0.0,0.0,1,1,1,1
30.9,0.0,30.9,30.9,86.7,0.0,86.7,86.7,1.154371,0.447606,0.711539,1.866873,13.5,27.0,0.0,54.0,1,1,1,1
31.1,0.0,31.1,31.1,84.7,0.0,84.7,84.7,1.056148,0.003844,1.049327,1.0608,13.5,27.0,0.0,54.0,1,1,1,1
30.9,0.0,30.9,30.9,86.7,0.0,86.7,86.7,0.290816,0.0,0.290816,0.290816,0.0,0.0,0.0,0.0,1,1,1,1
30.9,0.0,30.9,30.9,86.7,0.0,86.7,86.7,0.290816,0.0,0.290816,0.290816,21.0,36.373067,0.0,63.0,1,1,1,1
30.9,0.0,30.9,30.9,86.7,0.0,86.7,86.7,0.290816,0.0,0.290816,0.290816,100.0,0.0,100.0,100.0,1,1,1,1
30.9,0.0,30.9,30.9,86.7,0.0,86.7,86.7,0.290816,0.0,0.290816,0.290816,67.25,47.154887,0.0,100.0,1,1,1,1
30.9,0.0,30.9,30.9,86.7,0.0,86.7,86.7,0.290816,0.0,0.290816,0.290816,88.0,20.78461,64.0,100.0,1,1,1,1
30.9,0.0,30.9,30.9,86.7,0.0,86.7,86.7,0.290816,0.0,0.290816,0.290816,13.5,27.0,0.0,54.0,1,1,1,1
30.9,0.0,30.9,30.9,86.7,0.0,86.7,86.7,0.333727,0.0,0.333727,0.333727,0.0,0.0,0.0,0.0,1,1,1,1
30.9,0.0,30.9,30.9,86.7,0.0,86.7,86.7,0.333727,0.0,0.333727,0.333727,21.0,36.373067,0.0,63.0,1,1,1,1
30.9,0.0,30.9,30.9,86.7,0.0,86.7,86.7,0.333727,0.0,0.333727,0.333727,100.0,0.0,100.0,100.0,1,1,1,1
30.9,0.0,30.9,30.9,86.7,0.0,86.7,86.7,0.333727,0.0,0.333727,0.333727,67.25,47.154887,0.0,100.0,1,1,1,1
0.0,0.0,0.0,0.0,0.0,0.0,0.0,0.0,0.359362,0.0,0.359362,0.359362,67.25,47.154887,0.0,100.0,1,1,1,1
30.9,0.0,30.9,30.9,86.7,0.0,86.7,86.7,0.333727,0.0,0.333727,0.333727,88.0,20.78461,64.0,100.0,1,1,1,1
30.9,0.0,30.9,30.9,86.7,0.0,86.7,86.7,0.359362,0.0,0.359362,0.359362,0.0,0.0,0.0,0.0,1,1,1,1
30.9,0.0,30.9,30.9,86.7,0.0,86.7,86.7,0.359362,0.0,0.359362,0.359362,21.0,36.373067,0.0,63.0,1,1,1,1
30.9,0.0,30.9,30.9,86.7,0.0,86.7,86.7,0.359362,0.0,0.359362,0.359362,100.0,0.0,100.0,100.0,1,1,1,1
30.9,0.0,30.9,30.9,86.7,0.0,86.7,86.7,0.359362,0.0,0.359362,0.359362,67.25,47.154887,0.0,100.0,1,1,1,1
30.9,0.0,30.9,30.9,86.7,0.0,86.7,86.7,0.359362,0.0,0.359362,0.359362,88.0,20.78461,64.0,100.0,1,1,1,1
30.9,0.0,30.9,30.9,86.7,0.0,86.7,86.7,0.359362,0.0,0.359362,0.359362,13.5,27.0,0.0,54.0,1,1,1,1
30.9,0.0,30.9,30.9,86.7,0.0,86.7,86.7,1.154371,0.447606,0.711539,1.866873,0.0,0.0,0.0,0.0,1,1,1,1
30.9,0.0,30.9,30.9,86.7,0.0,86.7,86.7,1.154371,0.447606,0.711539,1.866873,21.0,36.373067,0.0,63.0,1,1,1,1
30.9,0.0,30.9,30.9,86.7,0.0,86.7,86.7,1.154371,0.447606,0.711539,1.866873,100.0,0.0,100.0,100.0,1,1,1,1
30.9,0.0,30.9,30.9,86.7,0.0,86.7,86.7,1.154371,0.447606,0.711539,1.866873,67.25,47.154887,0.0,100.0,1,1,1,1
30.9,0.0,30.9,30.9,86.7,0.0,86.7,86.7,1.154371,0.447606,0.711539,1.866873,88.0,20.78461,64.0,100.0,1,1,1,1
30.9,0.0,30.9,30.9,86.7,0.0,86.7,86.7,0.333727,0.0,0.333727,0.333727,13.5,27.0,0.0,54.0,1,1,1,1
0.0,0.0,0.0,0.0,0.0,0.0,0.0,0.0,0.359362,0.0,0.359362,0.359362,88.0,20.78461,64.0,100.0,1,1,1,1
0.0,0.0,0.0,0.0,0.0,0.0,0.0,0.0,0.290816,0.0,0.290816,0.290816,21.0,36.373067,0.0,63.0,1,1,1,1
0.0,0.0,0.0,0.0,0.0,0.0,0.0,0.0,1.154371,0.447606,0.711539,1.866873,0.0,0.0,0.0,0.0,1,1,1,1
31.1,0.0,31.1,31.1,84.7,0.0,84.7,84.7,0.333727,0.0,0.333727,0.333727,88.0,20.78461,64.0,100.0,1,1,1,1
31.1,0.0,31.1,31.1,84.7,0.0,84.7,84.7,0.333727,0.0,0.333727,0.333727,13.5,27.0,0.0,54.0,1,1,1,1
31.1,0.0,31.1,31.1,84.7,0.0,84.7,84.7,0.359362,0.0,0.359362,0.359362,0.0,0.0,0.0,0.0,1,1,1,1
31.1,0.0,31.1,31.1,84.7,0.0,84.7,84.7,0.359362,0.0,0.359362,0.359362,21.0,36.373067,0.0,63.0,1,1,1,1
31.1,0.0,31.1,31.1,84.7,0.0,84.7,84.7,0.359362,0.0,0.359362,0.359362,100.0,0.0,100.0,100.0,1,1,1,1
31.1,0.0,31.1,31.1,84.7,0.0,84.7,84.7,0.359362,0.0,0.359362,0.359362,67.25,47.154887,0.0,100.0,1,1,1,1
31.1,0.0,31.1,31.1,84.7,0.0,84.7,84.7,0.359362,0.0,0.359362,0.359362,88.0,20.78461,64.0,100.0,1,1,1,1
31.1,0.0,31.1,31.1,84.7,0.0,84.7,84.7,0.359362,0.0,0.359362,0.359362,13.5,27.0,0.0,54.0,1,1,1,1
31.1,0.0,31.1,31.1,84.7,0.0,84.7,84.7,1.154371,0.447606,0.711539,1.866873,0.0,0.0,0.0,0.0,1,1,1,1
31.1,0.0,31.1,31.1,84.7,0.0,84.7,84.7,1.154371,0.447606,0.711539,1.866873,21.0,36.373067,0.0,63.0,1,1,1,1
31.1,0.0,31.1,31.1,84.7,0.0,84.7,84.7,1.154371,0.447606,0.711539,1.866873,100.0,0.0,100.0,100.0,1,1,1,1
31.1,0.0,31.1,31.1,84.7,0.0,84.7,84.7,0.333727,0.0,0.333727,0.333727,67.25,47.154887,0.0,100.0,1,1,1,1
0.0,0.0,0.0,0.0,0.0,0.0,0.0,0.0,0.359362,0.0,0.359362,0.359362,13.5,27.0,0.0,54.0,1,1,1,1
31.1,0.0,31.1,31.1,84.7,0.0,84.7,84.7,1.154371,0.447606,0.711539,1.866873,13.5,27.0,0.0,54.0,1,1,1,1
31.1,0.0,31.1,31.1,84.7,0.0,84.7,84.7,2.399741,0.738473,1.461687,3.269048,0.0,0.0,0.0,0.0,1,1,1,1
31.1,0.0,31.1,31.1,84.7,0.0,84.7,84.7,2.399741,0.738473,1.461687,3.269048,21.0,36.373067,0.0,63.0,1,1,1,1
31.1,0.0,31.1,31.1,84.7,0.0,84.7,84.7,2.399741,0.738473,1.461687,3.269048,100.0,0.0,100.0,100.0,1,1,1,1
31.1,0.0,31.1,31.1,84.7,0.0,84.7,84.7,2.399741,0.738473,1.461687,3.269048,67.25,47.154887,0.0,100.0,1,1,1,1
31.1,0.0,31.1,31.1,84.7,0.0,84.7,84.7,2.399741,0.738473,1.461687,3.269048,88.0,20.78461,64.0,100.0,1,1,1,1
31.1,0.0,31.1,31.1,84.7,0.0,84.7,84.7,2.399741,0.738473,1.461687,3.269048,13.5,27.0,0.0,54.0,1,1,1,1
31.1,0.0,31.1,31.1,84.7,0.0,84.7,84.7,1.056148,0.003844,1.049327,1.0608,0.0,0.0,0.0,0.0,1,1,1,1
31.1,0.0,31.1,31.1,84.7,0.0,84.7,84.7,1.056148,0.003844,1.049327,1.0608,21.0,36.373067,0.0,63.0,1,1,1,1
31.1,0.0,31.1,31.1,84.7,0.0,84.7,84.7,1.056148,0.003844,1.049327,1.0608,100.0,0.0,100.0,100.0,1,1,1,1
31.1,0.0,31.1,31.1,84.7,0.0,84.7,84.7,1.056148,0.003844,1.049327,1.0608,67.25,47.154887,0.0,100.0,1,1,1,1
31.1,0.0,31.1,31.1,84.7,0.0,84.7,84.7,1.154371,0.447606,0.711539,1.866873,88.0,20.78461,64.0,100.0,1,1,1,1
31.1,0.0,31.1,31.1,84.7,0.0,84.7,84.7,0.333727,0.0,0.333727,0.333727,100.0,0.0,100.0,100.0,1,1,1,1
31.1,0.0,31.1,31.1,84.7,0.0,84.7,84.7,1.154371,0.447606,0.711539,1.866873,67.25,47.154887,0.0,100.0,1,1,1,1
31.1,0.0,31.1,31.1,84.7,0.0,84.7,84.7,0.333727,0.0,0.333727,0.333727,0.0,0.0,0.0,0.0,1,1,1,1
0.0,0.0,0.0,0.0,0.0,0.0,0.0,0.0,1.154371,0.447606,0.711539,1.866873,21.0,36.373067,0.0,63.0,1,1,1,1
31.1,0.0,31.1,31.1,84.7,0.0,84.7,84.7,0.333727,0.0,0.333727,0.333727,21.0,36.373067,0.0,63.0,1,1,1,1
0.0,0.0,0.0,0.0,0.0,0.0,0.0,0.0,1.154371,0.447606,0.711539,1.866873,100.0,0.0,100.0,100.0,1,1,1,1
0.0,0.0,0.0,0.0,0.0,0.0,0.0,0.0,1.154371,0.447606,0.711539,1.866873,67.25,47.154887,0.0,100.0,1,1,1,1
0.0,0.0,0.0,0.0,0.0,0.0,0.0,0.0,1.154371,0.447606,0.711539,1.866873,88.0,20.78461,64.0,100.0,1,1,1,1
0.0,0.0,0.0,0.0,0.0,0.0,0.0,0.0,1.154371,0.447606,0.711539,1.866873,13.5,27.0,0.0,54.0,1,1,1,1
0.0,0.0,0.0,0.0,0.0,0.0,0.0,0.0,2.399741,0.738473,1.461687,3.269048,0.0,0.0,0.0,0.0,1,1,1,1
0.0,0.0,0.0,0.0,0.0,0.0,0.0,0.0,2.399741,0.738473,1.461687,3.269048,100.0,0.0,100.0,100.0,1,1,1,1
0.0,0.0,0.0,0.0,0.0,0.0,0.0,0.0,2.399741,0.738473,1.461687,3.269048,67.25,47.154887,0.0,100.0,1,1,1,1
0.0,0.0,0.0,0.0,0.0,0.0,0.0,0.0,2.399741,0.738473,1.461687,3.269048,88.0,20.78461,64.0,100.0,1,1,1,1
0.0,0.0,0.0,0.0,0.0,0.0,0.0,0.0,2.399741,0.738473,1.461687,3.269048,13.5,27.0,0.0,54.0,1,1,1,1
0.0,0.0,0.0,0.0,0.0,0.0,0.0,0.0,1.056148,0.003844,1.049327,1.0608,0.0,0.0,0.0,0.0,1,1,1,1
0.0,0.0,0.0,0.0,0.0,0.0,0.0,0.0,2.399741,0.738473,1.461687,3.269048,21.0,36.373067,0.0,63.0,1,1,1,1
31.1,0.0,31.1,31.1,84.7,0.0,84.7,84.7,0.290816,0.0,0.290816,0.290816,21.0,36.373067,0.0,63.0,1,1,1,1
31.1,0.0,31.1,31.1,84.7,0.0,84.7,84.7,0.290816,0.0,0.290816,0.290816,88.0,20.78461,64.0,100.0,1,1,1,1
0.0,0.0,0.0,0.0,0.0,0.0,0.0,0.0,1.056148,0.003844,1.049327,1.0608,21.0,36.373067,0.0,63.0,1,1,1,1
31.1,0.0,31.1,31.1,84.7,0.0,84.7,84.7,0.290816,0.0,0.290816,0.290816,67.25,47.154887,0.0,100.0,1,1,1,1
31.1,0.0,31.1,31.1,84.7,0.0,84.7,84.7,0.290816,0.0,0.290816,0.290816,100.0,0.0,100.0,100.0,1,1,1,1
31.1,0.0,31.1,31.1,84.7,0.0,84.7,84.7,0.290816,0.0,0.290816,0.290816,0.0,0.0,0.0,0.0,1,1,1,1
31.1,0.0,31.1,31.1,84.7,0.0,84.7,84.7,0.290816,0.0,0.290816,0.290816,13.5,27.0,0.0,54.0,1,1,1,1
0.0,0.0,0.0,0.0,0.0,0.0,0.0,0.0,1.056148,0.003844,1.049327,1.0608,88.0,20.78461,64.0,100.0,1,1,1,1
0.0,0.0,0.0,0.0,0.0,0.0,0.0,0.0,1.056148,0.003844,1.049327,1.0608,67.25,47.154887,0.0,100.0,1,1,1,1
0.0,0.0,0.0,0.0,0.0,0.0,0.0,0.0,1.056148,0.003844,1.049327,1.0608,100.0,0.0,100.0,100.0,1,1,1,1
0.0,0.0,0.0,0.0,0.0,0.0,0.0,0.0,1.056148,0.003844,1.049327,1.0608,13.5,27.0,0.0,54.0,1,1,1,1
31.0,0.0,31.0,31.0,85.3,0.0,85.3,85.3,1.047414,0.024646,0.999432,1.064519,100.0,0.0,100.0,100.0,1,1,1,1
31.0,0.0,31.0,31.0,85.3,0.0,85.3,85.3,2.115687,0.261242,1.786169,2.451034,84.0,23.10844,51.0,100.0,1,1,1,1
31.0,0.0,31.0,31.0,85.3,0.0,85.3,85.3,1.047414,0.024646,0.999432,1.064519,91.25,17.5,65.0,100.0,1,1,1,1
31.0,0.0,31.0,31.0,85.3,0.0,85.3,85.3,1.047414,0.024646,0.999432,1.064519,84.0,23.10844,51.0,100.0,1,1,1,1
31.0,0.0,31.0,31.0,85.3,0.0,85.3,85.3,2.115687,0.261242,1.786169,2.451034,100.0,0.0,100.0,100.0,1,1,1,1
31.0,0.0,31.0,31.0,85.3,0.0,85.3,85.3,0.333727,0.0,0.333727,0.333727,100.0,0.0,100.0,100.0,1,1,1,1
31.0,0.0,31.0,31.0,85.3,0.0,85.3,85.3,0.359362,0.0,0.359362,0.359362,100.0,0.0,100.0,100.0,1,1,1,1
31.0,0.0,31.0,31.0,85.3,0.0,85.3,85.3,0.359362,0.0,0.359362,0.359362,100.0,0.0,100.0,100.0,1,1,1,1
31.0,0.0,31.0,31.0,85.3,0.0,85.3,85.3,0.359362,0.0,0.359362,0.359362,84.0,23.10844,51.0,100.0,1,1,1,1
31.0,0.0,31.0,31.0,85.3,0.0,85.3,85.3,0.359362,0.0,0.359362,0.359362,91.25,17.5,65.0,100.0,1,1,1,1
31.0,0.0,31.0,31.0,85.3,0.0,85.3,85.3,1.047414,0.024646,0.999432,1.064519,100.0,0.0,100.0,100.0,1,1,1,1
31.0,0.0,31.0,31.0,85.3,0.0,85.3,85.3,0.333727,0.0,0.333727,0.333727,84.0,23.10844,51.0,100.0,1,1,1,1
31.0,0.0,31.0,31.0,85.3,0.0,85.3,85.3,2.115687,0.261242,1.786169,2.451034,100.0,0.0,100.0,100.0,1,1,1,1
0.0,0.0,0.0,0.0,0.0,0.0,0.0,0.0,0.333727,0.0,0.333727,0.333727,91.25,17.5,65.0,100.0,1,1,1,1
0.0,0.0,0.0,0.0,0.0,0.0,0.0,0.0,1.047414,0.024646,0.999432,1.064519,91.25,17.5,65.0,100.0,1,1,1,1
0.0,0.0,0.0,0.0,0.0,0.0,0.0,0.0,0.333727,0.0,0.333727,0.333727,84.0,23.10844,51.0,100.0,1,1,1,1
0.0,0.0,0.0,0.0,0.0,0.0,0.0,0.0,0.333727,0.0,0.333727,0.333727,100.0,0.0,100.0,100.0,1,1,1,1
0.0,0.0,0.0,0.0,0.0,0.0,0.0,0.0,0.359362,0.0,0.359362,0.359362,91.25,17.5,65.0,100.0,1,1,1,1
0.0,0.0,0.0,0.0,0.0,0.0,0.0,0.0,0.359362,0.0,0.359362,0.359362,100.0,0.0,100.0,100.0,1,1,1,1
0.0,0.0,0.0,0.0,0.0,0.0,0.0,0.0,0.359362,0.0,0.359362,0.359362,84.0,23.10844,51.0,100.0,1,1,1,1
0.0,0.0,0.0,0.0,0.0,0.0,0.0,0.0,0.359362,0.0,0.359362,0.359362,100.0,0.0,100.0,100.0,1,1,1,1
0.0,0.0,0.0,0.0,0.0,0.0,0.0,0.0,2.115687,0.261242,1.786169,2.451034,91.25,17.5,65.0,100.0,1,1,1,1
0.0,0.0,0.0,0.0,0.0,0.0,0.0,0.0,2.115687,0.261242,1.786169,2.451034,100.0,0.0,100.0,100.0,1,1,1,1
0.0,0.0,0.0,0.0,0.0,0.0,0.0,0.0,2.115687,0.261242,1.786169,2.451034,84.0,23.10844,51.0,100.0,1,1,1,1
0.0,0.0,0.0,0.0,0.0,0.0,0.0,0.0,2.115687,0.261242,1.786169,2.451034,100.0,0.0,100.0,100.0,1,1,1,1
0.0,0.0,0.0,0.0,0.0,0.0,0.0,0.0,1.047414,0.024646,0.999432,1.064519,100.0,0.0,100.0,100.0,1,1,1,1
0.0,0.0,0.0,0.0,0.0,0.0,0.0,0.0,1.047414,0.024646,0.999432,1.064519,84.0,23.10844,51.0,100.0,1,1,1,1
31.0,0.0,31.0,31.0,85.3,0.0,85.3,85.3,0.333727,0.0,0.333727,0.333727,100.0,0.0,100.0,100.0,1,1,1,1
0.0,0.0,0.0,0.0,0.0,0.0,0.0,0.0,1.047414,0.024646,0.999432,1.064519,100.0,0.0,100.0,100.0,1,1,1,1
0.0,0.0,0.0,0.0,0.0,0.0,0.0,0.0,0.333727,0.0,0.333727,0.333727,100.0,0.0,100.0,100.0,1,1,1,1
31.0,0.0,31.0,31.0,85.3,0.0,85.3,85.3,0.333727,0.0,0.333727,0.333727,91.25,17.5,65.0,100.0,1,1,1,1
31.0,0.0,31.0,31.0,85.3,0.0,85.3,85.3,2.115687,0.261242,1.786169,2.451034,91.25,17.5,65.0,100.0,1,1,1,1
31.0,0.0,31.0,31.0,84.6,0.0,84.6,84.6,1.047414,0.024646,0.999432,1.064519,84.0,23.10844,51.0,100.0,1,1,1,1
31.0,0.0,31.0,31.0,84.6,0.0,84.6,84.6,1.047414,0.024646,0.999432,1.064519,100.0,0.0,100.0,100.0,1,1,1,1
31.1,0.0,31.1,31.1,85.6,0.0,85.6,85.6,0.333727,0.0,0.333727,0.333727,91.25,17.5,65.0,100.0,1,1,1,1
31.1,0.0,31.1,31.1,85.6,0.0,85.6,85.6,0.333727,0.0,0.333727,0.333727,100.0,0.0,100.0,100.0,1,1,1,1
31.1,0.0,31.1,31.1,85.6,0.0,85.6,85.6,0.333727,0.0,0.333727,0.333727,84.0,23.10844,51.0,100.0,1,1,1,1
31.1,0.0,31.1,31.1,85.6,0.0,85.6,85.6,0.333727,0.0,0.333727,0.333727,100.0,0.0,100.0,100.0,1,1,1,1
31.1,0.0,31.1,31.1,85.6,0.0,85.6,85.6,0.359362,0.0,0.359362,0.359362,91.25,17.5,65.0,100.0,1,1,1,1
31.1,0.0,31.1,31.1,85.6,0.0,85.6,85.6,0.359362,0.0,0.359362,0.359362,100.0,0.0,100.0,100.0,1,1,1,1
31.1,0.0,31.1,31.1,85.6,0.0,85.6,85.6,0.359362,0.0,0.359362,0.359362,84.0,23.10844,51.0,100.0,1,1,1,1
31.1,0.0,31.1,31.1,85.6,0.0,85.6,85.6,0.359362,0.0,0.359362,0.359362,100.0,0.0,100.0,100.0,1,1,1,1
31.1,0.0,31.1,31.1,85.6,0.0,85.6,85.6,2.115687,0.261242,1.786169,2.451034,100.0,0.0,100.0,100.0,1,1,1,1
31.1,0.0,31.1,31.1,85.6,0.0,85.6,85.6,2.115687,0.261242,1.786169,2.451034,84.0,23.10844,51.0,100.0,1,1,1,1
31.1,0.0,31.1,31.1,85.6,0.0,85.6,85.6,2.115687,0.261242,1.786169,2.451034,100.0,0.0,100.0,100.0,1,1,1,1
31.1,0.0,31.1,31.1,85.6,0.0,85.6,85.6,1.047414,0.024646,0.999432,1.064519,91.25,17.5,65.0,100.0,1,1,1,1
31.1,0.0,31.1,31.1,85.6,0.0,85.6,85.6,1.047414,0.024646,0.999432,1.064519,100.0,0.0,100.0,100.0,1,1,1,1
31.1,0.0,31.1,31.1,85.6,0.0,85.6,85.6,1.047414,0.024646,0.999432,1.064519,84.0,23.10844,51.0,100.0,1,1,1,1
31.1,0.0,31.1,31.1,85.6,0.0,85.6,85.6,2.115687,0.261242,1.786169,2.451034,91.25,17.5,65.0,100.0,1,1,1,1
31.0,0.0,31.0,31.0,84.6,0.0,84.6,84.6,0.333727,0.0,0.333727,0.333727,91.25,17.5,65.0,100.0,1,1,1,1
31.1,0.0,31.1,31.1,85.6,0.0,85.6,85.6,1.047414,0.024646,0.999432,1.064519,100.0,0.0,100.0,100.0,1,1,1,1
31.0,0.0,31.0,31.0,84.6,0.0,84.6,84.6,1.047414,0.024646,0.999432,1.064519,91.25,17.5,65.0,100.0,1,1,1,1
31.0,0.0,31.0,31.0,84.6,0.0,84.6,84.6,2.115687,0.261242,1.786169,2.451034,100.0,0.0,100.0,100.0,1,1,1,1
31.0,0.0,31.0,31.0,84.6,0.0,84.6,84.6,2.115687,0.261242,1.786169,2.451034,84.0,23.10844,51.0,100.0,1,1,1,1
31.0,0.0,31.0,31.0,84.6,0.0,84.6,84.6,2.115687,0.261242,1.786169,2.451034,100.0,0.0,100.0,100.0,1,1,1,1
31.0,0.0,31.0,31.0,84.6,0.0,84.6,84.6,0.359362,0.0,0.359362,0.359362,100.0,0.0,100.0,100.0,1,1,1,1
31.0,0.0,31.0,31.0,84.6,0.0,84.6,84.6,2.115687,0.261242,1.786169,2.451034,91.25,17.5,65.0,100.0,1,1,1,1
31.0,0.0,31.0,31.0,84.6,0.0,84.6,84.6,0.359362,0.0,0.359362,0.359362,100.0,0.0,100.0,100.0,1,1,1,1
31.0,0.0,31.0,31.0,84.6,0.0,84.6,84.6,1.047414,0.024646,0.999432,1.064519,100.0,0.0,100.0,100.0,1,1,1,1
31.0,0.0,31.0,31.0,84.6,0.0,84.6,84.6,0.359362,0.0,0.359362,0.359362,91.25,17.5,65.0,100.0,1,1,1,1
31.0,0.0,31.0,31.0,84.6,0.0,84.6,84.6,0.333727,0.0,0.333727,0.333727,100.0,0.0,100.0,100.0,1,1,1,1
31.0,0.0,31.0,31.0,84.6,0.0,84.6,84.6,0.333727,0.0,0.333727,0.333727,84.0,23.10844,51.0,100.0,1,1,1,1
31.0,0.0,31.0,31.0,84.6,0.0,84.6,84.6,0.333727,0.0,0.333727,0.333727,100.0,0.0,100.0,100.0,1,1,1,1
31.0,0.0,31.0,31.0,84.6,0.0,84.6,84.6,0.359362,0.0,0.359362,0.359362,84.0,23.10844,51.0,100.0,1,1,1,1
31.0,0.0,31.0,31.0,84.9,0.0,84.9,84.9,0.982384,0.160191,0.74428,1.268801,92.0,16.0,68.0,100.0,1,1,1,1
31.0,0.0,31.0,31.0,84.9,0.0,84.9,84.9,1.142865,0.495857,0.544896,2.090535,66.666667,57.735027,0.0,100.0,1,1,1,1
31.0,0.0,31.0,31.0,84.9,0.0,84.9,84.9,1.142865,0.495857,0.544896,2.090535,0.0,0.0,0.0,0.0,1,1,1,1
31.0,0.0,31.0,31.0,84.9,0.0,84.9,84.9,0.982384,0.160191,0.74428,1.268801,75.0,50.0,0.0,100.0,1,1,1,1
31.0,0.0,31.0,31.0,84.9,0.0,84.9,84.9,0.982384,0.160191,0.74428,1.268801,66.666667,57.735027,0.0,100.0,1,1,1,1
31.0,0.0,31.0,31.0,84.9,0.0,84.9,84.9,0.290816,0.0,0.290816,0.290816,92.0,16.0,68.0,100.0,1,1,1,1
31.0,0.0,31.0,31.0,84.9,0.0,84.9,84.9,0.333727,0.0,0.333727,0.333727,75.0,50.0,0.0,100.0,1,1,1,1
31.0,0.0,31.0,31.0,84.9,0.0,84.9,84.9,0.333727,0.0,0.333727,0.333727,92.0,16.0,68.0,100.0,1,1,1,1
31.0,0.0,31.0,31.0,84.9,0.0,84.9,84.9,0.333727,0.0,0.333727,0.333727,66.666667,57.735027,0.0,100.0,1,1,1,1
31.0,0.0,31.0,31.0,84.9,0.0,84.9,84.9,0.333727,0.0,0.333727,0.333727,0.0,0.0,0.0,0.0,1,1,1,1
31.0,0.0,31.0,31.0,84.9,0.0,84.9,84.9,0.290816,0.0,0.290816,0.290816,75.0,50.0,0.0,100.0,1,1,1,1
31.0,0.0,31.0,31.0,84.9,0.0,84.9,84.9,1.142865,0.495857,0.544896,2.090535,75.0,50.0,0.0,100.0,1,1,1,1
31.0,0.0,31.0,31.0,84.9,0.0,84.9,84.9,0.982384,0.160191,0.74428,1.268801,0.0,0.0,0.0,0.0,1,1,1,1
31.0,0.0,31.0,31.0,85.2,0.0,85.2,85.2,0.290816,0.0,0.290816,0.290816,0.0,0.0,0.0,0.0,1,1,1,1
31.0,0.0,31.0,31.0,85.2,0.0,85.2,85.2,1.142865,0.495857,0.544896,2.090535,75.0,50.0,0.0,100.0,1,1,1,1
31.0,0.0,31.0,31.0,85.2,0.0,85.2,85.2,0.290816,0.0,0.290816,0.290816,92.0,16.0,68.0,100.0,1,1,1,1
31.0,0.0,31.0,31.0,85.2,0.0,85.2,85.2,0.290816,0.0,0.290816,0.290816,75.0,50.0,0.0,100.0,1,1,1,1
31.0,0.0,31.0,31.0,85.2,0.0,85.2,85.2,0.333727,0.0,0.333727,0.333727,0.0,0.0,0.0,0.0,1,1,1,1
31.0,0.0,31.0,31.0,85.2,0.0,85.2,85.2,0.333727,0.0,0.333727,0.333727,66.666667,57.735027,0.0,100.0,1,1,1,1
31.0,0.0,31.0,31.0,85.2,0.0,85.2,85.2,0.333727,0.0,0.333727,0.333727,92.0,16.0,68.0,100.0,1,1,1,1
31.0,0.0,31.0,31.0,85.2,0.0,85.2,85.2,0.333727,0.0,0.333727,0.333727,75.0,50.0,0.0,100.0,1,1,1,1
31.0,0.0,31.0,31.0,85.2,0.0,85.2,85.2,0.982384,0.160191,0.74428,1.268801,0.0,0.0,0.0,0.0,1,1,1,1
31.0,0.0,31.0,31.0,85.2,0.0,85.2,85.2,0.982384,0.160191,0.74428,1.268801,66.666667,57.735027,0.0,100.0,1,1,1,1
31.0,0.0,31.0,31.0,85.2,0.0,85.2,85.2,0.982384,0.160191,0.74428,1.268801,92.0,16.0,68.0,100.0,1,1,1,1
31.0,0.0,31.0,31.0,85.2,0.0,85.2,85.2,0.982384,0.160191,0.74428,1.268801,75.0,50.0,0.0,100.0,1,1,1,1
31.0,0.0,31.0,31.0,85.2,0.0,85.2,85.2,1.142865,0.495857,0.544896,2.090535,0.0,0.0,0.0,0.0,1,1,1,1
31.0,0.0,31.0,31.0,85.2,0.0,85.2,85.2,1.142865,0.495857,0.544896,2.090535,66.666667,57.735027,0.0,100.0,1,1,1,1
31.0,0.0,31.0,31.0,85.2,0.0,85.2,85.2,1.142865,0.495857,0.544896,2.090535,92.0,16.0,68.0,100.0,1,1,1,1
31.0,0.0,31.0,31.0,84.9,0.0,84.9,84.9,0.290816,0.0,0.290816,0.290816,66.666667,57.735027,0.0,100.0,1,1,1,1
31.0,0.0,31.0,31.0,85.2,0.0,85.2,85.2,0.290816,0.0,0.290816,0.290816,66.666667,57.735027,0.0,100.0,1,1,1,1
31.0,0.0,31.0,31.0,84.9,0.0,84.9,84.9,0.290816,0.0,0.290816,0.290816,0.0,0.0,0.0,0.0,1,1,1,1
31.0,0.0,31.0,31.0,84.9,0.0,84.9,84.9,1.142865,0.495857,0.544896,2.090535,92.0,16.0,68.0,100.0,1,1,1,1
31.0,0.0,31.0,31.0,85.5,0.0,85.5,85.5,1.142865,0.495857,0.544896,2.090535,92.0,16.0,68.0,100.0,1,1,1,1
31.0,0.0,31.0,31.0,85.5,0.0,85.5,85.5,1.142865,0.495857,0.544896,2.090535,75.0,50.0,0.0,100.0,1,1,1,1
0.0,0.0,0.0,0.0,0.0,0.0,0.0,0.0,0.290816,0.0,0.290816,0.290816,66.666667,57.735027,0.0,100.0,1,1,1,1
0.0,0.0,0.0,0.0,0.0,0.0,0.0,0.0,0.290816,0.0,0.290816,0.290816,92.0,16.0,68.0,100.0,1,1,1,1
0.0,0.0,0.0,0.0,0.0,0.0,0.0,0.0,0.290816,0.0,0.290816,0.290816,75.0,50.0,0.0,100.0,1,1,1,1
0.0,0.0,0.0,0.0,0.0,0.0,0.0,0.0,0.333727,0.0,0.333727,0.333727,0.0,0.0,0.0,0.0,1,1,1,1
0.0,0.0,0.0,0.0,0.0,0.0,0.0,0.0,0.333727,0.0,0.333727,0.333727,66.666667,57.735027,0.0,100.0,1,1,1,1
0.0,0.0,0.0,0.0,0.0,0.0,0.0,0.0,0.333727,0.0,0.333727,0.333727,92.0,16.0,68.0,100.0,1,1,1,1
0.0,0.0,0.0,0.0,0.0,0.0,0.0,0.0,0.333727,0.0,0.333727,0.333727,75.0,50.0,0.0,100.0,1,1,1,1
0.0,0.0,0.0,0.0,0.0,0.0,0.0,0.0,0.982384,0.160191,0.74428,1.268801,0.0,0.0,0.0,0.0,1,1,1,1
0.0,0.0,0.0,0.0,0.0,0.0,0.0,0.0,0.982384,0.160191,0.74428,1.268801,66.666667,57.735027,0.0,100.0,1,1,1,1
0.0,0.0,0.0,0.0,0.0,0.0,0.0,0.0,0.982384,0.160191,0.74428,1.268801,92.0,16.0,68.0,100.0,1,1,1,1
0.0,0.0,0.0,0.0,0.0,0.0,0.0,0.0,0.982384,0.160191,0.74428,1.268801,75.0,50.0,0.0,100.0,1,1,1,1
0.0,0.0,0.0,0.0,0.0,0.0,0.0,0.0,1.142865,0.495857,0.544896,2.090535,0.0,0.0,0.0,0.0,1,1,1,1
0.0,0.0,0.0,0.0,0.0,0.0,0.0,0.0,1.142865,0.495857,0.544896,2.090535,66.666667,57.735027,0.0,100.0,1,1,1,1
0.0,0.0,0.0,0.0,0.0,0.0,0.0,0.0,1.142865,0.495857,0.544896,2.090535,92.0,16.0,68.0,100.0,1,1,1,1
0.0,0.0,0.0,0.0,0.0,0.0,0.0,0.0,0.290816,0.0,0.290816,0.290816,0.0,0.0,0.0,0.0,1,1,1,1
31.0,0.0,31.0,31.0,85.5,0.0,85.5,85.5,0.290816,0.0,0.290816,0.290816,0.0,0.0,0.0,0.0,1,1,1,1
0.0,0.0,0.0,0.0,0.0,0.0,0.0,0.0,1.142865,0.495857,0.544896,2.090535,75.0,50.0,0.0,100.0,1,1,1,1
31.0,0.0,31.0,31.0,85.5,0.0,85.5,85.5,1.142865,0.495857,0.544896,2.090535,0.0,0.0,0.0,0.0,1,1,1,1
31.0,0.0,31.0,31.0,85.5,0.0,85.5,85.5,0.982384,0.160191,0.74428,1.268801,75.0,50.0,0.0,100.0,1,1,1,1
31.0,0.0,31.0,31.0,85.5,0.0,85.5,85.5,0.982384,0.160191,0.74428,1.268801,92.0,16.0,68.0,100.0,1,1,1,1
31.0,0.0,31.0,31.0,85.5,0.0,85.5,85.5,0.982384,0.160191,0.74428,1.268801,66.666667,57.735027,0.0,100.0,1,1,1,1
31.0,0.0,31.0,31.0,85.5,0.0,85.5,85.5,0.982384,0.160191,0.74428,1.268801,0.0,0.0,0.0,0.0,1,1,1,1
31.0,0.0,31.0,31.0,85.5,0.0,85.5,85.5,1.142865,0.495857,0.544896,2.090535,66.666667,57.735027,0.0,100.0,1,1,1,1
31.0,0.0,31.0,31.0,85.5,0.0,85.5,85.5,0.333727,0.0,0.333727,0.333727,92.0,16.0,68.0,100.0,1,1,1,1
31.0,0.0,31.0,31.0,85.5,0.0,85.5,85.5,0.333727,0.0,0.333727,0.333727,66.666667,57.735027,0.0,100.0,1,1,1,1
31.0,0.0,31.0,31.0,85.5,0.0,85.5,85.5,0.333727,0.0,0.333727,0.333727,0.0,0.0,0.0,0.0,1,1,1,1
31.0,0.0,31.0,31.0,85.5,0.0,85.5,85.5,0.290816,0.0,0.290816,0.290816,75.0,50.0,0.0,100.0,1,1,1,1
31.0,0.0,31.0,31.0,85.5,0.0,85.5,85.5,0.290816,0.0,0.290816,0.290816,92.0,16.0,68.0,100.0,1,1,1,1
31.0,0.0,31.0,31.0,85.5,0.0,85.5,85.5,0.290816,0.0,0.290816,0.290816,66.666667,57.735027,0.0,100.0,1,1,1,1
31.0,0.0,31.0,31.0,85.5,0.0,85.5,85.5,0.333727,0.0,0.333727,0.333727,75.0,50.0,0.0,100.0,1,1,1,1
31.0,0.0,31.0,31.0,85.2,0.0,85.2,85.2,0.359362,0.0,0.359362,0.359362,0.0,0.0,0.0,0.0,1,1,1,1
31.0,0.0,31.0,31.0,85.2,0.0,85.2,85.2,0.359362,0.0,0.359362,0.359362,100.0,0.0,100.0,100.0,1,1,1,1
31.0,0.0,31.0,31.0,85.2,0.0,85.2,85.2,0.359362,0.0,0.359362,0.359362,201.666667,110.969966,74.0,275.0,1,1,1,1
31.0,0.0,31.0,31.0,85.2,0.0,85.2,85.2,0.359362,0.0,0.359362,0.359362,100.0,0.0,100.0,100.0,1,1,1,1
31.0,0.0,31.0,31.0,85.2,0.0,85.2,85.2,0.359362,0.0,0.359362,0.359362,50.0,57.735027,0.0,100.0,1,1,1,1
31.0,0.0,31.0,31.0,85.2,0.0,85.2,85.2,0.994503,0.042615,0.929981,1.07153,201.666667,110.969966,74.0,275.0,1,1,1,1
31.0,0.0,31.0,31.0,85.2,0.0,85.2,85.2,0.994503,0.042615,0.929981,1.07153,100.0,0.0,100.0,100.0,1,1,1,1
31.0,0.0,31.0,31.0,85.2,0.0,85.2,85.2,0.994503,0.042615,0.929981,1.07153,100.0,0.0,100.0,100.0,1,1,1,1
31.0,0.0,31.0,31.0,85.2,0.0,85.2,85.2,0.994503,0.042615,0.929981,1.07153,50.0,57.735027,0.0,100.0,1,1,1,1
31.0,0.0,31.0,31.0,85.2,0.0,85.2,85.2,1.047413,0.024633,1.009855,1.089705,0.0,0.0,0.0,0.0,1,1,1,1
31.0,0.0,31.0,31.0,85.2,0.0,85.2,85.2,0.290816,0.0,0.290816,0.290816,50.0,57.735027,0.0,100.0,1,1,1,1
31.0,0.0,31.0,31.0,85.2,0.0,85.2,85.2,0.994503,0.042615,0.929981,1.07153,0.0,0.0,0.0,0.0,1,1,1,1
31.0,0.0,31.0,31.0,85.2,0.0,85.2,85.2,1.047413,0.024633,1.009855,1.089705,100.0,0.0,100.0,100.0,1,1,1,1
31.0,0.0,31.0,31.0,84.8,0.0,84.8,84.8,1.054989,0.008388,1.042988,1.066988,201.666667,110.969966,74.0,275.0,1,1,1,1
31.0,0.0,31.0,31.0,85.2,0.0,85.2,85.2,0.290816,0.0,0.290816,0.290816,201.666667,110.969966,74.0,275.0,1,1,1,1
31.0,0.0,31.0,31.0,85.2,0.0,85.2,85.2,0.290816,0.0,0.290816,0.290816,100.0,0.0,100.0,100.0,1,1,1,1
31.0,0.0,31.0,31.0,85.2,0.0,85.2,85.2,0.290816,0.0,0.290816,0.290816,0.0,0.0,0.0,0.0,1,1,1,1
31.0,0.0,31.0,31.0,84.8,0.0,84.8,84.8,1.054989,0.008388,1.042988,1.066988,50.0,57.735027,0.0,100.0,1,1,1,1
31.0,0.0,31.0,31.0,84.8,0.0,84.8,84.8,1.054989,0.008388,1.042988,1.066988,100.0,0.0,100.0,100.0,1,1,1,1
31.0,0.0,31.0,31.0,84.8,0.0,84.8,84.8,1.054989,0.008388,1.042988,1.066988,100.0,0.0,100.0,100.0,1,1,1,1
31.0,0.0,31.0,31.0,84.8,0.0,84.8,84.8,1.054989,0.008388,1.042988,1.066988,0.0,0.0,0.0,0.0,1,1,1,1
31.0,0.0,31.0,31.0,84.8,0.0,84.8,84.8,1.047413,0.024633,1.009855,1.089705,50.0,57.735027,0.0,100.0,1,1,1,1
31.0,0.0,31.0,31.0,84.8,0.0,84.8,84.8,1.047413,0.024633,1.009855,1.089705,100.0,0.0,100.0,100.0,1,1,1,1
31.0,0.0,31.0,31.0,84.8,0.0,84.8,84.8,1.047413,0.024633,1.009855,1.089705,201.666667,110.969966,74.0,275.0,1,1,1,1
31.0,0.0,31.0,31.0,84.8,0.0,84.8,84.8,1.047413,0.024633,1.009855,1.089705,100.0,0.0,100.0,100.0,1,1,1,1
31.0,0.0,31.0,31.0,84.8,0.0,84.8,84.8,1.047413,0.024633,1.009855,1.089705,0.0,0.0,0.0,0.0,1,1,1,1
31.0,0.0,31.0,31.0,84.8,0.0,84.8,84.8,0.994503,0.042615,0.929981,1.07153,50.0,57.735027,0.0,100.0,1,1,1,1
31.0,0.0,31.0,31.0,85.2,0.0,85.2,85.2,1.047413,0.024633,1.009855,1.089705,201.666667,110.969966,74.0,275.0,1,1,1,1
31.0,0.0,31.0,31.0,85.2,0.0,85.2,85.2,0.290816,0.0,0.290816,0.290816,100.0,0.0,100.0,100.0,1,1,1,1
31.0,0.0,31.0,31.0,85.2,0.0,85.2,85.2,1.047413,0.024633,1.009855,1.089705,100.0,0.0,100.0,100.0,1,1,1,1
30.9,0.0,30.9,30.9,88.1,0.0,88.1,88.1,0.359362,0.0,0.359362,0.359362,50.0,57.735027,0.0,100.0,1,1,1,1
31.0,0.0,31.0,31.0,85.2,0.0,85.2,85.2,1.054989,0.008388,1.042988,1.066988,0.0,0.0,0.0,0.0,1,1,1,1
30.9,0.0,30.9,30.9,88.1,0.0,88.1,88.1,1.054989,0.008388,1.042988,1.066988,50.0,57.735027,0.0,100.0,1,1,1,1
30.9,0.0,30.9,30.9,88.1,0.0,88.1,88.1,1.054989,0.008388,1.042988,1.066988,100.0,0.0,100.0,100.0,1,1,1,1
30.9,0.0,30.9,30.9,88.1,0.0,88.1,88.1,1.054989,0.008388,1.042988,1.066988,201.666667,110.969966,74.0,275.0,1,1,1,1
30.9,0.0,30.9,30.9,88.1,0.0,88.1,88.1,1.054989,0.008388,1.042988,1.066988,100.0,0.0,100.0,100.0,1,1,1,1
30.9,0.0,30.9,30.9,88.1,0.0,88.1,88.1,1.054989,0.008388,1.042988,1.066988,0.0,0.0,0.0,0.0,1,1,1,1
30.9,0.0,30.9,30.9,88.1,0.0,88.1,88.1,1.047413,0.024633,1.009855,1.089705,50.0,57.735027,0.0,100.0,1,1,1,1
30.9,0.0,30.9,30.9,88.1,0.0,88.1,88.1,1.047413,0.024633,1.009855,1.089705,100.0,0.0,100.0,100.0,1,1,1,1
30.9,0.0,30.9,30.9,88.1,0.0,88.1,88.1,1.047413,0.024633,1.009855,1.089705,201.666667,110.969966,74.0,275.0,1,1,1,1
30.9,0.0,30.9,30.9,88.1,0.0,88.1,88.1,1.047413,0.024633,1.009855,1.089705,100.0,0.0,100.0,100.0,1,1,1,1
30.9,0.0,30.9,30.9,88.1,0.0,88.1,88.1,1.047413,0.024633,1.009855,1.089705,0.0,0.0,0.0,0.0,1,1,1,1
30.9,0.0,30.9,30.9,88.1,0.0,88.1,88.1,0.994503,0.042615,0.929981,1.07153,50.0,57.735027,0.0,100.0,1,1,1,1
30.9,0.0,30.9,30.9,88.1,0.0,88.1,88.1,0.994503,0.042615,0.929981,1.07153,100.0,0.0,100.0,100.0,1,1,1,1
30.9,0.0,30.9,30.9,88.1,0.0,88.1,88.1,0.994503,0.042615,0.929981,1.07153,201.666667,110.969966,74.0,275.0,1,1,1,1
31.0,0.0,31.0,31.0,85.2,0.0,85.2,85.2,1.047413,0.024633,1.009855,1.089705,50.0,57.735027,0.0,100.0,1,1,1,1
30.9,0.0,30.9,30.9,88.1,0.0,88.1,88.1,0.994503,0.042615,0.929981,1.07153,100.0,0.0,100.0,100.0,1,1,1,1
30.9,0.0,30.9,30.9,88.1,0.0,88.1,88.1,0.359362,0.0,0.359362,0.359362,100.0,0.0,100.0,100.0,1,1,1,1
30.9,0.0,30.9,30.9,88.1,0.0,88.1,88.1,0.359362,0.0,0.359362,0.359362,201.666667,110.969966,74.0,275.0,1,1,1,1
30.9,0.0,30.9,30.9,88.1,0.0,88.1,88.1,0.359362,0.0,0.359362,0.359362,100.0,0.0,100.0,100.0,1,1,1,1
30.9,0.0,30.9,30.9,88.1,0.0,88.1,88.1,0.359362,0.0,0.359362,0.359362,0.0,0.0,0.0,0.0,1,1,1,1
30.9,0.0,30.9,30.9,88.1,0.0,88.1,88.1,0.290816,0.0,0.290816,0.290816,50.0,57.735027,0.0,100.0,1,1,1,1
30.9,0.0,30.9,30.9,88.1,0.0,88.1,88.1,0.290816,0.0,0.290816,0.290816,100.0,0.0,100.0,100.0,1,1,1,1
30.9,0.0,30.9,30.9,88.1,0.0,88.1,88.1,0.290816,0.0,0.290816,0.290816,201.666667,110.969966,74.0,275.0,1,1,1,1
30.9,0.0,30.9,30.9,88.1,0.0,88.1,88.1,0.290816,0.0,0.290816,0.290816,100.0,0.0,100.0,100.0,1,1,1,1
30.9,0.0,30.9,30.9,88.1,0.0,88.1,88.1,0.290816,0.0,0.290816,0.290816,0.0,0.0,0.0,0.0,1,1,1,1
31.0,0.0,31.0,31.0,85.2,0.0,85.2,85.2,1.054989,0.008388,1.042988,1.066988,50.0,57.735027,0.0,100.0,1,1,1,1
31.0,0.0,31.0,31.0,85.2,0.0,85.2,85.2,1.054989,0.008388,1.042988,1.066988,100.0,0.0,100.0,100.0,1,1,1,1
31.0,0.0,31.0,31.0,85.2,0.0,85.2,85.2,1.054989,0.008388,1.042988,1.066988,201.666667,110.969966,74.0,275.0,1,1,1,1
31.0,0.0,31.0,31.0,85.2,0.0,85.2,85.2,1.054989,0.008388,1.042988,1.066988,100.0,0.0,100.0,100.0,1,1,1,1
30.9,0.0,30.9,30.9,88.1,0.0,88.1,88.1,0.994503,0.042615,0.929981,1.07153,0.0,0.0,0.0,0.0,1,1,1,1
31.0,0.0,31.0,31.0,84.8,0.0,84.8,84.8,0.994503,0.042615,0.929981,1.07153,100.0,0.0,100.0,100.0,1,1,1,1
31.0,0.0,31.0,31.0,84.8,0.0,84.8,84.8,0.994503,0.042615,0.929981,1.07153,0.0,0.0,0.0,0.0,1,1,1,1
31.0,0.0,31.0,31.0,84.8,0.0,84.8,84.8,0.994503,0.042615,0.929981,1.07153,100.0,0.0,100.0,100.0,1,1,1,1
31.0,0.0,31.0,31.0,84.8,0.0,84.8,84.8,0.290816,0.0,0.290816,0.290816,201.666667,110.969966,74.0,275.0,1,1,1,1
31.0,0.0,31.0,31.0,84.8,0.0,84.8,84.8,0.290816,0.0,0.290816,0.290816,100.0,0.0,100.0,100.0,1,1,1,1
31.0,0.0,31.0,31.0,84.8,0.0,84.8,84.8,0.290816,0.0,0.290816,0.290816,0.0,0.0,0.0,0.0,1,1,1,1
30.8,0.0,30.8,30.8,86.3,0.0,86.3,86.3,1.054989,0.008388,1.042988,1.066988,50.0,57.735027,0.0,100.0,1,1,1,1
30.8,0.0,30.8,30.8,86.3,0.0,86.3,86.3,1.054989,0.008388,1.042988,1.066988,100.0,0.0,100.0,100.0,1,1,1,1
30.8,0.0,30.8,30.8,86.3,0.0,86.3,86.3,1.054989,0.008388,1.042988,1.066988,201.666667,110.969966,74.0,275.0,1,1,1,1
30.8,0.0,30.8,30.8,86.3,0.0,86.3,86.3,1.054989,0.008388,1.042988,1.066988,100.0,0.0,100.0,100.0,1,1,1,1
30.8,0.0,30.8,30.8,86.3,0.0,86.3,86.3,1.054989,0.008388,1.042988,1.066988,0.0,0.0,0.0,0.0,1,1,1,1
30.8,0.0,30.8,30.8,86.3,0.0,86.3,86.3,1.047413,0.024633,1.009855,1.089705,50.0,57.735027,0.0,100.0,1,1,1,1
30.8,0.0,30.8,30.8,86.3,0.0,86.3,86.3,1.047413,0.024633,1.009855,1.089705,100.0,0.0,100.0,100.0,1,1,1,1
30.8,0.0,30.8,30.8,86.3,0.0,86.3,86.3,1.047413,0.024633,1.009855,1.089705,201.666667,110.969966,74.0,275.0,1,1,1,1
30.8,0.0,30.8,30.8,86.3,0.0,86.3,86.3,1.047413,0.024633,1.009855,1.089705,100.0,0.0,100.0,100.0,1,1,1,1
30.8,0.0,30.8,30.8,86.3,0.0,86.3,86.3,0.994503,0.042615,0.929981,1.07153,50.0,57.735027,0.0,100.0,1,1,1,1
31.0,0.0,31.0,31.0,84.8,0.0,84.8,84.8,0.290816,0.0,0.290816,0.290816,100.0,0.0,100.0,100.0,1,1,1,1
30.8,0.0,30.8,30.8,86.3,0.0,86.3,86.3,0.994503,0.042615,0.929981,1.07153,100.0,0.0,100.0,100.0,1,1,1,1
30.8,0.0,30.8,30.8,86.3,0.0,86.3,86.3,0.994503,0.042615,0.929981,1.07153,100.0,0.0,100.0,100.0,1,1,1,1
30.8,0.0,30.8,30.8,86.3,0.0,86.3,86.3,0.994503,0.042615,0.929981,1.07153,0.0,0.0,0.0,0.0,1,1,1,1
30.8,0.0,30.8,30.8,86.3,0.0,86.3,86.3,0.359362,0.0,0.359362,0.359362,50.0,57.735027,0.0,100.0,1,1,1,1
30.8,0.0,30.8,30.8,86.3,0.0,86.3,86.3,0.359362,0.0,0.359362,0.359362,100.0,0.0,100.0,100.0,1,1,1,1
30.8,0.0,30.8,30.8,86.3,0.0,86.3,86.3,0.359362,0.0,0.359362,0.359362,201.666667,110.969966,74.0,275.0,1,1,1,1
30.8,0.0,30.8,30.8,86.3,0.0,86.3,86.3,0.359362,0.0,0.359362,0.359362,100.0,0.0,100.0,100.0,1,1,1,1
30.8,0.0,30.8,30.8,86.3,0.0,86.3,86.3,0.359362,0.0,0.359362,0.359362,0.0,0.0,0.0,0.0,1,1,1,1
30.8,0.0,30.8,30.8,86.3,0.0,86.3,86.3,0.290816,0.0,0.290816,0.290816,50.0,57.735027,0.0,100.0,1,1,1,1
30.8,0.0,30.8,30.8,86.3,0.0,86.3,86.3,0.290816,0.0,0.290816,0.290816,100.0,0.0,100.0,100.0,1,1,1,1
30.8,0.0,30.8,30.8,86.3,0.0,86.3,86.3,0.290816,0.0,0.290816,0.290816,201.666667,110.969966,74.0,275.0,1,1,1,1
30.8,0.0,30.8,30.8,86.3,0.0,86.3,86.3,0.290816,0.0,0.290816,0.290816,100.0,0.0,100.0,100.0,1,1,1,1
30.8,0.0,30.8,30.8,86.3,0.0,86.3,86.3,0.290816,0.0,0.290816,0.290816,0.0,0.0,0.0,0.0,1,1,1,1
31.0,0.0,31.0,31.0,84.8,0.0,84.8,84.8,0.994503,0.042615,0.929981,1.07153,201.666667,110.969966,74.0,275.0,1,1,1,1
30.8,0.0,30.8,30.8,86.3,0.0,86.3,86.3,0.994503,0.042615,0.929981,1.07153,201.666667,110.969966,74.0,275.0,1,1,1,1
31.0,0.0,31.0,31.0,84.8,0.0,84.8,84.8,0.290816,0.0,0.290816,0.290816,50.0,57.735027,0.0,100.0,1,1,1,1
30.8,0.0,30.8,30.8,86.3,0.0,86.3,86.3,1.047413,0.024633,1.009855,1.089705,0.0,0.0,0.0,0.0,1,1,1,1
31.0,0.0,31.0,31.0,84.8,0.0,84.8,84.8,0.359362,0.0,0.359362,0.359362,100.0,0.0,100.0,100.0,1,1,1,1
31.0,0.0,31.0,31.0,84.8,0.0,84.8,84.8,0.359362,0.0,0.359362,0.359362,50.0,57.735027,0.0,100.0,1,1,1,1
31.0,0.0,31.0,31.0,84.8,0.0,84.8,84.8,0.359362,0.0,0.359362,0.359362,0.0,0.0,0.0,0.0,1,1,1,1
31.0,0.0,31.0,31.0,84.8,0.0,84.8,84.8,0.359362,0.0,0.359362,0.359362,100.0,0.0,100.0,100.0,1,1,1,1
31.0,0.0,31.0,31.0,84.8,0.0,84.8,84.8,0.359362,0.0,0.359362,0.359362,201.666667,110.969966,74.0,275.0,1,1,1,1
31.0,0.0,31.0,31.0,84.8,0.0,84.8,84.8,0.359362,0.0,0.359362,0.359362,100.0,0.0,100.0,100.0,1,1,1,1
31.0,0.0,31.0,31.0,84.8,0.0,84.8,84.8,0.359362,0.0,0.359362,0.359362,0.0,0.0,0.0,0.0,1,1,1,1
31.0,0.0,31.0,31.0,84.8,0.0,84.8,84.8,0.290816,0.0,0.290816,0.290816,50.0,57.735027,0.0,100.0,1,1,1,1
31.0,0.0,31.0,31.0,84.8,0.0,84.8,84.8,0.290816,0.0,0.290816,0.290816,100.0,0.0,100.0,100.0,1,1,1,1
31.0,0.0,31.0,31.0,84.8,0.0,84.8,84.8,0.290816,0.0,0.290816,0.290816,201.666667,110.969966,74.0,275.0,1,1,1,1
31.0,0.0,31.0,31.0,84.8,0.0,84.8,84.8,0.290816,0.0,0.290816,0.290816,0.0,0.0,0.0,0.0,1,1,1,1
31.0,0.0,31.0,31.0,84.8,0.0,84.8,84.8,1.054989,0.008388,1.042988,1.066988,50.0,57.735027,0.0,100.0,1,1,1,1
31.0,0.0,31.0,31.0,84.8,0.0,84.8,84.8,1.054989,0.008388,1.042988,1.066988,100.0,0.0,100.0,100.0,1,1,1,1
31.0,0.0,31.0,31.0,84.8,0.0,84.8,84.8,1.054989,0.008388,1.042988,1.066988,201.666667,110.969966,74.0,275.0,1,1,1,1
31.0,0.0,31.0,31.0,84.8,0.0,84.8,84.8,1.054989,0.008388,1.042988,1.066988,100.0,0.0,100.0,100.0,1,1,1,1
31.0,0.0,31.0,31.0,84.8,0.0,84.8,84.8,0.290816,0.0,0.290816,0.290816,100.0,0.0,100.0,100.0,1,1,1,1
31.0,0.0,31.0,31.0,84.8,0.0,84.8,84.8,1.047413,0.024633,1.009855,1.089705,50.0,57.735027,0.0,100.0,1,1,1,1
31.0,0.0,31.0,31.0,84.8,0.0,84.8,84.8,0.359362,0.0,0.359362,0.359362,201.666667,110.969966,74.0,275.0,1,1,1,1
31.0,0.0,31.0,31.0,84.8,0.0,84.8,84.8,1.054989,0.008388,1.042988,1.066988,0.0,0.0,0.0,0.0,1,1,1,1
31.0,0.0,31.0,31.0,84.8,0.0,84.8,84.8,0.359362,0.0,0.359362,0.359362,50.0,57.735027,0.0,100.0,1,1,1,1
31.0,0.0,31.0,31.0,84.8,0.0,84.8,84.8,0.994503,0.042615,0.929981,1.07153,0.0,0.0,0.0,0.0,1,1,1,1
31.0,0.0,31.0,31.0,84.8,0.0,84.8,84.8,0.994503,0.042615,0.929981,1.07153,100.0,0.0,100.0,100.0,1,1,1,1
31.0,0.0,31.0,31.0,84.8,0.0,84.8,84.8,0.994503,0.042615,0.929981,1.07153,201.666667,110.969966,74.0,275.0,1,1,1,1
31.0,0.0,31.0,31.0,84.8,0.0,84.8,84.8,0.994503,0.042615,0.929981,1.07153,100.0,0.0,100.0,100.0,1,1,1,1
31.0,0.0,31.0,31.0,84.8,0.0,84.8,84.8,0.359362,0.0,0.359362,0.359362,100.0,0.0,100.0,100.0,1,1,1,1
31.0,0.0,31.0,31.0,84.8,0.0,84.8,84.8,1.047413,0.024633,1.009855,1.089705,0.0,0.0,0.0,0.0,1,1,1,1
31.0,0.0,31.0,31.0,84.8,0.0,84.8,84.8,1.047413,0.024633,1.009855,1.089705,100.0,0.0,100.0,100.0,1,1,1,1
31.0,0.0,31.0,31.0,84.8,0.0,84.8,84.8,1.047413,0.024633,1.009855,1.089705,201.666667,110.969966,74.0,275.0,1,1,1,1
31.0,0.0,31.0,31.0,84.8,0.0,84.8,84.8,1.047413,0.024633,1.009855,1.089705,100.0,0.0,100.0,100.0,1,1,1,1
31.0,0.0,31.0,31.0,84.8,0.0,84.8,84.8,0.994503,0.042615,0.929981,1.07153,50.0,57.735027,0.0,100.0,1,1,1,1
31.0,0.0,31.0,31.0,85.2,0.0,85.2,85.2,0.333727,0.0,0.333727,0.333727,0.0,0.0,0.0,0.0,1,1,1,1
31.0,0.0,31.0,31.0,85.2,0.0,85.2,85.2,0.333727,0.0,0.333727,0.333727,83.25,19.551215,63.0,100.0,1,1,1,1
31.0,0.0,31.0,31.0,85.2,0.0,85.2,85.2,0.333727,0.0,0.333727,0.333727,100.0,0.0,100.0,100.0,1,1,1,1
31.0,0.0,31.0,31.0,85.2,0.0,85.2,85.2,0.333727,0.0,0.333727,0.333727,100.0,0.0,100.0,100.0,1,1,1,1
31.0,0.0,31.0,31.0,85.2,0.0,85.2,85.2,1.060391,0.012578,1.043724,1.07687,83.25,19.551215,63.0,100.0,1,1,1,1
31.0,0.0,31.0,31.0,85.2,0.0,85.2,85.2,0.359362,0.0,0.359362,0.359362,100.0,0.0,100.0,100.0,1,1,1,1
31.0,0.0,31.0,31.0,85.2,0.0,85.2,85.2,0.359362,0.0,0.359362,0.359362,83.25,19.551215,63.0,100.0,1,1,1,1
31.0,0.0,31.0,31.0,85.2,0.0,85.2,85.2,0.359362,0.0,0.359362,0.359362,100.0,0.0,100.0,100.0,1,1,1,1
31.0,0.0,31.0,31.0,85.2,0.0,85.2,85.2,0.359362,0.0,0.359362,0.359362,21.0,42.0,0.0,84.0,1,1,1,1
31.0,0.0,31.0,31.0,85.2,0.0,85.2,85.2,1.060391,0.012578,1.043724,1.07687,0.0,0.0,0.0,0.0,1,1,1,1
31.0,0.0,31.0,31.0,85.2,0.0,85.2,85.2,0.290816,0.0,0.290816,0.290816,21.0,42.0,0.0,84.0,1,1,1,1
31.0,0.0,31.0,31.0,85.2,0.0,85.2,85.2,0.359362,0.0,0.359362,0.359362,0.0,0.0,0.0,0.0,1,1,1,1
31.0,0.0,31.0,31.0,85.2,0.0,85.2,85.2,0.290816,0.0,0.290816,0.290816,100.0,0.0,100.0,100.0,1,1,1,1
31.0,0.0,31.0,31.0,84.7,0.0,84.7,84.7,0.359362,0.0,0.359362,0.359362,21.0,42.0,0.0,84.0,1,1,1,1
31.0,0.0,31.0,31.0,85.2,0.0,85.2,85.2,0.290816,0.0,0.290816,0.290816,83.25,19.551215,63.0,100.0,1,1,1,1
31.0,0.0,31.0,31.0,85.2,0.0,85.2,85.2,0.290816,0.0,0.290816,0.290816,0.0,0.0,0.0,0.0,1,1,1,1
31.0,0.0,31.0,31.0,84.7,0.0,84.7,84.7,1.060082,0.003533,1.055621,1.06551,21.0,42.0,0.0,84.0,1,1,1,1
31.0,0.0,31.0,31.0,84.7,0.0,84.7,84.7,1.060082,0.003533,1.055621,1.06551,100.0,0.0,100.0,100.0,1,1,1,1
31.0,0.0,31.0,31.0,84.7,0.0,84.7,84.7,1.060082,0.003533,1.055621,1.06551,100.0,0.0,100.0,100.0,1,1,1,1
31.0,0.0,31.0,31.0,84.7,0.0,84.7,84.7,1.060082,0.003533,1.055621,1.06551,83.25,19.551215,63.0,100.0,1,1,1,1
31.0,0.0,31.0,31.0,84.7,0.0,84.7,84.7,1.060082,0.003533,1.055621,1.06551,0.0,0.0,0.0,0.0,1,1,1,1
31.0,0.0,31.0,31.0,84.7,0.0,84.7,84.7,1.060391,0.012578,1.043724,1.07687,21.0,42.0,0.0,84.0,1,1,1,1
31.0,0.0,31.0,31.0,84.7,0.0,84.7,84.7,1.060391,0.012578,1.043724,1.07687,100.0,0.0,100.0,100.0,1,1,1,1
31.0,0.0,31.0,31.0,84.7,0.0,84.7,84.7,1.060391,0.012578,1.043724,1.07687,100.0,0.0,100.0,100.0,1,1,1,1
31.0,0.0,31.0,31.0,84.7,0.0,84.7,84.7,1.060391,0.012578,1.043724,1.07687,83.25,19.551215,63.0,100.0,1,1,1,1
31.0,0.0,31.0,31.0,84.7,0.0,84.7,84.7,1.060391,0.012578,1.043724,1.07687,0.0,0.0,0.0,0.0,1,1,1,1
31.0,0.0,31.0,31.0,85.2,0.0,85.2,85.2,1.060391,0.012578,1.043724,1.07687,100.0,0.0,100.0,100.0,1,1,1,1
31.0,0.0,31.0,31.0,85.2,0.0,85.2,85.2,0.290816,0.0,0.290816,0.290816,100.0,0.0,100.0,100.0,1,1,1,1
31.0,0.0,31.0,31.0,85.2,0.0,85.2,85.2,1.060391,0.012578,1.043724,1.07687,100.0,0.0,100.0,100.0,1,1,1,1
61.9,0.0,61.9,61.9,177.0,0.0,177.0,177.0,1.060082,0.003533,1.055621,1.06551,21.0,42.0,0.0,84.0,1,1,1,1
31.0,0.0,31.0,31.0,85.2,0.0,85.2,85.2,1.060082,0.003533,1.055621,1.06551,0.0,0.0,0.0,0.0,1,1,1,1
31.0,0.0,31.0,31.0,84.7,0.0,84.7,84.7,0.359362,0.0,0.359362,0.359362,100.0,0.0,100.0,100.0,1,1,1,1
61.9,0.0,61.9,61.9,177.0,0.0,177.0,177.0,1.060082,0.003533,1.055621,1.06551,100.0,0.0,100.0,100.0,1,1,1,1
61.9,0.0,61.9,61.9,177.0,0.0,177.0,177.0,1.060082,0.003533,1.055621,1.06551,100.0,0.0,100.0,100.0,1,1,1,1
61.9,0.0,61.9,61.9,177.0,0.0,177.0,177.0,1.060082,0.003533,1.055621,1.06551,83.25,19.551215,63.0,100.0,1,1,1,1
61.9,0.0,61.9,61.9,177.0,0.0,177.0,177.0,1.060082,0.003533,1.055621,1.06551,0.0,0.0,0.0,0.0,1,1,1,1
61.9,0.0,61.9,61.9,177.0,0.0,177.0,177.0,1.060391,0.012578,1.043724,1.07687,21.0,42.0,0.0,84.0,1,1,1,1
61.9,0.0,61.9,61.9,177.0,0.0,177.0,177.0,1.060391,0.012578,1.043724,1.07687,100.0,0.0,100.0,100.0,1,1,1,1
61.9,0.0,61.9,61.9,177.0,0.0,177.0,177.0,1.060391,0.012578,1.043724,1.07687,100.0,0.0,100.0,100.0,1,1,1,1
61.9,0.0,61.9,61.9,177.0,0.0,177.0,177.0,1.060391,0.012578,1.043724,1.07687,83.25,19.551215,63.0,100.0,1,1,1,1
61.9,0.0,61.9,61.9,177.0,0.0,177.0,177.0,1.060391,0.012578,1.043724,1.07687,0.0,0.0,0.0,0.0,1,1,1,1
61.9,0.0,61.9,61.9,177.0,0.0,177.0,177.0,0.359362,0.0,0.359362,0.359362,21.0,42.0,0.0,84.0,1,1,1,1
61.9,0.0,61.9,61.9,177.0,0.0,177.0,177.0,0.359362,0.0,0.359362,0.359362,100.0,0.0,100.0,100.0,1,1,1,1
61.9,0.0,61.9,61.9,177.0,0.0,177.0,177.0,0.359362,0.0,0.359362,0.359362,100.0,0.0,100.0,100.0,1,1,1,1
61.9,0.0,61.9,61.9,177.0,0.0,177.0,177.0,0.359362,0.0,0.359362,0.359362,83.25,19.551215,63.0,100.0,1,1,1,1
61.9,0.0,61.9,61.9,177.0,0.0,177.0,177.0,0.359362,0.0,0.359362,0.359362,0.0,0.0,0.0,0.0,1,1,1,1
61.9,0.0,61.9,61.9,177.0,0.0,177.0,177.0,0.333727,0.0,0.333727,0.333727,21.0,42.0,0.0,84.0,1,1,1,1
61.9,0.0,61.9,61.9,177.0,0.0,177.0,177.0,0.333727,0.0,0.333727,0.333727,100.0,0.0,100.0,100.0,1,1,1,1
61.9,0.0,61.9,61.9,177.0,0.0,177.0,177.0,0.333727,0.0,0.333727,0.333727,100.0,0.0,100.0,100.0,1,1,1,1
61.9,0.0,61.9,61.9,177.0,0.0,177.0,177.0,0.333727,0.0,0.333727,0.333727,83.25,19.551215,63.0,100.0,1,1,1,1
61.9,0.0,61.9,61.9,177.0,0.0,177.0,177.0,0.333727,0.0,0.333727,0.333727,0.0,0.0,0.0,0.0,1,1,1,1
61.9,0.0,61.9,61.9,177.0,0.0,177.0,177.0,0.290816,0.0,0.290816,0.290816,21.0,42.0,0.0,84.0,1,1,1,1
61.9,0.0,61.9,61.9,177.0,0.0,177.0,177.0,0.290816,0.0,0.290816,0.290816,100.0,0.0,100.0,100.0,1,1,1,1
61.9,0.0,61.9,61.9,177.0,0.0,177.0,177.0,0.290816,0.0,0.290816,0.290816,100.0,0.0,100.0,100.0,1,1,1,1
61.9,0.0,61.9,61.9,177.0,0.0,177.0,177.0,0.290816,0.0,0.290816,0.290816,83.25,19.551215,63.0,100.0,1,1,1,1
61.9,0.0,61.9,61.9,177.0,0.0,177.0,177.0,0.290816,0.0,0.290816,0.290816,0.0,0.0,0.0,0.0,1,1,1,1
31.0,0.0,31.0,31.0,85.2,0.0,85.2,85.2,1.060082,0.003533,1.055621,1.06551,21.0,42.0,0.0,84.0,1,1,1,1
31.0,0.0,31.0,31.0,85.2,0.0,85.2,85.2,1.060082,0.003533,1.055621,1.06551,100.0,0.0,100.0,100.0,1,1,1,1
31.0,0.0,31.0,31.0,85.2,0.0,85.2,85.2,1.060082,0.003533,1.055621,1.06551,100.0,0.0,100.0,100.0,1,1,1,1
31.0,0.0,31.0,31.0,85.2,0.0,85.2,85.2,1.060082,0.003533,1.055621,1.06551,83.25,19.551215,63.0,100.0,1,1,1,1
31.0,0.0,31.0,31.0,85.2,0.0,85.2,85.2,1.060391,0.012578,1.043724,1.07687,21.0,42.0,0.0,84.0,1,1,1,1
31.0,0.0,31.0,31.0,84.7,0.0,84.7,84.7,0.359362,0.0,0.359362,0.359362,100.0,0.0,100.0,100.0,1,1,1,1
31.0,0.0,31.0,31.0,85.2,0.0,85.2,85.2,0.333727,0.0,0.333727,0.333727,21.0,42.0,0.0,84.0,1,1,1,1
31.0,0.0,31.0,31.0,84.7,0.0,84.7,84.7,0.359362,0.0,0.359362,0.359362,0.0,0.0,0.0,0.0,1,1,1,1
31.0,0.0,31.0,31.0,85.8,0.0,85.8,85.8,0.290816,0.0,0.290816,0.290816,100.0,0.0,100.0,100.0,1,1,1,1
31.0,0.0,31.0,31.0,85.8,0.0,85.8,85.8,0.290816,0.0,0.290816,0.290816,83.25,19.551215,63.0,100.0,1,1,1,1
31.0,0.0,31.0,31.0,85.8,0.0,85.8,85.8,0.290816,0.0,0.290816,0.290816,0.0,0.0,0.0,0.0,1,1,1,1
30.8,0.0,30.8,30.8,86.4,0.0,86.4,86.4,1.060082,0.003533,1.055621,1.06551,21.0,42.0,0.0,84.0,1,1,1,1
30.8,0.0,30.8,30.8,86.4,0.0,86.4,86.4,1.060082,0.003533,1.055621,1.06551,100.0,0.0,100.0,100.0,1,1,1,1
30.8,0.0,30.8,30.8,86.4,0.0,86.4,86.4,1.060082,0.003533,1.055621,1.06551,100.0,0.0,100.0,100.0,1,1,1,1
30.8,0.0,30.8,30.8,86.4,0.0,86.4,86.4,1.060082,0.003533,1.055621,1.06551,83.25,19.551215,63.0,100.0,1,1,1,1
30.8,0.0,30.8,30.8,86.4,0.0,86.4,86.4,1.060082,0.003533,1.055621,1.06551,0.0,0.0,0.0,0.0,1,1,1,1
30.8,0.0,30.8,30.8,86.4,0.0,86.4,86.4,1.060391,0.012578,1.043724,1.07687,21.0,42.0,0.0,84.0,1,1,1,1
30.8,0.0,30.8,30.8,86.4,0.0,86.4,86.4,1.060391,0.012578,1.043724,1.07687,100.0,0.0,100.0,100.0,1,1,1,1
30.8,0.0,30.8,30.8,86.4,0.0,86.4,86.4,1.060391,0.012578,1.043724,1.07687,100.0,0.0,100.0,100.0,1,1,1,1
30.8,0.0,30.8,30.8,86.4,0.0,86.4,86.4,1.060391,0.012578,1.043724,1.07687,83.25,19.551215,63.0,100.0,1,1,1,1
30.8,0.0,30.8,30.8,86.4,0.0,86.4,86.4,1.060391,0.012578,1.043724,1.07687,0.0,0.0,0.0,0.0,1,1,1,1
31.0,0.0,31.0,31.0,85.8,0.0,85.8,85.8,0.290816,0.0,0.290816,0.290816,100.0,0.0,100.0,100.0,1,1,1,1
30.8,0.0,30.8,30.8,86.4,0.0,86.4,86.4,0.359362,0.0,0.359362,0.359362,21.0,42.0,0.0,84.0,1,1,1,1
30.8,0.0,30.8,30.8,86.4,0.0,86.4,86.4,0.359362,0.0,0.359362,0.359362,100.0,0.0,100.0,100.0,1,1,1,1
30.8,0.0,30.8,30.8,86.4,0.0,86.4,86.4,0.359362,0.0,0.359362,0.359362,83.25,19.551215,63.0,100.0,1,1,1,1
30.8,0.0,30.8,30.8,86.4,0.0,86.4,86.4,0.359362,0.0,0.359362,0.359362,0.0,0.0,0.0,0.0,1,1,1,1
30.8,0.0,30.8,30.8,86.4,0.0,86.4,86.4,0.333727,0.0,0.333727,0.333727,21.0,42.0,0.0,84.0,1,1,1,1
30.8,0.0,30.8,30.8,86.4,0.0,86.4,86.4,0.333727,0.0,0.333727,0.333727,100.0,0.0,100.0,100.0,1,1,1,1
30.8,0.0,30.8,30.8,86.4,0.0,86.4,86.4,0.333727,0.0,0.333727,0.333727,100.0,0.0,100.0,100.0,1,1,1,1
30.8,0.0,30.8,30.8,86.4,0.0,86.4,86.4,0.333727,0.0,0.333727,0.333727,83.25,19.551215,63.0,100.0,1,1,1,1
30.8,0.0,30.8,30.8,86.4,0.0,86.4,86.4,0.333727,0.0,0.333727,0.333727,0.0,0.0,0.0,0.0,1,1,1,1
30.8,0.0,30.8,30.8,86.4,0.0,86.4,86.4,0.290816,0.0,0.290816,0.290816,100.0,0.0,100.0,100.0,1,1,1,1
30.8,0.0,30.8,30.8,86.4,0.0,86.4,86.4,0.290816,0.0,0.290816,0.290816,100.0,0.0,100.0,100.0,1,1,1,1
30.8,0.0,30.8,30.8,86.4,0.0,86.4,86.4,0.290816,0.0,0.290816,0.290816,83.25,19.551215,63.0,100.0,1,1,1,1
30.8,0.0,30.8,30.8,86.4,0.0,86.4,86.4,0.290816,0.0,0.290816,0.290816,0.0,0.0,0.0,0.0,1,1,1,1
31.0,0.0,31.0,31.0,84.7,0.0,84.7,84.7,0.359362,0.0,0.359362,0.359362,83.25,19.551215,63.0,100.0,1,1,1,1
30.8,0.0,30.8,30.8,86.4,0.0,86.4,86.4,0.359362,0.0,0.359362,0.359362,100.0,0.0,100.0,100.0,1,1,1,1
31.0,0.0,31.0,31.0,85.8,0.0,85.8,85.8,0.290816,0.0,0.290816,0.290816,21.0,42.0,0.0,84.0,1,1,1,1
30.8,0.0,30.8,30.8,86.4,0.0,86.4,86.4,0.290816,0.0,0.290816,0.290816,21.0,42.0,0.0,84.0,1,1,1,1
31.0,0.0,31.0,31.0,85.8,0.0,85.8,85.8,0.333727,0.0,0.333727,0.333727,83.25,19.551215,63.0,100.0,1,1,1,1
31.0,0.0,31.0,31.0,84.7,0.0,84.7,84.7,0.333727,0.0,0.333727,0.333727,21.0,42.0,0.0,84.0,1,1,1,1
31.0,0.0,31.0,31.0,85.8,0.0,85.8,85.8,0.333727,0.0,0.333727,0.333727,0.0,0.0,0.0,0.0,1,1,1,1
31.0,0.0,31.0,31.0,84.7,0.0,84.7,84.7,0.333727,0.0,0.333727,0.333727,100.0,0.0,100.0,100.0,1,1,1,1
31.0,0.0,31.0,31.0,84.7,0.0,84.7,84.7,0.333727,0.0,0.333727,0.333727,83.25,19.551215,63.0,100.0,1,1,1,1
31.0,0.0,31.0,31.0,84.7,0.0,84.7,84.7,0.333727,0.0,0.333727,0.333727,0.0,0.0,0.0,0.0,1,1,1,1
31.0,0.0,31.0,31.0,84.7,0.0,84.7,84.7,0.290816,0.0,0.290816,0.290816,21.0,42.0,0.0,84.0,1,1,1,1
31.0,0.0,31.0,31.0,84.7,0.0,84.7,84.7,0.290816,0.0,0.290816,0.290816,100.0,0.0,100.0,100.0,1,1,1,1
31.0,0.0,31.0,31.0,84.7,0.0,84.7,84.7,0.290816,0.0,0.290816,0.290816,100.0,0.0,100.0,100.0,1,1,1,1
31.0,0.0,31.0,31.0,84.7,0.0,84.7,84.7,0.290816,0.0,0.290816,0.290816,83.25,19.551215,63.0,100.0,1,1,1,1
31.0,0.0,31.0,31.0,84.7,0.0,84.7,84.7,0.290816,0.0,0.290816,0.290816,0.0,0.0,0.0,0.0,1,1,1,1
31.0,0.0,31.0,31.0,85.8,0.0,85.8,85.8,1.060082,0.003533,1.055621,1.06551,21.0,42.0,0.0,84.0,1,1,1,1
31.0,0.0,31.0,31.0,85.8,0.0,85.8,85.8,1.060082,0.003533,1.055621,1.06551,100.0,0.0,100.0,100.0,1,1,1,1
31.0,0.0,31.0,31.0,85.8,0.0,85.8,85.8,1.060082,0.003533,1.055621,1.06551,100.0,0.0,100.0,100.0,1,1,1,1
31.0,0.0,31.0,31.0,85.8,0.0,85.8,85.8,1.060082,0.003533,1.055621,1.06551,83.25,19.551215,63.0,100.0,1,1,1,1
31.0,0.0,31.0,31.0,84.7,0.0,84.7,84.7,0.333727,0.0,0.333727,0.333727,100.0,0.0,100.0,100.0,1,1,1,1
31.0,0.0,31.0,31.0,85.8,0.0,85.8,85.8,1.060391,0.012578,1.043724,1.07687,21.0,42.0,0.0,84.0,1,1,1,1
31.0,0.0,31.0,31.0,85.8,0.0,85.8,85.8,1.060082,0.003533,1.055621,1.06551,0.0,0.0,0.0,0.0,1,1,1,1
31.0,0.0,31.0,31.0,85.8,0.0,85.8,85.8,0.359362,0.0,0.359362,0.359362,0.0,0.0,0.0,0.0,1,1,1,1
31.0,0.0,31.0,31.0,85.8,0.0,85.8,85.8,0.359362,0.0,0.359362,0.359362,83.25,19.551215,63.0,100.0,1,1,1,1
31.0,0.0,31.0,31.0,85.8,0.0,85.8,85.8,0.333727,0.0,0.333727,0.333727,100.0,0.0,100.0,100.0,1,1,1,1
31.0,0.0,31.0,31.0,85.8,0.0,85.8,85.8,0.359362,0.0,0.359362,0.359362,100.0,0.0,100.0,100.0,1,1,1,1
31.0,0.0,31.0,31.0,85.8,0.0,85.8,85.8,0.333727,0.0,0.333727,0.333727,21.0,42.0,0.0,84.0,1,1,1,1
31.0,0.0,31.0,31.0,85.8,0.0,85.8,85.8,0.359362,0.0,0.359362,0.359362,21.0,42.0,0.0,84.0,1,1,1,1
31.0,0.0,31.0,31.0,85.8,0.0,85.8,85.8,1.060391,0.012578,1.043724,1.07687,100.0,0.0,100.0,100.0,1,1,1,1
31.0,0.0,31.0,31.0,85.8,0.0,85.8,85.8,0.359362,0.0,0.359362,0.359362,100.0,0.0,100.0,100.0,1,1,1,1
31.0,0.0,31.0,31.0,85.8,0.0,85.8,85.8,0.333727,0.0,0.333727,0.333727,100.0,0.0,100.0,100.0,1,1,1,1
31.0,0.0,31.0,31.0,85.8,0.0,85.8,85.8,1.060391,0.012578,1.043724,1.07687,83.25,19.551215,63.0,100.0,1,1,1,1
31.0,0.0,31.0,31.0,85.8,0.0,85.8,85.8,1.060391,0.012578,1.043724,1.07687,0.0,0.0,0.0,0.0,1,1,1,1
31.0,0.0,31.0,31.0,85.8,0.0,85.8,85.8,1.060391,0.012578,1.043724,1.07687,100.0,0.0,100.0,100.0,1,1,1,1
31.0,0.0,31.0,31.0,84.7,0.0,84.7,84.7,1.048682,0.010852,1.029812,1.064474,0.0,0.0,0.0,0.0,1,1,1,1
0.0,0.0,0.0,0.0,0.0,0.0,0.0,0.0,0.290816,0.0,0.290816,0.290816,207.75,96.5,63.0,256.0,1,1,1,1
31.0,0.0,31.0,31.0,84.7,0.0,84.7,84.7,1.057266,0.003371,1.051779,1.06193,0.0,0.0,0.0,0.0,1,1,1,1
31.0,0.0,31.0,31.0,84.7,0.0,84.7,84.7,1.057266,0.003371,1.051779,1.06193,51.666667,46.457866,0.0,90.0,1,1,1,1
31.0,0.0,31.0,31.0,84.7,0.0,84.7,84.7,1.057266,0.003371,1.051779,1.06193,207.75,96.5,63.0,256.0,1,1,1,1
31.0,0.0,31.0,31.0,84.7,0.0,84.7,84.7,1.057266,0.003371,1.051779,1.06193,100.0,0.0,100.0,100.0,1,1,1,1
31.0,0.0,31.0,31.0,84.7,0.0,84.7,84.7,1.057266,0.003371,1.051779,1.06193,0.0,0.0,0.0,0.0,1,1,1,1
0.0,0.0,0.0,0.0,0.0,0.0,0.0,0.0,0.290816,0.0,0.290816,0.290816,0.0,0.0,0.0,0.0,1,1,1,1
0.0,0.0,0.0,0.0,0.0,0.0,0.0,0.0,0.290816,0.0,0.290816,0.290816,51.666667,46.457866,0.0,90.0,1,1,1,1
0.0,0.0,0.0,0.0,0.0,0.0,0.0,0.0,0.290816,0.0,0.290816,0.290816,100.0,0.0,100.0,100.0,1,1,1,1
31.0,0.0,31.0,31.0,84.7,0.0,84.7,84.7,1.057266,0.003371,1.051779,1.06193,100.0,0.0,100.0,100.0,1,1,1,1
0.0,0.0,0.0,0.0,0.0,0.0,0.0,0.0,0.333727,0.0,0.333727,0.333727,100.0,0.0,100.0,100.0,1,1,1,1
0.0,0.0,0.0,0.0,0.0,0.0,0.0,0.0,0.290816,0.0,0.290816,0.290816,0.0,0.0,0.0,0.0,1,1,1,1
0.0,0.0,0.0,0.0,0.0,0.0,0.0,0.0,0.333727,0.0,0.333727,0.333727,0.0,0.0,0.0,0.0,1,1,1,1
0.0,0.0,0.0,0.0,0.0,0.0,0.0,0.0,0.333727,0.0,0.333727,0.333727,51.666667,46.457866,0.0,90.0,1,1,1,1
0.0,0.0,0.0,0.0,0.0,0.0,0.0,0.0,0.333727,0.0,0.333727,0.333727,207.75,96.5,63.0,256.0,1,1,1,1
0.0,0.0,0.0,0.0,0.0,0.0,0.0,0.0,0.333727,0.0,0.333727,0.333727,100.0,0.0,100.0,100.0,1,1,1,1
0.0,0.0,0.0,0.0,0.0,0.0,0.0,0.0,0.333727,0.0,0.333727,0.333727,0.0,0.0,0.0,0.0,1,1,1,1
0.0,0.0,0.0,0.0,0.0,0.0,0.0,0.0,0.359362,0.0,0.359362,0.359362,0.0,0.0,0.0,0.0,1,1,1,1
0.0,0.0,0.0,0.0,0.0,0.0,0.0,0.0,0.359362,0.0,0.359362,0.359362,51.666667,46.457866,0.0,90.0,1,1,1,1
0.0,0.0,0.0,0.0,0.0,0.0,0.0,0.0,0.359362,0.0,0.359362,0.359362,100.0,0.0,100.0,100.0,1,1,1,1
31.0,0.0,31.0,31.0,84.7,0.0,84.7,84.7,1.048682,0.010852,1.029812,1.064474,100.0,0.0,100.0,100.0,1,1,1,1
0.0,0.0,0.0,0.0,0.0,0.0,0.0,0.0,0.359362,0.0,0.359362,0.359362,207.75,96.5,63.0,256.0,1,1,1,1
0.0,0.0,0.0,0.0,0.0,0.0,0.0,0.0,0.290816,0.0,0.290816,0.290816,100.0,0.0,100.0,100.0,1,1,1,1
31.0,0.0,31.0,31.0,84.7,0.0,84.7,84.7,1.048682,0.010852,1.029812,1.064474,207.75,96.5,63.0,256.0,1,1,1,1
31.0,0.0,31.0,31.0,84.7,0.0,84.7,84.7,0.359362,0.0,0.359362,0.359362,51.666667,46.457866,0.0,90.0,1,1,1,1
31.0,0.0,31.0,31.0,84.7,0.0,84.7,84.7,1.048682,0.010852,1.029812,1.064474,51.666667,46.457866,0.0,90.0,1,1,1,1
0.0,0.0,0.0,0.0,0.0,0.0,0.0,0.0,0.359362,0.0,0.359362,0.359362,100.0,0.0,100.0,100.0,1,1,1,1
31.0,0.0,31.0,31.0,84.7,0.0,84.7,84.7,0.290816,0.0,0.290816,0.290816,100.0,0.0,100.0,100.0,1,1,1,1
31.0,0.0,31.0,31.0,84.7,0.0,84.7,84.7,0.290816,0.0,0.290816,0.290816,207.75,96.5,63.0,256.0,1,1,1,1
31.0,0.0,31.0,31.0,84.7,0.0,84.7,84.7,0.290816,0.0,0.290816,0.290816,100.0,0.0,100.0,100.0,1,1,1,1
31.0,0.0,31.0,31.0,84.7,0.0,84.7,84.7,0.290816,0.0,0.290816,0.290816,0.0,0.0,0.0,0.0,1,1,1,1
31.0,0.0,31.0,31.0,84.7,0.0,84.7,84.7,0.333727,0.0,0.333727,0.333727,0.0,0.0,0.0,0.0,1,1,1,1
31.0,0.0,31.0,31.0,84.7,0.0,84.7,84.7,0.333727,0.0,0.333727,0.333727,51.666667,46.457866,0.0,90.0,1,1,1,1
31.0,0.0,31.0,31.0,84.7,0.0,84.7,84.7,0.333727,0.0,0.333727,0.333727,100.0,0.0,100.0,100.0,1,1,1,1
31.0,0.0,31.0,31.0,84.7,0.0,84.7,84.7,0.333727,0.0,0.333727,0.333727,207.75,96.5,63.0,256.0,1,1,1,1
31.0,0.0,31.0,31.0,84.7,0.0,84.7,84.7,0.333727,0.0,0.333727,0.333727,100.0,0.0,100.0,100.0,1,1,1,1
31.0,0.0,31.0,31.0,84.7,0.0,84.7,84.7,0.333727,0.0,0.333727,0.333727,0.0,0.0,0.0,0.0,1,1,1,1
31.0,0.0,31.0,31.0,84.7,0.0,84.7,84.7,0.359362,0.0,0.359362,0.359362,0.0,0.0,0.0,0.0,1,1,1,1
31.0,0.0,31.0,31.0,84.7,0.0,84.7,84.7,0.359362,0.0,0.359362,0.359362,100.0,0.0,100.0,100.0,1,1,1,1
31.0,0.0,31.0,31.0,84.7,0.0,84.7,84.7,0.359362,0.0,0.359362,0.359362,207.75,96.5,63.0,256.0,1,1,1,1
31.0,0.0,31.0,31.0,84.7,0.0,84.7,84.7,0.359362,0.0,0.359362,0.359362,100.0,0.0,100.0,100.0,1,1,1,1
31.0,0.0,31.0,31.0,84.7,0.0,84.7,84.7,0.359362,0.0,0.359362,0.359362,0.0,0.0,0.0,0.0,1,1,1,1
31.0,0.0,31.0,31.0,84.7,0.0,84.7,84.7,1.313393,0.517522,0.974039,2.3942,0.0,0.0,0.0,0.0,1,1,1,1
31.0,0.0,31.0,31.0,84.7,0.0,84.7,84.7,1.313393,0.517522,0.974039,2.3942,51.666667,46.457866,0.0,90.0,1,1,1,1
31.0,0.0,31.0,31.0,84.7,0.0,84.7,84.7,1.313393,0.517522,0.974039,2.3942,100.0,0.0,100.0,100.0,1,1,1,1
31.0,0.0,31.0,31.0,84.7,0.0,84.7,84.7,1.313393,0.517522,0.974039,2.3942,207.75,96.5,63.0,256.0,1,1,1,1
31.0,0.0,31.0,31.0,84.7,0.0,84.7,84.7,1.313393,0.517522,0.974039,2.3942,100.0,0.0,100.0,100.0,1,1,1,1
31.0,0.0,31.0,31.0,84.7,0.0,84.7,84.7,1.313393,0.517522,0.974039,2.3942,0.0,0.0,0.0,0.0,1,1,1,1
31.0,0.0,31.0,31.0,84.7,0.0,84.7,84.7,1.048682,0.010852,1.029812,1.064474,0.0,0.0,0.0,0.0,1,1,1,1
31.0,0.0,31.0,31.0,84.7,0.0,84.7,84.7,1.048682,0.010852,1.029812,1.064474,100.0,0.0,100.0,100.0,1,1,1,1
0.0,0.0,0.0,0.0,0.0,0.0,0.0,0.0,0.359362,0.0,0.359362,0.359362,0.0,0.0,0.0,0.0,1,1,1,1
30.9,0.0,30.9,30.9,87.5,0.0,87.5,87.5,0.359362,0.0,0.359362,0.359362,51.666667,46.457866,0.0,90.0,1,1,1,1
0.0,0.0,0.0,0.0,0.0,0.0,0.0,0.0,1.313393,0.517522,0.974039,2.3942,51.666667,46.457866,0.0,90.0,1,1,1,1
30.9,0.0,30.9,30.9,87.5,0.0,87.5,87.5,0.359362,0.0,0.359362,0.359362,100.0,0.0,100.0,100.0,1,1,1,1
30.9,0.0,30.9,30.9,87.5,0.0,87.5,87.5,0.359362,0.0,0.359362,0.359362,207.75,96.5,63.0,256.0,1,1,1,1
30.9,0.0,30.9,30.9,87.5,0.0,87.5,87.5,0.359362,0.0,0.359362,0.359362,100.0,0.0,100.0,100.0,1,1,1,1
30.9,0.0,30.9,30.9,87.5,0.0,87.5,87.5,0.359362,0.0,0.359362,0.359362,0.0,0.0,0.0,0.0,1,1,1,1
30.9,0.0,30.9,30.9,87.5,0.0,87.5,87.5,1.313393,0.517522,0.974039,2.3942,0.0,0.0,0.0,0.0,1,1,1,1
30.9,0.0,30.9,30.9,87.5,0.0,87.5,87.5,1.313393,0.517522,0.974039,2.3942,51.666667,46.457866,0.0,90.0,1,1,1,1
30.9,0.0,30.9,30.9,87.5,0.0,87.5,87.5,1.313393,0.517522,0.974039,2.3942,100.0,0.0,100.0,100.0,1,1,1,1
30.9,0.0,30.9,30.9,87.5,0.0,87.5,87.5,1.313393,0.517522,0.974039,2.3942,207.75,96.5,63.0,256.0,1,1,1,1
30.9,0.0,30.9,30.9,87.5,0.0,87.5,87.5,1.313393,0.517522,0.974039,2.3942,100.0,0.0,100.0,100.0,1,1,1,1
30.9,0.0,30.9,30.9,87.5,0.0,87.5,87.5,1.313393,0.517522,0.974039,2.3942,0.0,0.0,0.0,0.0,1,1,1,1
30.9,0.0,30.9,30.9,87.5,0.0,87.5,87.5,1.048682,0.010852,1.029812,1.064474,0.0,0.0,0.0,0.0,1,1,1,1
30.9,0.0,30.9,30.9,87.5,0.0,87.5,87.5,1.048682,0.010852,1.029812,1.064474,51.666667,46.457866,0.0,90.0,1,1,1,1
30.9,0.0,30.9,30.9,87.5,0.0,87.5,87.5,1.048682,0.010852,1.029812,1.064474,100.0,0.0,100.0,100.0,1,1,1,1
30.9,0.0,30.9,30.9,87.5,0.0,87.5,87.5,1.048682,0.010852,1.029812,1.064474,207.75,96.5,63.0,256.0,1,1,1,1
30.9,0.0,30.9,30.9,87.5,0.0,87.5,87.5,1.048682,0.010852,1.029812,1.064474,100.0,0.0,100.0,100.0,1,1,1,1
30.9,0.0,30.9,30.9,87.5,0.0,87.5,87.5,1.048682,0.010852,1.029812,1.064474,0.0,0.0,0.0,0.0,1,1,1,1
30.9,0.0,30.9,30.9,87.5,0.0,87.5,87.5,1.057266,0.003371,1.051779,1.06193,0.0,0.0,0.0,0.0,1,1,1,1
30.9,0.0,30.9,30.9,87.5,0.0,87.5,87.5,1.057266,0.003371,1.051779,1.06193,51.666667,46.457866,0.0,90.0,1,1,1,1
30.9,0.0,30.9,30.9,87.5,0.0,87.5,87.5,1.057266,0.003371,1.051779,1.06193,100.0,0.0,100.0,100.0,1,1,1,1
30.9,0.0,30.9,30.9,87.5,0.0,87.5,87.5,1.057266,0.003371,1.051779,1.06193,207.75,96.5,63.0,256.0,1,1,1,1
30.9,0.0,30.9,30.9,87.5,0.0,87.5,87.5,1.057266,0.003371,1.051779,1.06193,100.0,0.0,100.0,100.0,1,1,1,1
30.9,0.0,30.9,30.9,87.5,0.0,87.5,87.5,1.057266,0.003371,1.051779,1.06193,0.0,0.0,0.0,0.0,1,1,1,1
31.0,0.0,31.0,31.0,84.7,0.0,84.7,84.7,0.290816,0.0,0.290816,0.290816,51.666667,46.457866,0.0,90.0,1,1,1,1
30.9,0.0,30.9,30.9,87.5,0.0,87.5,87.5,0.359362,0.0,0.359362,0.359362,0.0,0.0,0.0,0.0,1,1,1,1
30.9,0.0,30.9,30.9,87.5,0.0,87.5,87.5,0.333727,0.0,0.333727,0.333727,0.0,0.0,0.0,0.0,1,1,1,1
30.9,0.0,30.9,30.9,87.5,0.0,87.5,87.5,0.333727,0.0,0.333727,0.333727,100.0,0.0,100.0,100.0,1,1,1,1
30.9,0.0,30.9,30.9,87.5,0.0,87.5,87.5,0.333727,0.0,0.333727,0.333727,207.75,96.5,63.0,256.0,1,1,1,1
0.0,0.0,0.0,0.0,0.0,0.0,0.0,0.0,1.313393,0.517522,0.974039,2.3942,100.0,0.0,100.0,100.0,1,1,1,1
0.0,0.0,0.0,0.0,0.0,0.0,0.0,0.0,1.313393,0.517522,0.974039,2.3942,207.75,96.5,63.0,256.0,1,1,1,1
0.0,0.0,0.0,0.0,0.0,0.0,0.0,0.0,1.313393,0.517522,0.974039,2.3942,100.0,0.0,100.0,100.0,1,1,1,1
0.0,0.0,0.0,0.0,0.0,0.0,0.0,0.0,1.313393,0.517522,0.974039,2.3942,0.0,0.0,0.0,0.0,1,1,1,1
0.0,0.0,0.0,0.0,0.0,0.0,0.0,0.0,1.048682,0.010852,1.029812,1.064474,0.0,0.0,0.0,0.0,1,1,1,1
0.0,0.0,0.0,0.0,0.0,0.0,0.0,0.0,1.048682,0.010852,1.029812,1.064474,51.666667,46.457866,0.0,90.0,1,1,1,1
0.0,0.0,0.0,0.0,0.0,0.0,0.0,0.0,1.048682,0.010852,1.029812,1.064474,100.0,0.0,100.0,100.0,1,1,1,1
0.0,0.0,0.0,0.0,0.0,0.0,0.0,0.0,1.048682,0.010852,1.029812,1.064474,207.75,96.5,63.0,256.0,1,1,1,1
0.0,0.0,0.0,0.0,0.0,0.0,0.0,0.0,1.048682,0.010852,1.029812,1.064474,100.0,0.0,100.0,100.0,1,1,1,1
0.0,0.0,0.0,0.0,0.0,0.0,0.0,0.0,1.048682,0.010852,1.029812,1.064474,0.0,0.0,0.0,0.0,1,1,1,1
0.0,0.0,0.0,0.0,0.0,0.0,0.0,0.0,1.057266,0.003371,1.051779,1.06193,0.0,0.0,0.0,0.0,1,1,1,1
0.0,0.0,0.0,0.0,0.0,0.0,0.0,0.0,1.313393,0.517522,0.974039,2.3942,0.0,0.0,0.0,0.0,1,1,1,1
0.0,0.0,0.0,0.0,0.0,0.0,0.0,0.0,1.057266,0.003371,1.051779,1.06193,51.666667,46.457866,0.0,90.0,1,1,1,1
0.0,0.0,0.0,0.0,0.0,0.0,0.0,0.0,1.057266,0.003371,1.051779,1.06193,100.0,0.0,100.0,100.0,1,1,1,1
0.0,0.0,0.0,0.0,0.0,0.0,0.0,0.0,1.057266,0.003371,1.051779,1.06193,0.0,0.0,0.0,0.0,1,1,1,1
30.9,0.0,30.9,30.9,87.5,0.0,87.5,87.5,0.290816,0.0,0.290816,0.290816,0.0,0.0,0.0,0.0,1,1,1,1
30.9,0.0,30.9,30.9,87.5,0.0,87.5,87.5,0.290816,0.0,0.290816,0.290816,51.666667,46.457866,0.0,90.0,1,1,1,1
30.9,0.0,30.9,30.9,87.5,0.0,87.5,87.5,0.290816,0.0,0.290816,0.290816,100.0,0.0,100.0,100.0,1,1,1,1
30.9,0.0,30.9,30.9,87.5,0.0,87.5,87.5,0.290816,0.0,0.290816,0.290816,207.75,96.5,63.0,256.0,1,1,1,1
30.9,0.0,30.9,30.9,87.5,0.0,87.5,87.5,0.290816,0.0,0.290816,0.290816,100.0,0.0,100.0,100.0,1,1,1,1
30.9,0.0,30.9,30.9,87.5,0.0,87.5,87.5,0.290816,0.0,0.290816,0.290816,0.0,0.0,0.0,0.0,1,1,1,1
30.9,0.0,30.9,30.9,87.5,0.0,87.5,87.5,0.333727,0.0,0.333727,0.333727,0.0,0.0,0.0,0.0,1,1,1,1
30.9,0.0,30.9,30.9,87.5,0.0,87.5,87.5,0.333727,0.0,0.333727,0.333727,51.666667,46.457866,0.0,90.0,1,1,1,1
30.9,0.0,30.9,30.9,87.5,0.0,87.5,87.5,0.333727,0.0,0.333727,0.333727,100.0,0.0,100.0,100.0,1,1,1,1
0.0,0.0,0.0,0.0,0.0,0.0,0.0,0.0,1.057266,0.003371,1.051779,1.06193,100.0,0.0,100.0,100.0,1,1,1,1
31.0,0.0,31.0,31.0,84.7,0.0,84.7,84.7,0.290816,0.0,0.290816,0.290816,0.0,0.0,0.0,0.0,1,1,1,1
0.0,0.0,0.0,0.0,0.0,0.0,0.0,0.0,1.057266,0.003371,1.051779,1.06193,207.75,96.5,63.0,256.0,1,1,1,1
31.1,0.0,31.1,31.1,84.6,0.0,84.6,84.6,1.057266,0.003371,1.051779,1.06193,100.0,0.0,100.0,100.0,1,1,1,1
30.8,0.0,30.8,30.8,86.4,0.0,86.4,86.4,1.048682,0.010852,1.029812,1.064474,0.0,0.0,0.0,0.0,1,1,1,1
30.8,0.0,30.8,30.8,86.4,0.0,86.4,86.4,1.057266,0.003371,1.051779,1.06193,0.0,0.0,0.0,0.0,1,1,1,1
30.8,0.0,30.8,30.8,86.4,0.0,86.4,86.4,1.057266,0.003371,1.051779,1.06193,51.666667,46.457866,0.0,90.0,1,1,1,1
30.8,0.0,30.8,30.8,86.4,0.0,86.4,86.4,1.057266,0.003371,1.051779,1.06193,100.0,0.0,100.0,100.0,1,1,1,1
30.8,0.0,30.8,30.8,86.4,0.0,86.4,86.4,1.057266,0.003371,1.051779,1.06193,207.75,96.5,63.0,256.0,1,1,1,1
30.8,0.0,30.8,30.8,86.4,0.0,86.4,86.4,1.057266,0.003371,1.051779,1.06193,100.0,0.0,100.0,100.0,1,1,1,1
30.8,0.0,30.8,30.8,86.4,0.0,86.4,86.4,1.057266,0.003371,1.051779,1.06193,0.0,0.0,0.0,0.0,1,1,1,1
31.1,0.0,31.1,31.1,85.9,0.0,85.9,85.9,0.290816,0.0,0.290816,0.290816,0.0,0.0,0.0,0.0,1,1,1,1
31.1,0.0,31.1,31.1,85.9,0.0,85.9,85.9,0.290816,0.0,0.290816,0.290816,51.666667,46.457866,0.0,90.0,1,1,1,1
31.1,0.0,31.1,31.1,84.6,0.0,84.6,84.6,1.057266,0.003371,1.051779,1.06193,0.0,0.0,0.0,0.0,1,1,1,1
31.1,0.0,31.1,31.1,85.9,0.0,85.9,85.9,0.290816,0.0,0.290816,0.290816,100.0,0.0,100.0,100.0,1,1,1,1
31.1,0.0,31.1,31.1,85.9,0.0,85.9,85.9,0.290816,0.0,0.290816,0.290816,207.75,96.5,63.0,256.0,1,1,1,1
31.1,0.0,31.1,31.1,85.9,0.0,85.9,85.9,0.290816,0.0,0.290816,0.290816,100.0,0.0,100.0,100.0,1,1,1,1
31.1,0.0,31.1,31.1,85.9,0.0,85.9,85.9,0.290816,0.0,0.290816,0.290816,0.0,0.0,0.0,0.0,1,1,1,1
31.1,0.0,31.1,31.1,85.9,0.0,85.9,85.9,0.333727,0.0,0.333727,0.333727,0.0,0.0,0.0,0.0,1,1,1,1
31.1,0.0,31.1,31.1,85.9,0.0,85.9,85.9,0.333727,0.0,0.333727,0.333727,51.666667,46.457866,0.0,90.0,1,1,1,1
31.1,0.0,31.1,31.1,85.9,0.0,85.9,85.9,0.333727,0.0,0.333727,0.333727,100.0,0.0,100.0,100.0,1,1,1,1
31.1,0.0,31.1,31.1,85.9,0.0,85.9,85.9,0.333727,0.0,0.333727,0.333727,207.75,96.5,63.0,256.0,1,1,1,1
31.1,0.0,31.1,31.1,85.9,0.0,85.9,85.9,0.333727,0.0,0.333727,0.333727,100.0,0.0,100.0,100.0,1,1,1,1
31.1,0.0,31.1,31.1,85.9,0.0,85.9,85.9,0.333727,0.0,0.333727,0.333727,0.0,0.0,0.0,0.0,1,1,1,1
31.1,0.0,31.1,31.1,85.9,0.0,85.9,85.9,0.359362,0.0,0.359362,0.359362,0.0,0.0,0.0,0.0,1,1,1,1
31.1,0.0,31.1,31.1,85.9,0.0,85.9,85.9,0.359362,0.0,0.359362,0.359362,51.666667,46.457866,0.0,90.0,1,1,1,1
31.1,0.0,31.1,31.1,85.9,0.0,85.9,85.9,0.359362,0.0,0.359362,0.359362,100.0,0.0,100.0,100.0,1,1,1,1
30.8,0.0,30.8,30.8,86.4,0.0,86.4,86.4,1.048682,0.010852,1.029812,1.064474,100.0,0.0,100.0,100.0,1,1,1,1
30.8,0.0,30.8,30.8,86.4,0.0,86.4,86.4,1.048682,0.010852,1.029812,1.064474,207.75,96.5,63.0,256.0,1,1,1,1
30.8,0.0,30.8,30.8,86.4,0.0,86.4,86.4,1.048682,0.010852,1.029812,1.064474,100.0,0.0,100.0,100.0,1,1,1,1
30.8,0.0,30.8,30.8,86.4,0.0,86.4,86.4,1.048682,0.010852,1.029812,1.064474,51.666667,46.457866,0.0,90.0,1,1,1,1
30.8,0.0,30.8,30.8,86.4,0.0,86.4,86.4,0.290816,0.0,0.290816,0.290816,0.0,0.0,0.0,0.0,1,1,1,1
30.8,0.0,30.8,30.8,86.4,0.0,86.4,86.4,0.290816,0.0,0.290816,0.290816,51.666667,46.457866,0.0,90.0,1,1,1,1
30.8,0.0,30.8,30.8,86.4,0.0,86.4,86.4,0.290816,0.0,0.290816,0.290816,100.0,0.0,100.0,100.0,1,1,1,1
30.8,0.0,30.8,30.8,86.4,0.0,86.4,86.4,0.290816,0.0,0.290816,0.290816,207.75,96.5,63.0,256.0,1,1,1,1
30.8,0.0,30.8,30.8,86.4,0.0,86.4,86.4,0.290816,0.0,0.290816,0.290816,100.0,0.0,100.0,100.0,1,1,1,1
30.8,0.0,30.8,30.8,86.4,0.0,86.4,86.4,0.290816,0.0,0.290816,0.290816,0.0,0.0,0.0,0.0,1,1,1,1
30.8,0.0,30.8,30.8,86.4,0.0,86.4,86.4,0.333727,0.0,0.333727,0.333727,0.0,0.0,0.0,0.0,1,1,1,1
30.8,0.0,30.8,30.8,86.4,0.0,86.4,86.4,0.333727,0.0,0.333727,0.333727,51.666667,46.457866,0.0,90.0,1,1,1,1
30.8,0.0,30.8,30.8,86.4,0.0,86.4,86.4,0.333727,0.0,0.333727,0.333727,100.0,0.0,100.0,100.0,1,1,1,1
30.8,0.0,30.8,30.8,86.4,0.0,86.4,86.4,0.333727,0.0,0.333727,0.333727,207.75,96.5,63.0,256.0,1,1,1,1
30.8,0.0,30.8,30.8,86.4,0.0,86.4,86.4,0.333727,0.0,0.333727,0.333727,100.0,0.0,100.0,100.0,1,1,1,1
31.1,0.0,31.1,31.1,85.9,0.0,85.9,85.9,0.359362,0.0,0.359362,0.359362,207.75,96.5,63.0,256.0,1,1,1,1
30.8,0.0,30.8,30.8,86.4,0.0,86.4,86.4,0.333727,0.0,0.333727,0.333727,0.0,0.0,0.0,0.0,1,1,1,1
30.8,0.0,30.8,30.8,86.4,0.0,86.4,86.4,0.359362,0.0,0.359362,0.359362,51.666667,46.457866,0.0,90.0,1,1,1,1
30.8,0.0,30.8,30.8,86.4,0.0,86.4,86.4,0.359362,0.0,0.359362,0.359362,100.0,0.0,100.0,100.0,1,1,1,1
30.8,0.0,30.8,30.8,86.4,0.0,86.4,86.4,0.359362,0.0,0.359362,0.359362,207.75,96.5,63.0,256.0,1,1,1,1
30.8,0.0,30.8,30.8,86.4,0.0,86.4,86.4,0.359362,0.0,0.359362,0.359362,100.0,0.0,100.0,100.0,1,1,1,1
30.8,0.0,30.8,30.8,86.4,0.0,86.4,86.4,0.359362,0.0,0.359362,0.359362,0.0,0.0,0.0,0.0,1,1,1,1
30.8,0.0,30.8,30.8,86.4,0.0,86.4,86.4,1.313393,0.517522,0.974039,2.3942,0.0,0.0,0.0,0.0,1,1,1,1
30.8,0.0,30.8,30.8,86.4,0.0,86.4,86.4,1.313393,0.517522,0.974039,2.3942,51.666667,46.457866,0.0,90.0,1,1,1,1
30.8,0.0,30.8,30.8,86.4,0.0,86.4,86.4,1.313393,0.517522,0.974039,2.3942,100.0,0.0,100.0,100.0,1,1,1,1
30.8,0.0,30.8,30.8,86.4,0.0,86.4,86.4,1.313393,0.517522,0.974039,2.3942,207.75,96.5,63.0,256.0,1,1,1,1
30.8,0.0,30.8,30.8,86.4,0.0,86.4,86.4,1.313393,0.517522,0.974039,2.3942,100.0,0.0,100.0,100.0,1,1,1,1
30.8,0.0,30.8,30.8,86.4,0.0,86.4,86.4,1.048682,0.010852,1.029812,1.064474,0.0,0.0,0.0,0.0,1,1,1,1
30.8,0.0,30.8,30.8,86.4,0.0,86.4,86.4,0.359362,0.0,0.359362,0.359362,0.0,0.0,0.0,0.0,1,1,1,1
31.1,0.0,31.1,31.1,85.9,0.0,85.9,85.9,0.359362,0.0,0.359362,0.359362,100.0,0.0,100.0,100.0,1,1,1,1
30.8,0.0,30.8,30.8,86.4,0.0,86.4,86.4,1.313393,0.517522,0.974039,2.3942,0.0,0.0,0.0,0.0,1,1,1,1
31.1,0.0,31.1,31.1,85.9,0.0,85.9,85.9,1.313393,0.517522,0.974039,2.3942,0.0,0.0,0.0,0.0,1,1,1,1
31.1,0.0,31.1,31.1,84.6,0.0,84.6,84.6,0.333727,0.0,0.333727,0.333727,0.0,0.0,0.0,0.0,1,1,1,1
31.1,0.0,31.1,31.1,84.6,0.0,84.6,84.6,0.359362,0.0,0.359362,0.359362,0.0,0.0,0.0,0.0,1,1,1,1
31.1,0.0,31.1,31.1,84.6,0.0,84.6,84.6,0.359362,0.0,0.359362,0.359362,51.666667,46.457866,0.0,90.0,1,1,1,1
31.1,0.0,31.1,31.1,84.6,0.0,84.6,84.6,0.359362,0.0,0.359362,0.359362,100.0,0.0,100.0,100.0,1,1,1,1
31.1,0.0,31.1,31.1,84.6,0.0,84.6,84.6,0.359362,0.0,0.359362,0.359362,207.75,96.5,63.0,256.0,1,1,1,1
31.1,0.0,31.1,31.1,84.6,0.0,84.6,84.6,0.359362,0.0,0.359362,0.359362,100.0,0.0,100.0,100.0,1,1,1,1
31.1,0.0,31.1,31.1,84.6,0.0,84.6,84.6,0.359362,0.0,0.359362,0.359362,0.0,0.0,0.0,0.0,1,1,1,1
31.1,0.0,31.1,31.1,84.6,0.0,84.6,84.6,1.313393,0.517522,0.974039,2.3942,0.0,0.0,0.0,0.0,1,1,1,1
31.1,0.0,31.1,31.1,84.6,0.0,84.6,84.6,1.313393,0.517522,0.974039,2.3942,51.666667,46.457866,0.0,90.0,1,1,1,1
31.1,0.0,31.1,31.1,84.6,0.0,84.6,84.6,1.313393,0.517522,0.974039,2.3942,100.0,0.0,100.0,100.0,1,1,1,1
31.1,0.0,31.1,31.1,84.6,0.0,84.6,84.6,1.313393,0.517522,0.974039,2.3942,207.75,96.5,63.0,256.0,1,1,1,1
31.1,0.0,31.1,31.1,84.6,0.0,84.6,84.6,1.313393,0.517522,0.974039,2.3942,0.0,0.0,0.0,0.0,1,1,1,1
31.1,0.0,31.1,31.1,84.6,0.0,84.6,84.6,1.048682,0.010852,1.029812,1.064474,0.0,0.0,0.0,0.0,1,1,1,1
31.1,0.0,31.1,31.1,84.6,0.0,84.6,84.6,1.048682,0.010852,1.029812,1.064474,51.666667,46.457866,0.0,90.0,1,1,1,1
31.1,0.0,31.1,31.1,84.6,0.0,84.6,84.6,1.048682,0.010852,1.029812,1.064474,100.0,0.0,100.0,100.0,1,1,1,1
31.1,0.0,31.1,31.1,84.6,0.0,84.6,84.6,1.048682,0.010852,1.029812,1.064474,207.75,96.5,63.0,256.0,1,1,1,1
31.1,0.0,31.1,31.1,84.6,0.0,84.6,84.6,1.048682,0.010852,1.029812,1.064474,100.0,0.0,100.0,100.0,1,1,1,1
31.1,0.0,31.1,31.1,84.6,0.0,84.6,84.6,1.048682,0.010852,1.029812,1.064474,0.0,0.0,0.0,0.0,1,1,1,1
31.1,0.0,31.1,31.1,84.6,0.0,84.6,84.6,1.057266,0.003371,1.051779,1.06193,0.0,0.0,0.0,0.0,1,1,1,1
31.1,0.0,31.1,31.1,84.6,0.0,84.6,84.6,1.057266,0.003371,1.051779,1.06193,51.666667,46.457866,0.0,90.0,1,1,1,1
31.1,0.0,31.1,31.1,84.6,0.0,84.6,84.6,1.057266,0.003371,1.051779,1.06193,100.0,0.0,100.0,100.0,1,1,1,1
31.1,0.0,31.1,31.1,84.6,0.0,84.6,84.6,1.057266,0.003371,1.051779,1.06193,207.75,96.5,63.0,256.0,1,1,1,1
31.1,0.0,31.1,31.1,85.9,0.0,85.9,85.9,0.359362,0.0,0.359362,0.359362,0.0,0.0,0.0,0.0,1,1,1,1
31.1,0.0,31.1,31.1,84.6,0.0,84.6,84.6,0.333727,0.0,0.333727,0.333727,100.0,0.0,100.0,100.0,1,1,1,1
31.1,0.0,31.1,31.1,84.6,0.0,84.6,84.6,0.333727,0.0,0.333727,0.333727,207.75,96.5,63.0,256.0,1,1,1,1
31.1,0.0,31.1,31.1,84.6,0.0,84.6,84.6,1.313393,0.517522,0.974039,2.3942,100.0,0.0,100.0,100.0,1,1,1,1
31.1,0.0,31.1,31.1,84.6,0.0,84.6,84.6,0.333727,0.0,0.333727,0.333727,51.666667,46.457866,0.0,90.0,1,1,1,1
31.1,0.0,31.1,31.1,85.9,0.0,85.9,85.9,1.313393,0.517522,0.974039,2.3942,51.666667,46.457866,0.0,90.0,1,1,1,1
31.1,0.0,31.1,31.1,84.6,0.0,84.6,84.6,0.333727,0.0,0.333727,0.333727,100.0,0.0,100.0,100.0,1,1,1,1
31.1,0.0,31.1,31.1,85.9,0.0,85.9,85.9,1.313393,0.517522,0.974039,2.3942,100.0,0.0,100.0,100.0,1,1,1,1
31.1,0.0,31.1,31.1,85.9,0.0,85.9,85.9,1.313393,0.517522,0.974039,2.3942,207.75,96.5,63.0,256.0,1,1,1,1
31.1,0.0,31.1,31.1,85.9,0.0,85.9,85.9,1.313393,0.517522,0.974039,2.3942,100.0,0.0,100.0,100.0,1,1,1,1
31.1,0.0,31.1,31.1,85.9,0.0,85.9,85.9,1.313393,0.517522,0.974039,2.3942,0.0,0.0,0.0,0.0,1,1,1,1
31.1,0.0,31.1,31.1,85.9,0.0,85.9,85.9,1.048682,0.010852,1.029812,1.064474,0.0,0.0,0.0,0.0,1,1,1,1
31.1,0.0,31.1,31.1,85.9,0.0,85.9,85.9,1.048682,0.010852,1.029812,1.064474,51.666667,46.457866,0.0,90.0,1,1,1,1
31.1,0.0,31.1,31.1,85.9,0.0,85.9,85.9,1.048682,0.010852,1.029812,1.064474,207.75,96.5,63.0,256.0,1,1,1,1
31.1,0.0,31.1,31.1,85.9,0.0,85.9,85.9,1.048682,0.010852,1.029812,1.064474,100.0,0.0,100.0,100.0,1,1,1,1
31.1,0.0,31.1,31.1,85.9,0.0,85.9,85.9,1.048682,0.010852,1.029812,1.064474,0.0,0.0,0.0,0.0,1,1,1,1
31.1,0.0,31.1,31.1,85.9,0.0,85.9,85.9,1.057266,0.003371,1.051779,1.06193,0.0,0.0,0.0,0.0,1,1,1,1
31.1,0.0,31.1,31.1,85.9,0.0,85.9,85.9,1.048682,0.010852,1.029812,1.064474,100.0,0.0,100.0,100.0,1,1,1,1
31.1,0.0,31.1,31.1,84.6,0.0,84.6,84.6,0.290816,0.0,0.290816,0.290816,100.0,0.0,100.0,100.0,1,1,1,1
31.1,0.0,31.1,31.1,85.9,0.0,85.9,85.9,1.057266,0.003371,1.051779,1.06193,100.0,0.0,100.0,100.0,1,1,1,1
31.1,0.0,31.1,31.1,85.9,0.0,85.9,85.9,1.057266,0.003371,1.051779,1.06193,207.75,96.5,63.0,256.0,1,1,1,1
31.1,0.0,31.1,31.1,85.9,0.0,85.9,85.9,1.057266,0.003371,1.051779,1.06193,100.0,0.0,100.0,100.0,1,1,1,1
31.1,0.0,31.1,31.1,85.9,0.0,85.9,85.9,1.057266,0.003371,1.051779,1.06193,0.0,0.0,0.0,0.0,1,1,1,1
31.1,0.0,31.1,31.1,84.6,0.0,84.6,84.6,0.290816,0.0,0.290816,0.290816,0.0,0.0,0.0,0.0,1,1,1,1
31.1,0.0,31.1,31.1,84.6,0.0,84.6,84.6,0.290816,0.0,0.290816,0.290816,51.666667,46.457866,0.0,90.0,1,1,1,1
31.1,0.0,31.1,31.1,84.6,0.0,84.6,84.6,0.333727,0.0,0.333727,0.333727,0.0,0.0,0.0,0.0,1,1,1,1
31.1,0.0,31.1,31.1,84.6,0.0,84.6,84.6,0.290816,0.0,0.290816,0.290816,207.75,96.5,63.0,256.0,1,1,1,1
31.1,0.0,31.1,31.1,84.6,0.0,84.6,84.6,0.290816,0.0,0.290816,0.290816,100.0,0.0,100.0,100.0,1,1,1,1
31.1,0.0,31.1,31.1,84.6,0.0,84.6,84.6,0.290816,0.0,0.290816,0.290816,0.0,0.0,0.0,0.0,1,1,1,1
31.1,0.0,31.1,31.1,85.9,0.0,85.9,85.9,1.057266,0.003371,1.051779,1.06193,51.666667,46.457866,0.0,90.0,1,1,1,1
31.0,0.0,31.0,31.0,84.6,0.0,84.6,84.6,0.333727,0.0,0.333727,0.333727,0.0,0.0,0.0,0.0,1,1,1,1
31.0,0.0,31.0,31.0,84.6,0.0,84.6,84.6,0.333727,0.0,0.333727,0.333727,72.25,48.444986,0.0,100.0,1,1,1,1
31.0,0.0,31.0,31.0,84.6,0.0,84.6,84.6,2.188019,0.628066,1.179871,2.999267,79.0,24.738634,52.0,100.0,1,1,1,1
31.0,0.0,31.0,31.0,84.6,0.0,84.6,84.6,0.333727,0.0,0.333727,0.333727,79.0,24.738634,52.0,100.0,1,1,1,1
31.0,0.0,31.0,31.0,84.6,0.0,84.6,84.6,0.333727,0.0,0.333727,0.333727,100.0,0.0,100.0,100.0,1,1,1,1
31.0,0.0,31.0,31.0,84.6,0.0,84.6,84.6,0.359362,0.0,0.359362,0.359362,0.0,0.0,0.0,0.0,1,1,1,1
31.0,0.0,31.0,31.0,84.6,0.0,84.6,84.6,2.188019,0.628066,1.179871,2.999267,0.0,0.0,0.0,0.0,1,1,1,1
31.0,0.0,31.0,31.0,84.6,0.0,84.6,84.6,0.359362,0.0,0.359362,0.359362,100.0,0.0,100.0,100.0,1,1,1,1
31.0,0.0,31.0,31.0,84.6,0.0,84.6,84.6,0.359362,0.0,0.359362,0.359362,72.25,48.444986,0.0,100.0,1,1,1,1
31.0,0.0,31.0,31.0,84.6,0.0,84.6,84.6,0.359362,0.0,0.359362,0.359362,0.0,0.0,0.0,0.0,1,1,1,1
31.0,0.0,31.0,31.0,84.6,0.0,84.6,84.6,2.188019,0.628066,1.179871,2.999267,100.0,0.0,100.0,100.0,1,1,1,1
31.0,0.0,31.0,31.0,84.6,0.0,84.6,84.6,0.333727,0.0,0.333727,0.333727,0.0,0.0,0.0,0.0,1,1,1,1
31.0,0.0,31.0,31.0,84.6,0.0,84.6,84.6,0.359362,0.0,0.359362,0.359362,79.0,24.738634,52.0,100.0,1,1,1,1
31.0,0.0,31.0,31.0,84.6,0.0,84.6,84.6,0.290816,0.0,0.290816,0.290816,0.0,0.0,0.0,0.0,1,1,1,1
31.0,0.0,31.0,31.0,84.6,0.0,84.6,84.6,2.188019,0.628066,1.179871,2.999267,100.0,0.0,100.0,100.0,1,1,1,1
31.0,0.0,31.0,31.0,84.6,0.0,84.6,84.6,0.290816,0.0,0.290816,0.290816,100.0,0.0,100.0,100.0,1,1,1,1
31.0,0.0,31.0,31.0,84.6,0.0,84.6,84.6,0.290816,0.0,0.290816,0.290816,79.0,24.738634,52.0,100.0,1,1,1,1
31.0,0.0,31.0,31.0,84.6,0.0,84.6,84.6,0.290816,0.0,0.290816,0.290816,0.0,0.0,0.0,0.0,1,1,1,1
31.0,0.0,31.0,31.0,84.6,0.0,84.6,84.6,1.05661,0.003042,1.053148,1.061147,0.0,0.0,0.0,0.0,1,1,1,1
31.0,0.0,31.0,31.0,84.6,0.0,84.6,84.6,1.05661,0.003042,1.053148,1.061147,72.25,48.444986,0.0,100.0,1,1,1,1
31.0,0.0,31.0,31.0,84.6,0.0,84.6,84.6,1.05661,0.003042,1.053148,1.061147,100.0,0.0,100.0,100.0,1,1,1,1
31.0,0.0,31.0,31.0,84.6,0.0,84.6,84.6,1.05661,0.003042,1.053148,1.061147,79.0,24.738634,52.0,100.0,1,1,1,1
31.0,0.0,31.0,31.0,84.6,0.0,84.6,84.6,1.05661,0.003042,1.053148,1.061147,0.0,0.0,0.0,0.0,1,1,1,1
31.0,0.0,31.0,31.0,84.6,0.0,84.6,84.6,2.188019,0.628066,1.179871,2.999267,0.0,0.0,0.0,0.0,1,1,1,1
31.0,0.0,31.0,31.0,84.6,0.0,84.6,84.6,2.188019,0.628066,1.179871,2.999267,72.25,48.444986,0.0,100.0,1,1,1,1
31.0,0.0,31.0,31.0,84.6,0.0,84.6,84.6,2.188019,0.628066,1.179871,2.999267,79.0,24.738634,52.0,100.0,1,1,1,1
31.0,0.0,31.0,31.0,84.6,0.0,84.6,84.6,2.188019,0.628066,1.179871,2.999267,72.25,48.444986,0.0,100.0,1,1,1,1
31.0,0.0,31.0,31.0,84.6,0.0,84.6,84.6,2.188019,0.628066,1.179871,2.999267,0.0,0.0,0.0,0.0,1,1,1,1
31.0,0.0,31.0,31.0,84.6,0.0,84.6,84.6,0.290816,0.0,0.290816,0.290816,72.25,48.444986,0.0,100.0,1,1,1,1
31.0,0.0,31.0,31.0,84.6,0.0,84.6,84.6,2.188019,0.628066,1.179871,2.999267,0.0,0.0,0.0,0.0,1,1,1,1
0.0,0.0,0.0,0.0,0.0,0.0,0.0,0.0,1.05661,0.003042,1.053148,1.061147,0.0,0.0,0.0,0.0,1,1,1,1
31.0,0.0,31.0,31.0,84.6,0.0,84.6,84.6,1.05661,0.003042,1.053148,1.061147,79.0,24.738634,52.0,100.0,1,1,1,1
31.0,0.0,31.0,31.0,84.6,0.0,84.6,84.6,0.359362,0.0,0.359362,0.359362,0.0,0.0,0.0,0.0,1,1,1,1
0.0,0.0,0.0,0.0,0.0,0.0,0.0,0.0,1.05661,0.003042,1.053148,1.061147,0.0,0.0,0.0,0.0,1,1,1,1
0.0,0.0,0.0,0.0,0.0,0.0,0.0,0.0,1.05661,0.003042,1.053148,1.061147,72.25,48.444986,0.0,100.0,1,1,1,1
0.0,0.0,0.0,0.0,0.0,0.0,0.0,0.0,1.05661,0.003042,1.053148,1.061147,100.0,0.0,100.0,100.0,1,1,1,1
0.0,0.0,0.0,0.0,0.0,0.0,0.0,0.0,1.05661,0.003042,1.053148,1.061147,79.0,24.738634,52.0,100.0,1,1,1,1
0.0,0.0,0.0,0.0,0.0,0.0,0.0,0.0,2.188019,0.628066,1.179871,2.999267,0.0,0.0,0.0,0.0,1,1,1,1
0.0,0.0,0.0,0.0,0.0,0.0,0.0,0.0,2.188019,0.628066,1.179871,2.999267,72.25,48.444986,0.0,100.0,1,1,1,1
0.0,0.0,0.0,0.0,0.0,0.0,0.0,0.0,2.188019,0.628066,1.179871,2.999267,100.0,0.0,100.0,100.0,1,1,1,1
0.0,0.0,0.0,0.0,0.0,0.0,0.0,0.0,2.188019,0.628066,1.179871,2.999267,79.0,24.738634,52.0,100.0,1,1,1,1
0.0,0.0,0.0,0.0,0.0,0.0,0.0,0.0,2.188019,0.628066,1.179871,2.999267,0.0,0.0,0.0,0.0,1,1,1,1
0.0,0.0,0.0,0.0,0.0,0.0,0.0,0.0,0.359362,0.0,0.359362,0.359362,0.0,0.0,0.0,0.0,1,1,1,1
0.0,0.0,0.0,0.0,0.0,0.0,0.0,0.0,0.359362,0.0,0.359362,0.359362,72.25,48.444986,0.0,100.0,1,1,1,1
0.0,0.0,0.0,0.0,0.0,0.0,0.0,0.0,0.359362,0.0,0.359362,0.359362,100.0,0.0,100.0,100.0,1,1,1,1
31.0,0.0,31.0,31.0,84.6,0.0,84.6,84.6,1.05661,0.003042,1.053148,1.061147,0.0,0.0,0.0,0.0,1,1,1,1
0.0,0.0,0.0,0.0,0.0,0.0,0.0,0.0,0.359362,0.0,0.359362,0.359362,79.0,24.738634,52.0,100.0,1,1,1,1
0.0,0.0,0.0,0.0,0.0,0.0,0.0,0.0,0.333727,0.0,0.333727,0.333727,0.0,0.0,0.0,0.0,1,1,1,1
0.0,0.0,0.0,0.0,0.0,0.0,0.0,0.0,0.333727,0.0,0.333727,0.333727,72.25,48.444986,0.0,100.0,1,1,1,1
0.0,0.0,0.0,0.0,0.0,0.0,0.0,0.0,0.333727,0.0,0.333727,0.333727,100.0,0.0,100.0,100.0,1,1,1,1
0.0,0.0,0.0,0.0,0.0,0.0,0.0,0.0,0.333727,0.0,0.333727,0.333727,79.0,24.738634,52.0,100.0,1,1,1,1
0.0,0.0,0.0,0.0,0.0,0.0,0.0,0.0,0.333727,0.0,0.333727,0.333727,0.0,0.0,0.0,0.0,1,1,1,1
0.0,0.0,0.0,0.0,0.0,0.0,0.0,0.0,0.290816,0.0,0.290816,0.290816,0.0,0.0,0.0,0.0,1,1,1,1
0.0,0.0,0.0,0.0,0.0,0.0,0.0,0.0,0.290816,0.0,0.290816,0.290816,72.25,48.444986,0.0,100.0,1,1,1,1
0.0,0.0,0.0,0.0,0.0,0.0,0.0,0.0,0.290816,0.0,0.290816,0.290816,100.0,0.0,100.0,100.0,1,1,1,1
0.0,0.0,0.0,0.0,0.0,0.0,0.0,0.0,0.290816,0.0,0.290816,0.290816,79.0,24.738634,52.0,100.0,1,1,1,1
0.0,0.0,0.0,0.0,0.0,0.0,0.0,0.0,0.290816,0.0,0.290816,0.290816,0.0,0.0,0.0,0.0,1,1,1,1
31.0,0.0,31.0,31.0,84.6,0.0,84.6,84.6,1.05661,0.003042,1.053148,1.061147,0.0,0.0,0.0,0.0,1,1,1,1
31.0,0.0,31.0,31.0,84.6,0.0,84.6,84.6,1.05661,0.003042,1.053148,1.061147,72.25,48.444986,0.0,100.0,1,1,1,1
31.0,0.0,31.0,31.0,84.6,0.0,84.6,84.6,1.05661,0.003042,1.053148,1.061147,100.0,0.0,100.0,100.0,1,1,1,1
0.0,0.0,0.0,0.0,0.0,0.0,0.0,0.0,0.359362,0.0,0.359362,0.359362,0.0,0.0,0.0,0.0,1,1,1,1
31.0,0.0,31.0,31.0,84.6,0.0,84.6,84.6,0.359362,0.0,0.359362,0.359362,72.25,48.444986,0.0,100.0,1,1,1,1
31.0,0.0,31.0,31.0,84.6,0.0,84.6,84.6,0.359362,0.0,0.359362,0.359362,100.0,0.0,100.0,100.0,1,1,1,1
31.0,0.0,31.0,31.0,84.6,0.0,84.6,84.6,0.359362,0.0,0.359362,0.359362,79.0,24.738634,52.0,100.0,1,1,1,1
31.1,0.0,31.1,31.1,85.8,0.0,85.8,85.8,0.290816,0.0,0.290816,0.290816,72.25,48.444986,0.0,100.0,1,1,1,1
31.1,0.0,31.1,31.1,85.8,0.0,85.8,85.8,0.290816,0.0,0.290816,0.290816,100.0,0.0,100.0,100.0,1,1,1,1
31.1,0.0,31.1,31.1,85.8,0.0,85.8,85.8,0.290816,0.0,0.290816,0.290816,79.0,24.738634,52.0,100.0,1,1,1,1
31.1,0.0,31.1,31.1,85.8,0.0,85.8,85.8,0.290816,0.0,0.290816,0.290816,0.0,0.0,0.0,0.0,1,1,1,1
30.8,0.0,30.8,30.8,86.3,0.0,86.3,86.3,1.05661,0.003042,1.053148,1.061147,0.0,0.0,0.0,0.0,1,1,1,1
30.8,0.0,30.8,30.8,86.3,0.0,86.3,86.3,1.05661,0.003042,1.053148,1.061147,72.25,48.444986,0.0,100.0,1,1,1,1
30.8,0.0,30.8,30.8,86.3,0.0,86.3,86.3,1.05661,0.003042,1.053148,1.061147,100.0,0.0,100.0,100.0,1,1,1,1
30.8,0.0,30.8,30.8,86.3,0.0,86.3,86.3,1.05661,0.003042,1.053148,1.061147,79.0,24.738634,52.0,100.0,1,1,1,1
30.8,0.0,30.8,30.8,86.3,0.0,86.3,86.3,1.05661,0.003042,1.053148,1.061147,0.0,0.0,0.0,0.0,1,1,1,1
30.8,0.0,30.8,30.8,86.3,0.0,86.3,86.3,2.188019,0.628066,1.179871,2.999267,0.0,0.0,0.0,0.0,1,1,1,1
30.8,0.0,30.8,30.8,86.3,0.0,86.3,86.3,2.188019,0.628066,1.179871,2.999267,72.25,48.444986,0.0,100.0,1,1,1,1
30.8,0.0,30.8,30.8,86.3,0.0,86.3,86.3,2.188019,0.628066,1.179871,2.999267,100.0,0.0,100.0,100.0,1,1,1,1
30.8,0.0,30.8,30.8,86.3,0.0,86.3,86.3,2.188019,0.628066,1.179871,2.999267,79.0,24.738634,52.0,100.0,1,1,1,1
31.1,0.0,31.1,31.1,85.8,0.0,85.8,85.8,0.290816,0.0,0.290816,0.290816,0.0,0.0,0.0,0.0,1,1,1,1
30.8,0.0,30.8,30.8,86.3,0.0,86.3,86.3,2.188019,0.628066,1.179871,2.999267,0.0,0.0,0.0,0.0,1,1,1,1
30.8,0.0,30.8,30.8,86.3,0.0,86.3,86.3,0.359362,0.0,0.359362,0.359362,72.25,48.444986,0.0,100.0,1,1,1,1
30.8,0.0,30.8,30.8,86.3,0.0,86.3,86.3,0.359362,0.0,0.359362,0.359362,100.0,0.0,100.0,100.0,1,1,1,1
30.8,0.0,30.8,30.8,86.3,0.0,86.3,86.3,0.359362,0.0,0.359362,0.359362,79.0,24.738634,52.0,100.0,1,1,1,1
30.8,0.0,30.8,30.8,86.3,0.0,86.3,86.3,0.359362,0.0,0.359362,0.359362,0.0,0.0,0.0,0.0,1,1,1,1
30.8,0.0,30.8,30.8,86.3,0.0,86.3,86.3,0.333727,0.0,0.333727,0.333727,0.0,0.0,0.0,0.0,1,1,1,1
30.8,0.0,30.8,30.8,86.3,0.0,86.3,86.3,0.333727,0.0,0.333727,0.333727,72.25,48.444986,0.0,100.0,1,1,1,1
30.8,0.0,30.8,30.8,86.3,0.0,86.3,86.3,0.333727,0.0,0.333727,0.333727,100.0,0.0,100.0,100.0,1,1,1,1
30.8,0.0,30.8,30.8,86.3,0.0,86.3,86.3,0.333727,0.0,0.333727,0.333727,79.0,24.738634,52.0,100.0,1,1,1,1
30.8,0.0,30.8,30.8,86.3,0.0,86.3,86.3,0.333727,0.0,0.333727,0.333727,0.0,0.0,0.0,0.0,1,1,1,1
30.8,0.0,30.8,30.8,86.3,0.0,86.3,86.3,0.290816,0.0,0.290816,0.290816,72.25,48.444986,0.0,100.0,1,1,1,1
30.8,0.0,30.8,30.8,86.3,0.0,86.3,86.3,0.290816,0.0,0.290816,0.290816,100.0,0.0,100.0,100.0,1,1,1,1
30.8,0.0,30.8,30.8,86.3,0.0,86.3,86.3,0.290816,0.0,0.290816,0.290816,79.0,24.738634,52.0,100.0,1,1,1,1
30.8,0.0,30.8,30.8,86.3,0.0,86.3,86.3,0.290816,0.0,0.290816,0.290816,0.0,0.0,0.0,0.0,1,1,1,1
30.8,0.0,30.8,30.8,86.3,0.0,86.3,86.3,0.359362,0.0,0.359362,0.359362,0.0,0.0,0.0,0.0,1,1,1,1
31.1,0.0,31.1,31.1,85.8,0.0,85.8,85.8,0.333727,0.0,0.333727,0.333727,0.0,0.0,0.0,0.0,1,1,1,1
30.8,0.0,30.8,30.8,86.3,0.0,86.3,86.3,0.290816,0.0,0.290816,0.290816,0.0,0.0,0.0,0.0,1,1,1,1
31.1,0.0,31.1,31.1,85.8,0.0,85.8,85.8,0.333727,0.0,0.333727,0.333727,100.0,0.0,100.0,100.0,1,1,1,1
31.1,0.0,31.1,31.1,85.8,0.0,85.8,85.8,0.333727,0.0,0.333727,0.333727,79.0,24.738634,52.0,100.0,1,1,1,1
31.0,0.0,31.0,31.0,84.6,0.0,84.6,84.6,0.359362,0.0,0.359362,0.359362,0.0,0.0,0.0,0.0,1,1,1,1
31.0,0.0,31.0,31.0,84.6,0.0,84.6,84.6,0.333727,0.0,0.333727,0.333727,0.0,0.0,0.0,0.0,1,1,1,1
31.0,0.0,31.0,31.0,84.6,0.0,84.6,84.6,0.333727,0.0,0.333727,0.333727,100.0,0.0,100.0,100.0,1,1,1,1
31.0,0.0,31.0,31.0,84.6,0.0,84.6,84.6,0.333727,0.0,0.333727,0.333727,79.0,24.738634,52.0,100.0,1,1,1,1
31.0,0.0,31.0,31.0,84.6,0.0,84.6,84.6,0.333727,0.0,0.333727,0.333727,0.0,0.0,0.0,0.0,1,1,1,1
31.0,0.0,31.0,31.0,84.6,0.0,84.6,84.6,0.290816,0.0,0.290816,0.290816,0.0,0.0,0.0,0.0,1,1,1,1
31.0,0.0,31.0,31.0,84.6,0.0,84.6,84.6,0.290816,0.0,0.290816,0.290816,72.25,48.444986,0.0,100.0,1,1,1,1
31.0,0.0,31.0,31.0,84.6,0.0,84.6,84.6,0.290816,0.0,0.290816,0.290816,100.0,0.0,100.0,100.0,1,1,1,1
31.0,0.0,31.0,31.0,84.6,0.0,84.6,84.6,0.290816,0.0,0.290816,0.290816,79.0,24.738634,52.0,100.0,1,1,1,1
31.0,0.0,31.0,31.0,84.6,0.0,84.6,84.6,0.290816,0.0,0.290816,0.290816,0.0,0.0,0.0,0.0,1,1,1,1
31.1,0.0,31.1,31.1,85.8,0.0,85.8,85.8,1.05661,0.003042,1.053148,1.061147,0.0,0.0,0.0,0.0,1,1,1,1
31.1,0.0,31.1,31.1,85.8,0.0,85.8,85.8,1.05661,0.003042,1.053148,1.061147,72.25,48.444986,0.0,100.0,1,1,1,1
31.1,0.0,31.1,31.1,85.8,0.0,85.8,85.8,1.05661,0.003042,1.053148,1.061147,100.0,0.0,100.0,100.0,1,1,1,1
31.0,0.0,31.0,31.0,84.6,0.0,84.6,84.6,0.333727,0.0,0.333727,0.333727,72.25,48.444986,0.0,100.0,1,1,1,1
31.1,0.0,31.1,31.1,85.8,0.0,85.8,85.8,1.05661,0.003042,1.053148,1.061147,0.0,0.0,0.0,0.0,1,1,1,1
31.1,0.0,31.1,31.1,85.8,0.0,85.8,85.8,1.05661,0.003042,1.053148,1.061147,79.0,24.738634,52.0,100.0,1,1,1,1
31.1,0.0,31.1,31.1,85.8,0.0,85.8,85.8,0.333727,0.0,0.333727,0.333727,0.0,0.0,0.0,0.0,1,1,1,1
31.1,0.0,31.1,31.1,85.8,0.0,85.8,85.8,0.359362,0.0,0.359362,0.359362,79.0,24.738634,52.0,100.0,1,1,1,1
31.1,0.0,31.1,31.1,85.8,0.0,85.8,85.8,0.359362,0.0,0.359362,0.359362,100.0,0.0,100.0,100.0,1,1,1,1
31.1,0.0,31.1,31.1,85.8,0.0,85.8,85.8,0.359362,0.0,0.359362,0.359362,72.25,48.444986,0.0,100.0,1,1,1,1
31.1,0.0,31.1,31.1,85.8,0.0,85.8,85.8,0.359362,0.0,0.359362,0.359362,0.0,0.0,0.0,0.0,1,1,1,1
31.1,0.0,31.1,31.1,85.8,0.0,85.8,85.8,2.188019,0.628066,1.179871,2.999267,0.0,0.0,0.0,0.0,1,1,1,1
31.1,0.0,31.1,31.1,85.8,0.0,85.8,85.8,2.188019,0.628066,1.179871,2.999267,0.0,0.0,0.0,0.0,1,1,1,1
31.1,0.0,31.1,31.1,85.8,0.0,85.8,85.8,0.359362,0.0,0.359362,0.359362,0.0,0.0,0.0,0.0,1,1,1,1
31.1,0.0,31.1,31.1,85.8,0.0,85.8,85.8,2.188019,0.628066,1.179871,2.999267,72.25,48.444986,0.0,100.0,1,1,1,1
31.1,0.0,31.1,31.1,85.8,0.0,85.8,85.8,0.333727,0.0,0.333727,0.333727,72.25,48.444986,0.0,100.0,1,1,1,1
31.1,0.0,31.1,31.1,85.8,0.0,85.8,85.8,2.188019,0.628066,1.179871,2.999267,100.0,0.0,100.0,100.0,1,1,1,1
31.1,0.0,31.1,31.1,85.8,0.0,85.8,85.8,2.188019,0.628066,1.179871,2.999267,79.0,24.738634,52.0,100.0,1,1,1,1
31.0,0.0,31.0,31.0,86.2,0.0,86.2,86.2,0.290816,0.0,0.290816,0.290816,100.0,0.0,100.0,100.0,1,1,1,1
31.0,0.0,31.0,31.0,84.6,0.0,84.6,84.6,1.057903,0.004651,1.051711,1.063428,100.0,0.0,100.0,100.0,1,1,1,1
31.0,0.0,31.0,31.0,84.6,0.0,84.6,84.6,1.057903,0.004651,1.051711,1.063428,0.0,0.0,0.0,0.0,1,1,1,1
31.0,0.0,31.0,31.0,84.6,0.0,84.6,84.6,1.057903,0.004651,1.051711,1.063428,100.0,0.0,100.0,100.0,1,1,1,1
31.0,0.0,31.0,31.0,84.6,0.0,84.6,84.6,1.057903,0.004651,1.051711,1.063428,15.0,30.0,0.0,60.0,1,1,1,1
31.0,0.0,31.0,31.0,86.2,0.0,86.2,86.2,0.290816,0.0,0.290816,0.290816,0.0,0.0,0.0,0.0,1,1,1,1
31.0,0.0,31.0,31.0,86.2,0.0,86.2,86.2,0.290816,0.0,0.290816,0.290816,28.666667,49.652123,0.0,86.0,1,1,1,1
31.0,0.0,31.0,31.0,86.2,0.0,86.2,86.2,0.290816,0.0,0.290816,0.290816,100.0,0.0,100.0,100.0,1,1,1,1
31.0,0.0,31.0,31.0,86.2,0.0,86.2,86.2,0.290816,0.0,0.290816,0.290816,100.0,0.0,100.0,100.0,1,1,1,1
31.0,0.0,31.0,31.0,84.6,0.0,84.6,84.6,1.057903,0.004651,1.051711,1.063428,28.666667,49.652123,0.0,86.0,1,1,1,1
31.0,0.0,31.0,31.0,84.6,0.0,84.6,84.6,1.057903,0.004651,1.051711,1.063428,100.0,0.0,100.0,100.0,1,1,1,1
31.0,0.0,31.0,31.0,86.2,0.0,86.2,86.2,0.333727,0.0,0.333727,0.333727,100.0,0.0,100.0,100.0,1,1,1,1
31.0,0.0,31.0,31.0,86.2,0.0,86.2,86.2,0.333727,0.0,0.333727,0.333727,0.0,0.0,0.0,0.0,1,1,1,1
31.0,0.0,31.0,31.0,86.2,0.0,86.2,86.2,0.333727,0.0,0.333727,0.333727,28.666667,49.652123,0.0,86.0,1,1,1,1
31.0,0.0,31.0,31.0,86.2,0.0,86.2,86.2,0.333727,0.0,0.333727,0.333727,100.0,0.0,100.0,100.0,1,1,1,1
31.0,0.0,31.0,31.0,86.2,0.0,86.2,86.2,0.333727,0.0,0.333727,0.333727,100.0,0.0,100.0,100.0,1,1,1,1
31.0,0.0,31.0,31.0,86.2,0.0,86.2,86.2,0.333727,0.0,0.333727,0.333727,15.0,30.0,0.0,60.0,1,1,1,1
31.0,0.0,31.0,31.0,86.2,0.0,86.2,86.2,0.359362,0.0,0.359362,0.359362,0.0,0.0,0.0,0.0,1,1,1,1
31.0,0.0,31.0,31.0,86.2,0.0,86.2,86.2,0.359362,0.0,0.359362,0.359362,28.666667,49.652123,0.0,86.0,1,1,1,1
31.0,0.0,31.0,31.0,86.2,0.0,86.2,86.2,0.359362,0.0,0.359362,0.359362,100.0,0.0,100.0,100.0,1,1,1,1
31.0,0.0,31.0,31.0,86.2,0.0,86.2,86.2,0.359362,0.0,0.359362,0.359362,100.0,0.0,100.0,100.0,1,1,1,1
31.0,0.0,31.0,31.0,84.6,0.0,84.6,84.6,1.066552,0.013657,1.041883,1.087066,15.0,30.0,0.0,60.0,1,1,1,1
31.0,0.0,31.0,31.0,86.2,0.0,86.2,86.2,0.359362,0.0,0.359362,0.359362,100.0,0.0,100.0,100.0,1,1,1,1
31.0,0.0,31.0,31.0,86.2,0.0,86.2,86.2,0.290816,0.0,0.290816,0.290816,15.0,30.0,0.0,60.0,1,1,1,1
31.0,0.0,31.0,31.0,84.6,0.0,84.6,84.6,1.066552,0.013657,1.041883,1.087066,100.0,0.0,100.0,100.0,1,1,1,1
31.0,0.0,31.0,31.0,84.6,0.0,84.6,84.6,0.359362,0.0,0.359362,0.359362,28.666667,49.652123,0.0,86.0,1,1,1,1
31.0,0.0,31.0,31.0,84.6,0.0,84.6,84.6,1.066552,0.013657,1.041883,1.087066,100.0,0.0,100.0,100.0,1,1,1,1
31.0,0.0,31.0,31.0,86.2,0.0,86.2,86.2,0.359362,0.0,0.359362,0.359362,15.0,30.0,0.0,60.0,1,1,1,1
31.0,0.0,31.0,31.0,84.6,0.0,84.6,84.6,0.290816,0.0,0.290816,0.290816,100.0,0.0,100.0,100.0,1,1,1,1
31.0,0.0,31.0,31.0,84.6,0.0,84.6,84.6,0.290816,0.0,0.290816,0.290816,100.0,0.0,100.0,100.0,1,1,1,1
31.0,0.0,31.0,31.0,84.6,0.0,84.6,84.6,0.290816,0.0,0.290816,0.290816,100.0,0.0,100.0,100.0,1,1,1,1
31.0,0.0,31.0,31.0,84.6,0.0,84.6,84.6,0.290816,0.0,0.290816,0.290816,15.0,30.0,0.0,60.0,1,1,1,1
31.0,0.0,31.0,31.0,84.6,0.0,84.6,84.6,0.333727,0.0,0.333727,0.333727,0.0,0.0,0.0,0.0,1,1,1,1
31.0,0.0,31.0,31.0,84.6,0.0,84.6,84.6,0.333727,0.0,0.333727,0.333727,28.666667,49.652123,0.0,86.0,1,1,1,1
31.0,0.0,31.0,31.0,84.6,0.0,84.6,84.6,0.333727,0.0,0.333727,0.333727,100.0,0.0,100.0,100.0,1,1,1,1
31.0,0.0,31.0,31.0,84.6,0.0,84.6,84.6,0.333727,0.0,0.333727,0.333727,100.0,0.0,100.0,100.0,1,1,1,1
31.0,0.0,31.0,31.0,84.6,0.0,84.6,84.6,0.333727,0.0,0.333727,0.333727,100.0,0.0,100.0,100.0,1,1,1,1
31.0,0.0,31.0,31.0,84.6,0.0,84.6,84.6,0.333727,0.0,0.333727,0.333727,15.0,30.0,0.0,60.0,1,1,1,1
31.0,0.0,31.0,31.0,84.6,0.0,84.6,84.6,1.066552,0.013657,1.041883,1.087066,100.0,0.0,100.0,100.0,1,1,1,1
31.0,0.0,31.0,31.0,84.6,0.0,84.6,84.6,0.359362,0.0,0.359362,0.359362,0.0,0.0,0.0,0.0,1,1,1,1
31.0,0.0,31.0,31.0,84.6,0.0,84.6,84.6,0.359362,0.0,0.359362,0.359362,100.0,0.0,100.0,100.0,1,1,1,1
31.0,0.0,31.0,31.0,84.6,0.0,84.6,84.6,0.359362,0.0,0.359362,0.359362,100.0,0.0,100.0,100.0,1,1,1,1
31.0,0.0,31.0,31.0,84.6,0.0,84.6,84.6,0.359362,0.0,0.359362,0.359362,15.0,30.0,0.0,60.0,1,1,1,1
31.0,0.0,31.0,31.0,84.6,0.0,84.6,84.6,1.057182,0.419301,0.600013,1.811894,0.0,0.0,0.0,0.0,1,1,1,1
31.0,0.0,31.0,31.0,84.6,0.0,84.6,84.6,1.057182,0.419301,0.600013,1.811894,28.666667,49.652123,0.0,86.0,1,1,1,1
31.0,0.0,31.0,31.0,84.6,0.0,84.6,84.6,1.057182,0.419301,0.600013,1.811894,100.0,0.0,100.0,100.0,1,1,1,1
31.0,0.0,31.0,31.0,84.6,0.0,84.6,84.6,1.057182,0.419301,0.600013,1.811894,100.0,0.0,100.0,100.0,1,1,1,1
31.0,0.0,31.0,31.0,84.6,0.0,84.6,84.6,1.057182,0.419301,0.600013,1.811894,100.0,0.0,100.0,100.0,1,1,1,1
31.0,0.0,31.0,31.0,84.6,0.0,84.6,84.6,1.057182,0.419301,0.600013,1.811894,15.0,30.0,0.0,60.0,1,1,1,1
31.0,0.0,31.0,31.0,84.6,0.0,84.6,84.6,1.066552,0.013657,1.041883,1.087066,0.0,0.0,0.0,0.0,1,1,1,1
31.0,0.0,31.0,31.0,84.6,0.0,84.6,84.6,1.066552,0.013657,1.041883,1.087066,28.666667,49.652123,0.0,86.0,1,1,1,1
31.0,0.0,31.0,31.0,84.6,0.0,84.6,84.6,0.359362,0.0,0.359362,0.359362,100.0,0.0,100.0,100.0,1,1,1,1
31.0,0.0,31.0,31.0,86.2,0.0,86.2,86.2,1.057182,0.419301,0.600013,1.811894,0.0,0.0,0.0,0.0,1,1,1,1
0.0,0.0,0.0,0.0,0.0,0.0,0.0,0.0,0.359362,0.0,0.359362,0.359362,28.666667,49.652123,0.0,86.0,1,1,1,1
31.0,0.0,31.0,31.0,86.2,0.0,86.2,86.2,1.057182,0.419301,0.600013,1.811894,100.0,0.0,100.0,100.0,1,1,1,1
31.0,0.0,31.0,31.0,84.6,0.0,84.6,84.6,0.290816,0.0,0.290816,0.290816,28.666667,49.652123,0.0,86.0,1,1,1,1
0.0,0.0,0.0,0.0,0.0,0.0,0.0,0.0,0.359362,0.0,0.359362,0.359362,100.0,0.0,100.0,100.0,1,1,1,1
0.0,0.0,0.0,0.0,0.0,0.0,0.0,0.0,0.359362,0.0,0.359362,0.359362,100.0,0.0,100.0,100.0,1,1,1,1
0.0,0.0,0.0,0.0,0.0,0.0,0.0,0.0,0.359362,0.0,0.359362,0.359362,100.0,0.0,100.0,100.0,1,1,1,1
0.0,0.0,0.0,0.0,0.0,0.0,0.0,0.0,0.359362,0.0,0.359362,0.359362,15.0,30.0,0.0,60.0,1,1,1,1
0.0,0.0,0.0,0.0,0.0,0.0,0.0,0.0,1.057182,0.419301,0.600013,1.811894,0.0,0.0,0.0,0.0,1,1,1,1
0.0,0.0,0.0,0.0,0.0,0.0,0.0,0.0,1.057182,0.419301,0.600013,1.811894,28.666667,49.652123,0.0,86.0,1,1,1,1
0.0,0.0,0.0,0.0,0.0,0.0,0.0,0.0,1.057182,0.419301,0.600013,1.811894,100.0,0.0,100.0,100.0,1,1,1,1
0.0,0.0,0.0,0.0,0.0,0.0,0.0,0.0,1.057182,0.419301,0.600013,1.811894,100.0,0.0,100.0,100.0,1,1,1,1
0.0,0.0,0.0,0.0,0.0,0.0,0.0,0.0,1.057182,0.419301,0.600013,1.811894,100.0,0.0,100.0,100.0,1,1,1,1
0.0,0.0,0.0,0.0,0.0,0.0,0.0,0.0,1.057182,0.419301,0.600013,1.811894,15.0,30.0,0.0,60.0,1,1,1,1
0.0,0.0,0.0,0.0,0.0,0.0,0.0,0.0,1.066552,0.013657,1.041883,1.087066,0.0,0.0,0.0,0.0,1,1,1,1
0.0,0.0,0.0,0.0,0.0,0.0,0.0,0.0,1.066552,0.013657,1.041883,1.087066,28.666667,49.652123,0.0,86.0,1,1,1,1
0.0,0.0,0.0,0.0,0.0,0.0,0.0,0.0,1.066552,0.013657,1.041883,1.087066,100.0,0.0,100.0,100.0,1,1,1,1
0.0,0.0,0.0,0.0,0.0,0.0,0.0,0.0,1.066552,0.013657,1.041883,1.087066,100.0,0.0,100.0,100.0,1,1,1,1
0.0,0.0,0.0,0.0,0.0,0.0,0.0,0.0,1.066552,0.013657,1.041883,1.087066,100.0,0.0,100.0,100.0,1,1,1,1
0.0,0.0,0.0,0.0,0.0,0.0,0.0,0.0,1.066552,0.013657,1.041883,1.087066,15.0,30.0,0.0,60.0,1,1,1,1
0.0,0.0,0.0,0.0,0.0,0.0,0.0,0.0,1.057903,0.004651,1.051711,1.063428,0.0,0.0,0.0,0.0,1,1,1,1
0.0,0.0,0.0,0.0,0.0,0.0,0.0,0.0,1.057903,0.004651,1.051711,1.063428,28.666667,49.652123,0.0,86.0,1,1,1,1
0.0,0.0,0.0,0.0,0.0,0.0,0.0,0.0,1.057903,0.004651,1.051711,1.063428,100.0,0.0,100.0,100.0,1,1,1,1
0.0,0.0,0.0,0.0,0.0,0.0,0.0,0.0,1.057903,0.004651,1.051711,1.063428,100.0,0.0,100.0,100.0,1,1,1,1
0.0,0.0,0.0,0.0,0.0,0.0,0.0,0.0,1.057903,0.004651,1.051711,1.063428,100.0,0.0,100.0,100.0,1,1,1,1
0.0,0.0,0.0,0.0,0.0,0.0,0.0,0.0,1.057903,0.004651,1.051711,1.063428,15.0,30.0,0.0,60.0,1,1,1,1
0.0,0.0,0.0,0.0,0.0,0.0,0.0,0.0,0.359362,0.0,0.359362,0.359362,0.0,0.0,0.0,0.0,1,1,1,1
0.0,0.0,0.0,0.0,0.0,0.0,0.0,0.0,0.333727,0.0,0.333727,0.333727,15.0,30.0,0.0,60.0,1,1,1,1
0.0,0.0,0.0,0.0,0.0,0.0,0.0,0.0,0.333727,0.0,0.333727,0.333727,100.0,0.0,100.0,100.0,1,1,1,1
0.0,0.0,0.0,0.0,0.0,0.0,0.0,0.0,0.333727,0.0,0.333727,0.333727,100.0,0.0,100.0,100.0,1,1,1,1
31.0,0.0,31.0,31.0,86.2,0.0,86.2,86.2,1.057182,0.419301,0.600013,1.811894,100.0,0.0,100.0,100.0,1,1,1,1
31.0,0.0,31.0,31.0,86.2,0.0,86.2,86.2,1.057182,0.419301,0.600013,1.811894,100.0,0.0,100.0,100.0,1,1,1,1
31.0,0.0,31.0,31.0,86.2,0.0,86.2,86.2,1.057182,0.419301,0.600013,1.811894,15.0,30.0,0.0,60.0,1,1,1,1
31.0,0.0,31.0,31.0,86.2,0.0,86.2,86.2,1.066552,0.013657,1.041883,1.087066,0.0,0.0,0.0,0.0,1,1,1,1
31.0,0.0,31.0,31.0,86.2,0.0,86.2,86.2,1.066552,0.013657,1.041883,1.087066,28.666667,49.652123,0.0,86.0,1,1,1,1
31.0,0.0,31.0,31.0,86.2,0.0,86.2,86.2,1.066552,0.013657,1.041883,1.087066,100.0,0.0,100.0,100.0,1,1,1,1
31.0,0.0,31.0,31.0,86.2,0.0,86.2,86.2,1.066552,0.013657,1.041883,1.087066,100.0,0.0,100.0,100.0,1,1,1,1
31.0,0.0,31.0,31.0,86.2,0.0,86.2,86.2,1.066552,0.013657,1.041883,1.087066,100.0,0.0,100.0,100.0,1,1,1,1
31.0,0.0,31.0,31.0,86.2,0.0,86.2,86.2,1.066552,0.013657,1.041883,1.087066,15.0,30.0,0.0,60.0,1,1,1,1
31.0,0.0,31.0,31.0,86.2,0.0,86.2,86.2,1.057903,0.004651,1.051711,1.063428,0.0,0.0,0.0,0.0,1,1,1,1
31.0,0.0,31.0,31.0,86.2,0.0,86.2,86.2,1.057903,0.004651,1.051711,1.063428,28.666667,49.652123,0.0,86.0,1,1,1,1
31.0,0.0,31.0,31.0,86.2,0.0,86.2,86.2,1.057182,0.419301,0.600013,1.811894,28.666667,49.652123,0.0,86.0,1,1,1,1
31.0,0.0,31.0,31.0,86.2,0.0,86.2,86.2,1.057903,0.004651,1.051711,1.063428,100.0,0.0,100.0,100.0,1,1,1,1
31.0,0.0,31.0,31.0,86.2,0.0,86.2,86.2,1.057903,0.004651,1.051711,1.063428,100.0,0.0,100.0,100.0,1,1,1,1
31.0,0.0,31.0,31.0,86.2,0.0,86.2,86.2,1.057903,0.004651,1.051711,1.063428,15.0,30.0,0.0,60.0,1,1,1,1
0.0,0.0,0.0,0.0,0.0,0.0,0.0,0.0,0.290816,0.0,0.290816,0.290816,0.0,0.0,0.0,0.0,1,1,1,1
0.0,0.0,0.0,0.0,0.0,0.0,0.0,0.0,0.290816,0.0,0.290816,0.290816,28.666667,49.652123,0.0,86.0,1,1,1,1
0.0,0.0,0.0,0.0,0.0,0.0,0.0,0.0,0.290816,0.0,0.290816,0.290816,100.0,0.0,100.0,100.0,1,1,1,1
0.0,0.0,0.0,0.0,0.0,0.0,0.0,0.0,0.290816,0.0,0.290816,0.290816,100.0,0.0,100.0,100.0,1,1,1,1
0.0,0.0,0.0,0.0,0.0,0.0,0.0,0.0,0.290816,0.0,0.290816,0.290816,100.0,0.0,100.0,100.0,1,1,1,1
0.0,0.0,0.0,0.0,0.0,0.0,0.0,0.0,0.290816,0.0,0.290816,0.290816,15.0,30.0,0.0,60.0,1,1,1,1
0.0,0.0,0.0,0.0,0.0,0.0,0.0,0.0,0.333727,0.0,0.333727,0.333727,0.0,0.0,0.0,0.0,1,1,1,1
0.0,0.0,0.0,0.0,0.0,0.0,0.0,0.0,0.333727,0.0,0.333727,0.333727,28.666667,49.652123,0.0,86.0,1,1,1,1
0.0,0.0,0.0,0.0,0.0,0.0,0.0,0.0,0.333727,0.0,0.333727,0.333727,100.0,0.0,100.0,100.0,1,1,1,1
31.0,0.0,31.0,31.0,86.2,0.0,86.2,86.2,1.057903,0.004651,1.051711,1.063428,100.0,0.0,100.0,100.0,1,1,1,1
31.0,0.0,31.0,31.0,84.6,0.0,84.6,84.6,0.290816,0.0,0.290816,0.290816,0.0,0.0,0.0,0.0,1,1,1,1
31.0,0.0,31.0,31.0,85.5,0.0,85.5,85.5,0.333727,0.0,0.333727,0.333727,100.0,0.0,100.0,100.0,1,1,1,1
31.0,0.0,31.0,31.0,84.5,0.0,84.5,84.5,1.057903,0.004651,1.051711,1.063428,100.0,0.0,100.0,100.0,1,1,1,1
30.8,0.0,30.8,30.8,86.4,0.0,86.4,86.4,1.066552,0.013657,1.041883,1.087066,100.0,0.0,100.0,100.0,1,1,1,1
30.8,0.0,30.8,30.8,86.4,0.0,86.4,86.4,1.066552,0.013657,1.041883,1.087066,100.0,0.0,100.0,100.0,1,1,1,1
30.8,0.0,30.8,30.8,86.4,0.0,86.4,86.4,1.066552,0.013657,1.041883,1.087066,15.0,30.0,0.0,60.0,1,1,1,1
30.8,0.0,30.8,30.8,86.4,0.0,86.4,86.4,1.057903,0.004651,1.051711,1.063428,0.0,0.0,0.0,0.0,1,1,1,1
30.8,0.0,30.8,30.8,86.4,0.0,86.4,86.4,1.057903,0.004651,1.051711,1.063428,28.666667,49.652123,0.0,86.0,1,1,1,1
30.8,0.0,30.8,30.8,86.4,0.0,86.4,86.4,1.057903,0.004651,1.051711,1.063428,100.0,0.0,100.0,100.0,1,1,1,1
30.8,0.0,30.8,30.8,86.4,0.0,86.4,86.4,1.057903,0.004651,1.051711,1.063428,100.0,0.0,100.0,100.0,1,1,1,1
30.8,0.0,30.8,30.8,86.4,0.0,86.4,86.4,1.057903,0.004651,1.051711,1.063428,100.0,0.0,100.0,100.0,1,1,1,1
30.8,0.0,30.8,30.8,86.4,0.0,86.4,86.4,1.057903,0.004651,1.051711,1.063428,15.0,30.0,0.0,60.0,1,1,1,1
31.0,0.0,31.0,31.0,85.5,0.0,85.5,85.5,0.290816,0.0,0.290816,0.290816,0.0,0.0,0.0,0.0,1,1,1,1
31.0,0.0,31.0,31.0,85.5,0.0,85.5,85.5,0.290816,0.0,0.290816,0.290816,28.666667,49.652123,0.0,86.0,1,1,1,1
31.0,0.0,31.0,31.0,85.5,0.0,85.5,85.5,0.290816,0.0,0.290816,0.290816,100.0,0.0,100.0,100.0,1,1,1,1
31.0,0.0,31.0,31.0,85.5,0.0,85.5,85.5,0.290816,0.0,0.290816,0.290816,100.0,0.0,100.0,100.0,1,1,1,1
31.0,0.0,31.0,31.0,85.5,0.0,85.5,85.5,0.290816,0.0,0.290816,0.290816,100.0,0.0,100.0,100.0,1,1,1,1
31.0,0.0,31.0,31.0,85.5,0.0,85.5,85.5,0.290816,0.0,0.290816,0.290816,15.0,30.0,0.0,60.0,1,1,1,1
31.0,0.0,31.0,31.0,85.5,0.0,85.5,85.5,0.333727,0.0,0.333727,0.333727,0.0,0.0,0.0,0.0,1,1,1,1
31.0,0.0,31.0,31.0,85.5,0.0,85.5,85.5,0.333727,0.0,0.333727,0.333727,28.666667,49.652123,0.0,86.0,1,1,1,1
31.0,0.0,31.0,31.0,85.5,0.0,85.5,85.5,0.333727,0.0,0.333727,0.333727,100.0,0.0,100.0,100.0,1,1,1,1
31.0,0.0,31.0,31.0,85.5,0.0,85.5,85.5,0.333727,0.0,0.333727,0.333727,100.0,0.0,100.0,100.0,1,1,1,1
31.0,0.0,31.0,31.0,85.5,0.0,85.5,85.5,0.333727,0.0,0.333727,0.333727,15.0,30.0,0.0,60.0,1,1,1,1
31.0,0.0,31.0,31.0,85.5,0.0,85.5,85.5,0.359362,0.0,0.359362,0.359362,0.0,0.0,0.0,0.0,1,1,1,1
31.0,0.0,31.0,31.0,85.5,0.0,85.5,85.5,0.359362,0.0,0.359362,0.359362,28.666667,49.652123,0.0,86.0,1,1,1,1
31.0,0.0,31.0,31.0,85.5,0.0,85.5,85.5,0.359362,0.0,0.359362,0.359362,100.0,0.0,100.0,100.0,1,1,1,1
30.8,0.0,30.8,30.8,86.4,0.0,86.4,86.4,1.066552,0.013657,1.041883,1.087066,100.0,0.0,100.0,100.0,1,1,1,1
31.0,0.0,31.0,31.0,85.5,0.0,85.5,85.5,0.359362,0.0,0.359362,0.359362,100.0,0.0,100.0,100.0,1,1,1,1
30.8,0.0,30.8,30.8,86.4,0.0,86.4,86.4,1.066552,0.013657,1.041883,1.087066,28.666667,49.652123,0.0,86.0,1,1,1,1
30.8,0.0,30.8,30.8,86.4,0.0,86.4,86.4,1.057182,0.419301,0.600013,1.811894,15.0,30.0,0.0,60.0,1,1,1,1
31.0,0.0,31.0,31.0,84.5,0.0,84.5,84.5,1.057903,0.004651,1.051711,1.063428,15.0,30.0,0.0,60.0,1,1,1,1
30.8,0.0,30.8,30.8,86.4,0.0,86.4,86.4,0.290816,0.0,0.290816,0.290816,28.666667,49.652123,0.0,86.0,1,1,1,1
30.8,0.0,30.8,30.8,86.4,0.0,86.4,86.4,0.290816,0.0,0.290816,0.290816,100.0,0.0,100.0,100.0,1,1,1,1
30.8,0.0,30.8,30.8,86.4,0.0,86.4,86.4,0.290816,0.0,0.290816,0.290816,100.0,0.0,100.0,100.0,1,1,1,1
30.8,0.0,30.8,30.8,86.4,0.0,86.4,86.4,0.290816,0.0,0.290816,0.290816,100.0,0.0,100.0,100.0,1,1,1,1
30.8,0.0,30.8,30.8,86.4,0.0,86.4,86.4,0.290816,0.0,0.290816,0.290816,15.0,30.0,0.0,60.0,1,1,1,1
30.8,0.0,30.8,30.8,86.4,0.0,86.4,86.4,0.333727,0.0,0.333727,0.333727,0.0,0.0,0.0,0.0,1,1,1,1
30.8,0.0,30.8,30.8,86.4,0.0,86.4,86.4,0.333727,0.0,0.333727,0.333727,28.666667,49.652123,0.0,86.0,1,1,1,1
30.8,0.0,30.8,30.8,86.4,0.0,86.4,86.4,0.333727,0.0,0.333727,0.333727,100.0,0.0,100.0,100.0,1,1,1,1
30.8,0.0,30.8,30.8,86.4,0.0,86.4,86.4,0.333727,0.0,0.333727,0.333727,100.0,0.0,100.0,100.0,1,1,1,1
30.8,0.0,30.8,30.8,86.4,0.0,86.4,86.4,0.333727,0.0,0.333727,0.333727,100.0,0.0,100.0,100.0,1,1,1,1
30.8,0.0,30.8,30.8,86.4,0.0,86.4,86.4,0.333727,0.0,0.333727,0.333727,15.0,30.0,0.0,60.0,1,1,1,1
30.8,0.0,30.8,30.8,86.4,0.0,86.4,86.4,0.359362,0.0,0.359362,0.359362,0.0,0.0,0.0,0.0,1,1,1,1
30.8,0.0,30.8,30.8,86.4,0.0,86.4,86.4,0.359362,0.0,0.359362,0.359362,28.666667,49.652123,0.0,86.0,1,1,1,1
30.8,0.0,30.8,30.8,86.4,0.0,86.4,86.4,0.359362,0.0,0.359362,0.359362,100.0,0.0,100.0,100.0,1,1,1,1
30.8,0.0,30.8,30.8,86.4,0.0,86.4,86.4,0.359362,0.0,0.359362,0.359362,100.0,0.0,100.0,100.0,1,1,1,1
30.8,0.0,30.8,30.8,86.4,0.0,86.4,86.4,0.359362,0.0,0.359362,0.359362,100.0,0.0,100.0,100.0,1,1,1,1
30.8,0.0,30.8,30.8,86.4,0.0,86.4,86.4,0.359362,0.0,0.359362,0.359362,15.0,30.0,0.0,60.0,1,1,1,1
30.8,0.0,30.8,30.8,86.4,0.0,86.4,86.4,1.057182,0.419301,0.600013,1.811894,0.0,0.0,0.0,0.0,1,1,1,1
30.8,0.0,30.8,30.8,86.4,0.0,86.4,86.4,1.057182,0.419301,0.600013,1.811894,28.666667,49.652123,0.0,86.0,1,1,1,1
30.8,0.0,30.8,30.8,86.4,0.0,86.4,86.4,1.057182,0.419301,0.600013,1.811894,100.0,0.0,100.0,100.0,1,1,1,1
30.8,0.0,30.8,30.8,86.4,0.0,86.4,86.4,1.057182,0.419301,0.600013,1.811894,100.0,0.0,100.0,100.0,1,1,1,1
30.8,0.0,30.8,30.8,86.4,0.0,86.4,86.4,1.057182,0.419301,0.600013,1.811894,100.0,0.0,100.0,100.0,1,1,1,1
30.8,0.0,30.8,30.8,86.4,0.0,86.4,86.4,1.066552,0.013657,1.041883,1.087066,0.0,0.0,0.0,0.0,1,1,1,1
31.0,0.0,31.0,31.0,85.5,0.0,85.5,85.5,0.359362,0.0,0.359362,0.359362,100.0,0.0,100.0,100.0,1,1,1,1
30.8,0.0,30.8,30.8,86.4,0.0,86.4,86.4,0.290816,0.0,0.290816,0.290816,0.0,0.0,0.0,0.0,1,1,1,1
31.0,0.0,31.0,31.0,85.5,0.0,85.5,85.5,1.057182,0.419301,0.600013,1.811894,0.0,0.0,0.0,0.0,1,1,1,1
31.0,0.0,31.0,31.0,84.5,0.0,84.5,84.5,0.333727,0.0,0.333727,0.333727,100.0,0.0,100.0,100.0,1,1,1,1
31.0,0.0,31.0,31.0,84.5,0.0,84.5,84.5,0.333727,0.0,0.333727,0.333727,15.0,30.0,0.0,60.0,1,1,1,1
31.0,0.0,31.0,31.0,84.5,0.0,84.5,84.5,0.359362,0.0,0.359362,0.359362,0.0,0.0,0.0,0.0,1,1,1,1
31.0,0.0,31.0,31.0,84.5,0.0,84.5,84.5,0.359362,0.0,0.359362,0.359362,28.666667,49.652123,0.0,86.0,1,1,1,1
31.0,0.0,31.0,31.0,84.5,0.0,84.5,84.5,0.359362,0.0,0.359362,0.359362,100.0,0.0,100.0,100.0,1,1,1,1
31.0,0.0,31.0,31.0,84.5,0.0,84.5,84.5,0.359362,0.0,0.359362,0.359362,100.0,0.0,100.0,100.0,1,1,1,1
31.0,0.0,31.0,31.0,84.5,0.0,84.5,84.5,0.359362,0.0,0.359362,0.359362,100.0,0.0,100.0,100.0,1,1,1,1
31.0,0.0,31.0,31.0,84.5,0.0,84.5,84.5,0.359362,0.0,0.359362,0.359362,15.0,30.0,0.0,60.0,1,1,1,1
31.0,0.0,31.0,31.0,84.5,0.0,84.5,84.5,1.057182,0.419301,0.600013,1.811894,0.0,0.0,0.0,0.0,1,1,1,1
31.0,0.0,31.0,31.0,84.5,0.0,84.5,84.5,1.057182,0.419301,0.600013,1.811894,28.666667,49.652123,0.0,86.0,1,1,1,1
31.0,0.0,31.0,31.0,84.5,0.0,84.5,84.5,1.057182,0.419301,0.600013,1.811894,100.0,0.0,100.0,100.0,1,1,1,1
31.0,0.0,31.0,31.0,84.5,0.0,84.5,84.5,0.333727,0.0,0.333727,0.333727,100.0,0.0,100.0,100.0,1,1,1,1
31.0,0.0,31.0,31.0,84.5,0.0,84.5,84.5,1.057182,0.419301,0.600013,1.811894,100.0,0.0,100.0,100.0,1,1,1,1
31.0,0.0,31.0,31.0,84.5,0.0,84.5,84.5,1.057182,0.419301,0.600013,1.811894,15.0,30.0,0.0,60.0,1,1,1,1
31.0,0.0,31.0,31.0,84.5,0.0,84.5,84.5,1.066552,0.013657,1.041883,1.087066,0.0,0.0,0.0,0.0,1,1,1,1
31.0,0.0,31.0,31.0,84.5,0.0,84.5,84.5,1.066552,0.013657,1.041883,1.087066,28.666667,49.652123,0.0,86.0,1,1,1,1
31.0,0.0,31.0,31.0,84.5,0.0,84.5,84.5,1.066552,0.013657,1.041883,1.087066,100.0,0.0,100.0,100.0,1,1,1,1
31.0,0.0,31.0,31.0,84.5,0.0,84.5,84.5,1.066552,0.013657,1.041883,1.087066,100.0,0.0,100.0,100.0,1,1,1,1
31.0,0.0,31.0,31.0,84.5,0.0,84.5,84.5,1.066552,0.013657,1.041883,1.087066,100.0,0.0,100.0,100.0,1,1,1,1
31.0,0.0,31.0,31.0,84.5,0.0,84.5,84.5,1.066552,0.013657,1.041883,1.087066,15.0,30.0,0.0,60.0,1,1,1,1
31.0,0.0,31.0,31.0,84.5,0.0,84.5,84.5,1.057903,0.004651,1.051711,1.063428,0.0,0.0,0.0,0.0,1,1,1,1
31.0,0.0,31.0,31.0,84.5,0.0,84.5,84.5,1.057903,0.004651,1.051711,1.063428,28.666667,49.652123,0.0,86.0,1,1,1,1
31.0,0.0,31.0,31.0,84.5,0.0,84.5,84.5,1.057903,0.004651,1.051711,1.063428,100.0,0.0,100.0,100.0,1,1,1,1
31.0,0.0,31.0,31.0,85.5,0.0,85.5,85.5,0.359362,0.0,0.359362,0.359362,15.0,30.0,0.0,60.0,1,1,1,1
31.0,0.0,31.0,31.0,84.5,0.0,84.5,84.5,1.057182,0.419301,0.600013,1.811894,100.0,0.0,100.0,100.0,1,1,1,1
31.0,0.0,31.0,31.0,84.5,0.0,84.5,84.5,0.333727,0.0,0.333727,0.333727,100.0,0.0,100.0,100.0,1,1,1,1
31.0,0.0,31.0,31.0,84.5,0.0,84.5,84.5,1.057903,0.004651,1.051711,1.063428,100.0,0.0,100.0,100.0,1,1,1,1
31.0,0.0,31.0,31.0,84.5,0.0,84.5,84.5,0.333727,0.0,0.333727,0.333727,0.0,0.0,0.0,0.0,1,1,1,1
31.0,0.0,31.0,31.0,85.5,0.0,85.5,85.5,1.057182,0.419301,0.600013,1.811894,28.666667,49.652123,0.0,86.0,1,1,1,1
31.0,0.0,31.0,31.0,85.5,0.0,85.5,85.5,1.057182,0.419301,0.600013,1.811894,100.0,0.0,100.0,100.0,1,1,1,1
31.0,0.0,31.0,31.0,85.5,0.0,85.5,85.5,1.057182,0.419301,0.600013,1.811894,100.0,0.0,100.0,100.0,1,1,1,1
31.0,0.0,31.0,31.0,85.5,0.0,85.5,85.5,1.057182,0.419301,0.600013,1.811894,100.0,0.0,100.0,100.0,1,1,1,1
31.0,0.0,31.0,31.0,85.5,0.0,85.5,85.5,1.057182,0.419301,0.600013,1.811894,15.0,30.0,0.0,60.0,1,1,1,1
31.0,0.0,31.0,31.0,85.5,0.0,85.5,85.5,1.066552,0.013657,1.041883,1.087066,0.0,0.0,0.0,0.0,1,1,1,1
31.0,0.0,31.0,31.0,85.5,0.0,85.5,85.5,1.066552,0.013657,1.041883,1.087066,28.666667,49.652123,0.0,86.0,1,1,1,1
31.0,0.0,31.0,31.0,84.5,0.0,84.5,84.5,0.333727,0.0,0.333727,0.333727,28.666667,49.652123,0.0,86.0,1,1,1,1
31.0,0.0,31.0,31.0,85.5,0.0,85.5,85.5,1.066552,0.013657,1.041883,1.087066,100.0,0.0,100.0,100.0,1,1,1,1
31.0,0.0,31.0,31.0,85.5,0.0,85.5,85.5,1.066552,0.013657,1.041883,1.087066,100.0,0.0,100.0,100.0,1,1,1,1
31.0,0.0,31.0,31.0,85.5,0.0,85.5,85.5,1.066552,0.013657,1.041883,1.087066,100.0,0.0,100.0,100.0,1,1,1,1
31.0,0.0,31.0,31.0,85.5,0.0,85.5,85.5,1.066552,0.013657,1.041883,1.087066,15.0,30.0,0.0,60.0,1,1,1,1
31.0,0.0,31.0,31.0,85.5,0.0,85.5,85.5,1.057903,0.004651,1.051711,1.063428,28.666667,49.652123,0.0,86.0,1,1,1,1
31.0,0.0,31.0,31.0,85.5,0.0,85.5,85.5,1.057903,0.004651,1.051711,1.063428,100.0,0.0,100.0,100.0,1,1,1,1
31.0,0.0,31.0,31.0,85.5,0.0,85.5,85.5,1.057903,0.004651,1.051711,1.063428,100.0,0.0,100.0,100.0,1,1,1,1
31.0,0.0,31.0,31.0,85.5,0.0,85.5,85.5,1.057903,0.004651,1.051711,1.063428,100.0,0.0,100.0,100.0,1,1,1,1
31.0,0.0,31.0,31.0,85.5,0.0,85.5,85.5,1.057903,0.004651,1.051711,1.063428,15.0,30.0,0.0,60.0,1,1,1,1
31.0,0.0,31.0,31.0,84.5,0.0,84.5,84.5,0.290816,0.0,0.290816,0.290816,0.0,0.0,0.0,0.0,1,1,1,1
31.0,0.0,31.0,31.0,84.5,0.0,84.5,84.5,0.290816,0.0,0.290816,0.290816,28.666667,49.652123,0.0,86.0,1,1,1,1
31.0,0.0,31.0,31.0,84.5,0.0,84.5,84.5,0.290816,0.0,0.290816,0.290816,100.0,0.0,100.0,100.0,1,1,1,1
31.0,0.0,31.0,31.0,84.5,0.0,84.5,84.5,0.290816,0.0,0.290816,0.290816,100.0,0.0,100.0,100.0,1,1,1,1
31.0,0.0,31.0,31.0,84.5,0.0,84.5,84.5,0.290816,0.0,0.290816,0.290816,100.0,0.0,100.0,100.0,1,1,1,1
31.0,0.0,31.0,31.0,84.5,0.0,84.5,84.5,0.290816,0.0,0.290816,0.290816,15.0,30.0,0.0,60.0,1,1,1,1
31.0,0.0,31.0,31.0,85.5,0.0,85.5,85.5,1.057903,0.004651,1.051711,1.063428,0.0,0.0,0.0,0.0,1,1,1,1
30.9,0.0,30.9,30.9,86.6,0.0,86.6,86.6,1.059998,0.004165,1.053277,1.067071,0.0,0.0,0.0,0.0,1,1,1,1
31.0,0.0,31.0,31.0,86.4,0.0,86.4,86.4,0.290816,0.0,0.290816,0.290816,66.75,47.140747,0.0,100.0,1,1,1,1
31.0,0.0,31.0,31.0,84.5,0.0,84.5,84.5,1.059998,0.004165,1.053277,1.067071,100.0,0.0,100.0,100.0,1,1,1,1
31.0,0.0,31.0,31.0,84.5,0.0,84.5,84.5,1.073147,0.030739,1.020933,1.105882,0.0,0.0,0.0,0.0,1,1,1,1
31.0,0.0,31.0,31.0,84.5,0.0,84.5,84.5,1.059998,0.004165,1.053277,1.067071,100.0,0.0,100.0,100.0,1,1,1,1
31.0,0.0,31.0,31.0,84.5,0.0,84.5,84.5,1.059998,0.004165,1.053277,1.067071,38.5,44.575778,0.0,81.0,1,1,1,1
31.0,0.0,31.0,31.0,84.5,0.0,84.5,84.5,1.059998,0.004165,1.053277,1.067071,66.75,47.140747,0.0,100.0,1,1,1,1
31.0,0.0,31.0,31.0,86.4,0.0,86.4,86.4,0.290816,0.0,0.290816,0.290816,38.5,44.575778,0.0,81.0,1,1,1,1
31.0,0.0,31.0,31.0,84.5,0.0,84.5,84.5,1.059998,0.004165,1.053277,1.067071,50.666667,50.013332,0.0,100.0,1,1,1,1
31.0,0.0,31.0,31.0,86.4,0.0,86.4,86.4,0.290816,0.0,0.290816,0.290816,100.0,0.0,100.0,100.0,1,1,1,1
31.0,0.0,31.0,31.0,86.4,0.0,86.4,86.4,0.359362,0.0,0.359362,0.359362,100.0,0.0,100.0,100.0,1,1,1,1
31.0,0.0,31.0,31.0,86.4,0.0,86.4,86.4,0.290816,0.0,0.290816,0.290816,100.0,0.0,100.0,100.0,1,1,1,1
31.0,0.0,31.0,31.0,86.4,0.0,86.4,86.4,0.290816,0.0,0.290816,0.290816,0.0,0.0,0.0,0.0,1,1,1,1
31.0,0.0,31.0,31.0,86.4,0.0,86.4,86.4,0.333727,0.0,0.333727,0.333727,66.75,47.140747,0.0,100.0,1,1,1,1
31.0,0.0,31.0,31.0,86.4,0.0,86.4,86.4,0.333727,0.0,0.333727,0.333727,38.5,44.575778,0.0,81.0,1,1,1,1
31.0,0.0,31.0,31.0,86.4,0.0,86.4,86.4,0.333727,0.0,0.333727,0.333727,100.0,0.0,100.0,100.0,1,1,1,1
31.0,0.0,31.0,31.0,86.4,0.0,86.4,86.4,0.333727,0.0,0.333727,0.333727,50.666667,50.013332,0.0,100.0,1,1,1,1
31.0,0.0,31.0,31.0,86.4,0.0,86.4,86.4,0.333727,0.0,0.333727,0.333727,100.0,0.0,100.0,100.0,1,1,1,1
31.0,0.0,31.0,31.0,86.4,0.0,86.4,86.4,0.333727,0.0,0.333727,0.333727,0.0,0.0,0.0,0.0,1,1,1,1
31.0,0.0,31.0,31.0,86.4,0.0,86.4,86.4,0.359362,0.0,0.359362,0.359362,66.75,47.140747,0.0,100.0,1,1,1,1
31.0,0.0,31.0,31.0,86.4,0.0,86.4,86.4,0.359362,0.0,0.359362,0.359362,38.5,44.575778,0.0,81.0,1,1,1,1
31.0,0.0,31.0,31.0,86.4,0.0,86.4,86.4,0.359362,0.0,0.359362,0.359362,50.666667,50.013332,0.0,100.0,1,1,1,1
31.0,0.0,31.0,31.0,86.4,0.0,86.4,86.4,0.290816,0.0,0.290816,0.290816,50.666667,50.013332,0.0,100.0,1,1,1,1
31.0,0.0,31.0,31.0,84.5,0.0,84.5,84.5,1.073147,0.030739,1.020933,1.105882,100.0,0.0,100.0,100.0,1,1,1,1
31.0,0.0,31.0,31.0,84.5,0.0,84.5,84.5,0.359362,0.0,0.359362,0.359362,100.0,0.0,100.0,100.0,1,1,1,1
31.0,0.0,31.0,31.0,84.5,0.0,84.5,84.5,1.073147,0.030739,1.020933,1.105882,100.0,0.0,100.0,100.0,1,1,1,1
31.0,0.0,31.0,31.0,84.5,0.0,84.5,84.5,0.290816,0.0,0.290816,0.290816,100.0,0.0,100.0,100.0,1,1,1,1
31.0,0.0,31.0,31.0,86.4,0.0,86.4,86.4,0.359362,0.0,0.359362,0.359362,100.0,0.0,100.0,100.0,1,1,1,1
31.0,0.0,31.0,31.0,84.5,0.0,84.5,84.5,0.290816,0.0,0.290816,0.290816,50.666667,50.013332,0.0,100.0,1,1,1,1
31.0,0.0,31.0,31.0,84.5,0.0,84.5,84.5,0.290816,0.0,0.290816,0.290816,100.0,0.0,100.0,100.0,1,1,1,1
31.0,0.0,31.0,31.0,84.5,0.0,84.5,84.5,0.290816,0.0,0.290816,0.290816,0.0,0.0,0.0,0.0,1,1,1,1
31.0,0.0,31.0,31.0,84.5,0.0,84.5,84.5,0.333727,0.0,0.333727,0.333727,66.75,47.140747,0.0,100.0,1,1,1,1
31.0,0.0,31.0,31.0,84.5,0.0,84.5,84.5,0.333727,0.0,0.333727,0.333727,38.5,44.575778,0.0,81.0,1,1,1,1
31.0,0.0,31.0,31.0,84.5,0.0,84.5,84.5,0.333727,0.0,0.333727,0.333727,100.0,0.0,100.0,100.0,1,1,1,1
31.0,0.0,31.0,31.0,84.5,0.0,84.5,84.5,0.333727,0.0,0.333727,0.333727,50.666667,50.013332,0.0,100.0,1,1,1,1
31.0,0.0,31.0,31.0,84.5,0.0,84.5,84.5,0.333727,0.0,0.333727,0.333727,100.0,0.0,100.0,100.0,1,1,1,1
31.0,0.0,31.0,31.0,84.5,0.0,84.5,84.5,0.333727,0.0,0.333727,0.333727,0.0,0.0,0.0,0.0,1,1,1,1
31.0,0.0,31.0,31.0,84.5,0.0,84.5,84.5,1.073147,0.030739,1.020933,1.105882,50.666667,50.013332,0.0,100.0,1,1,1,1
31.0,0.0,31.0,31.0,84.5,0.0,84.5,84.5,0.359362,0.0,0.359362,0.359362,66.75,47.140747,0.0,100.0,1,1,1,1
31.0,0.0,31.0,31.0,84.5,0.0,84.5,84.5,0.359362,0.0,0.359362,0.359362,100.0,0.0,100.0,100.0,1,1,1,1
31.0,0.0,31.0,31.0,84.5,0.0,84.5,84.5,0.359362,0.0,0.359362,0.359362,50.666667,50.013332,0.0,100.0,1,1,1,1
31.0,0.0,31.0,31.0,84.5,0.0,84.5,84.5,0.359362,0.0,0.359362,0.359362,0.0,0.0,0.0,0.0,1,1,1,1
31.0,0.0,31.0,31.0,84.5,0.0,84.5,84.5,1.025209,0.042267,0.959091,1.080422,66.75,47.140747,0.0,100.0,1,1,1,1
31.0,0.0,31.0,31.0,84.5,0.0,84.5,84.5,1.025209,0.042267,0.959091,1.080422,38.5,44.575778,0.0,81.0,1,1,1,1
31.0,0.0,31.0,31.0,84.5,0.0,84.5,84.5,1.025209,0.042267,0.959091,1.080422,100.0,0.0,100.0,100.0,1,1,1,1
31.0,0.0,31.0,31.0,84.5,0.0,84.5,84.5,1.025209,0.042267,0.959091,1.080422,50.666667,50.013332,0.0,100.0,1,1,1,1
31.0,0.0,31.0,31.0,84.5,0.0,84.5,84.5,1.025209,0.042267,0.959091,1.080422,100.0,0.0,100.0,100.0,1,1,1,1
31.0,0.0,31.0,31.0,84.5,0.0,84.5,84.5,1.025209,0.042267,0.959091,1.080422,0.0,0.0,0.0,0.0,1,1,1,1
31.0,0.0,31.0,31.0,84.5,0.0,84.5,84.5,1.073147,0.030739,1.020933,1.105882,66.75,47.140747,0.0,100.0,1,1,1,1
31.0,0.0,31.0,31.0,84.5,0.0,84.5,84.5,1.073147,0.030739,1.020933,1.105882,38.5,44.575778,0.0,81.0,1,1,1,1
31.0,0.0,31.0,31.0,84.5,0.0,84.5,84.5,0.359362,0.0,0.359362,0.359362,38.5,44.575778,0.0,81.0,1,1,1,1
31.0,0.0,31.0,31.0,86.4,0.0,86.4,86.4,0.359362,0.0,0.359362,0.359362,0.0,0.0,0.0,0.0,1,1,1,1
30.9,0.0,30.9,30.9,86.6,0.0,86.6,86.6,0.333727,0.0,0.333727,0.333727,100.0,0.0,100.0,100.0,1,1,1,1
31.0,0.0,31.0,31.0,86.4,0.0,86.4,86.4,1.025209,0.042267,0.959091,1.080422,38.5,44.575778,0.0,81.0,1,1,1,1
30.9,0.0,30.9,30.9,86.6,0.0,86.6,86.6,0.359362,0.0,0.359362,0.359362,38.5,44.575778,0.0,81.0,1,1,1,1
30.9,0.0,30.9,30.9,86.6,0.0,86.6,86.6,0.359362,0.0,0.359362,0.359362,100.0,0.0,100.0,100.0,1,1,1,1
30.9,0.0,30.9,30.9,86.6,0.0,86.6,86.6,0.359362,0.0,0.359362,0.359362,50.666667,50.013332,0.0,100.0,1,1,1,1
30.9,0.0,30.9,30.9,86.6,0.0,86.6,86.6,0.359362,0.0,0.359362,0.359362,100.0,0.0,100.0,100.0,1,1,1,1
30.9,0.0,30.9,30.9,86.6,0.0,86.6,86.6,0.359362,0.0,0.359362,0.359362,0.0,0.0,0.0,0.0,1,1,1,1
30.9,0.0,30.9,30.9,86.6,0.0,86.6,86.6,1.025209,0.042267,0.959091,1.080422,66.75,47.140747,0.0,100.0,1,1,1,1
30.9,0.0,30.9,30.9,86.6,0.0,86.6,86.6,1.025209,0.042267,0.959091,1.080422,38.5,44.575778,0.0,81.0,1,1,1,1
30.9,0.0,30.9,30.9,86.6,0.0,86.6,86.6,1.025209,0.042267,0.959091,1.080422,100.0,0.0,100.0,100.0,1,1,1,1
30.9,0.0,30.9,30.9,86.6,0.0,86.6,86.6,1.025209,0.042267,0.959091,1.080422,50.666667,50.013332,0.0,100.0,1,1,1,1
30.9,0.0,30.9,30.9,86.6,0.0,86.6,86.6,1.025209,0.042267,0.959091,1.080422,100.0,0.0,100.0,100.0,1,1,1,1
30.9,0.0,30.9,30.9,86.6,0.0,86.6,86.6,1.025209,0.042267,0.959091,1.080422,0.0,0.0,0.0,0.0,1,1,1,1
30.9,0.0,30.9,30.9,86.6,0.0,86.6,86.6,1.073147,0.030739,1.020933,1.105882,66.75,47.140747,0.0,100.0,1,1,1,1
30.9,0.0,30.9,30.9,86.6,0.0,86.6,86.6,1.073147,0.030739,1.020933,1.105882,38.5,44.575778,0.0,81.0,1,1,1,1
30.9,0.0,30.9,30.9,86.6,0.0,86.6,86.6,1.073147,0.030739,1.020933,1.105882,100.0,0.0,100.0,100.0,1,1,1,1
30.9,0.0,30.9,30.9,86.6,0.0,86.6,86.6,1.073147,0.030739,1.020933,1.105882,50.666667,50.013332,0.0,100.0,1,1,1,1
30.9,0.0,30.9,30.9,86.6,0.0,86.6,86.6,1.073147,0.030739,1.020933,1.105882,100.0,0.0,100.0,100.0,1,1,1,1
30.9,0.0,30.9,30.9,86.6,0.0,86.6,86.6,1.073147,0.030739,1.020933,1.105882,0.0,0.0,0.0,0.0,1,1,1,1
30.9,0.0,30.9,30.9,86.6,0.0,86.6,86.6,1.059998,0.004165,1.053277,1.067071,66.75,47.140747,0.0,100.0,1,1,1,1
30.9,0.0,30.9,30.9,86.6,0.0,86.6,86.6,1.059998,0.004165,1.053277,1.067071,38.5,44.575778,0.0,81.0,1,1,1,1
30.9,0.0,30.9,30.9,86.6,0.0,86.6,86.6,1.059998,0.004165,1.053277,1.067071,100.0,0.0,100.0,100.0,1,1,1,1
30.9,0.0,30.9,30.9,86.6,0.0,86.6,86.6,1.059998,0.004165,1.053277,1.067071,50.666667,50.013332,0.0,100.0,1,1,1,1
30.9,0.0,30.9,30.9,86.6,0.0,86.6,86.6,1.059998,0.004165,1.053277,1.067071,100.0,0.0,100.0,100.0,1,1,1,1
31.0,0.0,31.0,31.0,84.5,0.0,84.5,84.5,0.290816,0.0,0.290816,0.290816,38.5,44.575778,0.0,81.0,1,1,1,1
30.9,0.0,30.9,30.9,86.6,0.0,86.6,86.6,0.359362,0.0,0.359362,0.359362,66.75,47.140747,0.0,100.0,1,1,1,1
30.9,0.0,30.9,30.9,86.6,0.0,86.6,86.6,0.333727,0.0,0.333727,0.333727,0.0,0.0,0.0,0.0,1,1,1,1
30.9,0.0,30.9,30.9,86.6,0.0,86.6,86.6,0.333727,0.0,0.333727,0.333727,100.0,0.0,100.0,100.0,1,1,1,1
30.9,0.0,30.9,30.9,86.6,0.0,86.6,86.6,0.333727,0.0,0.333727,0.333727,50.666667,50.013332,0.0,100.0,1,1,1,1
31.0,0.0,31.0,31.0,86.4,0.0,86.4,86.4,1.025209,0.042267,0.959091,1.080422,100.0,0.0,100.0,100.0,1,1,1,1
31.0,0.0,31.0,31.0,86.4,0.0,86.4,86.4,1.025209,0.042267,0.959091,1.080422,50.666667,50.013332,0.0,100.0,1,1,1,1
31.0,0.0,31.0,31.0,86.4,0.0,86.4,86.4,1.025209,0.042267,0.959091,1.080422,100.0,0.0,100.0,100.0,1,1,1,1
31.0,0.0,31.0,31.0,86.4,0.0,86.4,86.4,1.025209,0.042267,0.959091,1.080422,0.0,0.0,0.0,0.0,1,1,1,1
31.0,0.0,31.0,31.0,86.4,0.0,86.4,86.4,1.073147,0.030739,1.020933,1.105882,66.75,47.140747,0.0,100.0,1,1,1,1
31.0,0.0,31.0,31.0,86.4,0.0,86.4,86.4,1.073147,0.030739,1.020933,1.105882,38.5,44.575778,0.0,81.0,1,1,1,1
31.0,0.0,31.0,31.0,86.4,0.0,86.4,86.4,1.073147,0.030739,1.020933,1.105882,100.0,0.0,100.0,100.0,1,1,1,1
31.0,0.0,31.0,31.0,86.4,0.0,86.4,86.4,1.073147,0.030739,1.020933,1.105882,50.666667,50.013332,0.0,100.0,1,1,1,1
31.0,0.0,31.0,31.0,86.4,0.0,86.4,86.4,1.073147,0.030739,1.020933,1.105882,100.0,0.0,100.0,100.0,1,1,1,1
31.0,0.0,31.0,31.0,86.4,0.0,86.4,86.4,1.073147,0.030739,1.020933,1.105882,0.0,0.0,0.0,0.0,1,1,1,1
31.0,0.0,31.0,31.0,86.4,0.0,86.4,86.4,1.059998,0.004165,1.053277,1.067071,66.75,47.140747,0.0,100.0,1,1,1,1
31.0,0.0,31.0,31.0,86.4,0.0,86.4,86.4,1.025209,0.042267,0.959091,1.080422,66.75,47.140747,0.0,100.0,1,1,1,1
31.0,0.0,31.0,31.0,86.4,0.0,86.4,86.4,1.059998,0.004165,1.053277,1.067071,38.5,44.575778,0.0,81.0,1,1,1,1
31.0,0.0,31.0,31.0,86.4,0.0,86.4,86.4,1.059998,0.004165,1.053277,1.067071,50.666667,50.013332,0.0,100.0,1,1,1,1
31.0,0.0,31.0,31.0,86.4,0.0,86.4,86.4,1.059998,0.004165,1.053277,1.067071,100.0,0.0,100.0,100.0,1,1,1,1
31.0,0.0,31.0,31.0,86.4,0.0,86.4,86.4,1.059998,0.004165,1.053277,1.067071,0.0,0.0,0.0,0.0,1,1,1,1
30.9,0.0,30.9,30.9,86.6,0.0,86.6,86.6,0.290816,0.0,0.290816,0.290816,66.75,47.140747,0.0,100.0,1,1,1,1
30.9,0.0,30.9,30.9,86.6,0.0,86.6,86.6,0.290816,0.0,0.290816,0.290816,38.5,44.575778,0.0,81.0,1,1,1,1
30.9,0.0,30.9,30.9,86.6,0.0,86.6,86.6,0.290816,0.0,0.290816,0.290816,100.0,0.0,100.0,100.0,1,1,1,1
30.9,0.0,30.9,30.9,86.6,0.0,86.6,86.6,0.290816,0.0,0.290816,0.290816,50.666667,50.013332,0.0,100.0,1,1,1,1
30.9,0.0,30.9,30.9,86.6,0.0,86.6,86.6,0.290816,0.0,0.290816,0.290816,100.0,0.0,100.0,100.0,1,1,1,1
30.9,0.0,30.9,30.9,86.6,0.0,86.6,86.6,0.290816,0.0,0.290816,0.290816,0.0,0.0,0.0,0.0,1,1,1,1
30.9,0.0,30.9,30.9,86.6,0.0,86.6,86.6,0.333727,0.0,0.333727,0.333727,66.75,47.140747,0.0,100.0,1,1,1,1
30.9,0.0,30.9,30.9,86.6,0.0,86.6,86.6,0.333727,0.0,0.333727,0.333727,38.5,44.575778,0.0,81.0,1,1,1,1
31.0,0.0,31.0,31.0,86.4,0.0,86.4,86.4,1.059998,0.004165,1.053277,1.067071,100.0,0.0,100.0,100.0,1,1,1,1
31.0,0.0,31.0,31.0,84.5,0.0,84.5,84.5,0.290816,0.0,0.290816,0.290816,66.75,47.140747,0.0,100.0,1,1,1,1
31.0,0.0,31.0,31.0,84.5,0.0,84.5,84.5,1.059998,0.004165,1.053277,1.067071,0.0,0.0,0.0,0.0,1,1,1,1
31.0,0.0,31.0,31.0,84.5,0.0,84.5,84.5,1.059998,0.004165,1.053277,1.067071,100.0,0.0,100.0,100.0,1,1,1,1
30.8,0.0,30.8,30.8,86.4,0.0,86.4,86.4,1.073147,0.030739,1.020933,1.105882,50.666667,50.013332,0.0,100.0,1,1,1,1
30.8,0.0,30.8,30.8,86.4,0.0,86.4,86.4,1.073147,0.030739,1.020933,1.105882,100.0,0.0,100.0,100.0,1,1,1,1
30.8,0.0,30.8,30.8,86.4,0.0,86.4,86.4,1.073147,0.030739,1.020933,1.105882,0.0,0.0,0.0,0.0,1,1,1,1
30.8,0.0,30.8,30.8,86.4,0.0,86.4,86.4,1.059998,0.004165,1.053277,1.067071,66.75,47.140747,0.0,100.0,1,1,1,1
30.8,0.0,30.8,30.8,86.4,0.0,86.4,86.4,1.059998,0.004165,1.053277,1.067071,38.5,44.575778,0.0,81.0,1,1,1,1
30.8,0.0,30.8,30.8,86.4,0.0,86.4,86.4,1.059998,0.004165,1.053277,1.067071,100.0,0.0,100.0,100.0,1,1,1,1
30.8,0.0,30.8,30.8,86.4,0.0,86.4,86.4,1.059998,0.004165,1.053277,1.067071,50.666667,50.013332,0.0,100.0,1,1,1,1
30.8,0.0,30.8,30.8,86.4,0.0,86.4,86.4,1.059998,0.004165,1.053277,1.067071,100.0,0.0,100.0,100.0,1,1,1,1
30.8,0.0,30.8,30.8,86.4,0.0,86.4,86.4,1.059998,0.004165,1.053277,1.067071,0.0,0.0,0.0,0.0,1,1,1,1
31.0,0.0,31.0,31.0,85.3,0.0,85.3,85.3,0.290816,0.0,0.290816,0.290816,66.75,47.140747,0.0,100.0,1,1,1,1
31.0,0.0,31.0,31.0,85.3,0.0,85.3,85.3,0.290816,0.0,0.290816,0.290816,100.0,0.0,100.0,100.0,1,1,1,1
31.0,0.0,31.0,31.0,85.3,0.0,85.3,85.3,0.290816,0.0,0.290816,0.290816,50.666667,50.013332,0.0,100.0,1,1,1,1
31.0,0.0,31.0,31.0,85.3,0.0,85.3,85.3,0.290816,0.0,0.290816,0.290816,100.0,0.0,100.0,100.0,1,1,1,1
31.0,0.0,31.0,31.0,85.3,0.0,85.3,85.3,0.290816,0.0,0.290816,0.290816,0.0,0.0,0.0,0.0,1,1,1,1
31.0,0.0,31.0,31.0,85.3,0.0,85.3,85.3,0.333727,0.0,0.333727,0.333727,66.75,47.140747,0.0,100.0,1,1,1,1
31.0,0.0,31.0,31.0,85.3,0.0,85.3,85.3,0.333727,0.0,0.333727,0.333727,38.5,44.575778,0.0,81.0,1,1,1,1
31.0,0.0,31.0,31.0,85.3,0.0,85.3,85.3,0.333727,0.0,0.333727,0.333727,100.0,0.0,100.0,100.0,1,1,1,1
31.0,0.0,31.0,31.0,85.3,0.0,85.3,85.3,0.333727,0.0,0.333727,0.333727,50.666667,50.013332,0.0,100.0,1,1,1,1
31.0,0.0,31.0,31.0,85.3,0.0,85.3,85.3,0.333727,0.0,0.333727,0.333727,100.0,0.0,100.0,100.0,1,1,1,1
31.0,0.0,31.0,31.0,85.3,0.0,85.3,85.3,0.333727,0.0,0.333727,0.333727,0.0,0.0,0.0,0.0,1,1,1,1
31.0,0.0,31.0,31.0,85.3,0.0,85.3,85.3,0.359362,0.0,0.359362,0.359362,66.75,47.140747,0.0,100.0,1,1,1,1
31.0,0.0,31.0,31.0,85.3,0.0,85.3,85.3,0.359362,0.0,0.359362,0.359362,38.5,44.575778,0.0,81.0,1,1,1,1
31.0,0.0,31.0,31.0,85.3,0.0,85.3,85.3,0.359362,0.0,0.359362,0.359362,100.0,0.0,100.0,100.0,1,1,1,1
30.8,0.0,30.8,30.8,86.4,0.0,86.4,86.4,1.073147,0.030739,1.020933,1.105882,100.0,0.0,100.0,100.0,1,1,1,1
30.8,0.0,30.8,30.8,86.4,0.0,86.4,86.4,1.073147,0.030739,1.020933,1.105882,38.5,44.575778,0.0,81.0,1,1,1,1
30.8,0.0,30.8,30.8,86.4,0.0,86.4,86.4,1.073147,0.030739,1.020933,1.105882,66.75,47.140747,0.0,100.0,1,1,1,1
30.8,0.0,30.8,30.8,86.4,0.0,86.4,86.4,1.025209,0.042267,0.959091,1.080422,0.0,0.0,0.0,0.0,1,1,1,1
31.0,0.0,31.0,31.0,84.5,0.0,84.5,84.5,1.059998,0.004165,1.053277,1.067071,0.0,0.0,0.0,0.0,1,1,1,1
30.8,0.0,30.8,30.8,86.4,0.0,86.4,86.4,0.290816,0.0,0.290816,0.290816,66.75,47.140747,0.0,100.0,1,1,1,1
30.8,0.0,30.8,30.8,86.4,0.0,86.4,86.4,0.290816,0.0,0.290816,0.290816,38.5,44.575778,0.0,81.0,1,1,1,1
30.8,0.0,30.8,30.8,86.4,0.0,86.4,86.4,0.290816,0.0,0.290816,0.290816,100.0,0.0,100.0,100.0,1,1,1,1
30.8,0.0,30.8,30.8,86.4,0.0,86.4,86.4,0.290816,0.0,0.290816,0.290816,50.666667,50.013332,0.0,100.0,1,1,1,1
30.8,0.0,30.8,30.8,86.4,0.0,86.4,86.4,0.290816,0.0,0.290816,0.290816,100.0,0.0,100.0,100.0,1,1,1,1
30.8,0.0,30.8,30.8,86.4,0.0,86.4,86.4,0.290816,0.0,0.290816,0.290816,0.0,0.0,0.0,0.0,1,1,1,1
30.8,0.0,30.8,30.8,86.4,0.0,86.4,86.4,0.333727,0.0,0.333727,0.333727,66.75,47.140747,0.0,100.0,1,1,1,1
30.8,0.0,30.8,30.8,86.4,0.0,86.4,86.4,0.333727,0.0,0.333727,0.333727,38.5,44.575778,0.0,81.0,1,1,1,1
30.8,0.0,30.8,30.8,86.4,0.0,86.4,86.4,0.333727,0.0,0.333727,0.333727,100.0,0.0,100.0,100.0,1,1,1,1
30.8,0.0,30.8,30.8,86.4,0.0,86.4,86.4,0.333727,0.0,0.333727,0.333727,50.666667,50.013332,0.0,100.0,1,1,1,1
31.0,0.0,31.0,31.0,85.3,0.0,85.3,85.3,0.359362,0.0,0.359362,0.359362,50.666667,50.013332,0.0,100.0,1,1,1,1
30.8,0.0,30.8,30.8,86.4,0.0,86.4,86.4,0.333727,0.0,0.333727,0.333727,100.0,0.0,100.0,100.0,1,1,1,1
30.8,0.0,30.8,30.8,86.4,0.0,86.4,86.4,0.359362,0.0,0.359362,0.359362,66.75,47.140747,0.0,100.0,1,1,1,1
30.8,0.0,30.8,30.8,86.4,0.0,86.4,86.4,0.359362,0.0,0.359362,0.359362,38.5,44.575778,0.0,81.0,1,1,1,1
30.8,0.0,30.8,30.8,86.4,0.0,86.4,86.4,0.359362,0.0,0.359362,0.359362,100.0,0.0,100.0,100.0,1,1,1,1
30.8,0.0,30.8,30.8,86.4,0.0,86.4,86.4,0.359362,0.0,0.359362,0.359362,50.666667,50.013332,0.0,100.0,1,1,1,1
30.8,0.0,30.8,30.8,86.4,0.0,86.4,86.4,0.359362,0.0,0.359362,0.359362,100.0,0.0,100.0,100.0,1,1,1,1
30.8,0.0,30.8,30.8,86.4,0.0,86.4,86.4,0.359362,0.0,0.359362,0.359362,0.0,0.0,0.0,0.0,1,1,1,1
30.8,0.0,30.8,30.8,86.4,0.0,86.4,86.4,1.025209,0.042267,0.959091,1.080422,66.75,47.140747,0.0,100.0,1,1,1,1
30.8,0.0,30.8,30.8,86.4,0.0,86.4,86.4,1.025209,0.042267,0.959091,1.080422,38.5,44.575778,0.0,81.0,1,1,1,1
30.8,0.0,30.8,30.8,86.4,0.0,86.4,86.4,1.025209,0.042267,0.959091,1.080422,100.0,0.0,100.0,100.0,1,1,1,1
30.8,0.0,30.8,30.8,86.4,0.0,86.4,86.4,1.025209,0.042267,0.959091,1.080422,50.666667,50.013332,0.0,100.0,1,1,1,1
30.8,0.0,30.8,30.8,86.4,0.0,86.4,86.4,1.025209,0.042267,0.959091,1.080422,100.0,0.0,100.0,100.0,1,1,1,1
30.8,0.0,30.8,30.8,86.4,0.0,86.4,86.4,0.333727,0.0,0.333727,0.333727,0.0,0.0,0.0,0.0,1,1,1,1
31.0,0.0,31.0,31.0,85.3,0.0,85.3,85.3,0.359362,0.0,0.359362,0.359362,100.0,0.0,100.0,100.0,1,1,1,1
31.0,0.0,31.0,31.0,85.3,0.0,85.3,85.3,0.290816,0.0,0.290816,0.290816,38.5,44.575778,0.0,81.0,1,1,1,1
31.0,0.0,31.0,31.0,85.3,0.0,85.3,85.3,1.025209,0.042267,0.959091,1.080422,66.75,47.140747,0.0,100.0,1,1,1,1
31.0,0.0,31.0,31.0,84.5,0.0,84.5,84.5,0.333727,0.0,0.333727,0.333727,100.0,0.0,100.0,100.0,1,1,1,1
31.0,0.0,31.0,31.0,84.5,0.0,84.5,84.5,0.333727,0.0,0.333727,0.333727,0.0,0.0,0.0,0.0,1,1,1,1
31.0,0.0,31.0,31.0,84.5,0.0,84.5,84.5,0.359362,0.0,0.359362,0.359362,66.75,47.140747,0.0,100.0,1,1,1,1
31.0,0.0,31.0,31.0,84.5,0.0,84.5,84.5,0.359362,0.0,0.359362,0.359362,38.5,44.575778,0.0,81.0,1,1,1,1
31.0,0.0,31.0,31.0,84.5,0.0,84.5,84.5,0.359362,0.0,0.359362,0.359362,100.0,0.0,100.0,100.0,1,1,1,1
31.0,0.0,31.0,31.0,84.5,0.0,84.5,84.5,0.359362,0.0,0.359362,0.359362,50.666667,50.013332,0.0,100.0,1,1,1,1
31.0,0.0,31.0,31.0,84.5,0.0,84.5,84.5,0.359362,0.0,0.359362,0.359362,100.0,0.0,100.0,100.0,1,1,1,1
31.0,0.0,31.0,31.0,84.5,0.0,84.5,84.5,0.359362,0.0,0.359362,0.359362,0.0,0.0,0.0,0.0,1,1,1,1
31.0,0.0,31.0,31.0,84.5,0.0,84.5,84.5,1.025209,0.042267,0.959091,1.080422,66.75,47.140747,0.0,100.0,1,1,1,1
31.0,0.0,31.0,31.0,84.5,0.0,84.5,84.5,1.025209,0.042267,0.959091,1.080422,38.5,44.575778,0.0,81.0,1,1,1,1
31.0,0.0,31.0,31.0,84.5,0.0,84.5,84.5,1.025209,0.042267,0.959091,1.080422,100.0,0.0,100.0,100.0,1,1,1,1
31.0,0.0,31.0,31.0,84.5,0.0,84.5,84.5,0.333727,0.0,0.333727,0.333727,50.666667,50.013332,0.0,100.0,1,1,1,1
31.0,0.0,31.0,31.0,84.5,0.0,84.5,84.5,1.025209,0.042267,0.959091,1.080422,50.666667,50.013332,0.0,100.0,1,1,1,1
31.0,0.0,31.0,31.0,84.5,0.0,84.5,84.5,1.025209,0.042267,0.959091,1.080422,0.0,0.0,0.0,0.0,1,1,1,1
31.0,0.0,31.0,31.0,84.5,0.0,84.5,84.5,1.073147,0.030739,1.020933,1.105882,66.75,47.140747,0.0,100.0,1,1,1,1
31.0,0.0,31.0,31.0,84.5,0.0,84.5,84.5,1.073147,0.030739,1.020933,1.105882,38.5,44.575778,0.0,81.0,1,1,1,1
31.0,0.0,31.0,31.0,84.5,0.0,84.5,84.5,1.073147,0.030739,1.020933,1.105882,100.0,0.0,100.0,100.0,1,1,1,1
31.0,0.0,31.0,31.0,84.5,0.0,84.5,84.5,1.073147,0.030739,1.020933,1.105882,50.666667,50.013332,0.0,100.0,1,1,1,1
31.0,0.0,31.0,31.0,84.5,0.0,84.5,84.5,1.073147,0.030739,1.020933,1.105882,100.0,0.0,100.0,100.0,1,1,1,1
31.0,0.0,31.0,31.0,84.5,0.0,84.5,84.5,1.073147,0.030739,1.020933,1.105882,0.0,0.0,0.0,0.0,1,1,1,1
31.0,0.0,31.0,31.0,84.5,0.0,84.5,84.5,1.059998,0.004165,1.053277,1.067071,66.75,47.140747,0.0,100.0,1,1,1,1
31.0,0.0,31.0,31.0,84.5,0.0,84.5,84.5,1.059998,0.004165,1.053277,1.067071,38.5,44.575778,0.0,81.0,1,1,1,1
31.0,0.0,31.0,31.0,84.5,0.0,84.5,84.5,1.059998,0.004165,1.053277,1.067071,100.0,0.0,100.0,100.0,1,1,1,1
31.0,0.0,31.0,31.0,84.5,0.0,84.5,84.5,1.059998,0.004165,1.053277,1.067071,50.666667,50.013332,0.0,100.0,1,1,1,1
31.0,0.0,31.0,31.0,85.3,0.0,85.3,85.3,0.359362,0.0,0.359362,0.359362,0.0,0.0,0.0,0.0,1,1,1,1
31.0,0.0,31.0,31.0,84.5,0.0,84.5,84.5,0.333727,0.0,0.333727,0.333727,100.0,0.0,100.0,100.0,1,1,1,1
31.0,0.0,31.0,31.0,84.5,0.0,84.5,84.5,1.025209,0.042267,0.959091,1.080422,100.0,0.0,100.0,100.0,1,1,1,1
31.0,0.0,31.0,31.0,84.5,0.0,84.5,84.5,0.333727,0.0,0.333727,0.333727,66.75,47.140747,0.0,100.0,1,1,1,1
31.0,0.0,31.0,31.0,84.5,0.0,84.5,84.5,0.333727,0.0,0.333727,0.333727,38.5,44.575778,0.0,81.0,1,1,1,1
31.0,0.0,31.0,31.0,85.3,0.0,85.3,85.3,1.025209,0.042267,0.959091,1.080422,38.5,44.575778,0.0,81.0,1,1,1,1
31.0,0.0,31.0,31.0,85.3,0.0,85.3,85.3,1.025209,0.042267,0.959091,1.080422,100.0,0.0,100.0,100.0,1,1,1,1
31.0,0.0,31.0,31.0,85.3,0.0,85.3,85.3,1.025209,0.042267,0.959091,1.080422,50.666667,50.013332,0.0,100.0,1,1,1,1
31.0,0.0,31.0,31.0,85.3,0.0,85.3,85.3,1.025209,0.042267,0.959091,1.080422,100.0,0.0,100.0,100.0,1,1,1,1
31.0,0.0,31.0,31.0,85.3,0.0,85.3,85.3,1.025209,0.042267,0.959091,1.080422,0.0,0.0,0.0,0.0,1,1,1,1
31.0,0.0,31.0,31.0,85.3,0.0,85.3,85.3,1.073147,0.030739,1.020933,1.105882,38.5,44.575778,0.0,81.0,1,1,1,1
31.0,0.0,31.0,31.0,85.3,0.0,85.3,85.3,1.073147,0.030739,1.020933,1.105882,100.0,0.0,100.0,100.0,1,1,1,1
31.0,0.0,31.0,31.0,85.3,0.0,85.3,85.3,1.073147,0.030739,1.020933,1.105882,50.666667,50.013332,0.0,100.0,1,1,1,1
31.0,0.0,31.0,31.0,85.3,0.0,85.3,85.3,1.073147,0.030739,1.020933,1.105882,100.0,0.0,100.0,100.0,1,1,1,1
31.0,0.0,31.0,31.0,85.3,0.0,85.3,85.3,1.073147,0.030739,1.020933,1.105882,0.0,0.0,0.0,0.0,1,1,1,1
31.0,0.0,31.0,31.0,85.3,0.0,85.3,85.3,1.059998,0.004165,1.053277,1.067071,66.75,47.140747,0.0,100.0,1,1,1,1
31.0,0.0,31.0,31.0,85.3,0.0,85.3,85.3,1.073147,0.030739,1.020933,1.105882,66.75,47.140747,0.0,100.0,1,1,1,1
31.0,0.0,31.0,31.0,84.5,0.0,84.5,84.5,0.290816,0.0,0.290816,0.290816,100.0,0.0,100.0,100.0,1,1,1,1
31.0,0.0,31.0,31.0,85.3,0.0,85.3,85.3,1.059998,0.004165,1.053277,1.067071,100.0,0.0,100.0,100.0,1,1,1,1
31.0,0.0,31.0,31.0,85.3,0.0,85.3,85.3,1.059998,0.004165,1.053277,1.067071,50.666667,50.013332,0.0,100.0,1,1,1,1
31.0,0.0,31.0,31.0,85.3,0.0,85.3,85.3,1.059998,0.004165,1.053277,1.067071,100.0,0.0,100.0,100.0,1,1,1,1
31.0,0.0,31.0,31.0,85.3,0.0,85.3,85.3,1.059998,0.004165,1.053277,1.067071,0.0,0.0,0.0,0.0,1,1,1,1
31.0,0.0,31.0,31.0,84.5,0.0,84.5,84.5,0.290816,0.0,0.290816,0.290816,66.75,47.140747,0.0,100.0,1,1,1,1
31.0,0.0,31.0,31.0,84.5,0.0,84.5,84.5,0.290816,0.0,0.290816,0.290816,38.5,44.575778,0.0,81.0,1,1,1,1
31.0,0.0,31.0,31.0,84.5,0.0,84.5,84.5,0.290816,0.0,0.290816,0.290816,0.0,0.0,0.0,0.0,1,1,1,1
31.0,0.0,31.0,31.0,84.5,0.0,84.5,84.5,0.290816,0.0,0.290816,0.290816,50.666667,50.013332,0.0,100.0,1,1,1,1
31.0,0.0,31.0,31.0,84.5,0.0,84.5,84.5,0.290816,0.0,0.290816,0.290816,100.0,0.0,100.0,100.0,1,1,1,1
31.0,0.0,31.0,31.0,85.3,0.0,85.3,85.3,1.059998,0.004165,1.053277,1.067071,38.5,44.575778,0.0,81.0,1,1,1,1
31.0,0.0,31.0,31.0,84.5,0.0,84.5,84.5,1.018428,0.029558,0.981338,1.054582,100.0,0.0,100.0,100.0,1,1,1,1
31.0,0.0,31.0,31.0,84.5,0.0,84.5,84.5,0.290816,0.0,0.290816,0.290816,68.25,136.5,0.0,273.0,1,1,1,1
31.0,0.0,31.0,31.0,84.5,0.0,84.5,84.5,1.018428,0.029558,0.981338,1.054582,68.25,136.5,0.0,273.0,1,1,1,1
31.0,0.0,31.0,31.0,84.5,0.0,84.5,84.5,1.066423,0.022939,1.033363,1.101809,68.25,136.5,0.0,273.0,1,1,1,1
31.0,0.0,31.0,31.0,84.5,0.0,84.5,84.5,1.066423,0.022939,1.033363,1.101809,46.0,40.14972,0.0,74.0,1,1,1,1
31.0,0.0,31.0,31.0,84.5,0.0,84.5,84.5,1.018428,0.029558,0.981338,1.054582,46.0,40.14972,0.0,74.0,1,1,1,1
31.0,0.0,31.0,31.0,84.5,0.0,84.5,84.5,0.333727,0.0,0.333727,0.333727,0.0,0.0,0.0,0.0,1,1,1,1
31.0,0.0,31.0,31.0,84.5,0.0,84.5,84.5,0.333727,0.0,0.333727,0.333727,100.0,0.0,100.0,100.0,1,1,1,1
31.0,0.0,31.0,31.0,84.5,0.0,84.5,84.5,0.333727,0.0,0.333727,0.333727,68.25,136.5,0.0,273.0,1,1,1,1
31.0,0.0,31.0,31.0,84.5,0.0,84.5,84.5,0.333727,0.0,0.333727,0.333727,46.0,40.14972,0.0,74.0,1,1,1,1
31.0,0.0,31.0,31.0,84.5,0.0,84.5,84.5,0.290816,0.0,0.290816,0.290816,100.0,0.0,100.0,100.0,1,1,1,1
31.0,0.0,31.0,31.0,84.5,0.0,84.5,84.5,1.066423,0.022939,1.033363,1.101809,100.0,0.0,100.0,100.0,1,1,1,1
31.0,0.0,31.0,31.0,84.5,0.0,84.5,84.5,1.018428,0.029558,0.981338,1.054582,0.0,0.0,0.0,0.0,1,1,1,1
30.9,0.0,30.9,30.9,86.7,0.0,86.7,86.7,0.290816,0.0,0.290816,0.290816,0.0,0.0,0.0,0.0,1,1,1,1
30.9,0.0,30.9,30.9,86.7,0.0,86.7,86.7,1.066423,0.022939,1.033363,1.101809,46.0,40.14972,0.0,74.0,1,1,1,1
30.9,0.0,30.9,30.9,86.7,0.0,86.7,86.7,0.290816,0.0,0.290816,0.290816,68.25,136.5,0.0,273.0,1,1,1,1
30.9,0.0,30.9,30.9,86.7,0.0,86.7,86.7,0.290816,0.0,0.290816,0.290816,100.0,0.0,100.0,100.0,1,1,1,1
30.9,0.0,30.9,30.9,86.7,0.0,86.7,86.7,0.333727,0.0,0.333727,0.333727,0.0,0.0,0.0,0.0,1,1,1,1
30.9,0.0,30.9,30.9,86.7,0.0,86.7,86.7,0.333727,0.0,0.333727,0.333727,46.0,40.14972,0.0,74.0,1,1,1,1
30.9,0.0,30.9,30.9,86.7,0.0,86.7,86.7,0.333727,0.0,0.333727,0.333727,68.25,136.5,0.0,273.0,1,1,1,1
30.9,0.0,30.9,30.9,86.7,0.0,86.7,86.7,0.333727,0.0,0.333727,0.333727,100.0,0.0,100.0,100.0,1,1,1,1
30.9,0.0,30.9,30.9,86.7,0.0,86.7,86.7,1.018428,0.029558,0.981338,1.054582,0.0,0.0,0.0,0.0,1,1,1,1
30.9,0.0,30.9,30.9,86.7,0.0,86.7,86.7,1.018428,0.029558,0.981338,1.054582,46.0,40.14972,0.0,74.0,1,1,1,1
30.9,0.0,30.9,30.9,86.7,0.0,86.7,86.7,1.018428,0.029558,0.981338,1.054582,68.25,136.5,0.0,273.0,1,1,1,1
30.9,0.0,30.9,30.9,86.7,0.0,86.7,86.7,1.018428,0.029558,0.981338,1.054582,100.0,0.0,100.0,100.0,1,1,1,1
30.9,0.0,30.9,30.9,86.7,0.0,86.7,86.7,1.066423,0.022939,1.033363,1.101809,0.0,0.0,0.0,0.0,1,1,1,1
30.9,0.0,30.9,30.9,86.7,0.0,86.7,86.7,1.066423,0.022939,1.033363,1.101809,68.25,136.5,0.0,273.0,1,1,1,1
30.9,0.0,30.9,30.9,86.7,0.0,86.7,86.7,1.066423,0.022939,1.033363,1.101809,100.0,0.0,100.0,100.0,1,1,1,1
31.0,0.0,31.0,31.0,84.5,0.0,84.5,84.5,0.290816,0.0,0.290816,0.290816,46.0,40.14972,0.0,74.0,1,1,1,1
30.9,0.0,30.9,30.9,86.7,0.0,86.7,86.7,0.290816,0.0,0.290816,0.290816,46.0,40.14972,0.0,74.0,1,1,1,1
31.0,0.0,31.0,31.0,84.5,0.0,84.5,84.5,0.290816,0.0,0.290816,0.290816,0.0,0.0,0.0,0.0,1,1,1,1
31.0,0.0,31.0,31.0,84.5,0.0,84.5,84.5,1.066423,0.022939,1.033363,1.101809,0.0,0.0,0.0,0.0,1,1,1,1
31.0,0.0,31.0,31.0,85.3,0.0,85.3,85.3,1.066423,0.022939,1.033363,1.101809,68.25,136.5,0.0,273.0,1,1,1,1
30.8,0.0,30.8,30.8,86.4,0.0,86.4,86.4,0.290816,0.0,0.290816,0.290816,0.0,0.0,0.0,0.0,1,1,1,1
30.8,0.0,30.8,30.8,86.4,0.0,86.4,86.4,0.290816,0.0,0.290816,0.290816,46.0,40.14972,0.0,74.0,1,1,1,1
30.8,0.0,30.8,30.8,86.4,0.0,86.4,86.4,0.290816,0.0,0.290816,0.290816,68.25,136.5,0.0,273.0,1,1,1,1
30.8,0.0,30.8,30.8,86.4,0.0,86.4,86.4,0.290816,0.0,0.290816,0.290816,100.0,0.0,100.0,100.0,1,1,1,1
30.8,0.0,30.8,30.8,86.4,0.0,86.4,86.4,0.333727,0.0,0.333727,0.333727,0.0,0.0,0.0,0.0,1,1,1,1
30.8,0.0,30.8,30.8,86.4,0.0,86.4,86.4,0.333727,0.0,0.333727,0.333727,46.0,40.14972,0.0,74.0,1,1,1,1
30.8,0.0,30.8,30.8,86.4,0.0,86.4,86.4,0.333727,0.0,0.333727,0.333727,68.25,136.5,0.0,273.0,1,1,1,1
30.8,0.0,30.8,30.8,86.4,0.0,86.4,86.4,0.333727,0.0,0.333727,0.333727,100.0,0.0,100.0,100.0,1,1,1,1
30.8,0.0,30.8,30.8,86.4,0.0,86.4,86.4,1.018428,0.029558,0.981338,1.054582,0.0,0.0,0.0,0.0,1,1,1,1
30.8,0.0,30.8,30.8,86.4,0.0,86.4,86.4,1.018428,0.029558,0.981338,1.054582,68.25,136.5,0.0,273.0,1,1,1,1
30.8,0.0,30.8,30.8,86.4,0.0,86.4,86.4,1.018428,0.029558,0.981338,1.054582,100.0,0.0,100.0,100.0,1,1,1,1
30.8,0.0,30.8,30.8,86.4,0.0,86.4,86.4,1.066423,0.022939,1.033363,1.101809,0.0,0.0,0.0,0.0,1,1,1,1
30.8,0.0,30.8,30.8,86.4,0.0,86.4,86.4,1.066423,0.022939,1.033363,1.101809,46.0,40.14972,0.0,74.0,1,1,1,1
30.8,0.0,30.8,30.8,86.4,0.0,86.4,86.4,1.066423,0.022939,1.033363,1.101809,68.25,136.5,0.0,273.0,1,1,1,1
30.8,0.0,30.8,30.8,86.4,0.0,86.4,86.4,1.066423,0.022939,1.033363,1.101809,100.0,0.0,100.0,100.0,1,1,1,1
30.8,0.0,30.8,30.8,86.4,0.0,86.4,86.4,1.018428,0.029558,0.981338,1.054582,46.0,40.14972,0.0,74.0,1,1,1,1
31.0,0.0,31.0,31.0,85.3,0.0,85.3,85.3,0.290816,0.0,0.290816,0.290816,46.0,40.14972,0.0,74.0,1,1,1,1
31.0,0.0,31.0,31.0,85.3,0.0,85.3,85.3,1.066423,0.022939,1.033363,1.101809,46.0,40.14972,0.0,74.0,1,1,1,1
31.0,0.0,31.0,31.0,85.3,0.0,85.3,85.3,0.290816,0.0,0.290816,0.290816,0.0,0.0,0.0,0.0,1,1,1,1
31.0,0.0,31.0,31.0,85.3,0.0,85.3,85.3,1.018428,0.029558,0.981338,1.054582,100.0,0.0,100.0,100.0,1,1,1,1
31.0,0.0,31.0,31.0,85.3,0.0,85.3,85.3,1.018428,0.029558,0.981338,1.054582,68.25,136.5,0.0,273.0,1,1,1,1
31.0,0.0,31.0,31.0,85.3,0.0,85.3,85.3,1.018428,0.029558,0.981338,1.054582,46.0,40.14972,0.0,74.0,1,1,1,1
31.0,0.0,31.0,31.0,85.3,0.0,85.3,85.3,1.018428,0.029558,0.981338,1.054582,0.0,0.0,0.0,0.0,1,1,1,1
31.0,0.0,31.0,31.0,85.3,0.0,85.3,85.3,0.333727,0.0,0.333727,0.333727,100.0,0.0,100.0,100.0,1,1,1,1
31.0,0.0,31.0,31.0,85.3,0.0,85.3,85.3,1.066423,0.022939,1.033363,1.101809,0.0,0.0,0.0,0.0,1,1,1,1
31.0,0.0,31.0,31.0,85.3,0.0,85.3,85.3,0.333727,0.0,0.333727,0.333727,46.0,40.14972,0.0,74.0,1,1,1,1
31.0,0.0,31.0,31.0,85.3,0.0,85.3,85.3,0.333727,0.0,0.333727,0.333727,0.0,0.0,0.0,0.0,1,1,1,1
31.0,0.0,31.0,31.0,85.3,0.0,85.3,85.3,0.290816,0.0,0.290816,0.290816,100.0,0.0,100.0,100.0,1,1,1,1
31.0,0.0,31.0,31.0,85.3,0.0,85.3,85.3,1.066423,0.022939,1.033363,1.101809,100.0,0.0,100.0,100.0,1,1,1,1
31.0,0.0,31.0,31.0,85.3,0.0,85.3,85.3,0.290816,0.0,0.290816,0.290816,68.25,136.5,0.0,273.0,1,1,1,1
31.0,0.0,31.0,31.0,85.3,0.0,85.3,85.3,0.333727,0.0,0.333727,0.333727,68.25,136.5,0.0,273.0,1,1,1,1
0.0,0.0,0.0,0.0,0.0,0.0,0.0,0.0,1.059137,0.004489,1.051779,1.063428,100.0,0.0,100.0,100.0,1,1,1,1
0.0,0.0,0.0,0.0,0.0,0.0,0.0,0.0,1.059137,0.004489,1.051779,1.063428,100.0,0.0,100.0,100.0,1,1,1,1
0.0,0.0,0.0,0.0,0.0,0.0,0.0,0.0,1.059137,0.004489,1.051779,1.063428,25.0,50.0,0.0,100.0,1,1,1,1
0.0,0.0,0.0,0.0,0.0,0.0,0.0,0.0,0.359362,0.0,0.359362,0.359362,100.0,0.0,100.0,100.0,1,1,1,1
0.0,0.0,0.0,0.0,0.0,0.0,0.0,0.0,0.359362,0.0,0.359362,0.359362,100.0,0.0,100.0,100.0,1,1,1,1
0.0,0.0,0.0,0.0,0.0,0.0,0.0,0.0,1.076114,0.010457,1.062269,1.09002,100.0,0.0,100.0,100.0,1,1,1,1
0.0,0.0,0.0,0.0,0.0,0.0,0.0,0.0,1.076114,0.010457,1.062269,1.09002,100.0,0.0,100.0,100.0,1,1,1,1
0.0,0.0,0.0,0.0,0.0,0.0,0.0,0.0,1.059137,0.004489,1.051779,1.063428,100.0,0.0,100.0,100.0,1,1,1,1
0.0,0.0,0.0,0.0,0.0,0.0,0.0,0.0,1.059137,0.004489,1.051779,1.063428,100.0,0.0,100.0,100.0,1,1,1,1
0.0,0.0,0.0,0.0,0.0,0.0,0.0,0.0,1.059137,0.004489,1.051779,1.063428,25.0,50.0,0.0,100.0,1,1,1,1
0.0,0.0,0.0,0.0,0.0,0.0,0.0,0.0,1.076114,0.010457,1.062269,1.09002,25.0,50.0,0.0,100.0,1,1,1,1
0.0,0.0,0.0,0.0,0.0,0.0,0.0,0.0,0.359362,0.0,0.359362,0.359362,25.0,50.0,0.0,100.0,1,1,1,1
0.0,0.0,0.0,0.0,0.0,0.0,0.0,0.0,1.076114,0.010457,1.062269,1.09002,100.0,0.0,100.0,100.0,1,1,1,1
0.0,0.0,0.0,0.0,0.0,0.0,0.0,0.0,1.076114,0.010457,1.062269,1.09002,25.0,50.0,0.0,100.0,1,1,1,1
0.0,0.0,0.0,0.0,0.0,0.0,0.0,0.0,0.359362,0.0,0.359362,0.359362,25.0,50.0,0.0,100.0,1,1,1,1
0.0,0.0,0.0,0.0,0.0,0.0,0.0,0.0,1.076114,0.010457,1.062269,1.09002,100.0,0.0,100.0,100.0,1,1,1,1
31.0,0.0,31.0,31.0,84.5,0.0,84.5,84.5,0.359362,0.0,0.359362,0.359362,100.0,0.0,100.0,100.0,1,1,1,1
31.0,0.0,31.0,31.0,84.5,0.0,84.5,84.5,0.359362,0.0,0.359362,0.359362,25.0,50.0,0.0,100.0,1,1,1,1
31.0,0.0,31.0,31.0,84.5,0.0,84.5,84.5,1.076114,0.010457,1.062269,1.09002,100.0,0.0,100.0,100.0,1,1,1,1
31.0,0.0,31.0,31.0,84.5,0.0,84.5,84.5,1.076114,0.010457,1.062269,1.09002,100.0,0.0,100.0,100.0,1,1,1,1
31.0,0.0,31.0,31.0,84.5,0.0,84.5,84.5,0.359362,0.0,0.359362,0.359362,100.0,0.0,100.0,100.0,1,1,1,1
31.0,0.0,31.0,31.0,84.5,0.0,84.5,84.5,1.059137,0.004489,1.051779,1.063428,100.0,0.0,100.0,100.0,1,1,1,1
31.0,0.0,31.0,31.0,84.5,0.0,84.5,84.5,1.076114,0.010457,1.062269,1.09002,25.0,50.0,0.0,100.0,1,1,1,1
0.0,0.0,0.0,0.0,0.0,0.0,0.0,0.0,0.359362,0.0,0.359362,0.359362,100.0,0.0,100.0,100.0,1,1,1,1
0.0,0.0,0.0,0.0,0.0,0.0,0.0,0.0,0.359362,0.0,0.359362,0.359362,100.0,0.0,100.0,100.0,1,1,1,1
31.0,0.0,31.0,31.0,84.5,0.0,84.5,84.5,1.059137,0.004489,1.051779,1.063428,100.0,0.0,100.0,100.0,1,1,1,1
31.0,0.0,31.0,31.0,84.5,0.0,84.5,84.5,1.059137,0.004489,1.051779,1.063428,25.0,50.0,0.0,100.0,1,1,1,1
30.9,0.0,30.9,30.9,86.0,0.0,86.0,86.0,0.290816,0.0,0.290816,0.290816,58.25,41.923542,0.0,100.0,1,1,1,1
31.0,0.0,31.0,31.0,84.6,0.0,84.6,84.6,1.089532,0.013732,1.071784,1.11529,88.25,19.120234,60.0,100.0,1,1,1,1
31.0,0.0,31.0,31.0,84.6,0.0,84.6,84.6,1.056968,0.003274,1.051118,1.06193,0.0,0.0,0.0,0.0,1,1,1,1
31.0,0.0,31.0,31.0,84.6,0.0,84.6,84.6,1.056968,0.003274,1.051118,1.06193,75.0,50.0,0.0,100.0,1,1,1,1
31.0,0.0,31.0,31.0,84.6,0.0,84.6,84.6,1.056968,0.003274,1.051118,1.06193,58.25,41.923542,0.0,100.0,1,1,1,1
31.0,0.0,31.0,31.0,84.6,0.0,84.6,84.6,1.056968,0.003274,1.051118,1.06193,175.0,93.658956,88.0,256.0,1,1,1,1
31.0,0.0,31.0,31.0,84.6,0.0,84.6,84.6,1.056968,0.003274,1.051118,1.06193,100.0,0.0,100.0,100.0,1,1,1,1
31.0,0.0,31.0,31.0,84.6,0.0,84.6,84.6,1.056968,0.003274,1.051118,1.06193,88.25,19.120234,60.0,100.0,1,1,1,1
30.9,0.0,30.9,30.9,86.0,0.0,86.0,86.0,0.290816,0.0,0.290816,0.290816,0.0,0.0,0.0,0.0,1,1,1,1
30.9,0.0,30.9,30.9,86.0,0.0,86.0,86.0,0.290816,0.0,0.290816,0.290816,75.0,50.0,0.0,100.0,1,1,1,1
30.9,0.0,30.9,30.9,86.0,0.0,86.0,86.0,0.290816,0.0,0.290816,0.290816,175.0,93.658956,88.0,256.0,1,1,1,1
30.9,0.0,30.9,30.9,86.0,0.0,86.0,86.0,0.333727,0.0,0.333727,0.333727,175.0,93.658956,88.0,256.0,1,1,1,1
30.9,0.0,30.9,30.9,86.0,0.0,86.0,86.0,0.290816,0.0,0.290816,0.290816,88.25,19.120234,60.0,100.0,1,1,1,1
30.9,0.0,30.9,30.9,86.0,0.0,86.0,86.0,0.333727,0.0,0.333727,0.333727,0.0,0.0,0.0,0.0,1,1,1,1
30.9,0.0,30.9,30.9,86.0,0.0,86.0,86.0,0.333727,0.0,0.333727,0.333727,75.0,50.0,0.0,100.0,1,1,1,1
30.9,0.0,30.9,30.9,86.0,0.0,86.0,86.0,0.333727,0.0,0.333727,0.333727,58.25,41.923542,0.0,100.0,1,1,1,1
31.0,0.0,31.0,31.0,84.6,0.0,84.6,84.6,1.089532,0.013732,1.071784,1.11529,100.0,0.0,100.0,100.0,1,1,1,1
30.9,0.0,30.9,30.9,86.0,0.0,86.0,86.0,0.333727,0.0,0.333727,0.333727,100.0,0.0,100.0,100.0,1,1,1,1
30.9,0.0,30.9,30.9,86.0,0.0,86.0,86.0,0.333727,0.0,0.333727,0.333727,88.25,19.120234,60.0,100.0,1,1,1,1
30.9,0.0,30.9,30.9,86.0,0.0,86.0,86.0,0.359362,0.0,0.359362,0.359362,0.0,0.0,0.0,0.0,1,1,1,1
30.9,0.0,30.9,30.9,86.0,0.0,86.0,86.0,0.359362,0.0,0.359362,0.359362,75.0,50.0,0.0,100.0,1,1,1,1
30.9,0.0,30.9,30.9,86.0,0.0,86.0,86.0,0.359362,0.0,0.359362,0.359362,58.25,41.923542,0.0,100.0,1,1,1,1
30.9,0.0,30.9,30.9,86.0,0.0,86.0,86.0,0.359362,0.0,0.359362,0.359362,175.0,93.658956,88.0,256.0,1,1,1,1
30.9,0.0,30.9,30.9,86.0,0.0,86.0,86.0,0.290816,0.0,0.290816,0.290816,100.0,0.0,100.0,100.0,1,1,1,1
31.0,0.0,31.0,31.0,84.6,0.0,84.6,84.6,1.089532,0.013732,1.071784,1.11529,175.0,93.658956,88.0,256.0,1,1,1,1
31.0,0.0,31.0,31.0,84.6,0.0,84.6,84.6,1.035927,0.075944,0.959316,1.195552,100.0,0.0,100.0,100.0,1,1,1,1
31.0,0.0,31.0,31.0,84.6,0.0,84.6,84.6,0.290816,0.0,0.290816,0.290816,58.25,41.923542,0.0,100.0,1,1,1,1
30.9,0.0,30.9,30.9,86.0,0.0,86.0,86.0,0.359362,0.0,0.359362,0.359362,100.0,0.0,100.0,100.0,1,1,1,1
31.0,0.0,31.0,31.0,84.6,0.0,84.6,84.6,0.290816,0.0,0.290816,0.290816,175.0,93.658956,88.0,256.0,1,1,1,1
31.0,0.0,31.0,31.0,84.6,0.0,84.6,84.6,0.290816,0.0,0.290816,0.290816,100.0,0.0,100.0,100.0,1,1,1,1
31.0,0.0,31.0,31.0,84.6,0.0,84.6,84.6,0.290816,0.0,0.290816,0.290816,88.25,19.120234,60.0,100.0,1,1,1,1
31.0,0.0,31.0,31.0,84.6,0.0,84.6,84.6,0.333727,0.0,0.333727,0.333727,0.0,0.0,0.0,0.0,1,1,1,1
30.9,0.0,30.9,30.9,85.9,0.0,85.9,85.9,1.056968,0.003274,1.051118,1.06193,88.25,19.120234,60.0,100.0,1,1,1,1
31.0,0.0,31.0,31.0,84.6,0.0,84.6,84.6,0.333727,0.0,0.333727,0.333727,58.25,41.923542,0.0,100.0,1,1,1,1
31.0,0.0,31.0,31.0,84.6,0.0,84.6,84.6,0.333727,0.0,0.333727,0.333727,175.0,93.658956,88.0,256.0,1,1,1,1
31.0,0.0,31.0,31.0,84.6,0.0,84.6,84.6,0.333727,0.0,0.333727,0.333727,100.0,0.0,100.0,100.0,1,1,1,1
31.0,0.0,31.0,31.0,84.6,0.0,84.6,84.6,0.333727,0.0,0.333727,0.333727,88.25,19.120234,60.0,100.0,1,1,1,1
31.0,0.0,31.0,31.0,84.6,0.0,84.6,84.6,0.359362,0.0,0.359362,0.359362,0.0,0.0,0.0,0.0,1,1,1,1
31.0,0.0,31.0,31.0,84.6,0.0,84.6,84.6,0.359362,0.0,0.359362,0.359362,75.0,50.0,0.0,100.0,1,1,1,1
31.0,0.0,31.0,31.0,84.6,0.0,84.6,84.6,0.359362,0.0,0.359362,0.359362,58.25,41.923542,0.0,100.0,1,1,1,1
31.0,0.0,31.0,31.0,84.6,0.0,84.6,84.6,0.359362,0.0,0.359362,0.359362,175.0,93.658956,88.0,256.0,1,1,1,1
31.0,0.0,31.0,31.0,84.6,0.0,84.6,84.6,0.359362,0.0,0.359362,0.359362,100.0,0.0,100.0,100.0,1,1,1,1
31.0,0.0,31.0,31.0,84.6,0.0,84.6,84.6,0.359362,0.0,0.359362,0.359362,88.25,19.120234,60.0,100.0,1,1,1,1
31.0,0.0,31.0,31.0,84.6,0.0,84.6,84.6,1.035927,0.075944,0.959316,1.195552,0.0,0.0,0.0,0.0,1,1,1,1
31.0,0.0,31.0,31.0,84.6,0.0,84.6,84.6,1.035927,0.075944,0.959316,1.195552,75.0,50.0,0.0,100.0,1,1,1,1
31.0,0.0,31.0,31.0,84.6,0.0,84.6,84.6,1.035927,0.075944,0.959316,1.195552,58.25,41.923542,0.0,100.0,1,1,1,1
31.0,0.0,31.0,31.0,84.6,0.0,84.6,84.6,1.035927,0.075944,0.959316,1.195552,175.0,93.658956,88.0,256.0,1,1,1,1
31.0,0.0,31.0,31.0,84.6,0.0,84.6,84.6,1.035927,0.075944,0.959316,1.195552,88.25,19.120234,60.0,100.0,1,1,1,1
31.0,0.0,31.0,31.0,84.6,0.0,84.6,84.6,1.089532,0.013732,1.071784,1.11529,0.0,0.0,0.0,0.0,1,1,1,1
31.0,0.0,31.0,31.0,84.6,0.0,84.6,84.6,1.089532,0.013732,1.071784,1.11529,75.0,50.0,0.0,100.0,1,1,1,1
31.0,0.0,31.0,31.0,84.6,0.0,84.6,84.6,1.089532,0.013732,1.071784,1.11529,58.25,41.923542,0.0,100.0,1,1,1,1
30.9,0.0,30.9,30.9,86.0,0.0,86.0,86.0,0.359362,0.0,0.359362,0.359362,88.25,19.120234,60.0,100.0,1,1,1,1
30.9,0.0,30.9,30.9,85.9,0.0,85.9,85.9,0.333727,0.0,0.333727,0.333727,88.25,19.120234,60.0,100.0,1,1,1,1
30.9,0.0,30.9,30.9,86.0,0.0,86.0,86.0,1.035927,0.075944,0.959316,1.195552,75.0,50.0,0.0,100.0,1,1,1,1
30.9,0.0,30.9,30.9,85.9,0.0,85.9,85.9,0.359362,0.0,0.359362,0.359362,75.0,50.0,0.0,100.0,1,1,1,1
30.9,0.0,30.9,30.9,85.9,0.0,85.9,85.9,0.359362,0.0,0.359362,0.359362,58.25,41.923542,0.0,100.0,1,1,1,1
30.9,0.0,30.9,30.9,85.9,0.0,85.9,85.9,0.359362,0.0,0.359362,0.359362,175.0,93.658956,88.0,256.0,1,1,1,1
30.9,0.0,30.9,30.9,85.9,0.0,85.9,85.9,0.359362,0.0,0.359362,0.359362,100.0,0.0,100.0,100.0,1,1,1,1
30.9,0.0,30.9,30.9,85.9,0.0,85.9,85.9,0.359362,0.0,0.359362,0.359362,88.25,19.120234,60.0,100.0,1,1,1,1
30.9,0.0,30.9,30.9,85.9,0.0,85.9,85.9,1.035927,0.075944,0.959316,1.195552,0.0,0.0,0.0,0.0,1,1,1,1
30.9,0.0,30.9,30.9,85.9,0.0,85.9,85.9,1.035927,0.075944,0.959316,1.195552,75.0,50.0,0.0,100.0,1,1,1,1
30.9,0.0,30.9,30.9,85.9,0.0,85.9,85.9,1.035927,0.075944,0.959316,1.195552,58.25,41.923542,0.0,100.0,1,1,1,1
30.9,0.0,30.9,30.9,85.9,0.0,85.9,85.9,1.035927,0.075944,0.959316,1.195552,175.0,93.658956,88.0,256.0,1,1,1,1
30.9,0.0,30.9,30.9,85.9,0.0,85.9,85.9,1.035927,0.075944,0.959316,1.195552,100.0,0.0,100.0,100.0,1,1,1,1
30.9,0.0,30.9,30.9,85.9,0.0,85.9,85.9,1.035927,0.075944,0.959316,1.195552,88.25,19.120234,60.0,100.0,1,1,1,1
30.9,0.0,30.9,30.9,85.9,0.0,85.9,85.9,1.089532,0.013732,1.071784,1.11529,0.0,0.0,0.0,0.0,1,1,1,1
30.9,0.0,30.9,30.9,85.9,0.0,85.9,85.9,1.089532,0.013732,1.071784,1.11529,75.0,50.0,0.0,100.0,1,1,1,1
30.9,0.0,30.9,30.9,85.9,0.0,85.9,85.9,1.089532,0.013732,1.071784,1.11529,58.25,41.923542,0.0,100.0,1,1,1,1
30.9,0.0,30.9,30.9,85.9,0.0,85.9,85.9,1.089532,0.013732,1.071784,1.11529,175.0,93.658956,88.0,256.0,1,1,1,1
30.9,0.0,30.9,30.9,85.9,0.0,85.9,85.9,1.089532,0.013732,1.071784,1.11529,100.0,0.0,100.0,100.0,1,1,1,1
30.9,0.0,30.9,30.9,85.9,0.0,85.9,85.9,1.089532,0.013732,1.071784,1.11529,88.25,19.120234,60.0,100.0,1,1,1,1
30.9,0.0,30.9,30.9,85.9,0.0,85.9,85.9,1.056968,0.003274,1.051118,1.06193,0.0,0.0,0.0,0.0,1,1,1,1
30.9,0.0,30.9,30.9,85.9,0.0,85.9,85.9,1.056968,0.003274,1.051118,1.06193,75.0,50.0,0.0,100.0,1,1,1,1
30.9,0.0,30.9,30.9,85.9,0.0,85.9,85.9,1.056968,0.003274,1.051118,1.06193,58.25,41.923542,0.0,100.0,1,1,1,1
30.9,0.0,30.9,30.9,85.9,0.0,85.9,85.9,1.056968,0.003274,1.051118,1.06193,175.0,93.658956,88.0,256.0,1,1,1,1
30.9,0.0,30.9,30.9,85.9,0.0,85.9,85.9,1.056968,0.003274,1.051118,1.06193,100.0,0.0,100.0,100.0,1,1,1,1
31.0,0.0,31.0,31.0,84.6,0.0,84.6,84.6,0.290816,0.0,0.290816,0.290816,75.0,50.0,0.0,100.0,1,1,1,1
30.9,0.0,30.9,30.9,85.9,0.0,85.9,85.9,0.359362,0.0,0.359362,0.359362,0.0,0.0,0.0,0.0,1,1,1,1
30.9,0.0,30.9,30.9,85.9,0.0,85.9,85.9,0.333727,0.0,0.333727,0.333727,100.0,0.0,100.0,100.0,1,1,1,1
30.9,0.0,30.9,30.9,85.9,0.0,85.9,85.9,0.333727,0.0,0.333727,0.333727,175.0,93.658956,88.0,256.0,1,1,1,1
30.9,0.0,30.9,30.9,85.9,0.0,85.9,85.9,0.333727,0.0,0.333727,0.333727,58.25,41.923542,0.0,100.0,1,1,1,1
30.9,0.0,30.9,30.9,86.0,0.0,86.0,86.0,1.035927,0.075944,0.959316,1.195552,58.25,41.923542,0.0,100.0,1,1,1,1
30.9,0.0,30.9,30.9,86.0,0.0,86.0,86.0,1.035927,0.075944,0.959316,1.195552,175.0,93.658956,88.0,256.0,1,1,1,1
30.9,0.0,30.9,30.9,86.0,0.0,86.0,86.0,1.035927,0.075944,0.959316,1.195552,100.0,0.0,100.0,100.0,1,1,1,1
30.9,0.0,30.9,30.9,86.0,0.0,86.0,86.0,1.035927,0.075944,0.959316,1.195552,88.25,19.120234,60.0,100.0,1,1,1,1
30.9,0.0,30.9,30.9,86.0,0.0,86.0,86.0,1.089532,0.013732,1.071784,1.11529,0.0,0.0,0.0,0.0,1,1,1,1
30.9,0.0,30.9,30.9,86.0,0.0,86.0,86.0,1.089532,0.013732,1.071784,1.11529,75.0,50.0,0.0,100.0,1,1,1,1
30.9,0.0,30.9,30.9,86.0,0.0,86.0,86.0,1.089532,0.013732,1.071784,1.11529,58.25,41.923542,0.0,100.0,1,1,1,1
30.9,0.0,30.9,30.9,86.0,0.0,86.0,86.0,1.089532,0.013732,1.071784,1.11529,175.0,93.658956,88.0,256.0,1,1,1,1
30.9,0.0,30.9,30.9,86.0,0.0,86.0,86.0,1.089532,0.013732,1.071784,1.11529,100.0,0.0,100.0,100.0,1,1,1,1
30.9,0.0,30.9,30.9,86.0,0.0,86.0,86.0,1.089532,0.013732,1.071784,1.11529,88.25,19.120234,60.0,100.0,1,1,1,1
30.9,0.0,30.9,30.9,86.0,0.0,86.0,86.0,1.056968,0.003274,1.051118,1.06193,0.0,0.0,0.0,0.0,1,1,1,1
30.9,0.0,30.9,30.9,86.0,0.0,86.0,86.0,1.035927,0.075944,0.959316,1.195552,0.0,0.0,0.0,0.0,1,1,1,1
30.9,0.0,30.9,30.9,86.0,0.0,86.0,86.0,1.056968,0.003274,1.051118,1.06193,75.0,50.0,0.0,100.0,1,1,1,1
30.9,0.0,30.9,30.9,86.0,0.0,86.0,86.0,1.056968,0.003274,1.051118,1.06193,175.0,93.658956,88.0,256.0,1,1,1,1
30.9,0.0,30.9,30.9,86.0,0.0,86.0,86.0,1.056968,0.003274,1.051118,1.06193,100.0,0.0,100.0,100.0,1,1,1,1
30.9,0.0,30.9,30.9,86.0,0.0,86.0,86.0,1.056968,0.003274,1.051118,1.06193,88.25,19.120234,60.0,100.0,1,1,1,1
30.9,0.0,30.9,30.9,85.9,0.0,85.9,85.9,0.290816,0.0,0.290816,0.290816,0.0,0.0,0.0,0.0,1,1,1,1
30.9,0.0,30.9,30.9,85.9,0.0,85.9,85.9,0.290816,0.0,0.290816,0.290816,75.0,50.0,0.0,100.0,1,1,1,1
30.9,0.0,30.9,30.9,85.9,0.0,85.9,85.9,0.290816,0.0,0.290816,0.290816,58.25,41.923542,0.0,100.0,1,1,1,1
30.9,0.0,30.9,30.9,85.9,0.0,85.9,85.9,0.290816,0.0,0.290816,0.290816,175.0,93.658956,88.0,256.0,1,1,1,1
30.9,0.0,30.9,30.9,85.9,0.0,85.9,85.9,0.290816,0.0,0.290816,0.290816,100.0,0.0,100.0,100.0,1,1,1,1
30.9,0.0,30.9,30.9,85.9,0.0,85.9,85.9,0.290816,0.0,0.290816,0.290816,88.25,19.120234,60.0,100.0,1,1,1,1
30.9,0.0,30.9,30.9,85.9,0.0,85.9,85.9,0.333727,0.0,0.333727,0.333727,0.0,0.0,0.0,0.0,1,1,1,1
30.9,0.0,30.9,30.9,85.9,0.0,85.9,85.9,0.333727,0.0,0.333727,0.333727,75.0,50.0,0.0,100.0,1,1,1,1
30.9,0.0,30.9,30.9,86.0,0.0,86.0,86.0,1.056968,0.003274,1.051118,1.06193,58.25,41.923542,0.0,100.0,1,1,1,1
31.0,0.0,31.0,31.0,84.6,0.0,84.6,84.6,0.290816,0.0,0.290816,0.290816,0.0,0.0,0.0,0.0,1,1,1,1
31.0,0.0,31.0,31.0,84.6,0.0,84.6,84.6,0.333727,0.0,0.333727,0.333727,75.0,50.0,0.0,100.0,1,1,1,1
31.0,0.0,31.0,31.0,84.7,0.0,84.7,84.7,1.056968,0.003274,1.051118,1.06193,100.0,0.0,100.0,100.0,1,1,1,1
0.0,0.0,0.0,0.0,0.0,0.0,0.0,0.0,1.089532,0.013732,1.071784,1.11529,100.0,0.0,100.0,100.0,1,1,1,1
0.0,0.0,0.0,0.0,0.0,0.0,0.0,0.0,1.089532,0.013732,1.071784,1.11529,88.25,19.120234,60.0,100.0,1,1,1,1
0.0,0.0,0.0,0.0,0.0,0.0,0.0,0.0,1.056968,0.003274,1.051118,1.06193,0.0,0.0,0.0,0.0,1,1,1,1
0.0,0.0,0.0,0.0,0.0,0.0,0.0,0.0,1.056968,0.003274,1.051118,1.06193,75.0,50.0,0.0,100.0,1,1,1,1
0.0,0.0,0.0,0.0,0.0,0.0,0.0,0.0,1.056968,0.003274,1.051118,1.06193,58.25,41.923542,0.0,100.0,1,1,1,1
0.0,0.0,0.0,0.0,0.0,0.0,0.0,0.0,1.056968,0.003274,1.051118,1.06193,175.0,93.658956,88.0,256.0,1,1,1,1
0.0,0.0,0.0,0.0,0.0,0.0,0.0,0.0,1.056968,0.003274,1.051118,1.06193,100.0,0.0,100.0,100.0,1,1,1,1
0.0,0.0,0.0,0.0,0.0,0.0,0.0,0.0,1.056968,0.003274,1.051118,1.06193,88.25,19.120234,60.0,100.0,1,1,1,1
31.1,0.0,31.1,31.1,85.2,0.0,85.2,85.2,0.290816,0.0,0.290816,0.290816,0.0,0.0,0.0,0.0,1,1,1,1
31.1,0.0,31.1,31.1,85.2,0.0,85.2,85.2,0.290816,0.0,0.290816,0.290816,75.0,50.0,0.0,100.0,1,1,1,1
31.1,0.0,31.1,31.1,85.2,0.0,85.2,85.2,0.290816,0.0,0.290816,0.290816,58.25,41.923542,0.0,100.0,1,1,1,1
31.1,0.0,31.1,31.1,85.2,0.0,85.2,85.2,0.290816,0.0,0.290816,0.290816,175.0,93.658956,88.0,256.0,1,1,1,1
31.1,0.0,31.1,31.1,85.2,0.0,85.2,85.2,0.290816,0.0,0.290816,0.290816,100.0,0.0,100.0,100.0,1,1,1,1
31.1,0.0,31.1,31.1,85.2,0.0,85.2,85.2,0.290816,0.0,0.290816,0.290816,88.25,19.120234,60.0,100.0,1,1,1,1
31.1,0.0,31.1,31.1,85.2,0.0,85.2,85.2,0.333727,0.0,0.333727,0.333727,0.0,0.0,0.0,0.0,1,1,1,1
31.1,0.0,31.1,31.1,85.2,0.0,85.2,85.2,0.333727,0.0,0.333727,0.333727,75.0,50.0,0.0,100.0,1,1,1,1
31.1,0.0,31.1,31.1,85.2,0.0,85.2,85.2,0.333727,0.0,0.333727,0.333727,58.25,41.923542,0.0,100.0,1,1,1,1
31.1,0.0,31.1,31.1,85.2,0.0,85.2,85.2,0.333727,0.0,0.333727,0.333727,175.0,93.658956,88.0,256.0,1,1,1,1
31.1,0.0,31.1,31.1,85.2,0.0,85.2,85.2,0.333727,0.0,0.333727,0.333727,100.0,0.0,100.0,100.0,1,1,1,1
31.1,0.0,31.1,31.1,85.2,0.0,85.2,85.2,0.333727,0.0,0.333727,0.333727,88.25,19.120234,60.0,100.0,1,1,1,1
31.1,0.0,31.1,31.1,85.2,0.0,85.2,85.2,0.359362,0.0,0.359362,0.359362,0.0,0.0,0.0,0.0,1,1,1,1
31.1,0.0,31.1,31.1,85.2,0.0,85.2,85.2,0.359362,0.0,0.359362,0.359362,75.0,50.0,0.0,100.0,1,1,1,1
31.1,0.0,31.1,31.1,85.2,0.0,85.2,85.2,0.359362,0.0,0.359362,0.359362,58.25,41.923542,0.0,100.0,1,1,1,1
0.0,0.0,0.0,0.0,0.0,0.0,0.0,0.0,1.089532,0.013732,1.071784,1.11529,175.0,93.658956,88.0,256.0,1,1,1,1
0.0,0.0,0.0,0.0,0.0,0.0,0.0,0.0,1.089532,0.013732,1.071784,1.11529,58.25,41.923542,0.0,100.0,1,1,1,1
0.0,0.0,0.0,0.0,0.0,0.0,0.0,0.0,1.089532,0.013732,1.071784,1.11529,75.0,50.0,0.0,100.0,1,1,1,1
0.0,0.0,0.0,0.0,0.0,0.0,0.0,0.0,1.089532,0.013732,1.071784,1.11529,0.0,0.0,0.0,0.0,1,1,1,1
31.0,0.0,31.0,31.0,84.7,0.0,84.7,84.7,1.056968,0.003274,1.051118,1.06193,88.25,19.120234,60.0,100.0,1,1,1,1
0.0,0.0,0.0,0.0,0.0,0.0,0.0,0.0,0.290816,0.0,0.290816,0.290816,0.0,0.0,0.0,0.0,1,1,1,1
0.0,0.0,0.0,0.0,0.0,0.0,0.0,0.0,0.290816,0.0,0.290816,0.290816,75.0,50.0,0.0,100.0,1,1,1,1
0.0,0.0,0.0,0.0,0.0,0.0,0.0,0.0,0.290816,0.0,0.290816,0.290816,58.25,41.923542,0.0,100.0,1,1,1,1
0.0,0.0,0.0,0.0,0.0,0.0,0.0,0.0,0.290816,0.0,0.290816,0.290816,175.0,93.658956,88.0,256.0,1,1,1,1
0.0,0.0,0.0,0.0,0.0,0.0,0.0,0.0,0.290816,0.0,0.290816,0.290816,100.0,0.0,100.0,100.0,1,1,1,1
0.0,0.0,0.0,0.0,0.0,0.0,0.0,0.0,0.290816,0.0,0.290816,0.290816,88.25,19.120234,60.0,100.0,1,1,1,1
0.0,0.0,0.0,0.0,0.0,0.0,0.0,0.0,0.333727,0.0,0.333727,0.333727,0.0,0.0,0.0,0.0,1,1,1,1
0.0,0.0,0.0,0.0,0.0,0.0,0.0,0.0,0.333727,0.0,0.333727,0.333727,75.0,50.0,0.0,100.0,1,1,1,1
0.0,0.0,0.0,0.0,0.0,0.0,0.0,0.0,0.333727,0.0,0.333727,0.333727,58.25,41.923542,0.0,100.0,1,1,1,1
0.0,0.0,0.0,0.0,0.0,0.0,0.0,0.0,0.333727,0.0,0.333727,0.333727,175.0,93.658956,88.0,256.0,1,1,1,1
31.1,0.0,31.1,31.1,85.2,0.0,85.2,85.2,0.359362,0.0,0.359362,0.359362,175.0,93.658956,88.0,256.0,1,1,1,1
0.0,0.0,0.0,0.0,0.0,0.0,0.0,0.0,0.333727,0.0,0.333727,0.333727,100.0,0.0,100.0,100.0,1,1,1,1
0.0,0.0,0.0,0.0,0.0,0.0,0.0,0.0,0.359362,0.0,0.359362,0.359362,0.0,0.0,0.0,0.0,1,1,1,1
0.0,0.0,0.0,0.0,0.0,0.0,0.0,0.0,0.359362,0.0,0.359362,0.359362,75.0,50.0,0.0,100.0,1,1,1,1
0.0,0.0,0.0,0.0,0.0,0.0,0.0,0.0,0.359362,0.0,0.359362,0.359362,58.25,41.923542,0.0,100.0,1,1,1,1
0.0,0.0,0.0,0.0,0.0,0.0,0.0,0.0,0.359362,0.0,0.359362,0.359362,175.0,93.658956,88.0,256.0,1,1,1,1
0.0,0.0,0.0,0.0,0.0,0.0,0.0,0.0,0.359362,0.0,0.359362,0.359362,100.0,0.0,100.0,100.0,1,1,1,1
0.0,0.0,0.0,0.0,0.0,0.0,0.0,0.0,0.359362,0.0,0.359362,0.359362,88.25,19.120234,60.0,100.0,1,1,1,1
0.0,0.0,0.0,0.0,0.0,0.0,0.0,0.0,1.035927,0.075944,0.959316,1.195552,0.0,0.0,0.0,0.0,1,1,1,1
0.0,0.0,0.0,0.0,0.0,0.0,0.0,0.0,1.035927,0.075944,0.959316,1.195552,75.0,50.0,0.0,100.0,1,1,1,1
0.0,0.0,0.0,0.0,0.0,0.0,0.0,0.0,1.035927,0.075944,0.959316,1.195552,58.25,41.923542,0.0,100.0,1,1,1,1
0.0,0.0,0.0,0.0,0.0,0.0,0.0,0.0,1.035927,0.075944,0.959316,1.195552,175.0,93.658956,88.0,256.0,1,1,1,1
0.0,0.0,0.0,0.0,0.0,0.0,0.0,0.0,1.035927,0.075944,0.959316,1.195552,88.25,19.120234,60.0,100.0,1,1,1,1
0.0,0.0,0.0,0.0,0.0,0.0,0.0,0.0,0.333727,0.0,0.333727,0.333727,88.25,19.120234,60.0,100.0,1,1,1,1
31.1,0.0,31.1,31.1,85.2,0.0,85.2,85.2,0.359362,0.0,0.359362,0.359362,100.0,0.0,100.0,100.0,1,1,1,1
0.0,0.0,0.0,0.0,0.0,0.0,0.0,0.0,1.035927,0.075944,0.959316,1.195552,100.0,0.0,100.0,100.0,1,1,1,1
31.1,0.0,31.1,31.1,85.2,0.0,85.2,85.2,1.035927,0.075944,0.959316,1.195552,0.0,0.0,0.0,0.0,1,1,1,1
31.0,0.0,31.0,31.0,84.7,0.0,84.7,84.7,0.333727,0.0,0.333727,0.333727,88.25,19.120234,60.0,100.0,1,1,1,1
31.0,0.0,31.0,31.0,84.7,0.0,84.7,84.7,0.359362,0.0,0.359362,0.359362,0.0,0.0,0.0,0.0,1,1,1,1
31.0,0.0,31.0,31.0,84.7,0.0,84.7,84.7,0.359362,0.0,0.359362,0.359362,75.0,50.0,0.0,100.0,1,1,1,1
31.0,0.0,31.0,31.0,84.7,0.0,84.7,84.7,0.359362,0.0,0.359362,0.359362,58.25,41.923542,0.0,100.0,1,1,1,1
31.0,0.0,31.0,31.0,84.7,0.0,84.7,84.7,0.359362,0.0,0.359362,0.359362,175.0,93.658956,88.0,256.0,1,1,1,1
31.0,0.0,31.0,31.0,84.7,0.0,84.7,84.7,0.359362,0.0,0.359362,0.359362,100.0,0.0,100.0,100.0,1,1,1,1
31.0,0.0,31.0,31.0,84.7,0.0,84.7,84.7,0.359362,0.0,0.359362,0.359362,88.25,19.120234,60.0,100.0,1,1,1,1
31.0,0.0,31.0,31.0,84.7,0.0,84.7,84.7,1.035927,0.075944,0.959316,1.195552,0.0,0.0,0.0,0.0,1,1,1,1
31.0,0.0,31.0,31.0,84.7,0.0,84.7,84.7,1.035927,0.075944,0.959316,1.195552,75.0,50.0,0.0,100.0,1,1,1,1
31.0,0.0,31.0,31.0,84.7,0.0,84.7,84.7,1.035927,0.075944,0.959316,1.195552,58.25,41.923542,0.0,100.0,1,1,1,1
31.0,0.0,31.0,31.0,84.7,0.0,84.7,84.7,1.035927,0.075944,0.959316,1.195552,100.0,0.0,100.0,100.0,1,1,1,1
31.0,0.0,31.0,31.0,84.7,0.0,84.7,84.7,1.035927,0.075944,0.959316,1.195552,88.25,19.120234,60.0,100.0,1,1,1,1
31.0,0.0,31.0,31.0,84.7,0.0,84.7,84.7,1.089532,0.013732,1.071784,1.11529,0.0,0.0,0.0,0.0,1,1,1,1
31.0,0.0,31.0,31.0,84.7,0.0,84.7,84.7,1.089532,0.013732,1.071784,1.11529,75.0,50.0,0.0,100.0,1,1,1,1
31.0,0.0,31.0,31.0,84.7,0.0,84.7,84.7,1.089532,0.013732,1.071784,1.11529,58.25,41.923542,0.0,100.0,1,1,1,1
31.0,0.0,31.0,31.0,84.7,0.0,84.7,84.7,1.089532,0.013732,1.071784,1.11529,175.0,93.658956,88.0,256.0,1,1,1,1
31.0,0.0,31.0,31.0,84.7,0.0,84.7,84.7,1.089532,0.013732,1.071784,1.11529,100.0,0.0,100.0,100.0,1,1,1,1
31.0,0.0,31.0,31.0,84.7,0.0,84.7,84.7,1.089532,0.013732,1.071784,1.11529,88.25,19.120234,60.0,100.0,1,1,1,1
31.0,0.0,31.0,31.0,84.7,0.0,84.7,84.7,1.056968,0.003274,1.051118,1.06193,0.0,0.0,0.0,0.0,1,1,1,1
31.0,0.0,31.0,31.0,84.7,0.0,84.7,84.7,1.056968,0.003274,1.051118,1.06193,75.0,50.0,0.0,100.0,1,1,1,1
31.0,0.0,31.0,31.0,84.7,0.0,84.7,84.7,1.056968,0.003274,1.051118,1.06193,58.25,41.923542,0.0,100.0,1,1,1,1
31.1,0.0,31.1,31.1,85.2,0.0,85.2,85.2,0.359362,0.0,0.359362,0.359362,88.25,19.120234,60.0,100.0,1,1,1,1
31.0,0.0,31.0,31.0,84.7,0.0,84.7,84.7,1.056968,0.003274,1.051118,1.06193,175.0,93.658956,88.0,256.0,1,1,1,1
31.0,0.0,31.0,31.0,84.7,0.0,84.7,84.7,0.333727,0.0,0.333727,0.333727,100.0,0.0,100.0,100.0,1,1,1,1
31.0,0.0,31.0,31.0,84.7,0.0,84.7,84.7,0.333727,0.0,0.333727,0.333727,175.0,93.658956,88.0,256.0,1,1,1,1
31.0,0.0,31.0,31.0,84.7,0.0,84.7,84.7,1.035927,0.075944,0.959316,1.195552,175.0,93.658956,88.0,256.0,1,1,1,1
31.0,0.0,31.0,31.0,84.7,0.0,84.7,84.7,0.333727,0.0,0.333727,0.333727,75.0,50.0,0.0,100.0,1,1,1,1
31.1,0.0,31.1,31.1,85.2,0.0,85.2,85.2,1.035927,0.075944,0.959316,1.195552,75.0,50.0,0.0,100.0,1,1,1,1
31.1,0.0,31.1,31.1,85.2,0.0,85.2,85.2,1.035927,0.075944,0.959316,1.195552,58.25,41.923542,0.0,100.0,1,1,1,1
31.0,0.0,31.0,31.0,84.7,0.0,84.7,84.7,0.333727,0.0,0.333727,0.333727,58.25,41.923542,0.0,100.0,1,1,1,1
31.1,0.0,31.1,31.1,85.2,0.0,85.2,85.2,1.035927,0.075944,0.959316,1.195552,175.0,93.658956,88.0,256.0,1,1,1,1
31.1,0.0,31.1,31.1,85.2,0.0,85.2,85.2,1.035927,0.075944,0.959316,1.195552,100.0,0.0,100.0,100.0,1,1,1,1
31.1,0.0,31.1,31.1,85.2,0.0,85.2,85.2,1.035927,0.075944,0.959316,1.195552,88.25,19.120234,60.0,100.0,1,1,1,1
31.1,0.0,31.1,31.1,85.2,0.0,85.2,85.2,1.089532,0.013732,1.071784,1.11529,0.0,0.0,0.0,0.0,1,1,1,1
31.1,0.0,31.1,31.1,85.2,0.0,85.2,85.2,1.089532,0.013732,1.071784,1.11529,75.0,50.0,0.0,100.0,1,1,1,1
31.1,0.0,31.1,31.1,85.2,0.0,85.2,85.2,1.089532,0.013732,1.071784,1.11529,175.0,93.658956,88.0,256.0,1,1,1,1
31.1,0.0,31.1,31.1,85.2,0.0,85.2,85.2,1.089532,0.013732,1.071784,1.11529,100.0,0.0,100.0,100.0,1,1,1,1
31.1,0.0,31.1,31.1,85.2,0.0,85.2,85.2,1.089532,0.013732,1.071784,1.11529,88.25,19.120234,60.0,100.0,1,1,1,1
31.1,0.0,31.1,31.1,85.2,0.0,85.2,85.2,1.056968,0.003274,1.051118,1.06193,0.0,0.0,0.0,0.0,1,1,1,1
31.1,0.0,31.1,31.1,85.2,0.0,85.2,85.2,1.056968,0.003274,1.051118,1.06193,75.0,50.0,0.0,100.0,1,1,1,1
31.1,0.0,31.1,31.1,85.2,0.0,85.2,85.2,1.089532,0.013732,1.071784,1.11529,58.25,41.923542,0.0,100.0,1,1,1,1
31.1,0.0,31.1,31.1,85.2,0.0,85.2,85.2,1.056968,0.003274,1.051118,1.06193,58.25,41.923542,0.0,100.0,1,1,1,1
31.1,0.0,31.1,31.1,85.2,0.0,85.2,85.2,1.056968,0.003274,1.051118,1.06193,175.0,93.658956,88.0,256.0,1,1,1,1
31.1,0.0,31.1,31.1,85.2,0.0,85.2,85.2,1.056968,0.003274,1.051118,1.06193,100.0,0.0,100.0,100.0,1,1,1,1
31.1,0.0,31.1,31.1,85.2,0.0,85.2,85.2,1.056968,0.003274,1.051118,1.06193,88.25,19.120234,60.0,100.0,1,1,1,1
31.0,0.0,31.0,31.0,84.7,0.0,84.7,84.7,0.290816,0.0,0.290816,0.290816,0.0,0.0,0.0,0.0,1,1,1,1
31.0,0.0,31.0,31.0,84.7,0.0,84.7,84.7,0.290816,0.0,0.290816,0.290816,75.0,50.0,0.0,100.0,1,1,1,1
31.0,0.0,31.0,31.0,84.7,0.0,84.7,84.7,0.290816,0.0,0.290816,0.290816,58.25,41.923542,0.0,100.0,1,1,1,1
31.0,0.0,31.0,31.0,84.7,0.0,84.7,84.7,0.290816,0.0,0.290816,0.290816,175.0,93.658956,88.0,256.0,1,1,1,1
31.0,0.0,31.0,31.0,84.7,0.0,84.7,84.7,0.290816,0.0,0.290816,0.290816,100.0,0.0,100.0,100.0,1,1,1,1
31.0,0.0,31.0,31.0,84.7,0.0,84.7,84.7,0.290816,0.0,0.290816,0.290816,88.25,19.120234,60.0,100.0,1,1,1,1
31.0,0.0,31.0,31.0,84.7,0.0,84.7,84.7,0.333727,0.0,0.333727,0.333727,0.0,0.0,0.0,0.0,1,1,1,1
31.0,0.0,31.0,31.0,86.2,0.0,86.2,86.2,0.333727,0.0,0.333727,0.333727,100.0,0.0,100.0,100.0,1,1,1,1
31.0,0.0,31.0,31.0,86.2,0.0,86.2,86.2,0.333727,0.0,0.333727,0.333727,0.0,0.0,0.0,0.0,1,1,1,1
31.0,0.0,31.0,31.0,86.2,0.0,86.2,86.2,0.333727,0.0,0.333727,0.333727,100.0,0.0,100.0,100.0,1,1,1,1
31.0,0.0,31.0,31.0,86.2,0.0,86.2,86.2,0.333727,0.0,0.333727,0.333727,0.0,0.0,0.0,0.0,1,1,1,1
31.0,0.0,31.0,31.0,86.2,0.0,86.2,86.2,0.359362,0.0,0.359362,0.359362,0.0,0.0,0.0,0.0,1,1,1,1
31.0,0.0,31.0,31.0,86.2,0.0,86.2,86.2,0.359362,0.0,0.359362,0.359362,100.0,0.0,100.0,100.0,1,1,1,1
31.0,0.0,31.0,31.0,86.2,0.0,86.2,86.2,0.359362,0.0,0.359362,0.359362,100.0,0.0,100.0,100.0,1,1,1,1
31.0,0.0,31.0,31.0,86.2,0.0,86.2,86.2,0.359362,0.0,0.359362,0.359362,0.0,0.0,0.0,0.0,1,1,1,1
31.0,0.0,31.0,31.0,86.2,0.0,86.2,86.2,1.069588,0.027071,1.042351,1.121099,0.0,0.0,0.0,0.0,1,1,1,1
31.0,0.0,31.0,31.0,86.2,0.0,86.2,86.2,0.359362,0.0,0.359362,0.359362,0.0,0.0,0.0,0.0,1,1,1,1
31.0,0.0,31.0,31.0,86.2,0.0,86.2,86.2,0.333727,0.0,0.333727,0.333727,0.0,0.0,0.0,0.0,1,1,1,1
31.0,0.0,31.0,31.0,86.2,0.0,86.2,86.2,1.069588,0.027071,1.042351,1.121099,100.0,0.0,100.0,100.0,1,1,1,1
31.0,0.0,31.0,31.0,86.2,0.0,86.2,86.2,0.290816,0.0,0.290816,0.290816,0.0,0.0,0.0,0.0,1,1,1,1
31.0,0.0,31.0,31.0,84.7,0.0,84.7,84.7,1.069588,0.027071,1.042351,1.121099,100.0,0.0,100.0,100.0,1,1,1,1
31.0,0.0,31.0,31.0,86.2,0.0,86.2,86.2,0.290816,0.0,0.290816,0.290816,0.0,0.0,0.0,0.0,1,1,1,1
31.0,0.0,31.0,31.0,86.2,0.0,86.2,86.2,0.290816,0.0,0.290816,0.290816,100.0,0.0,100.0,100.0,1,1,1,1
31.0,0.0,31.0,31.0,86.2,0.0,86.2,86.2,0.290816,0.0,0.290816,0.290816,0.0,0.0,0.0,0.0,1,1,1,1
31.0,0.0,31.0,31.0,84.7,0.0,84.7,84.7,1.059342,0.003216,1.055432,1.065578,0.0,0.0,0.0,0.0,1,1,1,1
31.0,0.0,31.0,31.0,84.7,0.0,84.7,84.7,1.059342,0.003216,1.055432,1.065578,100.0,0.0,100.0,100.0,1,1,1,1
31.0,0.0,31.0,31.0,84.7,0.0,84.7,84.7,1.059342,0.003216,1.055432,1.065578,0.0,0.0,0.0,0.0,1,1,1,1
31.0,0.0,31.0,31.0,84.7,0.0,84.7,84.7,1.059342,0.003216,1.055432,1.065578,100.0,0.0,100.0,100.0,1,1,1,1
31.0,0.0,31.0,31.0,84.7,0.0,84.7,84.7,1.059342,0.003216,1.055432,1.065578,0.0,0.0,0.0,0.0,1,1,1,1
31.0,0.0,31.0,31.0,84.7,0.0,84.7,84.7,1.069588,0.027071,1.042351,1.121099,0.0,0.0,0.0,0.0,1,1,1,1
31.0,0.0,31.0,31.0,84.7,0.0,84.7,84.7,1.069588,0.027071,1.042351,1.121099,0.0,0.0,0.0,0.0,1,1,1,1
31.0,0.0,31.0,31.0,84.7,0.0,84.7,84.7,1.069588,0.027071,1.042351,1.121099,100.0,0.0,100.0,100.0,1,1,1,1
31.0,0.0,31.0,31.0,86.2,0.0,86.2,86.2,1.069588,0.027071,1.042351,1.121099,0.0,0.0,0.0,0.0,1,1,1,1
31.0,0.0,31.0,31.0,84.7,0.0,84.7,84.7,1.069588,0.027071,1.042351,1.121099,0.0,0.0,0.0,0.0,1,1,1,1
31.0,0.0,31.0,31.0,86.2,0.0,86.2,86.2,0.290816,0.0,0.290816,0.290816,100.0,0.0,100.0,100.0,1,1,1,1
31.0,0.0,31.0,31.0,86.2,0.0,86.2,86.2,1.069588,0.027071,1.042351,1.121099,100.0,0.0,100.0,100.0,1,1,1,1
30.9,0.0,30.9,30.9,85.9,0.0,85.9,85.9,1.069588,0.027071,1.042351,1.121099,0.0,0.0,0.0,0.0,1,1,1,1
31.0,0.0,31.0,31.0,86.2,0.0,86.2,86.2,1.059342,0.003216,1.055432,1.065578,0.0,0.0,0.0,0.0,1,1,1,1
31.0,0.0,31.0,31.0,84.7,0.0,84.7,84.7,0.359362,0.0,0.359362,0.359362,0.0,0.0,0.0,0.0,1,1,1,1
30.9,0.0,30.9,30.9,85.9,0.0,85.9,85.9,1.059342,0.003216,1.055432,1.065578,0.0,0.0,0.0,0.0,1,1,1,1
30.9,0.0,30.9,30.9,85.9,0.0,85.9,85.9,1.059342,0.003216,1.055432,1.065578,100.0,0.0,100.0,100.0,1,1,1,1
30.9,0.0,30.9,30.9,85.9,0.0,85.9,85.9,1.059342,0.003216,1.055432,1.065578,0.0,0.0,0.0,0.0,1,1,1,1
30.9,0.0,30.9,30.9,85.9,0.0,85.9,85.9,1.059342,0.003216,1.055432,1.065578,100.0,0.0,100.0,100.0,1,1,1,1
30.9,0.0,30.9,30.9,85.9,0.0,85.9,85.9,1.059342,0.003216,1.055432,1.065578,0.0,0.0,0.0,0.0,1,1,1,1
30.9,0.0,30.9,30.9,85.9,0.0,85.9,85.9,1.069588,0.027071,1.042351,1.121099,100.0,0.0,100.0,100.0,1,1,1,1
30.9,0.0,30.9,30.9,85.9,0.0,85.9,85.9,1.069588,0.027071,1.042351,1.121099,0.0,0.0,0.0,0.0,1,1,1,1
30.9,0.0,30.9,30.9,85.9,0.0,85.9,85.9,1.069588,0.027071,1.042351,1.121099,100.0,0.0,100.0,100.0,1,1,1,1
30.9,0.0,30.9,30.9,85.9,0.0,85.9,85.9,1.069588,0.027071,1.042351,1.121099,0.0,0.0,0.0,0.0,1,1,1,1
30.9,0.0,30.9,30.9,85.9,0.0,85.9,85.9,0.359362,0.0,0.359362,0.359362,0.0,0.0,0.0,0.0,1,1,1,1
30.9,0.0,30.9,30.9,85.9,0.0,85.9,85.9,0.359362,0.0,0.359362,0.359362,100.0,0.0,100.0,100.0,1,1,1,1
30.9,0.0,30.9,30.9,85.9,0.0,85.9,85.9,0.359362,0.0,0.359362,0.359362,0.0,0.0,0.0,0.0,1,1,1,1
30.9,0.0,30.9,30.9,85.9,0.0,85.9,85.9,0.359362,0.0,0.359362,0.359362,100.0,0.0,100.0,100.0,1,1,1,1
30.9,0.0,30.9,30.9,85.9,0.0,85.9,85.9,0.359362,0.0,0.359362,0.359362,0.0,0.0,0.0,0.0,1,1,1,1
30.9,0.0,30.9,30.9,85.9,0.0,85.9,85.9,0.333727,0.0,0.333727,0.333727,0.0,0.0,0.0,0.0,1,1,1,1
30.9,0.0,30.9,30.9,85.9,0.0,85.9,85.9,0.333727,0.0,0.333727,0.333727,100.0,0.0,100.0,100.0,1,1,1,1
30.9,0.0,30.9,30.9,85.9,0.0,85.9,85.9,0.333727,0.0,0.333727,0.333727,0.0,0.0,0.0,0.0,1,1,1,1
30.9,0.0,30.9,30.9,85.9,0.0,85.9,85.9,0.333727,0.0,0.333727,0.333727,100.0,0.0,100.0,100.0,1,1,1,1
30.9,0.0,30.9,30.9,85.9,0.0,85.9,85.9,0.333727,0.0,0.333727,0.333727,0.0,0.0,0.0,0.0,1,1,1,1
30.9,0.0,30.9,30.9,85.9,0.0,85.9,85.9,0.290816,0.0,0.290816,0.290816,0.0,0.0,0.0,0.0,1,1,1,1
30.9,0.0,30.9,30.9,85.9,0.0,85.9,85.9,0.290816,0.0,0.290816,0.290816,100.0,0.0,100.0,100.0,1,1,1,1
30.9,0.0,30.9,30.9,85.9,0.0,85.9,85.9,0.290816,0.0,0.290816,0.290816,0.0,0.0,0.0,0.0,1,1,1,1
30.9,0.0,30.9,30.9,85.9,0.0,85.9,85.9,0.290816,0.0,0.290816,0.290816,100.0,0.0,100.0,100.0,1,1,1,1
30.9,0.0,30.9,30.9,85.9,0.0,85.9,85.9,0.290816,0.0,0.290816,0.290816,0.0,0.0,0.0,0.0,1,1,1,1
31.0,0.0,31.0,31.0,86.2,0.0,86.2,86.2,1.059342,0.003216,1.055432,1.065578,0.0,0.0,0.0,0.0,1,1,1,1
31.0,0.0,31.0,31.0,86.2,0.0,86.2,86.2,1.059342,0.003216,1.055432,1.065578,100.0,0.0,100.0,100.0,1,1,1,1
31.0,0.0,31.0,31.0,86.2,0.0,86.2,86.2,1.059342,0.003216,1.055432,1.065578,0.0,0.0,0.0,0.0,1,1,1,1
31.0,0.0,31.0,31.0,86.2,0.0,86.2,86.2,1.059342,0.003216,1.055432,1.065578,100.0,0.0,100.0,100.0,1,1,1,1
31.0,0.0,31.0,31.0,86.2,0.0,86.2,86.2,1.069588,0.027071,1.042351,1.121099,0.0,0.0,0.0,0.0,1,1,1,1
31.0,0.0,31.0,31.0,84.7,0.0,84.7,84.7,0.359362,0.0,0.359362,0.359362,100.0,0.0,100.0,100.0,1,1,1,1
31.0,0.0,31.0,31.0,84.7,0.0,84.7,84.7,0.290816,0.0,0.290816,0.290816,0.0,0.0,0.0,0.0,1,1,1,1
31.0,0.0,31.0,31.0,84.7,0.0,84.7,84.7,0.359362,0.0,0.359362,0.359362,100.0,0.0,100.0,100.0,1,1,1,1
31.0,0.0,31.0,31.0,85.0,0.0,85.0,85.0,0.290816,0.0,0.290816,0.290816,0.0,0.0,0.0,0.0,1,1,1,1
31.0,0.0,31.0,31.0,85.0,0.0,85.0,85.0,0.290816,0.0,0.290816,0.290816,100.0,0.0,100.0,100.0,1,1,1,1
31.0,0.0,31.0,31.0,85.0,0.0,85.0,85.0,0.290816,0.0,0.290816,0.290816,0.0,0.0,0.0,0.0,1,1,1,1
30.8,0.0,30.8,30.8,86.4,0.0,86.4,86.4,1.059342,0.003216,1.055432,1.065578,0.0,0.0,0.0,0.0,1,1,1,1
30.8,0.0,30.8,30.8,86.4,0.0,86.4,86.4,1.059342,0.003216,1.055432,1.065578,0.0,0.0,0.0,0.0,1,1,1,1
30.8,0.0,30.8,30.8,86.4,0.0,86.4,86.4,1.059342,0.003216,1.055432,1.065578,100.0,0.0,100.0,100.0,1,1,1,1
30.8,0.0,30.8,30.8,86.4,0.0,86.4,86.4,1.059342,0.003216,1.055432,1.065578,0.0,0.0,0.0,0.0,1,1,1,1
30.8,0.0,30.8,30.8,86.4,0.0,86.4,86.4,1.069588,0.027071,1.042351,1.121099,0.0,0.0,0.0,0.0,1,1,1,1
30.8,0.0,30.8,30.8,86.4,0.0,86.4,86.4,1.069588,0.027071,1.042351,1.121099,100.0,0.0,100.0,100.0,1,1,1,1
30.8,0.0,30.8,30.8,86.4,0.0,86.4,86.4,1.069588,0.027071,1.042351,1.121099,0.0,0.0,0.0,0.0,1,1,1,1
30.8,0.0,30.8,30.8,86.4,0.0,86.4,86.4,1.069588,0.027071,1.042351,1.121099,100.0,0.0,100.0,100.0,1,1,1,1
30.8,0.0,30.8,30.8,86.4,0.0,86.4,86.4,1.069588,0.027071,1.042351,1.121099,0.0,0.0,0.0,0.0,1,1,1,1
30.8,0.0,30.8,30.8,86.4,0.0,86.4,86.4,0.359362,0.0,0.359362,0.359362,0.0,0.0,0.0,0.0,1,1,1,1
30.8,0.0,30.8,30.8,86.4,0.0,86.4,86.4,0.359362,0.0,0.359362,0.359362,100.0,0.0,100.0,100.0,1,1,1,1
30.8,0.0,30.8,30.8,86.4,0.0,86.4,86.4,0.359362,0.0,0.359362,0.359362,0.0,0.0,0.0,0.0,1,1,1,1
30.8,0.0,30.8,30.8,86.4,0.0,86.4,86.4,0.359362,0.0,0.359362,0.359362,100.0,0.0,100.0,100.0,1,1,1,1
30.8,0.0,30.8,30.8,86.4,0.0,86.4,86.4,0.359362,0.0,0.359362,0.359362,0.0,0.0,0.0,0.0,1,1,1,1
30.8,0.0,30.8,30.8,86.4,0.0,86.4,86.4,0.333727,0.0,0.333727,0.333727,0.0,0.0,0.0,0.0,1,1,1,1
30.8,0.0,30.8,30.8,86.4,0.0,86.4,86.4,0.333727,0.0,0.333727,0.333727,100.0,0.0,100.0,100.0,1,1,1,1
30.8,0.0,30.8,30.8,86.4,0.0,86.4,86.4,0.333727,0.0,0.333727,0.333727,0.0,0.0,0.0,0.0,1,1,1,1
30.8,0.0,30.8,30.8,86.4,0.0,86.4,86.4,0.333727,0.0,0.333727,0.333727,100.0,0.0,100.0,100.0,1,1,1,1
30.8,0.0,30.8,30.8,86.4,0.0,86.4,86.4,0.333727,0.0,0.333727,0.333727,0.0,0.0,0.0,0.0,1,1,1,1
30.8,0.0,30.8,30.8,86.4,0.0,86.4,86.4,0.290816,0.0,0.290816,0.290816,0.0,0.0,0.0,0.0,1,1,1,1
30.8,0.0,30.8,30.8,86.4,0.0,86.4,86.4,0.290816,0.0,0.290816,0.290816,100.0,0.0,100.0,100.0,1,1,1,1
30.8,0.0,30.8,30.8,86.4,0.0,86.4,86.4,0.290816,0.0,0.290816,0.290816,0.0,0.0,0.0,0.0,1,1,1,1
30.8,0.0,30.8,30.8,86.4,0.0,86.4,86.4,0.290816,0.0,0.290816,0.290816,100.0,0.0,100.0,100.0,1,1,1,1
30.8,0.0,30.8,30.8,86.4,0.0,86.4,86.4,0.290816,0.0,0.290816,0.290816,0.0,0.0,0.0,0.0,1,1,1,1
31.0,0.0,31.0,31.0,85.0,0.0,85.0,85.0,0.290816,0.0,0.290816,0.290816,100.0,0.0,100.0,100.0,1,1,1,1
31.0,0.0,31.0,31.0,85.0,0.0,85.0,85.0,0.290816,0.0,0.290816,0.290816,0.0,0.0,0.0,0.0,1,1,1,1
30.8,0.0,30.8,30.8,86.4,0.0,86.4,86.4,1.059342,0.003216,1.055432,1.065578,100.0,0.0,100.0,100.0,1,1,1,1
31.0,0.0,31.0,31.0,85.0,0.0,85.0,85.0,0.333727,0.0,0.333727,0.333727,100.0,0.0,100.0,100.0,1,1,1,1
31.0,0.0,31.0,31.0,84.7,0.0,84.7,84.7,0.359362,0.0,0.359362,0.359362,0.0,0.0,0.0,0.0,1,1,1,1
31.0,0.0,31.0,31.0,84.7,0.0,84.7,84.7,0.333727,0.0,0.333727,0.333727,0.0,0.0,0.0,0.0,1,1,1,1
31.0,0.0,31.0,31.0,84.7,0.0,84.7,84.7,0.333727,0.0,0.333727,0.333727,100.0,0.0,100.0,100.0,1,1,1,1
31.0,0.0,31.0,31.0,84.7,0.0,84.7,84.7,0.333727,0.0,0.333727,0.333727,0.0,0.0,0.0,0.0,1,1,1,1
31.0,0.0,31.0,31.0,84.7,0.0,84.7,84.7,0.333727,0.0,0.333727,0.333727,100.0,0.0,100.0,100.0,1,1,1,1
31.0,0.0,31.0,31.0,84.7,0.0,84.7,84.7,0.333727,0.0,0.333727,0.333727,0.0,0.0,0.0,0.0,1,1,1,1
31.0,0.0,31.0,31.0,84.7,0.0,84.7,84.7,0.290816,0.0,0.290816,0.290816,0.0,0.0,0.0,0.0,1,1,1,1
31.0,0.0,31.0,31.0,84.7,0.0,84.7,84.7,0.290816,0.0,0.290816,0.290816,100.0,0.0,100.0,100.0,1,1,1,1
31.0,0.0,31.0,31.0,85.0,0.0,85.0,85.0,0.333727,0.0,0.333727,0.333727,0.0,0.0,0.0,0.0,1,1,1,1
31.0,0.0,31.0,31.0,84.7,0.0,84.7,84.7,0.290816,0.0,0.290816,0.290816,0.0,0.0,0.0,0.0,1,1,1,1
31.0,0.0,31.0,31.0,85.0,0.0,85.0,85.0,1.059342,0.003216,1.055432,1.065578,0.0,0.0,0.0,0.0,1,1,1,1
31.0,0.0,31.0,31.0,85.0,0.0,85.0,85.0,1.059342,0.003216,1.055432,1.065578,100.0,0.0,100.0,100.0,1,1,1,1
31.0,0.0,31.0,31.0,85.0,0.0,85.0,85.0,1.059342,0.003216,1.055432,1.065578,0.0,0.0,0.0,0.0,1,1,1,1
31.0,0.0,31.0,31.0,85.0,0.0,85.0,85.0,1.059342,0.003216,1.055432,1.065578,100.0,0.0,100.0,100.0,1,1,1,1
31.0,0.0,31.0,31.0,84.7,0.0,84.7,84.7,0.290816,0.0,0.290816,0.290816,100.0,0.0,100.0,100.0,1,1,1,1
31.0,0.0,31.0,31.0,85.0,0.0,85.0,85.0,1.069588,0.027071,1.042351,1.121099,0.0,0.0,0.0,0.0,1,1,1,1
31.0,0.0,31.0,31.0,85.0,0.0,85.0,85.0,1.059342,0.003216,1.055432,1.065578,0.0,0.0,0.0,0.0,1,1,1,1
31.0,0.0,31.0,31.0,85.0,0.0,85.0,85.0,0.333727,0.0,0.333727,0.333727,100.0,0.0,100.0,100.0,1,1,1,1
31.0,0.0,31.0,31.0,85.0,0.0,85.0,85.0,0.333727,0.0,0.333727,0.333727,0.0,0.0,0.0,0.0,1,1,1,1
31.0,0.0,31.0,31.0,85.0,0.0,85.0,85.0,0.359362,0.0,0.359362,0.359362,0.0,0.0,0.0,0.0,1,1,1,1
31.0,0.0,31.0,31.0,85.0,0.0,85.0,85.0,0.359362,0.0,0.359362,0.359362,100.0,0.0,100.0,100.0,1,1,1,1
31.0,0.0,31.0,31.0,85.0,0.0,85.0,85.0,0.359362,0.0,0.359362,0.359362,0.0,0.0,0.0,0.0,1,1,1,1
31.0,0.0,31.0,31.0,85.0,0.0,85.0,85.0,0.333727,0.0,0.333727,0.333727,0.0,0.0,0.0,0.0,1,1,1,1
31.0,0.0,31.0,31.0,84.7,0.0,84.7,84.7,0.359362,0.0,0.359362,0.359362,0.0,0.0,0.0,0.0,1,1,1,1
31.0,0.0,31.0,31.0,85.0,0.0,85.0,85.0,0.359362,0.0,0.359362,0.359362,0.0,0.0,0.0,0.0,1,1,1,1
31.0,0.0,31.0,31.0,85.0,0.0,85.0,85.0,1.069588,0.027071,1.042351,1.121099,0.0,0.0,0.0,0.0,1,1,1,1
31.0,0.0,31.0,31.0,85.0,0.0,85.0,85.0,1.069588,0.027071,1.042351,1.121099,100.0,0.0,100.0,100.0,1,1,1,1
31.0,0.0,31.0,31.0,85.0,0.0,85.0,85.0,1.069588,0.027071,1.042351,1.121099,0.0,0.0,0.0,0.0,1,1,1,1
31.0,0.0,31.0,31.0,85.0,0.0,85.0,85.0,1.069588,0.027071,1.042351,1.121099,100.0,0.0,100.0,100.0,1,1,1,1
31.0,0.0,31.0,31.0,85.0,0.0,85.0,85.0,0.359362,0.0,0.359362,0.359362,100.0,0.0,100.0,100.0,1,1,1,1
31.0,0.0,31.0,31.0,85.0,0.0,85.0,85.0,0.359362,0.0,0.359362,0.359362,0.0,0.0,0.0,0.0,1,1,1,1
31.0,0.0,31.0,31.0,85.0,0.0,85.0,85.0,0.359362,0.0,0.359362,0.359362,100.0,0.0,100.0,100.0,1,1,1,1
31.0,0.0,31.0,31.0,85.0,0.0,85.0,85.0,0.359362,0.0,0.359362,0.359362,68.0,136.0,0.0,272.0,1,1,1,1
0.0,0.0,0.0,0.0,0.0,0.0,0.0,0.0,0.290816,0.0,0.290816,0.290816,0.0,0.0,0.0,0.0,1,1,1,1
0.0,0.0,0.0,0.0,0.0,0.0,0.0,0.0,0.290816,0.0,0.290816,0.290816,100.0,0.0,100.0,100.0,1,1,1,1
31.0,0.0,31.0,31.0,85.0,0.0,85.0,85.0,0.333727,0.0,0.333727,0.333727,68.0,136.0,0.0,272.0,1,1,1,1
0.0,0.0,0.0,0.0,0.0,0.0,0.0,0.0,0.333727,0.0,0.333727,0.333727,0.0,0.0,0.0,0.0,1,1,1,1
0.0,0.0,0.0,0.0,0.0,0.0,0.0,0.0,0.333727,0.0,0.333727,0.333727,100.0,0.0,100.0,100.0,1,1,1,1
0.0,0.0,0.0,0.0,0.0,0.0,0.0,0.0,0.359362,0.0,0.359362,0.359362,0.0,0.0,0.0,0.0,1,1,1,1
0.0,0.0,0.0,0.0,0.0,0.0,0.0,0.0,0.359362,0.0,0.359362,0.359362,100.0,0.0,100.0,100.0,1,1,1,1
0.0,0.0,0.0,0.0,0.0,0.0,0.0,0.0,0.359362,0.0,0.359362,0.359362,68.0,136.0,0.0,272.0,1,1,1,1
0.0,0.0,0.0,0.0,0.0,0.0,0.0,0.0,0.290816,0.0,0.290816,0.290816,68.0,136.0,0.0,272.0,1,1,1,1
0.0,0.0,0.0,0.0,0.0,0.0,0.0,0.0,0.333727,0.0,0.333727,0.333727,68.0,136.0,0.0,272.0,1,1,1,1
31.0,0.0,31.0,31.0,85.0,0.0,85.0,85.0,0.333727,0.0,0.333727,0.333727,100.0,0.0,100.0,100.0,1,1,1,1
31.0,0.0,31.0,31.0,85.0,0.0,85.0,85.0,0.290816,0.0,0.290816,0.290816,68.0,136.0,0.0,272.0,1,1,1,1
31.0,0.0,31.0,31.0,85.0,0.0,85.0,85.0,0.333727,0.0,0.333727,0.333727,0.0,0.0,0.0,0.0,1,1,1,1
30.9,0.0,30.9,30.9,86.5,0.0,86.5,86.5,0.290816,0.0,0.290816,0.290816,0.0,0.0,0.0,0.0,1,1,1,1
30.9,0.0,30.9,30.9,86.5,0.0,86.5,86.5,0.290816,0.0,0.290816,0.290816,100.0,0.0,100.0,100.0,1,1,1,1
30.9,0.0,30.9,30.9,86.5,0.0,86.5,86.5,0.290816,0.0,0.290816,0.290816,68.0,136.0,0.0,272.0,1,1,1,1
30.9,0.0,30.9,30.9,86.5,0.0,86.5,86.5,0.333727,0.0,0.333727,0.333727,100.0,0.0,100.0,100.0,1,1,1,1
30.9,0.0,30.9,30.9,86.5,0.0,86.5,86.5,0.333727,0.0,0.333727,0.333727,0.0,0.0,0.0,0.0,1,1,1,1
30.9,0.0,30.9,30.9,86.5,0.0,86.5,86.5,0.359362,0.0,0.359362,0.359362,0.0,0.0,0.0,0.0,1,1,1,1
30.9,0.0,30.9,30.9,86.5,0.0,86.5,86.5,0.359362,0.0,0.359362,0.359362,100.0,0.0,100.0,100.0,1,1,1,1
30.9,0.0,30.9,30.9,86.5,0.0,86.5,86.5,0.359362,0.0,0.359362,0.359362,68.0,136.0,0.0,272.0,1,1,1,1
31.0,0.0,31.0,31.0,85.0,0.0,85.0,85.0,0.290816,0.0,0.290816,0.290816,0.0,0.0,0.0,0.0,1,1,1,1
31.0,0.0,31.0,31.0,85.0,0.0,85.0,85.0,0.290816,0.0,0.290816,0.290816,100.0,0.0,100.0,100.0,1,1,1,1
30.9,0.0,30.9,30.9,86.5,0.0,86.5,86.5,0.333727,0.0,0.333727,0.333727,68.0,136.0,0.0,272.0,1,1,1,1
31.0,0.0,31.0,31.0,86.0,0.0,86.0,86.0,0.359362,0.0,0.359362,0.359362,0.0,0.0,0.0,0.0,1,1,1,1
31.0,0.0,31.0,31.0,86.0,0.0,86.0,86.0,0.333727,0.0,0.333727,0.333727,256.0,0.0,256.0,256.0,1,1,1,1
31.0,0.0,31.0,31.0,86.0,0.0,86.0,86.0,0.333727,0.0,0.333727,0.333727,100.0,0.0,100.0,100.0,1,1,1,1
31.0,0.0,31.0,31.0,86.0,0.0,86.0,86.0,0.333727,0.0,0.333727,0.333727,0.0,0.0,0.0,0.0,1,1,1,1
31.0,0.0,31.0,31.0,86.0,0.0,86.0,86.0,0.359362,0.0,0.359362,0.359362,100.0,0.0,100.0,100.0,1,1,1,1
31.0,0.0,31.0,31.0,86.0,0.0,86.0,86.0,1.306342,0.306333,0.874757,1.785869,256.0,0.0,256.0,256.0,1,1,1,1
31.0,0.0,31.0,31.0,86.0,0.0,86.0,86.0,0.359362,0.0,0.359362,0.359362,100.0,0.0,100.0,100.0,1,1,1,1
31.0,0.0,31.0,31.0,86.0,0.0,86.0,86.0,0.359362,0.0,0.359362,0.359362,0.0,0.0,0.0,0.0,1,1,1,1
31.0,0.0,31.0,31.0,86.0,0.0,86.0,86.0,1.306342,0.306333,0.874757,1.785869,0.0,0.0,0.0,0.0,1,1,1,1
31.0,0.0,31.0,31.0,86.0,0.0,86.0,86.0,1.306342,0.306333,0.874757,1.785869,100.0,0.0,100.0,100.0,1,1,1,1
31.0,0.0,31.0,31.0,86.0,0.0,86.0,86.0,0.333727,0.0,0.333727,0.333727,0.0,0.0,0.0,0.0,1,1,1,1
31.0,0.0,31.0,31.0,86.0,0.0,86.0,86.0,0.359362,0.0,0.359362,0.359362,256.0,0.0,256.0,256.0,1,1,1,1
31.0,0.0,31.0,31.0,86.0,0.0,86.0,86.0,0.290816,0.0,0.290816,0.290816,0.0,0.0,0.0,0.0,1,1,1,1
31.0,0.0,31.0,31.0,84.7,0.0,84.7,84.7,1.059736,0.002874,1.056106,1.062744,100.0,0.0,100.0,100.0,1,1,1,1
31.0,0.0,31.0,31.0,86.0,0.0,86.0,86.0,0.290816,0.0,0.290816,0.290816,256.0,0.0,256.0,256.0,1,1,1,1
31.0,0.0,31.0,31.0,86.0,0.0,86.0,86.0,0.290816,0.0,0.290816,0.290816,100.0,0.0,100.0,100.0,1,1,1,1
31.0,0.0,31.0,31.0,86.0,0.0,86.0,86.0,0.290816,0.0,0.290816,0.290816,0.0,0.0,0.0,0.0,1,1,1,1
31.0,0.0,31.0,31.0,84.7,0.0,84.7,84.7,1.059736,0.002874,1.056106,1.062744,0.0,0.0,0.0,0.0,1,1,1,1
31.0,0.0,31.0,31.0,86.0,0.0,86.0,86.0,1.306342,0.306333,0.874757,1.785869,100.0,0.0,100.0,100.0,1,1,1,1
31.0,0.0,31.0,31.0,84.7,0.0,84.7,84.7,1.059736,0.002874,1.056106,1.062744,256.0,0.0,256.0,256.0,1,1,1,1
31.0,0.0,31.0,31.0,84.7,0.0,84.7,84.7,1.059736,0.002874,1.056106,1.062744,100.0,0.0,100.0,100.0,1,1,1,1
31.0,0.0,31.0,31.0,84.7,0.0,84.7,84.7,1.059736,0.002874,1.056106,1.062744,0.0,0.0,0.0,0.0,1,1,1,1
31.0,0.0,31.0,31.0,84.7,0.0,84.7,84.7,1.306342,0.306333,0.874757,1.785869,0.0,0.0,0.0,0.0,1,1,1,1
31.0,0.0,31.0,31.0,84.7,0.0,84.7,84.7,1.306342,0.306333,0.874757,1.785869,100.0,0.0,100.0,100.0,1,1,1,1
31.0,0.0,31.0,31.0,84.7,0.0,84.7,84.7,1.306342,0.306333,0.874757,1.785869,256.0,0.0,256.0,256.0,1,1,1,1
31.0,0.0,31.0,31.0,84.7,0.0,84.7,84.7,1.306342,0.306333,0.874757,1.785869,100.0,0.0,100.0,100.0,1,1,1,1
31.0,0.0,31.0,31.0,84.7,0.0,84.7,84.7,1.306342,0.306333,0.874757,1.785869,0.0,0.0,0.0,0.0,1,1,1,1
31.0,0.0,31.0,31.0,84.7,0.0,84.7,84.7,0.359362,0.0,0.359362,0.359362,0.0,0.0,0.0,0.0,1,1,1,1
31.0,0.0,31.0,31.0,86.0,0.0,86.0,86.0,0.290816,0.0,0.290816,0.290816,100.0,0.0,100.0,100.0,1,1,1,1
31.0,0.0,31.0,31.0,86.0,0.0,86.0,86.0,1.306342,0.306333,0.874757,1.785869,0.0,0.0,0.0,0.0,1,1,1,1
30.9,0.0,30.9,30.9,86.0,0.0,86.0,86.0,0.290816,0.0,0.290816,0.290816,0.0,0.0,0.0,0.0,1,1,1,1
31.0,0.0,31.0,31.0,86.0,0.0,86.0,86.0,1.059736,0.002874,1.056106,1.062744,100.0,0.0,100.0,100.0,1,1,1,1
31.0,0.0,31.0,31.0,84.7,0.0,84.7,84.7,0.359362,0.0,0.359362,0.359362,100.0,0.0,100.0,100.0,1,1,1,1
30.9,0.0,30.9,30.9,86.0,0.0,86.0,86.0,1.059736,0.002874,1.056106,1.062744,0.0,0.0,0.0,0.0,1,1,1,1
30.9,0.0,30.9,30.9,86.0,0.0,86.0,86.0,1.059736,0.002874,1.056106,1.062744,100.0,0.0,100.0,100.0,1,1,1,1
30.9,0.0,30.9,30.9,86.0,0.0,86.0,86.0,1.059736,0.002874,1.056106,1.062744,256.0,0.0,256.0,256.0,1,1,1,1
30.9,0.0,30.9,30.9,86.0,0.0,86.0,86.0,1.059736,0.002874,1.056106,1.062744,100.0,0.0,100.0,100.0,1,1,1,1
30.9,0.0,30.9,30.9,86.0,0.0,86.0,86.0,1.059736,0.002874,1.056106,1.062744,0.0,0.0,0.0,0.0,1,1,1,1
30.9,0.0,30.9,30.9,86.0,0.0,86.0,86.0,1.306342,0.306333,0.874757,1.785869,0.0,0.0,0.0,0.0,1,1,1,1
30.9,0.0,30.9,30.9,86.0,0.0,86.0,86.0,1.306342,0.306333,0.874757,1.785869,100.0,0.0,100.0,100.0,1,1,1,1
30.9,0.0,30.9,30.9,86.0,0.0,86.0,86.0,1.306342,0.306333,0.874757,1.785869,256.0,0.0,256.0,256.0,1,1,1,1
30.9,0.0,30.9,30.9,86.0,0.0,86.0,86.0,1.306342,0.306333,0.874757,1.785869,100.0,0.0,100.0,100.0,1,1,1,1
30.9,0.0,30.9,30.9,86.0,0.0,86.0,86.0,1.306342,0.306333,0.874757,1.785869,0.0,0.0,0.0,0.0,1,1,1,1
30.9,0.0,30.9,30.9,86.0,0.0,86.0,86.0,0.359362,0.0,0.359362,0.359362,0.0,0.0,0.0,0.0,1,1,1,1
30.9,0.0,30.9,30.9,86.0,0.0,86.0,86.0,0.359362,0.0,0.359362,0.359362,100.0,0.0,100.0,100.0,1,1,1,1
31.0,0.0,31.0,31.0,86.0,0.0,86.0,86.0,1.059736,0.002874,1.056106,1.062744,0.0,0.0,0.0,0.0,1,1,1,1
30.9,0.0,30.9,30.9,86.0,0.0,86.0,86.0,0.359362,0.0,0.359362,0.359362,256.0,0.0,256.0,256.0,1,1,1,1
30.9,0.0,30.9,30.9,86.0,0.0,86.0,86.0,0.359362,0.0,0.359362,0.359362,0.0,0.0,0.0,0.0,1,1,1,1
30.9,0.0,30.9,30.9,86.0,0.0,86.0,86.0,0.333727,0.0,0.333727,0.333727,0.0,0.0,0.0,0.0,1,1,1,1
30.9,0.0,30.9,30.9,86.0,0.0,86.0,86.0,0.333727,0.0,0.333727,0.333727,100.0,0.0,100.0,100.0,1,1,1,1
30.9,0.0,30.9,30.9,86.0,0.0,86.0,86.0,0.333727,0.0,0.333727,0.333727,256.0,0.0,256.0,256.0,1,1,1,1
30.9,0.0,30.9,30.9,86.0,0.0,86.0,86.0,0.333727,0.0,0.333727,0.333727,100.0,0.0,100.0,100.0,1,1,1,1
30.9,0.0,30.9,30.9,86.0,0.0,86.0,86.0,0.333727,0.0,0.333727,0.333727,0.0,0.0,0.0,0.0,1,1,1,1
30.9,0.0,30.9,30.9,86.0,0.0,86.0,86.0,0.290816,0.0,0.290816,0.290816,0.0,0.0,0.0,0.0,1,1,1,1
30.9,0.0,30.9,30.9,86.0,0.0,86.0,86.0,0.290816,0.0,0.290816,0.290816,100.0,0.0,100.0,100.0,1,1,1,1
30.9,0.0,30.9,30.9,86.0,0.0,86.0,86.0,0.290816,0.0,0.290816,0.290816,256.0,0.0,256.0,256.0,1,1,1,1
30.9,0.0,30.9,30.9,86.0,0.0,86.0,86.0,0.290816,0.0,0.290816,0.290816,100.0,0.0,100.0,100.0,1,1,1,1
31.0,0.0,31.0,31.0,86.0,0.0,86.0,86.0,1.059736,0.002874,1.056106,1.062744,0.0,0.0,0.0,0.0,1,1,1,1
31.0,0.0,31.0,31.0,86.0,0.0,86.0,86.0,1.059736,0.002874,1.056106,1.062744,100.0,0.0,100.0,100.0,1,1,1,1
31.0,0.0,31.0,31.0,86.0,0.0,86.0,86.0,1.059736,0.002874,1.056106,1.062744,256.0,0.0,256.0,256.0,1,1,1,1
30.9,0.0,30.9,30.9,86.0,0.0,86.0,86.0,0.359362,0.0,0.359362,0.359362,100.0,0.0,100.0,100.0,1,1,1,1
31.0,0.0,31.0,31.0,84.7,0.0,84.7,84.7,0.359362,0.0,0.359362,0.359362,256.0,0.0,256.0,256.0,1,1,1,1
31.0,0.0,31.0,31.0,86.0,0.0,86.0,86.0,0.333727,0.0,0.333727,0.333727,100.0,0.0,100.0,100.0,1,1,1,1
31.0,0.0,31.0,31.0,84.7,0.0,84.7,84.7,0.359362,0.0,0.359362,0.359362,0.0,0.0,0.0,0.0,1,1,1,1
31.0,0.0,31.0,31.0,84.9,0.0,84.9,84.9,0.290816,0.0,0.290816,0.290816,256.0,0.0,256.0,256.0,1,1,1,1
31.0,0.0,31.0,31.0,84.9,0.0,84.9,84.9,0.290816,0.0,0.290816,0.290816,100.0,0.0,100.0,100.0,1,1,1,1
31.0,0.0,31.0,31.0,84.9,0.0,84.9,84.9,0.290816,0.0,0.290816,0.290816,0.0,0.0,0.0,0.0,1,1,1,1
30.9,0.0,30.9,30.9,86.4,0.0,86.4,86.4,1.059736,0.002874,1.056106,1.062744,0.0,0.0,0.0,0.0,1,1,1,1
30.9,0.0,30.9,30.9,86.4,0.0,86.4,86.4,1.059736,0.002874,1.056106,1.062744,100.0,0.0,100.0,100.0,1,1,1,1
30.9,0.0,30.9,30.9,86.4,0.0,86.4,86.4,1.059736,0.002874,1.056106,1.062744,256.0,0.0,256.0,256.0,1,1,1,1
30.9,0.0,30.9,30.9,86.4,0.0,86.4,86.4,1.059736,0.002874,1.056106,1.062744,100.0,0.0,100.0,100.0,1,1,1,1
30.9,0.0,30.9,30.9,86.4,0.0,86.4,86.4,1.059736,0.002874,1.056106,1.062744,0.0,0.0,0.0,0.0,1,1,1,1
30.9,0.0,30.9,30.9,86.4,0.0,86.4,86.4,1.306342,0.306333,0.874757,1.785869,0.0,0.0,0.0,0.0,1,1,1,1
30.9,0.0,30.9,30.9,86.4,0.0,86.4,86.4,1.306342,0.306333,0.874757,1.785869,100.0,0.0,100.0,100.0,1,1,1,1
30.9,0.0,30.9,30.9,86.4,0.0,86.4,86.4,1.306342,0.306333,0.874757,1.785869,256.0,0.0,256.0,256.0,1,1,1,1
30.9,0.0,30.9,30.9,86.4,0.0,86.4,86.4,1.306342,0.306333,0.874757,1.785869,100.0,0.0,100.0,100.0,1,1,1,1
30.9,0.0,30.9,30.9,86.4,0.0,86.4,86.4,1.306342,0.306333,0.874757,1.785869,0.0,0.0,0.0,0.0,1,1,1,1
31.0,0.0,31.0,31.0,84.9,0.0,84.9,84.9,0.290816,0.0,0.290816,0.290816,100.0,0.0,100.0,100.0,1,1,1,1
30.9,0.0,30.9,30.9,86.4,0.0,86.4,86.4,0.359362,0.0,0.359362,0.359362,0.0,0.0,0.0,0.0,1,1,1,1
30.9,0.0,30.9,30.9,86.4,0.0,86.4,86.4,0.359362,0.0,0.359362,0.359362,256.0,0.0,256.0,256.0,1,1,1,1
30.9,0.0,30.9,30.9,86.4,0.0,86.4,86.4,0.359362,0.0,0.359362,0.359362,100.0,0.0,100.0,100.0,1,1,1,1
30.9,0.0,30.9,30.9,86.4,0.0,86.4,86.4,0.359362,0.0,0.359362,0.359362,0.0,0.0,0.0,0.0,1,1,1,1
30.9,0.0,30.9,30.9,86.4,0.0,86.4,86.4,0.333727,0.0,0.333727,0.333727,0.0,0.0,0.0,0.0,1,1,1,1
30.9,0.0,30.9,30.9,86.4,0.0,86.4,86.4,0.333727,0.0,0.333727,0.333727,100.0,0.0,100.0,100.0,1,1,1,1
30.9,0.0,30.9,30.9,86.4,0.0,86.4,86.4,0.333727,0.0,0.333727,0.333727,256.0,0.0,256.0,256.0,1,1,1,1
30.9,0.0,30.9,30.9,86.4,0.0,86.4,86.4,0.333727,0.0,0.333727,0.333727,100.0,0.0,100.0,100.0,1,1,1,1
30.9,0.0,30.9,30.9,86.4,0.0,86.4,86.4,0.333727,0.0,0.333727,0.333727,0.0,0.0,0.0,0.0,1,1,1,1
30.9,0.0,30.9,30.9,86.4,0.0,86.4,86.4,0.290816,0.0,0.290816,0.290816,0.0,0.0,0.0,0.0,1,1,1,1
30.9,0.0,30.9,30.9,86.4,0.0,86.4,86.4,0.290816,0.0,0.290816,0.290816,100.0,0.0,100.0,100.0,1,1,1,1
30.9,0.0,30.9,30.9,86.4,0.0,86.4,86.4,0.290816,0.0,0.290816,0.290816,256.0,0.0,256.0,256.0,1,1,1,1
30.9,0.0,30.9,30.9,86.4,0.0,86.4,86.4,0.290816,0.0,0.290816,0.290816,100.0,0.0,100.0,100.0,1,1,1,1
30.9,0.0,30.9,30.9,86.4,0.0,86.4,86.4,0.290816,0.0,0.290816,0.290816,0.0,0.0,0.0,0.0,1,1,1,1
30.9,0.0,30.9,30.9,86.4,0.0,86.4,86.4,0.359362,0.0,0.359362,0.359362,100.0,0.0,100.0,100.0,1,1,1,1
31.0,0.0,31.0,31.0,84.9,0.0,84.9,84.9,0.290816,0.0,0.290816,0.290816,0.0,0.0,0.0,0.0,1,1,1,1
31.0,0.0,31.0,31.0,84.7,0.0,84.7,84.7,0.359362,0.0,0.359362,0.359362,100.0,0.0,100.0,100.0,1,1,1,1
31.0,0.0,31.0,31.0,84.9,0.0,84.9,84.9,0.333727,0.0,0.333727,0.333727,100.0,0.0,100.0,100.0,1,1,1,1
31.0,0.0,31.0,31.0,84.7,0.0,84.7,84.7,0.333727,0.0,0.333727,0.333727,100.0,0.0,100.0,100.0,1,1,1,1
31.0,0.0,31.0,31.0,84.7,0.0,84.7,84.7,0.333727,0.0,0.333727,0.333727,256.0,0.0,256.0,256.0,1,1,1,1
31.0,0.0,31.0,31.0,84.7,0.0,84.7,84.7,0.333727,0.0,0.333727,0.333727,100.0,0.0,100.0,100.0,1,1,1,1
31.0,0.0,31.0,31.0,84.7,0.0,84.7,84.7,0.333727,0.0,0.333727,0.333727,0.0,0.0,0.0,0.0,1,1,1,1
31.0,0.0,31.0,31.0,84.7,0.0,84.7,84.7,0.290816,0.0,0.290816,0.290816,0.0,0.0,0.0,0.0,1,1,1,1
31.0,0.0,31.0,31.0,84.7,0.0,84.7,84.7,0.290816,0.0,0.290816,0.290816,100.0,0.0,100.0,100.0,1,1,1,1
31.0,0.0,31.0,31.0,84.7,0.0,84.7,84.7,0.290816,0.0,0.290816,0.290816,256.0,0.0,256.0,256.0,1,1,1,1
31.0,0.0,31.0,31.0,84.7,0.0,84.7,84.7,0.290816,0.0,0.290816,0.290816,100.0,0.0,100.0,100.0,1,1,1,1
31.0,0.0,31.0,31.0,84.7,0.0,84.7,84.7,0.290816,0.0,0.290816,0.290816,0.0,0.0,0.0,0.0,1,1,1,1
31.0,0.0,31.0,31.0,84.9,0.0,84.9,84.9,1.059736,0.002874,1.056106,1.062744,0.0,0.0,0.0,0.0,1,1,1,1
31.0,0.0,31.0,31.0,84.9,0.0,84.9,84.9,1.059736,0.002874,1.056106,1.062744,100.0,0.0,100.0,100.0,1,1,1,1
31.0,0.0,31.0,31.0,84.9,0.0,84.9,84.9,1.059736,0.002874,1.056106,1.062744,256.0,0.0,256.0,256.0,1,1,1,1
31.0,0.0,31.0,31.0,84.9,0.0,84.9,84.9,1.059736,0.002874,1.056106,1.062744,100.0,0.0,100.0,100.0,1,1,1,1
31.0,0.0,31.0,31.0,84.9,0.0,84.9,84.9,1.059736,0.002874,1.056106,1.062744,0.0,0.0,0.0,0.0,1,1,1,1
31.0,0.0,31.0,31.0,84.7,0.0,84.7,84.7,0.333727,0.0,0.333727,0.333727,0.0,0.0,0.0,0.0,1,1,1,1
31.0,0.0,31.0,31.0,84.9,0.0,84.9,84.9,1.306342,0.306333,0.874757,1.785869,100.0,0.0,100.0,100.0,1,1,1,1
31.0,0.0,31.0,31.0,84.9,0.0,84.9,84.9,0.333727,0.0,0.333727,0.333727,256.0,0.0,256.0,256.0,1,1,1,1
31.0,0.0,31.0,31.0,84.9,0.0,84.9,84.9,0.333727,0.0,0.333727,0.333727,100.0,0.0,100.0,100.0,1,1,1,1
31.0,0.0,31.0,31.0,84.9,0.0,84.9,84.9,0.333727,0.0,0.333727,0.333727,0.0,0.0,0.0,0.0,1,1,1,1
31.0,0.0,31.0,31.0,84.9,0.0,84.9,84.9,1.306342,0.306333,0.874757,1.785869,0.0,0.0,0.0,0.0,1,1,1,1
31.0,0.0,31.0,31.0,84.9,0.0,84.9,84.9,0.359362,0.0,0.359362,0.359362,100.0,0.0,100.0,100.0,1,1,1,1
31.0,0.0,31.0,31.0,84.9,0.0,84.9,84.9,0.359362,0.0,0.359362,0.359362,256.0,0.0,256.0,256.0,1,1,1,1
31.0,0.0,31.0,31.0,84.9,0.0,84.9,84.9,0.359362,0.0,0.359362,0.359362,0.0,0.0,0.0,0.0,1,1,1,1
31.0,0.0,31.0,31.0,84.9,0.0,84.9,84.9,0.359362,0.0,0.359362,0.359362,0.0,0.0,0.0,0.0,1,1,1,1
31.0,0.0,31.0,31.0,84.9,0.0,84.9,84.9,1.306342,0.306333,0.874757,1.785869,0.0,0.0,0.0,0.0,1,1,1,1
31.0,0.0,31.0,31.0,84.9,0.0,84.9,84.9,1.306342,0.306333,0.874757,1.785869,100.0,0.0,100.0,100.0,1,1,1,1
31.0,0.0,31.0,31.0,84.9,0.0,84.9,84.9,1.306342,0.306333,0.874757,1.785869,256.0,0.0,256.0,256.0,1,1,1,1
31.0,0.0,31.0,31.0,84.9,0.0,84.9,84.9,0.333727,0.0,0.333727,0.333727,0.0,0.0,0.0,0.0,1,1,1,1
31.0,0.0,31.0,31.0,84.9,0.0,84.9,84.9,0.359362,0.0,0.359362,0.359362,100.0,0.0,100.0,100.0,1,1,1,1
31.0,0.0,31.0,31.0,86.8,0.0,86.8,86.8,0.333727,0.0,0.333727,0.333727,0.0,0.0,0.0,0.0,1,1,1,1
31.0,0.0,31.0,31.0,86.8,0.0,86.8,86.8,0.333727,0.0,0.333727,0.333727,100.0,0.0,100.0,100.0,1,1,1,1
31.0,0.0,31.0,31.0,86.8,0.0,86.8,86.8,0.333727,0.0,0.333727,0.333727,256.0,0.0,256.0,256.0,1,1,1,1
31.0,0.0,31.0,31.0,86.8,0.0,86.8,86.8,0.333727,0.0,0.333727,0.333727,93.666667,10.969655,81.0,100.0,1,1,1,1
31.0,0.0,31.0,31.0,86.8,0.0,86.8,86.8,0.333727,0.0,0.333727,0.333727,19.25,38.5,0.0,77.0,1,1,1,1
31.0,0.0,31.0,31.0,86.8,0.0,86.8,86.8,1.055132,0.004181,1.046487,1.058459,100.0,0.0,100.0,100.0,1,1,1,1
31.0,0.0,31.0,31.0,86.8,0.0,86.8,86.8,0.359362,0.0,0.359362,0.359362,100.0,0.0,100.0,100.0,1,1,1,1
31.0,0.0,31.0,31.0,86.8,0.0,86.8,86.8,0.359362,0.0,0.359362,0.359362,256.0,0.0,256.0,256.0,1,1,1,1
31.0,0.0,31.0,31.0,86.8,0.0,86.8,86.8,0.359362,0.0,0.359362,0.359362,93.666667,10.969655,81.0,100.0,1,1,1,1
31.0,0.0,31.0,31.0,86.8,0.0,86.8,86.8,0.359362,0.0,0.359362,0.359362,19.25,38.5,0.0,77.0,1,1,1,1
31.0,0.0,31.0,31.0,86.8,0.0,86.8,86.8,1.055132,0.004181,1.046487,1.058459,0.0,0.0,0.0,0.0,1,1,1,1
31.0,0.0,31.0,31.0,86.8,0.0,86.8,86.8,0.290816,0.0,0.290816,0.290816,19.25,38.5,0.0,77.0,1,1,1,1
31.0,0.0,31.0,31.0,86.8,0.0,86.8,86.8,0.359362,0.0,0.359362,0.359362,0.0,0.0,0.0,0.0,1,1,1,1
31.0,0.0,31.0,31.0,86.8,0.0,86.8,86.8,0.290816,0.0,0.290816,0.290816,93.666667,10.969655,81.0,100.0,1,1,1,1
31.0,0.0,31.0,31.0,84.6,0.0,84.6,84.6,1.057885,0.003752,1.053953,1.063413,100.0,0.0,100.0,100.0,1,1,1,1
31.0,0.0,31.0,31.0,86.8,0.0,86.8,86.8,0.290816,0.0,0.290816,0.290816,100.0,0.0,100.0,100.0,1,1,1,1
31.0,0.0,31.0,31.0,86.8,0.0,86.8,86.8,0.290816,0.0,0.290816,0.290816,0.0,0.0,0.0,0.0,1,1,1,1
31.0,0.0,31.0,31.0,84.6,0.0,84.6,84.6,1.057885,0.003752,1.053953,1.063413,19.25,38.5,0.0,77.0,1,1,1,1
31.0,0.0,31.0,31.0,84.6,0.0,84.6,84.6,1.057885,0.003752,1.053953,1.063413,93.666667,10.969655,81.0,100.0,1,1,1,1
31.0,0.0,31.0,31.0,84.6,0.0,84.6,84.6,1.057885,0.003752,1.053953,1.063413,256.0,0.0,256.0,256.0,1,1,1,1
31.0,0.0,31.0,31.0,84.6,0.0,84.6,84.6,1.057885,0.003752,1.053953,1.063413,0.0,0.0,0.0,0.0,1,1,1,1
31.0,0.0,31.0,31.0,84.6,0.0,84.6,84.6,1.055132,0.004181,1.046487,1.058459,19.25,38.5,0.0,77.0,1,1,1,1
31.0,0.0,31.0,31.0,84.6,0.0,84.6,84.6,1.055132,0.004181,1.046487,1.058459,93.666667,10.969655,81.0,100.0,1,1,1,1
31.0,0.0,31.0,31.0,84.6,0.0,84.6,84.6,1.055132,0.004181,1.046487,1.058459,256.0,0.0,256.0,256.0,1,1,1,1
31.0,0.0,31.0,31.0,84.6,0.0,84.6,84.6,1.055132,0.004181,1.046487,1.058459,100.0,0.0,100.0,100.0,1,1,1,1
31.0,0.0,31.0,31.0,84.6,0.0,84.6,84.6,1.055132,0.004181,1.046487,1.058459,0.0,0.0,0.0,0.0,1,1,1,1
31.0,0.0,31.0,31.0,84.6,0.0,84.6,84.6,0.359362,0.0,0.359362,0.359362,19.25,38.5,0.0,77.0,1,1,1,1
31.0,0.0,31.0,31.0,86.8,0.0,86.8,86.8,1.055132,0.004181,1.046487,1.058459,256.0,0.0,256.0,256.0,1,1,1,1
31.0,0.0,31.0,31.0,86.8,0.0,86.8,86.8,0.290816,0.0,0.290816,0.290816,256.0,0.0,256.0,256.0,1,1,1,1
31.0,0.0,31.0,31.0,86.8,0.0,86.8,86.8,1.055132,0.004181,1.046487,1.058459,93.666667,10.969655,81.0,100.0,1,1,1,1
61.9,0.0,61.9,61.9,171.8,0.0,171.8,171.8,0.333727,0.0,0.333727,0.333727,93.666667,10.969655,81.0,100.0,1,1,1,1
31.0,0.0,31.0,31.0,86.8,0.0,86.8,86.8,1.057885,0.003752,1.053953,1.063413,0.0,0.0,0.0,0.0,1,1,1,1
61.9,0.0,61.9,61.9,171.8,0.0,171.8,171.8,1.057885,0.003752,1.053953,1.063413,19.25,38.5,0.0,77.0,1,1,1,1
61.9,0.0,61.9,61.9,171.8,0.0,171.8,171.8,1.057885,0.003752,1.053953,1.063413,93.666667,10.969655,81.0,100.0,1,1,1,1
61.9,0.0,61.9,61.9,171.8,0.0,171.8,171.8,1.057885,0.003752,1.053953,1.063413,256.0,0.0,256.0,256.0,1,1,1,1
61.9,0.0,61.9,61.9,171.8,0.0,171.8,171.8,1.057885,0.003752,1.053953,1.063413,100.0,0.0,100.0,100.0,1,1,1,1
61.9,0.0,61.9,61.9,171.8,0.0,171.8,171.8,1.057885,0.003752,1.053953,1.063413,0.0,0.0,0.0,0.0,1,1,1,1
61.9,0.0,61.9,61.9,171.8,0.0,171.8,171.8,1.055132,0.004181,1.046487,1.058459,19.25,38.5,0.0,77.0,1,1,1,1
61.9,0.0,61.9,61.9,171.8,0.0,171.8,171.8,1.055132,0.004181,1.046487,1.058459,93.666667,10.969655,81.0,100.0,1,1,1,1
61.9,0.0,61.9,61.9,171.8,0.0,171.8,171.8,1.055132,0.004181,1.046487,1.058459,256.0,0.0,256.0,256.0,1,1,1,1
61.9,0.0,61.9,61.9,171.8,0.0,171.8,171.8,1.055132,0.004181,1.046487,1.058459,100.0,0.0,100.0,100.0,1,1,1,1
61.9,0.0,61.9,61.9,171.8,0.0,171.8,171.8,1.055132,0.004181,1.046487,1.058459,0.0,0.0,0.0,0.0,1,1,1,1
61.9,0.0,61.9,61.9,171.8,0.0,171.8,171.8,0.359362,0.0,0.359362,0.359362,19.25,38.5,0.0,77.0,1,1,1,1
61.9,0.0,61.9,61.9,171.8,0.0,171.8,171.8,0.359362,0.0,0.359362,0.359362,93.666667,10.969655,81.0,100.0,1,1,1,1
61.9,0.0,61.9,61.9,171.8,0.0,171.8,171.8,0.359362,0.0,0.359362,0.359362,256.0,0.0,256.0,256.0,1,1,1,1
31.0,0.0,31.0,31.0,86.8,0.0,86.8,86.8,1.055132,0.004181,1.046487,1.058459,19.25,38.5,0.0,77.0,1,1,1,1
61.9,0.0,61.9,61.9,171.8,0.0,171.8,171.8,0.359362,0.0,0.359362,0.359362,100.0,0.0,100.0,100.0,1,1,1,1
31.0,0.0,31.0,31.0,84.6,0.0,84.6,84.6,0.359362,0.0,0.359362,0.359362,93.666667,10.969655,81.0,100.0,1,1,1,1
61.9,0.0,61.9,61.9,171.8,0.0,171.8,171.8,0.333727,0.0,0.333727,0.333727,256.0,0.0,256.0,256.0,1,1,1,1
61.9,0.0,61.9,61.9,171.8,0.0,171.8,171.8,0.333727,0.0,0.333727,0.333727,100.0,0.0,100.0,100.0,1,1,1,1
61.9,0.0,61.9,61.9,171.8,0.0,171.8,171.8,0.333727,0.0,0.333727,0.333727,0.0,0.0,0.0,0.0,1,1,1,1
61.9,0.0,61.9,61.9,171.8,0.0,171.8,171.8,0.290816,0.0,0.290816,0.290816,19.25,38.5,0.0,77.0,1,1,1,1
61.9,0.0,61.9,61.9,171.8,0.0,171.8,171.8,0.290816,0.0,0.290816,0.290816,93.666667,10.969655,81.0,100.0,1,1,1,1
61.9,0.0,61.9,61.9,171.8,0.0,171.8,171.8,0.290816,0.0,0.290816,0.290816,256.0,0.0,256.0,256.0,1,1,1,1
61.9,0.0,61.9,61.9,171.8,0.0,171.8,171.8,0.290816,0.0,0.290816,0.290816,100.0,0.0,100.0,100.0,1,1,1,1
61.9,0.0,61.9,61.9,171.8,0.0,171.8,171.8,0.290816,0.0,0.290816,0.290816,0.0,0.0,0.0,0.0,1,1,1,1
31.0,0.0,31.0,31.0,86.8,0.0,86.8,86.8,1.057885,0.003752,1.053953,1.063413,19.25,38.5,0.0,77.0,1,1,1,1
31.0,0.0,31.0,31.0,86.8,0.0,86.8,86.8,1.057885,0.003752,1.053953,1.063413,93.666667,10.969655,81.0,100.0,1,1,1,1
31.0,0.0,31.0,31.0,86.8,0.0,86.8,86.8,1.057885,0.003752,1.053953,1.063413,256.0,0.0,256.0,256.0,1,1,1,1
31.0,0.0,31.0,31.0,86.8,0.0,86.8,86.8,1.057885,0.003752,1.053953,1.063413,100.0,0.0,100.0,100.0,1,1,1,1
61.9,0.0,61.9,61.9,171.8,0.0,171.8,171.8,0.333727,0.0,0.333727,0.333727,19.25,38.5,0.0,77.0,1,1,1,1
31.0,0.0,31.0,31.0,84.6,0.0,84.6,84.6,0.359362,0.0,0.359362,0.359362,256.0,0.0,256.0,256.0,1,1,1,1
61.9,0.0,61.9,61.9,171.8,0.0,171.8,171.8,0.359362,0.0,0.359362,0.359362,0.0,0.0,0.0,0.0,1,1,1,1
31.0,0.0,31.0,31.0,84.6,0.0,84.6,84.6,0.359362,0.0,0.359362,0.359362,0.0,0.0,0.0,0.0,1,1,1,1
31.0,0.0,31.0,31.0,84.8,0.0,84.8,84.8,0.290816,0.0,0.290816,0.290816,256.0,0.0,256.0,256.0,1,1,1,1
31.0,0.0,31.0,31.0,84.8,0.0,84.8,84.8,0.290816,0.0,0.290816,0.290816,100.0,0.0,100.0,100.0,1,1,1,1
31.0,0.0,31.0,31.0,84.8,0.0,84.8,84.8,0.290816,0.0,0.290816,0.290816,0.0,0.0,0.0,0.0,1,1,1,1
30.8,0.0,30.8,30.8,86.0,0.0,86.0,86.0,1.057885,0.003752,1.053953,1.063413,19.25,38.5,0.0,77.0,1,1,1,1
30.8,0.0,30.8,30.8,86.0,0.0,86.0,86.0,1.057885,0.003752,1.053953,1.063413,93.666667,10.969655,81.0,100.0,1,1,1,1
30.8,0.0,30.8,30.8,86.0,0.0,86.0,86.0,1.057885,0.003752,1.053953,1.063413,256.0,0.0,256.0,256.0,1,1,1,1
30.8,0.0,30.8,30.8,86.0,0.0,86.0,86.0,1.057885,0.003752,1.053953,1.063413,100.0,0.0,100.0,100.0,1,1,1,1
30.8,0.0,30.8,30.8,86.0,0.0,86.0,86.0,1.057885,0.003752,1.053953,1.063413,0.0,0.0,0.0,0.0,1,1,1,1
30.8,0.0,30.8,30.8,86.0,0.0,86.0,86.0,1.055132,0.004181,1.046487,1.058459,19.25,38.5,0.0,77.0,1,1,1,1
30.8,0.0,30.8,30.8,86.0,0.0,86.0,86.0,1.055132,0.004181,1.046487,1.058459,93.666667,10.969655,81.0,100.0,1,1,1,1
30.8,0.0,30.8,30.8,86.0,0.0,86.0,86.0,1.055132,0.004181,1.046487,1.058459,256.0,0.0,256.0,256.0,1,1,1,1
30.8,0.0,30.8,30.8,86.0,0.0,86.0,86.0,1.055132,0.004181,1.046487,1.058459,100.0,0.0,100.0,100.0,1,1,1,1
30.8,0.0,30.8,30.8,86.0,0.0,86.0,86.0,1.055132,0.004181,1.046487,1.058459,0.0,0.0,0.0,0.0,1,1,1,1
30.8,0.0,30.8,30.8,86.0,0.0,86.0,86.0,0.359362,0.0,0.359362,0.359362,93.666667,10.969655,81.0,100.0,1,1,1,1
30.8,0.0,30.8,30.8,86.0,0.0,86.0,86.0,0.359362,0.0,0.359362,0.359362,256.0,0.0,256.0,256.0,1,1,1,1
30.8,0.0,30.8,30.8,86.0,0.0,86.0,86.0,0.359362,0.0,0.359362,0.359362,100.0,0.0,100.0,100.0,1,1,1,1
30.8,0.0,30.8,30.8,86.0,0.0,86.0,86.0,0.359362,0.0,0.359362,0.359362,0.0,0.0,0.0,0.0,1,1,1,1
30.8,0.0,30.8,30.8,86.0,0.0,86.0,86.0,0.333727,0.0,0.333727,0.333727,19.25,38.5,0.0,77.0,1,1,1,1
30.8,0.0,30.8,30.8,86.0,0.0,86.0,86.0,0.333727,0.0,0.333727,0.333727,93.666667,10.969655,81.0,100.0,1,1,1,1
30.8,0.0,30.8,30.8,86.0,0.0,86.0,86.0,0.333727,0.0,0.333727,0.333727,256.0,0.0,256.0,256.0,1,1,1,1
30.8,0.0,30.8,30.8,86.0,0.0,86.0,86.0,0.333727,0.0,0.333727,0.333727,100.0,0.0,100.0,100.0,1,1,1,1
30.8,0.0,30.8,30.8,86.0,0.0,86.0,86.0,0.333727,0.0,0.333727,0.333727,0.0,0.0,0.0,0.0,1,1,1,1
30.8,0.0,30.8,30.8,86.0,0.0,86.0,86.0,0.290816,0.0,0.290816,0.290816,19.25,38.5,0.0,77.0,1,1,1,1
30.8,0.0,30.8,30.8,86.0,0.0,86.0,86.0,0.290816,0.0,0.290816,0.290816,93.666667,10.969655,81.0,100.0,1,1,1,1
30.8,0.0,30.8,30.8,86.0,0.0,86.0,86.0,0.290816,0.0,0.290816,0.290816,256.0,0.0,256.0,256.0,1,1,1,1
30.8,0.0,30.8,30.8,86.0,0.0,86.0,86.0,0.290816,0.0,0.290816,0.290816,100.0,0.0,100.0,100.0,1,1,1,1
30.8,0.0,30.8,30.8,86.0,0.0,86.0,86.0,0.290816,0.0,0.290816,0.290816,0.0,0.0,0.0,0.0,1,1,1,1
31.0,0.0,31.0,31.0,84.8,0.0,84.8,84.8,0.290816,0.0,0.290816,0.290816,93.666667,10.969655,81.0,100.0,1,1,1,1
31.0,0.0,31.0,31.0,84.8,0.0,84.8,84.8,0.290816,0.0,0.290816,0.290816,19.25,38.5,0.0,77.0,1,1,1,1
30.8,0.0,30.8,30.8,86.0,0.0,86.0,86.0,0.359362,0.0,0.359362,0.359362,19.25,38.5,0.0,77.0,1,1,1,1
31.0,0.0,31.0,31.0,84.8,0.0,84.8,84.8,0.333727,0.0,0.333727,0.333727,100.0,0.0,100.0,100.0,1,1,1,1
31.0,0.0,31.0,31.0,84.8,0.0,84.8,84.8,0.333727,0.0,0.333727,0.333727,0.0,0.0,0.0,0.0,1,1,1,1
31.0,0.0,31.0,31.0,84.6,0.0,84.6,84.6,0.333727,0.0,0.333727,0.333727,19.25,38.5,0.0,77.0,1,1,1,1
31.0,0.0,31.0,31.0,84.6,0.0,84.6,84.6,0.333727,0.0,0.333727,0.333727,93.666667,10.969655,81.0,100.0,1,1,1,1
31.0,0.0,31.0,31.0,84.6,0.0,84.6,84.6,0.333727,0.0,0.333727,0.333727,256.0,0.0,256.0,256.0,1,1,1,1
31.0,0.0,31.0,31.0,84.6,0.0,84.6,84.6,0.333727,0.0,0.333727,0.333727,100.0,0.0,100.0,100.0,1,1,1,1
31.0,0.0,31.0,31.0,84.6,0.0,84.6,84.6,0.333727,0.0,0.333727,0.333727,0.0,0.0,0.0,0.0,1,1,1,1
31.0,0.0,31.0,31.0,84.6,0.0,84.6,84.6,0.290816,0.0,0.290816,0.290816,19.25,38.5,0.0,77.0,1,1,1,1
31.0,0.0,31.0,31.0,84.6,0.0,84.6,84.6,0.290816,0.0,0.290816,0.290816,93.666667,10.969655,81.0,100.0,1,1,1,1
31.0,0.0,31.0,31.0,84.6,0.0,84.6,84.6,0.290816,0.0,0.290816,0.290816,256.0,0.0,256.0,256.0,1,1,1,1
31.0,0.0,31.0,31.0,84.6,0.0,84.6,84.6,0.290816,0.0,0.290816,0.290816,100.0,0.0,100.0,100.0,1,1,1,1
31.0,0.0,31.0,31.0,84.6,0.0,84.6,84.6,0.290816,0.0,0.290816,0.290816,0.0,0.0,0.0,0.0,1,1,1,1
31.0,0.0,31.0,31.0,84.8,0.0,84.8,84.8,1.057885,0.003752,1.053953,1.063413,19.25,38.5,0.0,77.0,1,1,1,1
31.0,0.0,31.0,31.0,84.8,0.0,84.8,84.8,1.057885,0.003752,1.053953,1.063413,93.666667,10.969655,81.0,100.0,1,1,1,1
31.0,0.0,31.0,31.0,84.8,0.0,84.8,84.8,1.057885,0.003752,1.053953,1.063413,256.0,0.0,256.0,256.0,1,1,1,1
31.0,0.0,31.0,31.0,84.8,0.0,84.8,84.8,1.057885,0.003752,1.053953,1.063413,100.0,0.0,100.0,100.0,1,1,1,1
31.0,0.0,31.0,31.0,84.6,0.0,84.6,84.6,0.359362,0.0,0.359362,0.359362,100.0,0.0,100.0,100.0,1,1,1,1
31.0,0.0,31.0,31.0,84.8,0.0,84.8,84.8,0.333727,0.0,0.333727,0.333727,256.0,0.0,256.0,256.0,1,1,1,1
31.0,0.0,31.0,31.0,84.8,0.0,84.8,84.8,0.333727,0.0,0.333727,0.333727,93.666667,10.969655,81.0,100.0,1,1,1,1
31.0,0.0,31.0,31.0,84.8,0.0,84.8,84.8,0.333727,0.0,0.333727,0.333727,19.25,38.5,0.0,77.0,1,1,1,1
31.0,0.0,31.0,31.0,84.8,0.0,84.8,84.8,0.359362,0.0,0.359362,0.359362,0.0,0.0,0.0,0.0,1,1,1,1
31.0,0.0,31.0,31.0,84.8,0.0,84.8,84.8,0.359362,0.0,0.359362,0.359362,100.0,0.0,100.0,100.0,1,1,1,1
31.0,0.0,31.0,31.0,84.8,0.0,84.8,84.8,0.359362,0.0,0.359362,0.359362,93.666667,10.969655,81.0,100.0,1,1,1,1
31.0,0.0,31.0,31.0,84.8,0.0,84.8,84.8,0.359362,0.0,0.359362,0.359362,19.25,38.5,0.0,77.0,1,1,1,1
31.0,0.0,31.0,31.0,84.8,0.0,84.8,84.8,0.359362,0.0,0.359362,0.359362,256.0,0.0,256.0,256.0,1,1,1,1
31.0,0.0,31.0,31.0,84.8,0.0,84.8,84.8,1.055132,0.004181,1.046487,1.058459,100.0,0.0,100.0,100.0,1,1,1,1
31.0,0.0,31.0,31.0,84.8,0.0,84.8,84.8,1.055132,0.004181,1.046487,1.058459,256.0,0.0,256.0,256.0,1,1,1,1
31.0,0.0,31.0,31.0,84.8,0.0,84.8,84.8,1.055132,0.004181,1.046487,1.058459,93.666667,10.969655,81.0,100.0,1,1,1,1
31.0,0.0,31.0,31.0,84.8,0.0,84.8,84.8,1.055132,0.004181,1.046487,1.058459,19.25,38.5,0.0,77.0,1,1,1,1
31.0,0.0,31.0,31.0,84.8,0.0,84.8,84.8,1.057885,0.003752,1.053953,1.063413,0.0,0.0,0.0,0.0,1,1,1,1
31.0,0.0,31.0,31.0,84.8,0.0,84.8,84.8,1.055132,0.004181,1.046487,1.058459,0.0,0.0,0.0,0.0,1,1,1,1
30.9,0.0,30.9,30.9,87.5,0.0,87.5,87.5,1.057305,0.001672,1.054924,1.05895,0.0,0.0,0.0,0.0,1,1,1,1
30.9,0.0,30.9,30.9,87.5,0.0,87.5,87.5,1.058212,0.006884,1.051779,1.069273,0.0,0.0,0.0,0.0,1,1,1,1
30.9,0.0,30.9,30.9,87.5,0.0,87.5,87.5,1.057305,0.001672,1.054924,1.05895,53.666667,50.40172,0.0,100.0,1,1,1,1
30.9,0.0,30.9,30.9,87.5,0.0,87.5,87.5,1.057305,0.001672,1.054924,1.05895,85.75,16.700798,68.0,100.0,1,1,1,1
30.9,0.0,30.9,30.9,87.5,0.0,87.5,87.5,1.057305,0.001672,1.054924,1.05895,100.0,0.0,100.0,100.0,1,1,1,1
30.9,0.0,30.9,30.9,87.5,0.0,87.5,87.5,0.333727,0.0,0.333727,0.333727,53.666667,50.40172,0.0,100.0,1,1,1,1
30.9,0.0,30.9,30.9,87.5,0.0,87.5,87.5,0.290816,0.0,0.290816,0.290816,0.0,0.0,0.0,0.0,1,1,1,1
30.9,0.0,30.9,30.9,87.5,0.0,87.5,87.5,0.333727,0.0,0.333727,0.333727,100.0,0.0,100.0,100.0,1,1,1,1
30.9,0.0,30.9,30.9,87.5,0.0,87.5,87.5,0.333727,0.0,0.333727,0.333727,0.0,0.0,0.0,0.0,1,1,1,1
30.9,0.0,30.9,30.9,87.5,0.0,87.5,87.5,0.290816,0.0,0.290816,0.290816,53.666667,50.40172,0.0,100.0,1,1,1,1
30.9,0.0,30.9,30.9,87.5,0.0,87.5,87.5,0.290816,0.0,0.290816,0.290816,85.75,16.700798,68.0,100.0,1,1,1,1
30.9,0.0,30.9,30.9,87.5,0.0,87.5,87.5,0.290816,0.0,0.290816,0.290816,100.0,0.0,100.0,100.0,1,1,1,1
30.9,0.0,30.9,30.9,87.5,0.0,87.5,87.5,1.058212,0.006884,1.051779,1.069273,100.0,0.0,100.0,100.0,1,1,1,1
30.9,0.0,30.9,30.9,87.5,0.0,87.5,87.5,0.333727,0.0,0.333727,0.333727,85.75,16.700798,68.0,100.0,1,1,1,1
30.9,0.0,30.9,30.9,87.5,0.0,87.5,87.5,1.058212,0.006884,1.051779,1.069273,85.75,16.700798,68.0,100.0,1,1,1,1
30.9,0.0,30.9,30.9,85.7,0.0,85.7,85.7,0.333727,0.0,0.333727,0.333727,85.75,16.700798,68.0,100.0,1,1,1,1
30.9,0.0,30.9,30.9,85.7,0.0,85.7,85.7,0.290816,0.0,0.290816,0.290816,0.0,0.0,0.0,0.0,1,1,1,1
30.9,0.0,30.9,30.9,85.7,0.0,85.7,85.7,0.290816,0.0,0.290816,0.290816,100.0,0.0,100.0,100.0,1,1,1,1
30.9,0.0,30.9,30.9,85.7,0.0,85.7,85.7,0.290816,0.0,0.290816,0.290816,85.75,16.700798,68.0,100.0,1,1,1,1
30.9,0.0,30.9,30.9,85.7,0.0,85.7,85.7,0.290816,0.0,0.290816,0.290816,53.666667,50.40172,0.0,100.0,1,1,1,1
30.9,0.0,30.9,30.9,85.7,0.0,85.7,85.7,0.333727,0.0,0.333727,0.333727,0.0,0.0,0.0,0.0,1,1,1,1
30.9,0.0,30.9,30.9,85.7,0.0,85.7,85.7,0.333727,0.0,0.333727,0.333727,100.0,0.0,100.0,100.0,1,1,1,1
30.9,0.0,30.9,30.9,85.7,0.0,85.7,85.7,1.058212,0.006884,1.051779,1.069273,53.666667,50.40172,0.0,100.0,1,1,1,1
30.9,0.0,30.9,30.9,85.7,0.0,85.7,85.7,0.333727,0.0,0.333727,0.333727,53.666667,50.40172,0.0,100.0,1,1,1,1
30.9,0.0,30.9,30.9,85.7,0.0,85.7,85.7,1.057305,0.001672,1.054924,1.05895,0.0,0.0,0.0,0.0,1,1,1,1
30.9,0.0,30.9,30.9,85.7,0.0,85.7,85.7,1.057305,0.001672,1.054924,1.05895,100.0,0.0,100.0,100.0,1,1,1,1
30.9,0.0,30.9,30.9,85.7,0.0,85.7,85.7,1.057305,0.001672,1.054924,1.05895,85.75,16.700798,68.0,100.0,1,1,1,1
30.9,0.0,30.9,30.9,85.7,0.0,85.7,85.7,1.057305,0.001672,1.054924,1.05895,53.666667,50.40172,0.0,100.0,1,1,1,1
30.9,0.0,30.9,30.9,85.7,0.0,85.7,85.7,1.058212,0.006884,1.051779,1.069273,0.0,0.0,0.0,0.0,1,1,1,1
30.9,0.0,30.9,30.9,85.7,0.0,85.7,85.7,1.058212,0.006884,1.051779,1.069273,100.0,0.0,100.0,100.0,1,1,1,1
30.9,0.0,30.9,30.9,87.5,0.0,87.5,87.5,1.058212,0.006884,1.051779,1.069273,53.666667,50.40172,0.0,100.0,1,1,1,1
30.9,0.0,30.9,30.9,85.7,0.0,85.7,85.7,1.058212,0.006884,1.051779,1.069273,85.75,16.700798,68.0,100.0,1,1,1,1
31.0,0.0,31.0,31.0,84.8,0.0,84.8,84.8,1.058212,0.006884,1.051779,1.069273,53.666667,50.40172,0.0,100.0,1,1,1,1
31.0,0.0,31.0,31.0,84.8,0.0,84.8,84.8,1.058212,0.006884,1.051779,1.069273,100.0,0.0,100.0,100.0,1,1,1,1
30.9,0.0,30.9,30.9,85.9,0.0,85.9,85.9,0.290816,0.0,0.290816,0.290816,0.0,0.0,0.0,0.0,1,1,1,1
30.9,0.0,30.9,30.9,85.9,0.0,85.9,85.9,0.290816,0.0,0.290816,0.290816,100.0,0.0,100.0,100.0,1,1,1,1
30.9,0.0,30.9,30.9,85.9,0.0,85.9,85.9,0.290816,0.0,0.290816,0.290816,85.75,16.700798,68.0,100.0,1,1,1,1
30.9,0.0,30.9,30.9,85.9,0.0,85.9,85.9,0.290816,0.0,0.290816,0.290816,53.666667,50.40172,0.0,100.0,1,1,1,1
30.9,0.0,30.9,30.9,85.9,0.0,85.9,85.9,0.333727,0.0,0.333727,0.333727,0.0,0.0,0.0,0.0,1,1,1,1
30.9,0.0,30.9,30.9,85.9,0.0,85.9,85.9,0.333727,0.0,0.333727,0.333727,100.0,0.0,100.0,100.0,1,1,1,1
30.9,0.0,30.9,30.9,85.9,0.0,85.9,85.9,0.333727,0.0,0.333727,0.333727,85.75,16.700798,68.0,100.0,1,1,1,1
30.9,0.0,30.9,30.9,85.9,0.0,85.9,85.9,0.333727,0.0,0.333727,0.333727,53.666667,50.40172,0.0,100.0,1,1,1,1
31.0,0.0,31.0,31.0,84.8,0.0,84.8,84.8,1.058212,0.006884,1.051779,1.069273,85.75,16.700798,68.0,100.0,1,1,1,1
30.9,0.0,30.9,30.9,85.9,0.0,85.9,85.9,1.057305,0.001672,1.054924,1.05895,100.0,0.0,100.0,100.0,1,1,1,1
30.9,0.0,30.9,30.9,85.9,0.0,85.9,85.9,1.057305,0.001672,1.054924,1.05895,85.75,16.700798,68.0,100.0,1,1,1,1
30.9,0.0,30.9,30.9,85.9,0.0,85.9,85.9,1.057305,0.001672,1.054924,1.05895,53.666667,50.40172,0.0,100.0,1,1,1,1
30.9,0.0,30.9,30.9,85.9,0.0,85.9,85.9,1.058212,0.006884,1.051779,1.069273,0.0,0.0,0.0,0.0,1,1,1,1
30.9,0.0,30.9,30.9,85.9,0.0,85.9,85.9,1.058212,0.006884,1.051779,1.069273,100.0,0.0,100.0,100.0,1,1,1,1
30.9,0.0,30.9,30.9,85.9,0.0,85.9,85.9,1.057305,0.001672,1.054924,1.05895,0.0,0.0,0.0,0.0,1,1,1,1
30.9,0.0,30.9,30.9,85.9,0.0,85.9,85.9,1.058212,0.006884,1.051779,1.069273,53.666667,50.40172,0.0,100.0,1,1,1,1
30.9,0.0,30.9,30.9,85.9,0.0,85.9,85.9,1.058212,0.006884,1.051779,1.069273,85.75,16.700798,68.0,100.0,1,1,1,1
31.0,0.0,31.0,31.0,84.8,0.0,84.8,84.8,1.057305,0.001672,1.054924,1.05895,53.666667,50.40172,0.0,100.0,1,1,1,1
31.0,0.0,31.0,31.0,84.8,0.0,84.8,84.8,1.057305,0.001672,1.054924,1.05895,85.75,16.700798,68.0,100.0,1,1,1,1
31.0,0.0,31.0,31.0,84.8,0.0,84.8,84.8,1.057305,0.001672,1.054924,1.05895,100.0,0.0,100.0,100.0,1,1,1,1
31.0,0.0,31.0,31.0,84.8,0.0,84.8,84.8,1.057305,0.001672,1.054924,1.05895,0.0,0.0,0.0,0.0,1,1,1,1
31.0,0.0,31.0,31.0,84.8,0.0,84.8,84.8,0.333727,0.0,0.333727,0.333727,53.666667,50.40172,0.0,100.0,1,1,1,1
31.0,0.0,31.0,31.0,84.8,0.0,84.8,84.8,1.058212,0.006884,1.051779,1.069273,0.0,0.0,0.0,0.0,1,1,1,1
31.0,0.0,31.0,31.0,84.8,0.0,84.8,84.8,0.333727,0.0,0.333727,0.333727,100.0,0.0,100.0,100.0,1,1,1,1
31.0,0.0,31.0,31.0,84.8,0.0,84.8,84.8,0.333727,0.0,0.333727,0.333727,0.0,0.0,0.0,0.0,1,1,1,1
31.0,0.0,31.0,31.0,84.8,0.0,84.8,84.8,0.290816,0.0,0.290816,0.290816,53.666667,50.40172,0.0,100.0,1,1,1,1
31.0,0.0,31.0,31.0,84.8,0.0,84.8,84.8,0.290816,0.0,0.290816,0.290816,85.75,16.700798,68.0,100.0,1,1,1,1
31.0,0.0,31.0,31.0,84.8,0.0,84.8,84.8,0.290816,0.0,0.290816,0.290816,100.0,0.0,100.0,100.0,1,1,1,1
31.0,0.0,31.0,31.0,84.8,0.0,84.8,84.8,0.290816,0.0,0.290816,0.290816,0.0,0.0,0.0,0.0,1,1,1,1
31.0,0.0,31.0,31.0,84.8,0.0,84.8,84.8,0.333727,0.0,0.333727,0.333727,85.75,16.700798,68.0,100.0,1,1,1,1
31.0,0.0,31.0,31.0,86.1,0.0,86.1,86.1,0.333727,0.0,0.333727,0.333727,100.0,0.0,100.0,100.0,1,1,1,1
31.0,0.0,31.0,31.0,86.1,0.0,86.1,86.1,0.333727,0.0,0.333727,0.333727,256.0,0.0,256.0,256.0,1,1,1,1
31.0,0.0,31.0,31.0,86.1,0.0,86.1,86.1,0.333727,0.0,0.333727,0.333727,46.25,33.220225,0.0,79.0,1,1,1,1
31.0,0.0,31.0,31.0,86.1,0.0,86.1,86.1,0.333727,0.0,0.333727,0.333727,91.25,16.839933,66.0,100.0,1,1,1,1
31.0,0.0,31.0,31.0,86.1,0.0,86.1,86.1,0.359362,0.0,0.359362,0.359362,75.0,50.0,0.0,100.0,1,1,1,1
31.0,0.0,31.0,31.0,86.1,0.0,86.1,86.1,0.359362,0.0,0.359362,0.359362,91.25,16.839933,66.0,100.0,1,1,1,1
31.0,0.0,31.0,31.0,86.1,0.0,86.1,86.1,0.359362,0.0,0.359362,0.359362,256.0,0.0,256.0,256.0,1,1,1,1
31.0,0.0,31.0,31.0,86.1,0.0,86.1,86.1,0.359362,0.0,0.359362,0.359362,46.25,33.220225,0.0,79.0,1,1,1,1
31.0,0.0,31.0,31.0,86.1,0.0,86.1,86.1,1.056949,0.003491,1.052152,1.06239,75.0,50.0,0.0,100.0,1,1,1,1
31.0,0.0,31.0,31.0,86.1,0.0,86.1,86.1,1.056949,0.003491,1.052152,1.06239,100.0,0.0,100.0,100.0,1,1,1,1
31.0,0.0,31.0,31.0,86.1,0.0,86.1,86.1,1.056949,0.003491,1.052152,1.06239,256.0,0.0,256.0,256.0,1,1,1,1
31.0,0.0,31.0,31.0,86.1,0.0,86.1,86.1,0.359362,0.0,0.359362,0.359362,100.0,0.0,100.0,100.0,1,1,1,1
31.0,0.0,31.0,31.0,86.1,0.0,86.1,86.1,0.333727,0.0,0.333727,0.333727,75.0,50.0,0.0,100.0,1,1,1,1
31.0,0.0,31.0,31.0,84.7,0.0,84.7,84.7,1.056949,0.003491,1.052152,1.06239,75.0,50.0,0.0,100.0,1,1,1,1
31.0,0.0,31.0,31.0,86.1,0.0,86.1,86.1,0.290816,0.0,0.290816,0.290816,46.25,33.220225,0.0,79.0,1,1,1,1
31.0,0.0,31.0,31.0,86.1,0.0,86.1,86.1,0.290816,0.0,0.290816,0.290816,256.0,0.0,256.0,256.0,1,1,1,1
31.0,0.0,31.0,31.0,86.1,0.0,86.1,86.1,0.290816,0.0,0.290816,0.290816,100.0,0.0,100.0,100.0,1,1,1,1
31.0,0.0,31.0,31.0,86.1,0.0,86.1,86.1,0.290816,0.0,0.290816,0.290816,75.0,50.0,0.0,100.0,1,1,1,1
31.0,0.0,31.0,31.0,84.7,0.0,84.7,84.7,1.055819,0.004011,1.04813,1.061245,91.25,16.839933,66.0,100.0,1,1,1,1
31.0,0.0,31.0,31.0,84.7,0.0,84.7,84.7,1.055819,0.004011,1.04813,1.061245,46.25,33.220225,0.0,79.0,1,1,1,1
31.0,0.0,31.0,31.0,84.7,0.0,84.7,84.7,1.055819,0.004011,1.04813,1.061245,256.0,0.0,256.0,256.0,1,1,1,1
31.0,0.0,31.0,31.0,84.7,0.0,84.7,84.7,1.055819,0.004011,1.04813,1.061245,100.0,0.0,100.0,100.0,1,1,1,1
31.0,0.0,31.0,31.0,84.7,0.0,84.7,84.7,1.055819,0.004011,1.04813,1.061245,75.0,50.0,0.0,100.0,1,1,1,1
31.0,0.0,31.0,31.0,84.7,0.0,84.7,84.7,1.056949,0.003491,1.052152,1.06239,91.25,16.839933,66.0,100.0,1,1,1,1
31.0,0.0,31.0,31.0,84.7,0.0,84.7,84.7,1.056949,0.003491,1.052152,1.06239,46.25,33.220225,0.0,79.0,1,1,1,1
31.0,0.0,31.0,31.0,84.7,0.0,84.7,84.7,1.056949,0.003491,1.052152,1.06239,256.0,0.0,256.0,256.0,1,1,1,1
31.0,0.0,31.0,31.0,84.7,0.0,84.7,84.7,1.056949,0.003491,1.052152,1.06239,100.0,0.0,100.0,100.0,1,1,1,1
31.0,0.0,31.0,31.0,86.1,0.0,86.1,86.1,1.056949,0.003491,1.052152,1.06239,46.25,33.220225,0.0,79.0,1,1,1,1
31.0,0.0,31.0,31.0,86.1,0.0,86.1,86.1,0.290816,0.0,0.290816,0.290816,91.25,16.839933,66.0,100.0,1,1,1,1
31.0,0.0,31.0,31.0,86.1,0.0,86.1,86.1,1.056949,0.003491,1.052152,1.06239,91.25,16.839933,66.0,100.0,1,1,1,1
30.9,0.0,30.9,30.9,85.6,0.0,85.6,85.6,0.333727,0.0,0.333727,0.333727,91.25,16.839933,66.0,100.0,1,1,1,1
31.0,0.0,31.0,31.0,86.1,0.0,86.1,86.1,1.055819,0.004011,1.04813,1.061245,100.0,0.0,100.0,100.0,1,1,1,1
31.0,0.0,31.0,31.0,84.7,0.0,84.7,84.7,0.359362,0.0,0.359362,0.359362,91.25,16.839933,66.0,100.0,1,1,1,1
30.9,0.0,30.9,30.9,85.6,0.0,85.6,85.6,1.055819,0.004011,1.04813,1.061245,91.25,16.839933,66.0,100.0,1,1,1,1
30.9,0.0,30.9,30.9,85.6,0.0,85.6,85.6,1.055819,0.004011,1.04813,1.061245,46.25,33.220225,0.0,79.0,1,1,1,1
30.9,0.0,30.9,30.9,85.6,0.0,85.6,85.6,1.055819,0.004011,1.04813,1.061245,256.0,0.0,256.0,256.0,1,1,1,1
30.9,0.0,30.9,30.9,85.6,0.0,85.6,85.6,1.055819,0.004011,1.04813,1.061245,100.0,0.0,100.0,100.0,1,1,1,1
30.9,0.0,30.9,30.9,85.6,0.0,85.6,85.6,1.055819,0.004011,1.04813,1.061245,75.0,50.0,0.0,100.0,1,1,1,1
30.9,0.0,30.9,30.9,85.6,0.0,85.6,85.6,1.056949,0.003491,1.052152,1.06239,91.25,16.839933,66.0,100.0,1,1,1,1
30.9,0.0,30.9,30.9,85.6,0.0,85.6,85.6,1.056949,0.003491,1.052152,1.06239,46.25,33.220225,0.0,79.0,1,1,1,1
30.9,0.0,30.9,30.9,85.6,0.0,85.6,85.6,1.056949,0.003491,1.052152,1.06239,256.0,0.0,256.0,256.0,1,1,1,1
30.9,0.0,30.9,30.9,85.6,0.0,85.6,85.6,1.056949,0.003491,1.052152,1.06239,100.0,0.0,100.0,100.0,1,1,1,1
30.9,0.0,30.9,30.9,85.6,0.0,85.6,85.6,1.056949,0.003491,1.052152,1.06239,75.0,50.0,0.0,100.0,1,1,1,1
30.9,0.0,30.9,30.9,85.6,0.0,85.6,85.6,0.359362,0.0,0.359362,0.359362,91.25,16.839933,66.0,100.0,1,1,1,1
30.9,0.0,30.9,30.9,85.6,0.0,85.6,85.6,0.359362,0.0,0.359362,0.359362,46.25,33.220225,0.0,79.0,1,1,1,1
31.0,0.0,31.0,31.0,86.1,0.0,86.1,86.1,1.055819,0.004011,1.04813,1.061245,75.0,50.0,0.0,100.0,1,1,1,1
30.9,0.0,30.9,30.9,85.6,0.0,85.6,85.6,0.359362,0.0,0.359362,0.359362,256.0,0.0,256.0,256.0,1,1,1,1
30.9,0.0,30.9,30.9,85.6,0.0,85.6,85.6,0.359362,0.0,0.359362,0.359362,75.0,50.0,0.0,100.0,1,1,1,1
30.9,0.0,30.9,30.9,85.6,0.0,85.6,85.6,0.333727,0.0,0.333727,0.333727,46.25,33.220225,0.0,79.0,1,1,1,1
30.9,0.0,30.9,30.9,85.6,0.0,85.6,85.6,0.333727,0.0,0.333727,0.333727,256.0,0.0,256.0,256.0,1,1,1,1
30.9,0.0,30.9,30.9,85.6,0.0,85.6,85.6,0.333727,0.0,0.333727,0.333727,100.0,0.0,100.0,100.0,1,1,1,1
30.9,0.0,30.9,30.9,85.6,0.0,85.6,85.6,0.333727,0.0,0.333727,0.333727,75.0,50.0,0.0,100.0,1,1,1,1
30.9,0.0,30.9,30.9,85.6,0.0,85.6,85.6,0.290816,0.0,0.290816,0.290816,91.25,16.839933,66.0,100.0,1,1,1,1
30.9,0.0,30.9,30.9,85.6,0.0,85.6,85.6,0.290816,0.0,0.290816,0.290816,46.25,33.220225,0.0,79.0,1,1,1,1
30.9,0.0,30.9,30.9,85.6,0.0,85.6,85.6,0.290816,0.0,0.290816,0.290816,256.0,0.0,256.0,256.0,1,1,1,1
30.9,0.0,30.9,30.9,85.6,0.0,85.6,85.6,0.290816,0.0,0.290816,0.290816,100.0,0.0,100.0,100.0,1,1,1,1
30.9,0.0,30.9,30.9,85.6,0.0,85.6,85.6,0.290816,0.0,0.290816,0.290816,75.0,50.0,0.0,100.0,1,1,1,1
31.0,0.0,31.0,31.0,86.1,0.0,86.1,86.1,1.055819,0.004011,1.04813,1.061245,91.25,16.839933,66.0,100.0,1,1,1,1
31.0,0.0,31.0,31.0,86.1,0.0,86.1,86.1,1.055819,0.004011,1.04813,1.061245,46.25,33.220225,0.0,79.0,1,1,1,1
31.0,0.0,31.0,31.0,86.1,0.0,86.1,86.1,1.055819,0.004011,1.04813,1.061245,256.0,0.0,256.0,256.0,1,1,1,1
30.9,0.0,30.9,30.9,85.6,0.0,85.6,85.6,0.359362,0.0,0.359362,0.359362,100.0,0.0,100.0,100.0,1,1,1,1
31.0,0.0,31.0,31.0,84.7,0.0,84.7,84.7,0.359362,0.0,0.359362,0.359362,46.25,33.220225,0.0,79.0,1,1,1,1
31.0,0.0,31.0,31.0,84.9,0.0,84.9,84.9,1.055819,0.004011,1.04813,1.061245,46.25,33.220225,0.0,79.0,1,1,1,1
31.0,0.0,31.0,31.0,84.7,0.0,84.7,84.7,0.359362,0.0,0.359362,0.359362,100.0,0.0,100.0,100.0,1,1,1,1
31.0,0.0,31.0,31.0,84.9,0.0,84.9,84.9,0.290816,0.0,0.290816,0.290816,46.25,33.220225,0.0,79.0,1,1,1,1
31.0,0.0,31.0,31.0,84.9,0.0,84.9,84.9,0.290816,0.0,0.290816,0.290816,256.0,0.0,256.0,256.0,1,1,1,1
31.0,0.0,31.0,31.0,84.9,0.0,84.9,84.9,0.290816,0.0,0.290816,0.290816,100.0,0.0,100.0,100.0,1,1,1,1
31.0,0.0,31.0,31.0,84.9,0.0,84.9,84.9,0.290816,0.0,0.290816,0.290816,75.0,50.0,0.0,100.0,1,1,1,1
0.0,0.0,0.0,0.0,0.0,0.0,0.0,0.0,1.055819,0.004011,1.04813,1.061245,46.25,33.220225,0.0,79.0,1,1,1,1
0.0,0.0,0.0,0.0,0.0,0.0,0.0,0.0,1.055819,0.004011,1.04813,1.061245,256.0,0.0,256.0,256.0,1,1,1,1
0.0,0.0,0.0,0.0,0.0,0.0,0.0,0.0,1.055819,0.004011,1.04813,1.061245,100.0,0.0,100.0,100.0,1,1,1,1
0.0,0.0,0.0,0.0,0.0,0.0,0.0,0.0,1.055819,0.004011,1.04813,1.061245,75.0,50.0,0.0,100.0,1,1,1,1
0.0,0.0,0.0,0.0,0.0,0.0,0.0,0.0,1.056949,0.003491,1.052152,1.06239,91.25,16.839933,66.0,100.0,1,1,1,1
0.0,0.0,0.0,0.0,0.0,0.0,0.0,0.0,1.056949,0.003491,1.052152,1.06239,46.25,33.220225,0.0,79.0,1,1,1,1
0.0,0.0,0.0,0.0,0.0,0.0,0.0,0.0,1.056949,0.003491,1.052152,1.06239,256.0,0.0,256.0,256.0,1,1,1,1
0.0,0.0,0.0,0.0,0.0,0.0,0.0,0.0,1.056949,0.003491,1.052152,1.06239,100.0,0.0,100.0,100.0,1,1,1,1
0.0,0.0,0.0,0.0,0.0,0.0,0.0,0.0,1.056949,0.003491,1.052152,1.06239,75.0,50.0,0.0,100.0,1,1,1,1
31.0,0.0,31.0,31.0,84.9,0.0,84.9,84.9,0.290816,0.0,0.290816,0.290816,91.25,16.839933,66.0,100.0,1,1,1,1
0.0,0.0,0.0,0.0,0.0,0.0,0.0,0.0,0.359362,0.0,0.359362,0.359362,91.25,16.839933,66.0,100.0,1,1,1,1
0.0,0.0,0.0,0.0,0.0,0.0,0.0,0.0,0.359362,0.0,0.359362,0.359362,256.0,0.0,256.0,256.0,1,1,1,1
0.0,0.0,0.0,0.0,0.0,0.0,0.0,0.0,0.359362,0.0,0.359362,0.359362,100.0,0.0,100.0,100.0,1,1,1,1
0.0,0.0,0.0,0.0,0.0,0.0,0.0,0.0,0.359362,0.0,0.359362,0.359362,75.0,50.0,0.0,100.0,1,1,1,1
0.0,0.0,0.0,0.0,0.0,0.0,0.0,0.0,0.333727,0.0,0.333727,0.333727,91.25,16.839933,66.0,100.0,1,1,1,1
0.0,0.0,0.0,0.0,0.0,0.0,0.0,0.0,0.333727,0.0,0.333727,0.333727,46.25,33.220225,0.0,79.0,1,1,1,1
0.0,0.0,0.0,0.0,0.0,0.0,0.0,0.0,0.333727,0.0,0.333727,0.333727,256.0,0.0,256.0,256.0,1,1,1,1
0.0,0.0,0.0,0.0,0.0,0.0,0.0,0.0,0.333727,0.0,0.333727,0.333727,100.0,0.0,100.0,100.0,1,1,1,1
0.0,0.0,0.0,0.0,0.0,0.0,0.0,0.0,0.333727,0.0,0.333727,0.333727,75.0,50.0,0.0,100.0,1,1,1,1
0.0,0.0,0.0,0.0,0.0,0.0,0.0,0.0,0.290816,0.0,0.290816,0.290816,91.25,16.839933,66.0,100.0,1,1,1,1
0.0,0.0,0.0,0.0,0.0,0.0,0.0,0.0,0.290816,0.0,0.290816,0.290816,46.25,33.220225,0.0,79.0,1,1,1,1
0.0,0.0,0.0,0.0,0.0,0.0,0.0,0.0,0.290816,0.0,0.290816,0.290816,256.0,0.0,256.0,256.0,1,1,1,1
0.0,0.0,0.0,0.0,0.0,0.0,0.0,0.0,0.290816,0.0,0.290816,0.290816,100.0,0.0,100.0,100.0,1,1,1,1
0.0,0.0,0.0,0.0,0.0,0.0,0.0,0.0,0.290816,0.0,0.290816,0.290816,75.0,50.0,0.0,100.0,1,1,1,1
0.0,0.0,0.0,0.0,0.0,0.0,0.0,0.0,0.359362,0.0,0.359362,0.359362,46.25,33.220225,0.0,79.0,1,1,1,1
31.0,0.0,31.0,31.0,84.9,0.0,84.9,84.9,0.333727,0.0,0.333727,0.333727,75.0,50.0,0.0,100.0,1,1,1,1
0.0,0.0,0.0,0.0,0.0,0.0,0.0,0.0,1.055819,0.004011,1.04813,1.061245,91.25,16.839933,66.0,100.0,1,1,1,1
31.0,0.0,31.0,31.0,84.9,0.0,84.9,84.9,0.333727,0.0,0.333727,0.333727,256.0,0.0,256.0,256.0,1,1,1,1
31.0,0.0,31.0,31.0,84.7,0.0,84.7,84.7,0.359362,0.0,0.359362,0.359362,75.0,50.0,0.0,100.0,1,1,1,1
31.0,0.0,31.0,31.0,84.7,0.0,84.7,84.7,0.333727,0.0,0.333727,0.333727,91.25,16.839933,66.0,100.0,1,1,1,1
31.0,0.0,31.0,31.0,84.7,0.0,84.7,84.7,0.333727,0.0,0.333727,0.333727,46.25,33.220225,0.0,79.0,1,1,1,1
31.0,0.0,31.0,31.0,84.7,0.0,84.7,84.7,0.333727,0.0,0.333727,0.333727,256.0,0.0,256.0,256.0,1,1,1,1
31.0,0.0,31.0,31.0,84.7,0.0,84.7,84.7,0.333727,0.0,0.333727,0.333727,100.0,0.0,100.0,100.0,1,1,1,1
31.0,0.0,31.0,31.0,84.7,0.0,84.7,84.7,0.333727,0.0,0.333727,0.333727,75.0,50.0,0.0,100.0,1,1,1,1
31.0,0.0,31.0,31.0,84.7,0.0,84.7,84.7,0.290816,0.0,0.290816,0.290816,91.25,16.839933,66.0,100.0,1,1,1,1
31.0,0.0,31.0,31.0,84.7,0.0,84.7,84.7,0.290816,0.0,0.290816,0.290816,46.25,33.220225,0.0,79.0,1,1,1,1
31.0,0.0,31.0,31.0,84.9,0.0,84.9,84.9,0.333727,0.0,0.333727,0.333727,100.0,0.0,100.0,100.0,1,1,1,1
31.0,0.0,31.0,31.0,84.7,0.0,84.7,84.7,0.290816,0.0,0.290816,0.290816,100.0,0.0,100.0,100.0,1,1,1,1
31.0,0.0,31.0,31.0,84.7,0.0,84.7,84.7,0.290816,0.0,0.290816,0.290816,75.0,50.0,0.0,100.0,1,1,1,1
31.0,0.0,31.0,31.0,84.9,0.0,84.9,84.9,1.055819,0.004011,1.04813,1.061245,91.25,16.839933,66.0,100.0,1,1,1,1
31.0,0.0,31.0,31.0,84.7,0.0,84.7,84.7,0.359362,0.0,0.359362,0.359362,256.0,0.0,256.0,256.0,1,1,1,1
31.0,0.0,31.0,31.0,84.9,0.0,84.9,84.9,1.055819,0.004011,1.04813,1.061245,256.0,0.0,256.0,256.0,1,1,1,1
31.0,0.0,31.0,31.0,84.7,0.0,84.7,84.7,0.290816,0.0,0.290816,0.290816,256.0,0.0,256.0,256.0,1,1,1,1
31.0,0.0,31.0,31.0,84.9,0.0,84.9,84.9,1.055819,0.004011,1.04813,1.061245,75.0,50.0,0.0,100.0,1,1,1,1
31.0,0.0,31.0,31.0,84.9,0.0,84.9,84.9,1.055819,0.004011,1.04813,1.061245,100.0,0.0,100.0,100.0,1,1,1,1
31.0,0.0,31.0,31.0,84.9,0.0,84.9,84.9,0.333727,0.0,0.333727,0.333727,91.25,16.839933,66.0,100.0,1,1,1,1
31.0,0.0,31.0,31.0,84.9,0.0,84.9,84.9,0.359362,0.0,0.359362,0.359362,75.0,50.0,0.0,100.0,1,1,1,1
31.0,0.0,31.0,31.0,84.9,0.0,84.9,84.9,0.359362,0.0,0.359362,0.359362,100.0,0.0,100.0,100.0,1,1,1,1
31.0,0.0,31.0,31.0,84.9,0.0,84.9,84.9,0.359362,0.0,0.359362,0.359362,256.0,0.0,256.0,256.0,1,1,1,1
31.0,0.0,31.0,31.0,84.9,0.0,84.9,84.9,0.359362,0.0,0.359362,0.359362,46.25,33.220225,0.0,79.0,1,1,1,1
31.0,0.0,31.0,31.0,84.9,0.0,84.9,84.9,0.333727,0.0,0.333727,0.333727,46.25,33.220225,0.0,79.0,1,1,1,1
31.0,0.0,31.0,31.0,84.9,0.0,84.9,84.9,1.056949,0.003491,1.052152,1.06239,75.0,50.0,0.0,100.0,1,1,1,1
31.0,0.0,31.0,31.0,84.9,0.0,84.9,84.9,1.056949,0.003491,1.052152,1.06239,100.0,0.0,100.0,100.0,1,1,1,1
31.0,0.0,31.0,31.0,84.9,0.0,84.9,84.9,1.056949,0.003491,1.052152,1.06239,256.0,0.0,256.0,256.0,1,1,1,1
31.0,0.0,31.0,31.0,84.9,0.0,84.9,84.9,1.056949,0.003491,1.052152,1.06239,46.25,33.220225,0.0,79.0,1,1,1,1
31.0,0.0,31.0,31.0,84.9,0.0,84.9,84.9,1.056949,0.003491,1.052152,1.06239,91.25,16.839933,66.0,100.0,1,1,1,1
31.0,0.0,31.0,31.0,84.9,0.0,84.9,84.9,0.359362,0.0,0.359362,0.359362,91.25,16.839933,66.0,100.0,1,1,1,1
31.0,0.0,31.0,31.0,84.6,0.0,84.6,84.6,1.060567,0.003426,1.055318,1.064842,256.0,0.0,256.0,256.0,1,1,1,1
31.0,0.0,31.0,31.0,84.6,0.0,84.6,84.6,1.060567,0.003426,1.055318,1.064842,18.333333,31.754265,0.0,55.0,1,1,1,1
0.0,0.0,0.0,0.0,0.0,0.0,0.0,0.0,0.290816,0.0,0.290816,0.290816,100.0,0.0,100.0,100.0,1,1,1,1
0.0,0.0,0.0,0.0,0.0,0.0,0.0,0.0,0.290816,0.0,0.290816,0.290816,256.0,0.0,256.0,256.0,1,1,1,1
0.0,0.0,0.0,0.0,0.0,0.0,0.0,0.0,0.290816,0.0,0.290816,0.290816,18.333333,31.754265,0.0,55.0,1,1,1,1
0.0,0.0,0.0,0.0,0.0,0.0,0.0,0.0,0.359362,0.0,0.359362,0.359362,18.333333,31.754265,0.0,55.0,1,1,1,1
0.0,0.0,0.0,0.0,0.0,0.0,0.0,0.0,0.359362,0.0,0.359362,0.359362,256.0,0.0,256.0,256.0,1,1,1,1
0.0,0.0,0.0,0.0,0.0,0.0,0.0,0.0,1.060567,0.003426,1.055318,1.064842,100.0,0.0,100.0,100.0,1,1,1,1
0.0,0.0,0.0,0.0,0.0,0.0,0.0,0.0,1.060567,0.003426,1.055318,1.064842,256.0,0.0,256.0,256.0,1,1,1,1
0.0,0.0,0.0,0.0,0.0,0.0,0.0,0.0,1.060567,0.003426,1.055318,1.064842,18.333333,31.754265,0.0,55.0,1,1,1,1
31.0,0.0,31.0,31.0,84.6,0.0,84.6,84.6,1.060567,0.003426,1.055318,1.064842,100.0,0.0,100.0,100.0,1,1,1,1
0.0,0.0,0.0,0.0,0.0,0.0,0.0,0.0,0.359362,0.0,0.359362,0.359362,100.0,0.0,100.0,100.0,1,1,1,1
31.0,0.0,31.0,31.0,84.6,0.0,84.6,84.6,0.359362,0.0,0.359362,0.359362,18.333333,31.754265,0.0,55.0,1,1,1,1
31.0,0.0,31.0,31.0,84.6,0.0,84.6,84.6,0.359362,0.0,0.359362,0.359362,256.0,0.0,256.0,256.0,1,1,1,1
31.0,0.0,31.0,31.0,84.6,0.0,84.6,84.6,0.359362,0.0,0.359362,0.359362,100.0,0.0,100.0,100.0,1,1,1,1
0.0,0.0,0.0,0.0,0.0,0.0,0.0,0.0,0.290816,0.0,0.290816,0.290816,100.0,0.0,100.0,100.0,1,1,1,1
0.0,0.0,0.0,0.0,0.0,0.0,0.0,0.0,0.290816,0.0,0.290816,0.290816,256.0,0.0,256.0,256.0,1,1,1,1
0.0,0.0,0.0,0.0,0.0,0.0,0.0,0.0,0.290816,0.0,0.290816,0.290816,18.333333,31.754265,0.0,55.0,1,1,1,1
0.0,0.0,0.0,0.0,0.0,0.0,0.0,0.0,0.359362,0.0,0.359362,0.359362,256.0,0.0,256.0,256.0,1,1,1,1
0.0,0.0,0.0,0.0,0.0,0.0,0.0,0.0,0.359362,0.0,0.359362,0.359362,18.333333,31.754265,0.0,55.0,1,1,1,1
0.0,0.0,0.0,0.0,0.0,0.0,0.0,0.0,0.359362,0.0,0.359362,0.359362,100.0,0.0,100.0,100.0,1,1,1,1
0.0,0.0,0.0,0.0,0.0,0.0,0.0,0.0,1.060567,0.003426,1.055318,1.064842,256.0,0.0,256.0,256.0,1,1,1,1
0.0,0.0,0.0,0.0,0.0,0.0,0.0,0.0,1.060567,0.003426,1.055318,1.064842,18.333333,31.754265,0.0,55.0,1,1,1,1
31.0,0.0,31.0,31.0,84.6,0.0,84.6,84.6,0.290816,0.0,0.290816,0.290816,100.0,0.0,100.0,100.0,1,1,1,1
31.0,0.0,31.0,31.0,84.6,0.0,84.6,84.6,0.290816,0.0,0.290816,0.290816,256.0,0.0,256.0,256.0,1,1,1,1
31.0,0.0,31.0,31.0,84.6,0.0,84.6,84.6,0.290816,0.0,0.290816,0.290816,18.333333,31.754265,0.0,55.0,1,1,1,1
0.0,0.0,0.0,0.0,0.0,0.0,0.0,0.0,1.060567,0.003426,1.055318,1.064842,100.0,0.0,100.0,100.0,1,1,1,1
31.0,0.0,31.0,31.0,85.7,0.0,85.7,85.7,0.359362,0.0,0.359362,0.359362,79.75,24.390914,51.0,100.0,1,1,1,1
31.0,0.0,31.0,31.0,85.7,0.0,85.7,85.7,0.333727,0.0,0.333727,0.333727,98.333333,2.886751,95.0,100.0,1,1,1,1
31.0,0.0,31.0,31.0,85.7,0.0,85.7,85.7,0.333727,0.0,0.333727,0.333727,256.0,0.0,256.0,256.0,1,1,1,1
31.0,0.0,31.0,31.0,85.7,0.0,85.7,85.7,0.333727,0.0,0.333727,0.333727,50.0,57.735027,0.0,100.0,1,1,1,1
31.0,0.0,31.0,31.0,85.7,0.0,85.7,85.7,0.333727,0.0,0.333727,0.333727,69.5,47.47982,0.0,100.0,1,1,1,1
31.0,0.0,31.0,31.0,85.7,0.0,85.7,85.7,0.359362,0.0,0.359362,0.359362,98.333333,2.886751,95.0,100.0,1,1,1,1
31.0,0.0,31.0,31.0,85.7,0.0,85.7,85.7,1.175972,0.336792,1.012024,1.938796,98.333333,2.886751,95.0,100.0,1,1,1,1
31.0,0.0,31.0,31.0,85.7,0.0,85.7,85.7,0.359362,0.0,0.359362,0.359362,256.0,0.0,256.0,256.0,1,1,1,1
31.0,0.0,31.0,31.0,85.7,0.0,85.7,85.7,0.359362,0.0,0.359362,0.359362,50.0,57.735027,0.0,100.0,1,1,1,1
31.0,0.0,31.0,31.0,85.7,0.0,85.7,85.7,0.359362,0.0,0.359362,0.359362,69.5,47.47982,0.0,100.0,1,1,1,1
31.0,0.0,31.0,31.0,85.7,0.0,85.7,85.7,1.175972,0.336792,1.012024,1.938796,79.75,24.390914,51.0,100.0,1,1,1,1
31.0,0.0,31.0,31.0,85.7,0.0,85.7,85.7,0.333727,0.0,0.333727,0.333727,79.75,24.390914,51.0,100.0,1,1,1,1
30.9,0.0,30.9,30.9,85.3,0.0,85.3,85.3,1.058845,0.005327,1.053148,1.066388,69.5,47.47982,0.0,100.0,1,1,1,1
31.0,0.0,31.0,31.0,85.7,0.0,85.7,85.7,0.290816,0.0,0.290816,0.290816,69.5,47.47982,0.0,100.0,1,1,1,1
31.0,0.0,31.0,31.0,84.6,0.0,84.6,84.6,1.058845,0.005327,1.053148,1.066388,50.0,57.735027,0.0,100.0,1,1,1,1
31.0,0.0,31.0,31.0,85.7,0.0,85.7,85.7,0.290816,0.0,0.290816,0.290816,256.0,0.0,256.0,256.0,1,1,1,1
31.0,0.0,31.0,31.0,85.7,0.0,85.7,85.7,0.290816,0.0,0.290816,0.290816,98.333333,2.886751,95.0,100.0,1,1,1,1
31.0,0.0,31.0,31.0,85.7,0.0,85.7,85.7,0.290816,0.0,0.290816,0.290816,79.75,24.390914,51.0,100.0,1,1,1,1
31.0,0.0,31.0,31.0,84.6,0.0,84.6,84.6,1.058845,0.005327,1.053148,1.066388,69.5,47.47982,0.0,100.0,1,1,1,1
31.0,0.0,31.0,31.0,85.7,0.0,85.7,85.7,1.175972,0.336792,1.012024,1.938796,256.0,0.0,256.0,256.0,1,1,1,1
31.0,0.0,31.0,31.0,84.6,0.0,84.6,84.6,1.058845,0.005327,1.053148,1.066388,256.0,0.0,256.0,256.0,1,1,1,1
31.0,0.0,31.0,31.0,84.6,0.0,84.6,84.6,1.058845,0.005327,1.053148,1.066388,98.333333,2.886751,95.0,100.0,1,1,1,1
31.0,0.0,31.0,31.0,84.6,0.0,84.6,84.6,1.058845,0.005327,1.053148,1.066388,79.75,24.390914,51.0,100.0,1,1,1,1
31.0,0.0,31.0,31.0,84.6,0.0,84.6,84.6,1.175972,0.336792,1.012024,1.938796,69.5,47.47982,0.0,100.0,1,1,1,1
31.0,0.0,31.0,31.0,84.6,0.0,84.6,84.6,1.175972,0.336792,1.012024,1.938796,50.0,57.735027,0.0,100.0,1,1,1,1
31.0,0.0,31.0,31.0,84.6,0.0,84.6,84.6,1.175972,0.336792,1.012024,1.938796,256.0,0.0,256.0,256.0,1,1,1,1
31.0,0.0,31.0,31.0,84.6,0.0,84.6,84.6,1.175972,0.336792,1.012024,1.938796,98.333333,2.886751,95.0,100.0,1,1,1,1
31.0,0.0,31.0,31.0,84.6,0.0,84.6,84.6,1.175972,0.336792,1.012024,1.938796,79.75,24.390914,51.0,100.0,1,1,1,1
31.0,0.0,31.0,31.0,85.7,0.0,85.7,85.7,0.290816,0.0,0.290816,0.290816,50.0,57.735027,0.0,100.0,1,1,1,1
31.0,0.0,31.0,31.0,85.7,0.0,85.7,85.7,1.175972,0.336792,1.012024,1.938796,50.0,57.735027,0.0,100.0,1,1,1,1
31.0,0.0,31.0,31.0,85.7,0.0,85.7,85.7,1.058845,0.005327,1.053148,1.066388,69.5,47.47982,0.0,100.0,1,1,1,1
31.0,0.0,31.0,31.0,85.7,0.0,85.7,85.7,1.058845,0.005327,1.053148,1.066388,79.75,24.390914,51.0,100.0,1,1,1,1
30.9,0.0,30.9,30.9,85.3,0.0,85.3,85.3,1.058845,0.005327,1.053148,1.066388,50.0,57.735027,0.0,100.0,1,1,1,1
30.9,0.0,30.9,30.9,85.3,0.0,85.3,85.3,1.058845,0.005327,1.053148,1.066388,256.0,0.0,256.0,256.0,1,1,1,1
30.9,0.0,30.9,30.9,85.3,0.0,85.3,85.3,1.058845,0.005327,1.053148,1.066388,98.333333,2.886751,95.0,100.0,1,1,1,1
30.9,0.0,30.9,30.9,85.3,0.0,85.3,85.3,1.058845,0.005327,1.053148,1.066388,79.75,24.390914,51.0,100.0,1,1,1,1
30.9,0.0,30.9,30.9,85.3,0.0,85.3,85.3,1.175972,0.336792,1.012024,1.938796,69.5,47.47982,0.0,100.0,1,1,1,1
30.9,0.0,30.9,30.9,85.3,0.0,85.3,85.3,1.175972,0.336792,1.012024,1.938796,50.0,57.735027,0.0,100.0,1,1,1,1
30.9,0.0,30.9,30.9,85.3,0.0,85.3,85.3,1.175972,0.336792,1.012024,1.938796,256.0,0.0,256.0,256.0,1,1,1,1
30.9,0.0,30.9,30.9,85.3,0.0,85.3,85.3,1.175972,0.336792,1.012024,1.938796,98.333333,2.886751,95.0,100.0,1,1,1,1
30.9,0.0,30.9,30.9,85.3,0.0,85.3,85.3,1.175972,0.336792,1.012024,1.938796,79.75,24.390914,51.0,100.0,1,1,1,1
30.9,0.0,30.9,30.9,85.3,0.0,85.3,85.3,0.359362,0.0,0.359362,0.359362,69.5,47.47982,0.0,100.0,1,1,1,1
30.9,0.0,30.9,30.9,85.3,0.0,85.3,85.3,0.359362,0.0,0.359362,0.359362,50.0,57.735027,0.0,100.0,1,1,1,1
30.9,0.0,30.9,30.9,85.3,0.0,85.3,85.3,0.359362,0.0,0.359362,0.359362,256.0,0.0,256.0,256.0,1,1,1,1
30.9,0.0,30.9,30.9,85.3,0.0,85.3,85.3,0.359362,0.0,0.359362,0.359362,98.333333,2.886751,95.0,100.0,1,1,1,1
31.0,0.0,31.0,31.0,85.7,0.0,85.7,85.7,1.175972,0.336792,1.012024,1.938796,69.5,47.47982,0.0,100.0,1,1,1,1
30.9,0.0,30.9,30.9,85.3,0.0,85.3,85.3,0.359362,0.0,0.359362,0.359362,79.75,24.390914,51.0,100.0,1,1,1,1
30.9,0.0,30.9,30.9,85.3,0.0,85.3,85.3,0.333727,0.0,0.333727,0.333727,50.0,57.735027,0.0,100.0,1,1,1,1
30.9,0.0,30.9,30.9,85.3,0.0,85.3,85.3,0.333727,0.0,0.333727,0.333727,256.0,0.0,256.0,256.0,1,1,1,1
30.9,0.0,30.9,30.9,85.3,0.0,85.3,85.3,0.333727,0.0,0.333727,0.333727,98.333333,2.886751,95.0,100.0,1,1,1,1
30.9,0.0,30.9,30.9,85.3,0.0,85.3,85.3,0.333727,0.0,0.333727,0.333727,79.75,24.390914,51.0,100.0,1,1,1,1
30.9,0.0,30.9,30.9,85.3,0.0,85.3,85.3,0.290816,0.0,0.290816,0.290816,69.5,47.47982,0.0,100.0,1,1,1,1
30.9,0.0,30.9,30.9,85.3,0.0,85.3,85.3,0.290816,0.0,0.290816,0.290816,50.0,57.735027,0.0,100.0,1,1,1,1
30.9,0.0,30.9,30.9,85.3,0.0,85.3,85.3,0.290816,0.0,0.290816,0.290816,256.0,0.0,256.0,256.0,1,1,1,1
30.9,0.0,30.9,30.9,85.3,0.0,85.3,85.3,0.290816,0.0,0.290816,0.290816,98.333333,2.886751,95.0,100.0,1,1,1,1
30.9,0.0,30.9,30.9,85.3,0.0,85.3,85.3,0.290816,0.0,0.290816,0.290816,79.75,24.390914,51.0,100.0,1,1,1,1
31.0,0.0,31.0,31.0,84.6,0.0,84.6,84.6,0.359362,0.0,0.359362,0.359362,69.5,47.47982,0.0,100.0,1,1,1,1
31.0,0.0,31.0,31.0,85.7,0.0,85.7,85.7,1.058845,0.005327,1.053148,1.066388,50.0,57.735027,0.0,100.0,1,1,1,1
31.0,0.0,31.0,31.0,85.7,0.0,85.7,85.7,1.058845,0.005327,1.053148,1.066388,256.0,0.0,256.0,256.0,1,1,1,1
31.0,0.0,31.0,31.0,85.7,0.0,85.7,85.7,1.058845,0.005327,1.053148,1.066388,98.333333,2.886751,95.0,100.0,1,1,1,1
30.9,0.0,30.9,30.9,85.3,0.0,85.3,85.3,0.333727,0.0,0.333727,0.333727,69.5,47.47982,0.0,100.0,1,1,1,1
31.0,0.0,31.0,31.0,84.6,0.0,84.6,84.6,0.359362,0.0,0.359362,0.359362,50.0,57.735027,0.0,100.0,1,1,1,1
31.0,0.0,31.0,31.0,84.9,0.0,84.9,84.9,0.359362,0.0,0.359362,0.359362,256.0,0.0,256.0,256.0,1,1,1,1
31.0,0.0,31.0,31.0,84.6,0.0,84.6,84.6,0.359362,0.0,0.359362,0.359362,98.333333,2.886751,95.0,100.0,1,1,1,1
31.0,0.0,31.0,31.0,84.9,0.0,84.9,84.9,0.290816,0.0,0.290816,0.290816,256.0,0.0,256.0,256.0,1,1,1,1
31.0,0.0,31.0,31.0,84.9,0.0,84.9,84.9,0.290816,0.0,0.290816,0.290816,98.333333,2.886751,95.0,100.0,1,1,1,1
31.0,0.0,31.0,31.0,84.9,0.0,84.9,84.9,0.290816,0.0,0.290816,0.290816,79.75,24.390914,51.0,100.0,1,1,1,1
30.8,0.0,30.8,30.8,85.7,0.0,85.7,85.7,1.058845,0.005327,1.053148,1.066388,69.5,47.47982,0.0,100.0,1,1,1,1
30.8,0.0,30.8,30.8,85.7,0.0,85.7,85.7,1.058845,0.005327,1.053148,1.066388,50.0,57.735027,0.0,100.0,1,1,1,1
30.8,0.0,30.8,30.8,85.7,0.0,85.7,85.7,1.058845,0.005327,1.053148,1.066388,256.0,0.0,256.0,256.0,1,1,1,1
30.8,0.0,30.8,30.8,85.7,0.0,85.7,85.7,1.058845,0.005327,1.053148,1.066388,98.333333,2.886751,95.0,100.0,1,1,1,1
30.8,0.0,30.8,30.8,85.7,0.0,85.7,85.7,1.058845,0.005327,1.053148,1.066388,79.75,24.390914,51.0,100.0,1,1,1,1
30.8,0.0,30.8,30.8,85.7,0.0,85.7,85.7,1.175972,0.336792,1.012024,1.938796,69.5,47.47982,0.0,100.0,1,1,1,1
30.8,0.0,30.8,30.8,85.7,0.0,85.7,85.7,1.175972,0.336792,1.012024,1.938796,50.0,57.735027,0.0,100.0,1,1,1,1
30.8,0.0,30.8,30.8,85.7,0.0,85.7,85.7,1.175972,0.336792,1.012024,1.938796,256.0,0.0,256.0,256.0,1,1,1,1
30.8,0.0,30.8,30.8,85.7,0.0,85.7,85.7,1.175972,0.336792,1.012024,1.938796,98.333333,2.886751,95.0,100.0,1,1,1,1
30.8,0.0,30.8,30.8,85.7,0.0,85.7,85.7,1.175972,0.336792,1.012024,1.938796,79.75,24.390914,51.0,100.0,1,1,1,1
31.0,0.0,31.0,31.0,84.9,0.0,84.9,84.9,0.290816,0.0,0.290816,0.290816,50.0,57.735027,0.0,100.0,1,1,1,1
30.8,0.0,30.8,30.8,85.7,0.0,85.7,85.7,0.359362,0.0,0.359362,0.359362,69.5,47.47982,0.0,100.0,1,1,1,1
30.8,0.0,30.8,30.8,85.7,0.0,85.7,85.7,0.359362,0.0,0.359362,0.359362,256.0,0.0,256.0,256.0,1,1,1,1
30.8,0.0,30.8,30.8,85.7,0.0,85.7,85.7,0.359362,0.0,0.359362,0.359362,98.333333,2.886751,95.0,100.0,1,1,1,1
31.0,0.0,31.0,31.0,84.6,0.0,84.6,84.6,0.359362,0.0,0.359362,0.359362,256.0,0.0,256.0,256.0,1,1,1,1
30.8,0.0,30.8,30.8,85.7,0.0,85.7,85.7,0.333727,0.0,0.333727,0.333727,69.5,47.47982,0.0,100.0,1,1,1,1
30.8,0.0,30.8,30.8,85.7,0.0,85.7,85.7,0.333727,0.0,0.333727,0.333727,50.0,57.735027,0.0,100.0,1,1,1,1
30.8,0.0,30.8,30.8,85.7,0.0,85.7,85.7,0.333727,0.0,0.333727,0.333727,256.0,0.0,256.0,256.0,1,1,1,1
30.8,0.0,30.8,30.8,85.7,0.0,85.7,85.7,0.333727,0.0,0.333727,0.333727,98.333333,2.886751,95.0,100.0,1,1,1,1
30.8,0.0,30.8,30.8,85.7,0.0,85.7,85.7,0.333727,0.0,0.333727,0.333727,79.75,24.390914,51.0,100.0,1,1,1,1
30.8,0.0,30.8,30.8,85.7,0.0,85.7,85.7,0.290816,0.0,0.290816,0.290816,69.5,47.47982,0.0,100.0,1,1,1,1
30.8,0.0,30.8,30.8,85.7,0.0,85.7,85.7,0.290816,0.0,0.290816,0.290816,50.0,57.735027,0.0,100.0,1,1,1,1
30.8,0.0,30.8,30.8,85.7,0.0,85.7,85.7,0.290816,0.0,0.290816,0.290816,256.0,0.0,256.0,256.0,1,1,1,1
30.8,0.0,30.8,30.8,85.7,0.0,85.7,85.7,0.290816,0.0,0.290816,0.290816,98.333333,2.886751,95.0,100.0,1,1,1,1
30.8,0.0,30.8,30.8,85.7,0.0,85.7,85.7,0.290816,0.0,0.290816,0.290816,79.75,24.390914,51.0,100.0,1,1,1,1
30.8,0.0,30.8,30.8,85.7,0.0,85.7,85.7,0.359362,0.0,0.359362,0.359362,50.0,57.735027,0.0,100.0,1,1,1,1
31.0,0.0,31.0,31.0,84.9,0.0,84.9,84.9,0.290816,0.0,0.290816,0.290816,69.5,47.47982,0.0,100.0,1,1,1,1
30.8,0.0,30.8,30.8,85.7,0.0,85.7,85.7,0.359362,0.0,0.359362,0.359362,79.75,24.390914,51.0,100.0,1,1,1,1
31.0,0.0,31.0,31.0,84.9,0.0,84.9,84.9,0.333727,0.0,0.333727,0.333727,98.333333,2.886751,95.0,100.0,1,1,1,1
31.0,0.0,31.0,31.0,84.9,0.0,84.9,84.9,0.333727,0.0,0.333727,0.333727,79.75,24.390914,51.0,100.0,1,1,1,1
31.0,0.0,31.0,31.0,84.6,0.0,84.6,84.6,0.359362,0.0,0.359362,0.359362,79.75,24.390914,51.0,100.0,1,1,1,1
31.0,0.0,31.0,31.0,84.6,0.0,84.6,84.6,0.333727,0.0,0.333727,0.333727,69.5,47.47982,0.0,100.0,1,1,1,1
31.0,0.0,31.0,31.0,84.6,0.0,84.6,84.6,0.333727,0.0,0.333727,0.333727,50.0,57.735027,0.0,100.0,1,1,1,1
31.0,0.0,31.0,31.0,84.6,0.0,84.6,84.6,0.333727,0.0,0.333727,0.333727,256.0,0.0,256.0,256.0,1,1,1,1
31.0,0.0,31.0,31.0,84.6,0.0,84.6,84.6,0.333727,0.0,0.333727,0.333727,98.333333,2.886751,95.0,100.0,1,1,1,1
31.0,0.0,31.0,31.0,84.6,0.0,84.6,84.6,0.333727,0.0,0.333727,0.333727,79.75,24.390914,51.0,100.0,1,1,1,1
31.0,0.0,31.0,31.0,84.6,0.0,84.6,84.6,0.290816,0.0,0.290816,0.290816,69.5,47.47982,0.0,100.0,1,1,1,1
31.0,0.0,31.0,31.0,84.6,0.0,84.6,84.6,0.290816,0.0,0.290816,0.290816,256.0,0.0,256.0,256.0,1,1,1,1
31.0,0.0,31.0,31.0,84.6,0.0,84.6,84.6,0.290816,0.0,0.290816,0.290816,98.333333,2.886751,95.0,100.0,1,1,1,1
31.0,0.0,31.0,31.0,84.6,0.0,84.6,84.6,0.290816,0.0,0.290816,0.290816,79.75,24.390914,51.0,100.0,1,1,1,1
31.0,0.0,31.0,31.0,84.9,0.0,84.9,84.9,1.058845,0.005327,1.053148,1.066388,69.5,47.47982,0.0,100.0,1,1,1,1
31.0,0.0,31.0,31.0,84.9,0.0,84.9,84.9,1.058845,0.005327,1.053148,1.066388,50.0,57.735027,0.0,100.0,1,1,1,1
31.0,0.0,31.0,31.0,84.9,0.0,84.9,84.9,1.058845,0.005327,1.053148,1.066388,256.0,0.0,256.0,256.0,1,1,1,1
31.0,0.0,31.0,31.0,84.6,0.0,84.6,84.6,0.290816,0.0,0.290816,0.290816,50.0,57.735027,0.0,100.0,1,1,1,1
31.0,0.0,31.0,31.0,84.9,0.0,84.9,84.9,1.058845,0.005327,1.053148,1.066388,79.75,24.390914,51.0,100.0,1,1,1,1
31.0,0.0,31.0,31.0,84.9,0.0,84.9,84.9,1.058845,0.005327,1.053148,1.066388,98.333333,2.886751,95.0,100.0,1,1,1,1
31.0,0.0,31.0,31.0,84.9,0.0,84.9,84.9,0.333727,0.0,0.333727,0.333727,50.0,57.735027,0.0,100.0,1,1,1,1
31.0,0.0,31.0,31.0,84.9,0.0,84.9,84.9,0.333727,0.0,0.333727,0.333727,69.5,47.47982,0.0,100.0,1,1,1,1
31.0,0.0,31.0,31.0,84.9,0.0,84.9,84.9,0.359362,0.0,0.359362,0.359362,79.75,24.390914,51.0,100.0,1,1,1,1
31.0,0.0,31.0,31.0,84.9,0.0,84.9,84.9,0.359362,0.0,0.359362,0.359362,50.0,57.735027,0.0,100.0,1,1,1,1
31.0,0.0,31.0,31.0,84.9,0.0,84.9,84.9,0.359362,0.0,0.359362,0.359362,69.5,47.47982,0.0,100.0,1,1,1,1
31.0,0.0,31.0,31.0,84.9,0.0,84.9,84.9,0.359362,0.0,0.359362,0.359362,98.333333,2.886751,95.0,100.0,1,1,1,1
31.0,0.0,31.0,31.0,84.9,0.0,84.9,84.9,1.175972,0.336792,1.012024,1.938796,98.333333,2.886751,95.0,100.0,1,1,1,1
31.0,0.0,31.0,31.0,84.9,0.0,84.9,84.9,1.175972,0.336792,1.012024,1.938796,256.0,0.0,256.0,256.0,1,1,1,1
31.0,0.0,31.0,31.0,84.9,0.0,84.9,84.9,1.175972,0.336792,1.012024,1.938796,50.0,57.735027,0.0,100.0,1,1,1,1
31.0,0.0,31.0,31.0,84.9,0.0,84.9,84.9,1.175972,0.336792,1.012024,1.938796,69.5,47.47982,0.0,100.0,1,1,1,1
31.0,0.0,31.0,31.0,84.9,0.0,84.9,84.9,1.175972,0.336792,1.012024,1.938796,79.75,24.390914,51.0,100.0,1,1,1,1
31.0,0.0,31.0,31.0,84.9,0.0,84.9,84.9,0.333727,0.0,0.333727,0.333727,256.0,0.0,256.0,256.0,1,1,1,1
31.1,0.0,31.1,31.1,84.7,0.0,84.7,84.7,1.528938,0.857702,0.352227,2.679394,256.0,0.0,256.0,256.0,1,1,1,1
30.9,0.0,30.9,30.9,85.7,0.0,85.7,85.7,0.333727,0.0,0.333727,0.333727,65.5,44.940702,0.0,100.0,1,1,1,1
31.1,0.0,31.1,31.1,84.7,0.0,84.7,84.7,1.528938,0.857702,0.352227,2.679394,65.5,44.940702,0.0,100.0,1,1,1,1
30.9,0.0,30.9,30.9,85.7,0.0,85.7,85.7,0.333727,0.0,0.333727,0.333727,100.0,0.0,100.0,100.0,1,1,1,1
30.9,0.0,30.9,30.9,85.7,0.0,85.7,85.7,0.333727,0.0,0.333727,0.333727,256.0,0.0,256.0,256.0,1,1,1,1
30.9,0.0,30.9,30.9,85.7,0.0,85.7,85.7,1.528938,0.857702,0.352227,2.679394,65.5,44.940702,0.0,100.0,1,1,1,1
30.9,0.0,30.9,30.9,85.7,0.0,85.7,85.7,0.359362,0.0,0.359362,0.359362,256.0,0.0,256.0,256.0,1,1,1,1
30.9,0.0,30.9,30.9,85.7,0.0,85.7,85.7,0.359362,0.0,0.359362,0.359362,65.5,44.940702,0.0,100.0,1,1,1,1
30.9,0.0,30.9,30.9,85.7,0.0,85.7,85.7,1.528938,0.857702,0.352227,2.679394,100.0,0.0,100.0,100.0,1,1,1,1
30.9,0.0,30.9,30.9,85.7,0.0,85.7,85.7,1.528938,0.857702,0.352227,2.679394,256.0,0.0,256.0,256.0,1,1,1,1
31.1,0.0,31.1,31.1,84.7,0.0,84.7,84.7,1.528938,0.857702,0.352227,2.679394,100.0,0.0,100.0,100.0,1,1,1,1
30.9,0.0,30.9,30.9,85.7,0.0,85.7,85.7,0.359362,0.0,0.359362,0.359362,100.0,0.0,100.0,100.0,1,1,1,1
31.1,0.0,31.1,31.1,84.7,0.0,84.7,84.7,0.359362,0.0,0.359362,0.359362,65.5,44.940702,0.0,100.0,1,1,1,1
31.0,0.0,31.0,31.0,84.7,0.0,84.7,84.7,0.359362,0.0,0.359362,0.359362,256.0,0.0,256.0,256.0,1,1,1,1
31.1,0.0,31.1,31.1,84.7,0.0,84.7,84.7,0.359362,0.0,0.359362,0.359362,100.0,0.0,100.0,100.0,1,1,1,1
31.1,0.0,31.1,31.1,84.7,0.0,84.7,84.7,0.359362,0.0,0.359362,0.359362,256.0,0.0,256.0,256.0,1,1,1,1
31.0,0.0,31.0,31.0,84.7,0.0,84.7,84.7,0.333727,0.0,0.333727,0.333727,100.0,0.0,100.0,100.0,1,1,1,1
31.0,0.0,31.0,31.0,84.7,0.0,84.7,84.7,0.333727,0.0,0.333727,0.333727,256.0,0.0,256.0,256.0,1,1,1,1
31.0,0.0,31.0,31.0,84.7,0.0,84.7,84.7,0.333727,0.0,0.333727,0.333727,65.5,44.940702,0.0,100.0,1,1,1,1
31.0,0.0,31.0,31.0,84.7,0.0,84.7,84.7,0.359362,0.0,0.359362,0.359362,65.5,44.940702,0.0,100.0,1,1,1,1
31.0,0.0,31.0,31.0,84.7,0.0,84.7,84.7,0.359362,0.0,0.359362,0.359362,100.0,0.0,100.0,100.0,1,1,1,1
31.0,0.0,31.0,31.0,84.7,0.0,84.7,84.7,1.528938,0.857702,0.352227,2.679394,256.0,0.0,256.0,256.0,1,1,1,1
31.0,0.0,31.0,31.0,84.7,0.0,84.7,84.7,1.528938,0.857702,0.352227,2.679394,65.5,44.940702,0.0,100.0,1,1,1,1
31.1,0.0,31.1,31.1,84.7,0.0,84.7,84.7,0.333727,0.0,0.333727,0.333727,100.0,0.0,100.0,100.0,1,1,1,1
31.1,0.0,31.1,31.1,84.7,0.0,84.7,84.7,0.333727,0.0,0.333727,0.333727,256.0,0.0,256.0,256.0,1,1,1,1
31.1,0.0,31.1,31.1,84.7,0.0,84.7,84.7,0.333727,0.0,0.333727,0.333727,65.5,44.940702,0.0,100.0,1,1,1,1
31.0,0.0,31.0,31.0,84.7,0.0,84.7,84.7,1.528938,0.857702,0.352227,2.679394,100.0,0.0,100.0,100.0,1,1,1,1
30.9,0.0,30.9,30.9,85.2,0.0,85.2,85.2,0.290816,0.0,0.290816,0.290816,100.0,0.0,100.0,100.0,1,1,1,1
31.0,0.0,31.0,31.0,84.6,0.0,84.6,84.6,1.058505,0.00415,1.052517,1.064842,100.0,0.0,100.0,100.0,1,1,1,1
31.0,0.0,31.0,31.0,84.6,0.0,84.6,84.6,1.058505,0.00415,1.052517,1.064842,73.5,49.081565,0.0,100.0,1,1,1,1
30.9,0.0,30.9,30.9,85.2,0.0,85.2,85.2,0.290816,0.0,0.290816,0.290816,100.0,0.0,100.0,100.0,1,1,1,1
30.9,0.0,30.9,30.9,85.2,0.0,85.2,85.2,0.290816,0.0,0.290816,0.290816,73.5,49.081565,0.0,100.0,1,1,1,1
31.0,0.0,31.0,31.0,84.6,0.0,84.6,84.6,1.058505,0.00415,1.052517,1.064842,100.0,0.0,100.0,100.0,1,1,1,1
30.9,0.0,30.9,30.9,85.2,0.0,85.2,85.2,0.333727,0.0,0.333727,0.333727,100.0,0.0,100.0,100.0,1,1,1,1
30.9,0.0,30.9,30.9,85.2,0.0,85.2,85.2,0.333727,0.0,0.333727,0.333727,73.5,49.081565,0.0,100.0,1,1,1,1
30.9,0.0,30.9,30.9,85.2,0.0,85.2,85.2,1.058505,0.00415,1.052517,1.064842,100.0,0.0,100.0,100.0,1,1,1,1
30.9,0.0,30.9,30.9,85.2,0.0,85.2,85.2,1.058505,0.00415,1.052517,1.064842,100.0,0.0,100.0,100.0,1,1,1,1
30.9,0.0,30.9,30.9,85.2,0.0,85.2,85.2,1.058505,0.00415,1.052517,1.064842,73.5,49.081565,0.0,100.0,1,1,1,1
30.9,0.0,30.9,30.9,85.2,0.0,85.2,85.2,0.333727,0.0,0.333727,0.333727,100.0,0.0,100.0,100.0,1,1,1,1
31.0,0.0,31.0,31.0,84.6,0.0,84.6,84.6,0.333727,0.0,0.333727,0.333727,73.5,49.081565,0.0,100.0,1,1,1,1
31.0,0.0,31.0,31.0,84.6,0.0,84.6,84.6,0.290816,0.0,0.290816,0.290816,73.5,49.081565,0.0,100.0,1,1,1,1
31.0,0.0,31.0,31.0,84.6,0.0,84.6,84.6,0.333727,0.0,0.333727,0.333727,100.0,0.0,100.0,100.0,1,1,1,1
30.8,0.0,30.8,30.8,85.7,0.0,85.7,85.7,0.290816,0.0,0.290816,0.290816,100.0,0.0,100.0,100.0,1,1,1,1
30.8,0.0,30.8,30.8,85.7,0.0,85.7,85.7,0.290816,0.0,0.290816,0.290816,100.0,0.0,100.0,100.0,1,1,1,1
30.8,0.0,30.8,30.8,85.7,0.0,85.7,85.7,0.290816,0.0,0.290816,0.290816,73.5,49.081565,0.0,100.0,1,1,1,1
30.8,0.0,30.8,30.8,85.7,0.0,85.7,85.7,0.333727,0.0,0.333727,0.333727,100.0,0.0,100.0,100.0,1,1,1,1
30.8,0.0,30.8,30.8,85.7,0.0,85.7,85.7,0.333727,0.0,0.333727,0.333727,73.5,49.081565,0.0,100.0,1,1,1,1
30.8,0.0,30.8,30.8,85.7,0.0,85.7,85.7,0.333727,0.0,0.333727,0.333727,100.0,0.0,100.0,100.0,1,1,1,1
30.8,0.0,30.8,30.8,85.7,0.0,85.7,85.7,1.058505,0.00415,1.052517,1.064842,100.0,0.0,100.0,100.0,1,1,1,1
30.8,0.0,30.8,30.8,85.7,0.0,85.7,85.7,1.058505,0.00415,1.052517,1.064842,73.5,49.081565,0.0,100.0,1,1,1,1
31.0,0.0,31.0,31.0,84.6,0.0,84.6,84.6,0.290816,0.0,0.290816,0.290816,100.0,0.0,100.0,100.0,1,1,1,1
31.0,0.0,31.0,31.0,84.6,0.0,84.6,84.6,0.290816,0.0,0.290816,0.290816,100.0,0.0,100.0,100.0,1,1,1,1
31.0,0.0,31.0,31.0,84.6,0.0,84.6,84.6,0.333727,0.0,0.333727,0.333727,100.0,0.0,100.0,100.0,1,1,1,1
30.8,0.0,30.8,30.8,85.7,0.0,85.7,85.7,1.058505,0.00415,1.052517,1.064842,100.0,0.0,100.0,100.0,1,1,1,1
31.0,0.0,31.0,31.0,84.5,0.0,84.5,84.5,0.359362,0.0,0.359362,0.359362,256.0,0.0,256.0,256.0,1,1,1,1
31.0,0.0,31.0,31.0,84.5,0.0,84.5,84.5,1.059118,0.005236,1.051825,1.06916,256.0,0.0,256.0,256.0,1,1,1,1
31.0,0.0,31.0,31.0,84.5,0.0,84.5,84.5,1.059118,0.005236,1.051825,1.06916,75.0,50.0,0.0,100.0,1,1,1,1
31.0,0.0,31.0,31.0,84.5,0.0,84.5,84.5,1.059118,0.005236,1.051825,1.06916,75.0,50.0,0.0,100.0,1,1,1,1
31.0,0.0,31.0,31.0,84.5,0.0,84.5,84.5,0.359362,0.0,0.359362,0.359362,63.5,47.563992,0.0,100.0,1,1,1,1
31.0,0.0,31.0,31.0,84.5,0.0,84.5,84.5,0.359362,0.0,0.359362,0.359362,75.0,50.0,0.0,100.0,1,1,1,1
31.0,0.0,31.0,31.0,84.5,0.0,84.5,84.5,0.290816,0.0,0.290816,0.290816,256.0,0.0,256.0,256.0,1,1,1,1
31.0,0.0,31.0,31.0,84.5,0.0,84.5,84.5,0.333727,0.0,0.333727,0.333727,63.5,47.563992,0.0,100.0,1,1,1,1
31.0,0.0,31.0,31.0,84.5,0.0,84.5,84.5,0.333727,0.0,0.333727,0.333727,256.0,0.0,256.0,256.0,1,1,1,1
31.0,0.0,31.0,31.0,84.5,0.0,84.5,84.5,0.333727,0.0,0.333727,0.333727,75.0,50.0,0.0,100.0,1,1,1,1
31.0,0.0,31.0,31.0,84.5,0.0,84.5,84.5,0.333727,0.0,0.333727,0.333727,75.0,50.0,0.0,100.0,1,1,1,1
31.0,0.0,31.0,31.0,84.5,0.0,84.5,84.5,0.290816,0.0,0.290816,0.290816,63.5,47.563992,0.0,100.0,1,1,1,1
31.0,0.0,31.0,31.0,84.5,0.0,84.5,84.5,1.059118,0.005236,1.051825,1.06916,63.5,47.563992,0.0,100.0,1,1,1,1
31.0,0.0,31.0,31.0,84.5,0.0,84.5,84.5,0.359362,0.0,0.359362,0.359362,75.0,50.0,0.0,100.0,1,1,1,1
30.9,0.0,30.9,30.9,85.2,0.0,85.2,85.2,0.290816,0.0,0.290816,0.290816,75.0,50.0,0.0,100.0,1,1,1,1
30.9,0.0,30.9,30.9,85.2,0.0,85.2,85.2,0.333727,0.0,0.333727,0.333727,256.0,0.0,256.0,256.0,1,1,1,1
30.9,0.0,30.9,30.9,85.2,0.0,85.2,85.2,0.290816,0.0,0.290816,0.290816,256.0,0.0,256.0,256.0,1,1,1,1
30.9,0.0,30.9,30.9,85.2,0.0,85.2,85.2,0.290816,0.0,0.290816,0.290816,63.5,47.563992,0.0,100.0,1,1,1,1
30.9,0.0,30.9,30.9,85.2,0.0,85.2,85.2,0.333727,0.0,0.333727,0.333727,75.0,50.0,0.0,100.0,1,1,1,1
30.9,0.0,30.9,30.9,85.2,0.0,85.2,85.2,0.333727,0.0,0.333727,0.333727,75.0,50.0,0.0,100.0,1,1,1,1
31.0,0.0,31.0,31.0,84.5,0.0,84.5,84.5,0.290816,0.0,0.290816,0.290816,75.0,50.0,0.0,100.0,1,1,1,1
30.9,0.0,30.9,30.9,85.2,0.0,85.2,85.2,0.333727,0.0,0.333727,0.333727,63.5,47.563992,0.0,100.0,1,1,1,1
30.9,0.0,30.9,30.9,85.2,0.0,85.2,85.2,0.359362,0.0,0.359362,0.359362,75.0,50.0,0.0,100.0,1,1,1,1
30.9,0.0,30.9,30.9,85.2,0.0,85.2,85.2,0.359362,0.0,0.359362,0.359362,75.0,50.0,0.0,100.0,1,1,1,1
30.9,0.0,30.9,30.9,85.2,0.0,85.2,85.2,0.359362,0.0,0.359362,0.359362,256.0,0.0,256.0,256.0,1,1,1,1
30.9,0.0,30.9,30.9,85.2,0.0,85.2,85.2,0.359362,0.0,0.359362,0.359362,63.5,47.563992,0.0,100.0,1,1,1,1
30.9,0.0,30.9,30.9,85.2,0.0,85.2,85.2,1.059118,0.005236,1.051825,1.06916,75.0,50.0,0.0,100.0,1,1,1,1
30.9,0.0,30.9,30.9,85.2,0.0,85.2,85.2,1.059118,0.005236,1.051825,1.06916,75.0,50.0,0.0,100.0,1,1,1,1
30.9,0.0,30.9,30.9,85.2,0.0,85.2,85.2,1.059118,0.005236,1.051825,1.06916,256.0,0.0,256.0,256.0,1,1,1,1
30.9,0.0,30.9,30.9,85.2,0.0,85.2,85.2,1.059118,0.005236,1.051825,1.06916,63.5,47.563992,0.0,100.0,1,1,1,1
30.9,0.0,30.9,30.9,85.2,0.0,85.2,85.2,0.290816,0.0,0.290816,0.290816,75.0,50.0,0.0,100.0,1,1,1,1
31.0,0.0,31.0,31.0,84.5,0.0,84.5,84.5,0.290816,0.0,0.290816,0.290816,75.0,50.0,0.0,100.0,1,1,1,1
30.9,0.0,30.9,30.9,85.7,0.0,85.7,85.7,0.290816,0.0,0.290816,0.290816,75.0,50.0,0.0,100.0,1,1,1,1
31.0,0.0,31.0,31.0,84.7,0.0,84.7,84.7,1.059118,0.005236,1.051825,1.06916,256.0,0.0,256.0,256.0,1,1,1,1
30.9,0.0,30.9,30.9,85.7,0.0,85.7,85.7,0.290816,0.0,0.290816,0.290816,75.0,50.0,0.0,100.0,1,1,1,1
30.9,0.0,30.9,30.9,85.7,0.0,85.7,85.7,0.290816,0.0,0.290816,0.290816,256.0,0.0,256.0,256.0,1,1,1,1
30.9,0.0,30.9,30.9,85.7,0.0,85.7,85.7,0.290816,0.0,0.290816,0.290816,63.5,47.563992,0.0,100.0,1,1,1,1
30.9,0.0,30.9,30.9,85.7,0.0,85.7,85.7,0.333727,0.0,0.333727,0.333727,75.0,50.0,0.0,100.0,1,1,1,1
30.9,0.0,30.9,30.9,85.7,0.0,85.7,85.7,0.333727,0.0,0.333727,0.333727,75.0,50.0,0.0,100.0,1,1,1,1
30.9,0.0,30.9,30.9,85.7,0.0,85.7,85.7,0.333727,0.0,0.333727,0.333727,256.0,0.0,256.0,256.0,1,1,1,1
30.9,0.0,30.9,30.9,85.7,0.0,85.7,85.7,0.333727,0.0,0.333727,0.333727,63.5,47.563992,0.0,100.0,1,1,1,1
30.9,0.0,30.9,30.9,85.7,0.0,85.7,85.7,0.359362,0.0,0.359362,0.359362,75.0,50.0,0.0,100.0,1,1,1,1
30.9,0.0,30.9,30.9,85.7,0.0,85.7,85.7,0.359362,0.0,0.359362,0.359362,75.0,50.0,0.0,100.0,1,1,1,1
30.9,0.0,30.9,30.9,85.7,0.0,85.7,85.7,0.359362,0.0,0.359362,0.359362,256.0,0.0,256.0,256.0,1,1,1,1
30.9,0.0,30.9,30.9,85.7,0.0,85.7,85.7,0.359362,0.0,0.359362,0.359362,63.5,47.563992,0.0,100.0,1,1,1,1
30.9,0.0,30.9,30.9,85.7,0.0,85.7,85.7,1.059118,0.005236,1.051825,1.06916,75.0,50.0,0.0,100.0,1,1,1,1
30.9,0.0,30.9,30.9,85.7,0.0,85.7,85.7,1.059118,0.005236,1.051825,1.06916,75.0,50.0,0.0,100.0,1,1,1,1
30.9,0.0,30.9,30.9,85.7,0.0,85.7,85.7,1.059118,0.005236,1.051825,1.06916,256.0,0.0,256.0,256.0,1,1,1,1
31.0,0.0,31.0,31.0,84.7,0.0,84.7,84.7,1.059118,0.005236,1.051825,1.06916,63.5,47.563992,0.0,100.0,1,1,1,1
31.0,0.0,31.0,31.0,84.7,0.0,84.7,84.7,0.290816,0.0,0.290816,0.290816,75.0,50.0,0.0,100.0,1,1,1,1
31.0,0.0,31.0,31.0,84.7,0.0,84.7,84.7,1.059118,0.005236,1.051825,1.06916,75.0,50.0,0.0,100.0,1,1,1,1
31.0,0.0,31.0,31.0,84.7,0.0,84.7,84.7,1.059118,0.005236,1.051825,1.06916,75.0,50.0,0.0,100.0,1,1,1,1
31.0,0.0,31.0,31.0,84.7,0.0,84.7,84.7,0.359362,0.0,0.359362,0.359362,63.5,47.563992,0.0,100.0,1,1,1,1
31.0,0.0,31.0,31.0,84.7,0.0,84.7,84.7,0.359362,0.0,0.359362,0.359362,256.0,0.0,256.0,256.0,1,1,1,1
30.9,0.0,30.9,30.9,85.7,0.0,85.7,85.7,1.059118,0.005236,1.051825,1.06916,63.5,47.563992,0.0,100.0,1,1,1,1
31.0,0.0,31.0,31.0,84.7,0.0,84.7,84.7,0.359362,0.0,0.359362,0.359362,75.0,50.0,0.0,100.0,1,1,1,1
31.0,0.0,31.0,31.0,84.7,0.0,84.7,84.7,0.359362,0.0,0.359362,0.359362,75.0,50.0,0.0,100.0,1,1,1,1
31.0,0.0,31.0,31.0,84.7,0.0,84.7,84.7,0.333727,0.0,0.333727,0.333727,256.0,0.0,256.0,256.0,1,1,1,1
31.0,0.0,31.0,31.0,84.7,0.0,84.7,84.7,0.333727,0.0,0.333727,0.333727,75.0,50.0,0.0,100.0,1,1,1,1
31.0,0.0,31.0,31.0,84.7,0.0,84.7,84.7,0.333727,0.0,0.333727,0.333727,75.0,50.0,0.0,100.0,1,1,1,1
31.0,0.0,31.0,31.0,84.7,0.0,84.7,84.7,0.290816,0.0,0.290816,0.290816,63.5,47.563992,0.0,100.0,1,1,1,1
31.0,0.0,31.0,31.0,84.7,0.0,84.7,84.7,0.290816,0.0,0.290816,0.290816,256.0,0.0,256.0,256.0,1,1,1,1
31.0,0.0,31.0,31.0,84.7,0.0,84.7,84.7,0.290816,0.0,0.290816,0.290816,75.0,50.0,0.0,100.0,1,1,1,1
31.0,0.0,31.0,31.0,84.7,0.0,84.7,84.7,0.333727,0.0,0.333727,0.333727,63.5,47.563992,0.0,100.0,1,1,1,1
0.0,0.0,0.0,0.0,0.0,0.0,0.0,0.0,1.058947,0.003803,1.051665,1.064128,256.0,0.0,256.0,256.0,1,1,1,1
0.0,0.0,0.0,0.0,0.0,0.0,0.0,0.0,1.058947,0.003803,1.051665,1.064128,100.0,0.0,100.0,100.0,1,1,1,1
0.0,0.0,0.0,0.0,0.0,0.0,0.0,0.0,1.058947,0.003803,1.051665,1.064128,100.0,0.0,100.0,100.0,1,1,1,1
0.0,0.0,0.0,0.0,0.0,0.0,0.0,0.0,0.359362,0.0,0.359362,0.359362,16.25,32.5,0.0,65.0,1,1,1,1
0.0,0.0,0.0,0.0,0.0,0.0,0.0,0.0,0.359362,0.0,0.359362,0.359362,256.0,0.0,256.0,256.0,1,1,1,1
0.0,0.0,0.0,0.0,0.0,0.0,0.0,0.0,0.290816,0.0,0.290816,0.290816,16.25,32.5,0.0,65.0,1,1,1,1
0.0,0.0,0.0,0.0,0.0,0.0,0.0,0.0,0.359362,0.0,0.359362,0.359362,100.0,0.0,100.0,100.0,1,1,1,1
0.0,0.0,0.0,0.0,0.0,0.0,0.0,0.0,0.333727,0.0,0.333727,0.333727,16.25,32.5,0.0,65.0,1,1,1,1
0.0,0.0,0.0,0.0,0.0,0.0,0.0,0.0,0.333727,0.0,0.333727,0.333727,256.0,0.0,256.0,256.0,1,1,1,1
0.0,0.0,0.0,0.0,0.0,0.0,0.0,0.0,0.333727,0.0,0.333727,0.333727,100.0,0.0,100.0,100.0,1,1,1,1
0.0,0.0,0.0,0.0,0.0,0.0,0.0,0.0,0.333727,0.0,0.333727,0.333727,100.0,0.0,100.0,100.0,1,1,1,1
0.0,0.0,0.0,0.0,0.0,0.0,0.0,0.0,1.058947,0.003803,1.051665,1.064128,16.25,32.5,0.0,65.0,1,1,1,1
0.0,0.0,0.0,0.0,0.0,0.0,0.0,0.0,0.359362,0.0,0.359362,0.359362,100.0,0.0,100.0,100.0,1,1,1,1
0.0,0.0,0.0,0.0,0.0,0.0,0.0,0.0,0.290816,0.0,0.290816,0.290816,100.0,0.0,100.0,100.0,1,1,1,1
0.0,0.0,0.0,0.0,0.0,0.0,0.0,0.0,0.359362,0.0,0.359362,0.359362,100.0,0.0,100.0,100.0,1,1,1,1
0.0,0.0,0.0,0.0,0.0,0.0,0.0,0.0,0.290816,0.0,0.290816,0.290816,256.0,0.0,256.0,256.0,1,1,1,1
0.0,0.0,0.0,0.0,0.0,0.0,0.0,0.0,0.290816,0.0,0.290816,0.290816,16.25,32.5,0.0,65.0,1,1,1,1
0.0,0.0,0.0,0.0,0.0,0.0,0.0,0.0,0.333727,0.0,0.333727,0.333727,100.0,0.0,100.0,100.0,1,1,1,1
0.0,0.0,0.0,0.0,0.0,0.0,0.0,0.0,0.333727,0.0,0.333727,0.333727,100.0,0.0,100.0,100.0,1,1,1,1
0.0,0.0,0.0,0.0,0.0,0.0,0.0,0.0,0.333727,0.0,0.333727,0.333727,256.0,0.0,256.0,256.0,1,1,1,1
0.0,0.0,0.0,0.0,0.0,0.0,0.0,0.0,0.333727,0.0,0.333727,0.333727,16.25,32.5,0.0,65.0,1,1,1,1
0.0,0.0,0.0,0.0,0.0,0.0,0.0,0.0,0.359362,0.0,0.359362,0.359362,100.0,0.0,100.0,100.0,1,1,1,1
0.0,0.0,0.0,0.0,0.0,0.0,0.0,0.0,0.359362,0.0,0.359362,0.359362,256.0,0.0,256.0,256.0,1,1,1,1
0.0,0.0,0.0,0.0,0.0,0.0,0.0,0.0,0.359362,0.0,0.359362,0.359362,16.25,32.5,0.0,65.0,1,1,1,1
0.0,0.0,0.0,0.0,0.0,0.0,0.0,0.0,1.058947,0.003803,1.051665,1.064128,100.0,0.0,100.0,100.0,1,1,1,1
0.0,0.0,0.0,0.0,0.0,0.0,0.0,0.0,1.058947,0.003803,1.051665,1.064128,100.0,0.0,100.0,100.0,1,1,1,1
0.0,0.0,0.0,0.0,0.0,0.0,0.0,0.0,1.058947,0.003803,1.051665,1.064128,256.0,0.0,256.0,256.0,1,1,1,1
0.0,0.0,0.0,0.0,0.0,0.0,0.0,0.0,1.058947,0.003803,1.051665,1.064128,16.25,32.5,0.0,65.0,1,1,1,1
0.0,0.0,0.0,0.0,0.0,0.0,0.0,0.0,0.290816,0.0,0.290816,0.290816,256.0,0.0,256.0,256.0,1,1,1,1
0.0,0.0,0.0,0.0,0.0,0.0,0.0,0.0,0.290816,0.0,0.290816,0.290816,100.0,0.0,100.0,100.0,1,1,1,1
0.0,0.0,0.0,0.0,0.0,0.0,0.0,0.0,0.290816,0.0,0.290816,0.290816,100.0,0.0,100.0,100.0,1,1,1,1
0.0,0.0,0.0,0.0,0.0,0.0,0.0,0.0,0.290816,0.0,0.290816,0.290816,100.0,0.0,100.0,100.0,1,1,1,1
30.8,0.0,30.8,30.8,85.6,0.0,85.6,85.6,0.290816,0.0,0.290816,0.290816,100.0,0.0,100.0,100.0,1,1,1,1
31.0,0.0,31.0,31.0,84.8,0.0,84.8,84.8,1.058947,0.003803,1.051665,1.064128,16.25,32.5,0.0,65.0,1,1,1,1
30.8,0.0,30.8,30.8,85.6,0.0,85.6,85.6,0.290816,0.0,0.290816,0.290816,100.0,0.0,100.0,100.0,1,1,1,1
30.8,0.0,30.8,30.8,85.6,0.0,85.6,85.6,0.290816,0.0,0.290816,0.290816,256.0,0.0,256.0,256.0,1,1,1,1
30.8,0.0,30.8,30.8,85.6,0.0,85.6,85.6,0.290816,0.0,0.290816,0.290816,16.25,32.5,0.0,65.0,1,1,1,1
30.8,0.0,30.8,30.8,85.6,0.0,85.6,85.6,0.333727,0.0,0.333727,0.333727,100.0,0.0,100.0,100.0,1,1,1,1
30.8,0.0,30.8,30.8,85.6,0.0,85.6,85.6,0.333727,0.0,0.333727,0.333727,100.0,0.0,100.0,100.0,1,1,1,1
30.8,0.0,30.8,30.8,85.6,0.0,85.6,85.6,0.333727,0.0,0.333727,0.333727,256.0,0.0,256.0,256.0,1,1,1,1
30.8,0.0,30.8,30.8,85.6,0.0,85.6,85.6,0.333727,0.0,0.333727,0.333727,16.25,32.5,0.0,65.0,1,1,1,1
30.8,0.0,30.8,30.8,85.6,0.0,85.6,85.6,0.359362,0.0,0.359362,0.359362,100.0,0.0,100.0,100.0,1,1,1,1
30.8,0.0,30.8,30.8,85.6,0.0,85.6,85.6,0.359362,0.0,0.359362,0.359362,256.0,0.0,256.0,256.0,1,1,1,1
30.8,0.0,30.8,30.8,85.6,0.0,85.6,85.6,0.359362,0.0,0.359362,0.359362,16.25,32.5,0.0,65.0,1,1,1,1
30.8,0.0,30.8,30.8,85.6,0.0,85.6,85.6,1.058947,0.003803,1.051665,1.064128,100.0,0.0,100.0,100.0,1,1,1,1
30.8,0.0,30.8,30.8,85.6,0.0,85.6,85.6,1.058947,0.003803,1.051665,1.064128,100.0,0.0,100.0,100.0,1,1,1,1
30.8,0.0,30.8,30.8,85.6,0.0,85.6,85.6,1.058947,0.003803,1.051665,1.064128,256.0,0.0,256.0,256.0,1,1,1,1
30.8,0.0,30.8,30.8,85.6,0.0,85.6,85.6,1.058947,0.003803,1.051665,1.064128,16.25,32.5,0.0,65.0,1,1,1,1
30.8,0.0,30.8,30.8,85.6,0.0,85.6,85.6,0.359362,0.0,0.359362,0.359362,100.0,0.0,100.0,100.0,1,1,1,1
31.0,0.0,31.0,31.0,84.8,0.0,84.8,84.8,0.290816,0.0,0.290816,0.290816,100.0,0.0,100.0,100.0,1,1,1,1
31.0,0.0,31.0,31.0,84.8,0.0,84.8,84.8,0.290816,0.0,0.290816,0.290816,100.0,0.0,100.0,100.0,1,1,1,1
31.0,0.0,31.0,31.0,84.8,0.0,84.8,84.8,1.058947,0.003803,1.051665,1.064128,100.0,0.0,100.0,100.0,1,1,1,1
31.0,0.0,31.0,31.0,84.8,0.0,84.8,84.8,1.058947,0.003803,1.051665,1.064128,100.0,0.0,100.0,100.0,1,1,1,1
31.0,0.0,31.0,31.0,84.8,0.0,84.8,84.8,0.359362,0.0,0.359362,0.359362,16.25,32.5,0.0,65.0,1,1,1,1
31.0,0.0,31.0,31.0,84.8,0.0,84.8,84.8,0.359362,0.0,0.359362,0.359362,256.0,0.0,256.0,256.0,1,1,1,1
31.0,0.0,31.0,31.0,84.8,0.0,84.8,84.8,0.359362,0.0,0.359362,0.359362,100.0,0.0,100.0,100.0,1,1,1,1
31.0,0.0,31.0,31.0,84.8,0.0,84.8,84.8,0.359362,0.0,0.359362,0.359362,100.0,0.0,100.0,100.0,1,1,1,1
31.0,0.0,31.0,31.0,84.8,0.0,84.8,84.8,1.058947,0.003803,1.051665,1.064128,256.0,0.0,256.0,256.0,1,1,1,1
31.0,0.0,31.0,31.0,84.8,0.0,84.8,84.8,0.333727,0.0,0.333727,0.333727,256.0,0.0,256.0,256.0,1,1,1,1
31.0,0.0,31.0,31.0,84.8,0.0,84.8,84.8,0.333727,0.0,0.333727,0.333727,100.0,0.0,100.0,100.0,1,1,1,1
31.0,0.0,31.0,31.0,84.8,0.0,84.8,84.8,0.333727,0.0,0.333727,0.333727,100.0,0.0,100.0,100.0,1,1,1,1
31.0,0.0,31.0,31.0,84.8,0.0,84.8,84.8,0.290816,0.0,0.290816,0.290816,16.25,32.5,0.0,65.0,1,1,1,1
31.0,0.0,31.0,31.0,84.8,0.0,84.8,84.8,0.290816,0.0,0.290816,0.290816,256.0,0.0,256.0,256.0,1,1,1,1
31.0,0.0,31.0,31.0,84.8,0.0,84.8,84.8,0.333727,0.0,0.333727,0.333727,16.25,32.5,0.0,65.0,1,1,1,1
31.0,0.0,31.0,31.0,84.4,0.0,84.4,84.4,1.061875,0.007121,1.053277,1.075174,25.0,50.0,0.0,100.0,1,1,1,1
31.0,0.0,31.0,31.0,84.4,0.0,84.4,84.4,1.061875,0.007121,1.053277,1.075174,256.0,0.0,256.0,256.0,1,1,1,1
31.0,0.0,31.0,31.0,84.4,0.0,84.4,84.4,1.061875,0.007121,1.053277,1.075174,100.0,0.0,100.0,100.0,1,1,1,1
31.0,0.0,31.0,31.0,84.4,0.0,84.4,84.4,1.061875,0.007121,1.053277,1.075174,100.0,0.0,100.0,100.0,1,1,1,1
31.0,0.0,31.0,31.0,84.4,0.0,84.4,84.4,0.359362,0.0,0.359362,0.359362,25.0,50.0,0.0,100.0,1,1,1,1
31.0,0.0,31.0,31.0,84.4,0.0,84.4,84.4,0.359362,0.0,0.359362,0.359362,256.0,0.0,256.0,256.0,1,1,1,1
31.0,0.0,31.0,31.0,84.4,0.0,84.4,84.4,0.359362,0.0,0.359362,0.359362,100.0,0.0,100.0,100.0,1,1,1,1
31.0,0.0,31.0,31.0,84.4,0.0,84.4,84.4,0.333727,0.0,0.333727,0.333727,256.0,0.0,256.0,256.0,1,1,1,1
31.0,0.0,31.0,31.0,84.4,0.0,84.4,84.4,0.333727,0.0,0.333727,0.333727,25.0,50.0,0.0,100.0,1,1,1,1
31.0,0.0,31.0,31.0,84.4,0.0,84.4,84.4,0.333727,0.0,0.333727,0.333727,100.0,0.0,100.0,100.0,1,1,1,1
31.0,0.0,31.0,31.0,84.4,0.0,84.4,84.4,0.333727,0.0,0.333727,0.333727,100.0,0.0,100.0,100.0,1,1,1,1
31.0,0.0,31.0,31.0,84.4,0.0,84.4,84.4,0.290816,0.0,0.290816,0.290816,25.0,50.0,0.0,100.0,1,1,1,1
31.0,0.0,31.0,31.0,84.4,0.0,84.4,84.4,0.290816,0.0,0.290816,0.290816,256.0,0.0,256.0,256.0,1,1,1,1
31.0,0.0,31.0,31.0,84.4,0.0,84.4,84.4,0.359362,0.0,0.359362,0.359362,100.0,0.0,100.0,100.0,1,1,1,1
30.9,0.0,30.9,30.9,85.3,0.0,85.3,85.3,0.290816,0.0,0.290816,0.290816,100.0,0.0,100.0,100.0,1,1,1,1
31.0,0.0,31.0,31.0,84.4,0.0,84.4,84.4,0.290816,0.0,0.290816,0.290816,100.0,0.0,100.0,100.0,1,1,1,1
30.9,0.0,30.9,30.9,85.3,0.0,85.3,85.3,0.290816,0.0,0.290816,0.290816,256.0,0.0,256.0,256.0,1,1,1,1
30.9,0.0,30.9,30.9,85.3,0.0,85.3,85.3,0.290816,0.0,0.290816,0.290816,25.0,50.0,0.0,100.0,1,1,1,1
30.9,0.0,30.9,30.9,85.3,0.0,85.3,85.3,0.333727,0.0,0.333727,0.333727,100.0,0.0,100.0,100.0,1,1,1,1
30.9,0.0,30.9,30.9,85.3,0.0,85.3,85.3,0.333727,0.0,0.333727,0.333727,100.0,0.0,100.0,100.0,1,1,1,1
30.9,0.0,30.9,30.9,85.3,0.0,85.3,85.3,0.333727,0.0,0.333727,0.333727,256.0,0.0,256.0,256.0,1,1,1,1
30.9,0.0,30.9,30.9,85.3,0.0,85.3,85.3,0.333727,0.0,0.333727,0.333727,25.0,50.0,0.0,100.0,1,1,1,1
30.9,0.0,30.9,30.9,85.3,0.0,85.3,85.3,0.359362,0.0,0.359362,0.359362,100.0,0.0,100.0,100.0,1,1,1,1
30.9,0.0,30.9,30.9,85.3,0.0,85.3,85.3,0.359362,0.0,0.359362,0.359362,100.0,0.0,100.0,100.0,1,1,1,1
30.9,0.0,30.9,30.9,85.3,0.0,85.3,85.3,0.359362,0.0,0.359362,0.359362,256.0,0.0,256.0,256.0,1,1,1,1
30.9,0.0,30.9,30.9,85.3,0.0,85.3,85.3,0.359362,0.0,0.359362,0.359362,25.0,50.0,0.0,100.0,1,1,1,1
30.9,0.0,30.9,30.9,85.3,0.0,85.3,85.3,1.061875,0.007121,1.053277,1.075174,100.0,0.0,100.0,100.0,1,1,1,1
30.9,0.0,30.9,30.9,85.3,0.0,85.3,85.3,1.061875,0.007121,1.053277,1.075174,100.0,0.0,100.0,100.0,1,1,1,1
30.9,0.0,30.9,30.9,85.3,0.0,85.3,85.3,1.061875,0.007121,1.053277,1.075174,256.0,0.0,256.0,256.0,1,1,1,1
30.9,0.0,30.9,30.9,85.3,0.0,85.3,85.3,1.061875,0.007121,1.053277,1.075174,25.0,50.0,0.0,100.0,1,1,1,1
30.9,0.0,30.9,30.9,85.3,0.0,85.3,85.3,0.290816,0.0,0.290816,0.290816,100.0,0.0,100.0,100.0,1,1,1,1
31.0,0.0,31.0,31.0,84.4,0.0,84.4,84.4,0.290816,0.0,0.290816,0.290816,100.0,0.0,100.0,100.0,1,1,1,1
31.0,0.0,31.0,31.0,84.7,0.0,84.7,84.7,0.290816,0.0,0.290816,0.290816,100.0,0.0,100.0,100.0,1,1,1,1
31.0,0.0,31.0,31.0,84.7,0.0,84.7,84.7,1.061875,0.007121,1.053277,1.075174,256.0,0.0,256.0,256.0,1,1,1,1
31.0,0.0,31.0,31.0,84.7,0.0,84.7,84.7,1.061875,0.007121,1.053277,1.075174,25.0,50.0,0.0,100.0,1,1,1,1
30.8,0.0,30.8,30.8,85.5,0.0,85.5,85.5,0.290816,0.0,0.290816,0.290816,100.0,0.0,100.0,100.0,1,1,1,1
30.8,0.0,30.8,30.8,85.5,0.0,85.5,85.5,0.290816,0.0,0.290816,0.290816,100.0,0.0,100.0,100.0,1,1,1,1
30.8,0.0,30.8,30.8,85.5,0.0,85.5,85.5,0.290816,0.0,0.290816,0.290816,256.0,0.0,256.0,256.0,1,1,1,1
30.8,0.0,30.8,30.8,85.5,0.0,85.5,85.5,0.290816,0.0,0.290816,0.290816,25.0,50.0,0.0,100.0,1,1,1,1
30.8,0.0,30.8,30.8,85.5,0.0,85.5,85.5,0.333727,0.0,0.333727,0.333727,100.0,0.0,100.0,100.0,1,1,1,1
30.8,0.0,30.8,30.8,85.5,0.0,85.5,85.5,0.333727,0.0,0.333727,0.333727,100.0,0.0,100.0,100.0,1,1,1,1
30.8,0.0,30.8,30.8,85.5,0.0,85.5,85.5,0.333727,0.0,0.333727,0.333727,256.0,0.0,256.0,256.0,1,1,1,1
30.8,0.0,30.8,30.8,85.5,0.0,85.5,85.5,0.333727,0.0,0.333727,0.333727,25.0,50.0,0.0,100.0,1,1,1,1
30.8,0.0,30.8,30.8,85.5,0.0,85.5,85.5,0.359362,0.0,0.359362,0.359362,100.0,0.0,100.0,100.0,1,1,1,1
30.8,0.0,30.8,30.8,85.5,0.0,85.5,85.5,0.359362,0.0,0.359362,0.359362,256.0,0.0,256.0,256.0,1,1,1,1
30.8,0.0,30.8,30.8,85.5,0.0,85.5,85.5,0.359362,0.0,0.359362,0.359362,25.0,50.0,0.0,100.0,1,1,1,1
30.8,0.0,30.8,30.8,85.5,0.0,85.5,85.5,1.061875,0.007121,1.053277,1.075174,100.0,0.0,100.0,100.0,1,1,1,1
30.8,0.0,30.8,30.8,85.5,0.0,85.5,85.5,1.061875,0.007121,1.053277,1.075174,100.0,0.0,100.0,100.0,1,1,1,1
30.8,0.0,30.8,30.8,85.5,0.0,85.5,85.5,1.061875,0.007121,1.053277,1.075174,256.0,0.0,256.0,256.0,1,1,1,1
30.8,0.0,30.8,30.8,85.5,0.0,85.5,85.5,0.359362,0.0,0.359362,0.359362,100.0,0.0,100.0,100.0,1,1,1,1
31.0,0.0,31.0,31.0,84.7,0.0,84.7,84.7,0.290816,0.0,0.290816,0.290816,100.0,0.0,100.0,100.0,1,1,1,1
31.0,0.0,31.0,31.0,84.7,0.0,84.7,84.7,1.061875,0.007121,1.053277,1.075174,100.0,0.0,100.0,100.0,1,1,1,1
30.8,0.0,30.8,30.8,85.5,0.0,85.5,85.5,1.061875,0.007121,1.053277,1.075174,25.0,50.0,0.0,100.0,1,1,1,1
31.0,0.0,31.0,31.0,84.7,0.0,84.7,84.7,0.359362,0.0,0.359362,0.359362,25.0,50.0,0.0,100.0,1,1,1,1
31.0,0.0,31.0,31.0,84.7,0.0,84.7,84.7,0.359362,0.0,0.359362,0.359362,256.0,0.0,256.0,256.0,1,1,1,1
31.0,0.0,31.0,31.0,84.7,0.0,84.7,84.7,0.359362,0.0,0.359362,0.359362,100.0,0.0,100.0,100.0,1,1,1,1
31.0,0.0,31.0,31.0,84.7,0.0,84.7,84.7,0.359362,0.0,0.359362,0.359362,100.0,0.0,100.0,100.0,1,1,1,1
31.0,0.0,31.0,31.0,84.7,0.0,84.7,84.7,0.333727,0.0,0.333727,0.333727,25.0,50.0,0.0,100.0,1,1,1,1
31.0,0.0,31.0,31.0,84.7,0.0,84.7,84.7,1.061875,0.007121,1.053277,1.075174,100.0,0.0,100.0,100.0,1,1,1,1
31.0,0.0,31.0,31.0,84.7,0.0,84.7,84.7,0.333727,0.0,0.333727,0.333727,100.0,0.0,100.0,100.0,1,1,1,1
31.0,0.0,31.0,31.0,84.7,0.0,84.7,84.7,0.333727,0.0,0.333727,0.333727,100.0,0.0,100.0,100.0,1,1,1,1
31.0,0.0,31.0,31.0,84.7,0.0,84.7,84.7,0.290816,0.0,0.290816,0.290816,25.0,50.0,0.0,100.0,1,1,1,1
31.0,0.0,31.0,31.0,84.7,0.0,84.7,84.7,0.290816,0.0,0.290816,0.290816,256.0,0.0,256.0,256.0,1,1,1,1
31.0,0.0,31.0,31.0,84.7,0.0,84.7,84.7,0.333727,0.0,0.333727,0.333727,256.0,0.0,256.0,256.0,1,1,1,1
31.0,0.0,31.0,31.0,84.7,0.0,84.7,84.7,0.359362,0.0,0.359362,0.359362,100.0,0.0,100.0,100.0,1,1,1,1
31.0,0.0,31.0,31.0,84.7,0.0,84.7,84.7,0.359362,0.0,0.359362,0.359362,100.0,0.0,100.0,100.0,1,1,1,1
31.0,0.0,31.0,31.0,84.5,0.0,84.5,84.5,0.359362,0.0,0.359362,0.359362,256.0,0.0,256.0,256.0,1,1,1,1
31.0,0.0,31.0,31.0,84.5,0.0,84.5,84.5,0.290816,0.0,0.290816,0.290816,100.0,0.0,100.0,100.0,1,1,1,1
31.0,0.0,31.0,31.0,84.5,0.0,84.5,84.5,0.290816,0.0,0.290816,0.290816,100.0,0.0,100.0,100.0,1,1,1,1
31.0,0.0,31.0,31.0,84.5,0.0,84.5,84.5,0.333727,0.0,0.333727,0.333727,100.0,0.0,100.0,100.0,1,1,1,1
31.0,0.0,31.0,31.0,84.5,0.0,84.5,84.5,0.333727,0.0,0.333727,0.333727,100.0,0.0,100.0,100.0,1,1,1,1
31.0,0.0,31.0,31.0,84.5,0.0,84.5,84.5,0.333727,0.0,0.333727,0.333727,256.0,0.0,256.0,256.0,1,1,1,1
31.0,0.0,31.0,31.0,84.5,0.0,84.5,84.5,0.359362,0.0,0.359362,0.359362,100.0,0.0,100.0,100.0,1,1,1,1
31.0,0.0,31.0,31.0,84.5,0.0,84.5,84.5,0.359362,0.0,0.359362,0.359362,100.0,0.0,100.0,100.0,1,1,1,1
31.0,0.0,31.0,31.0,84.7,0.0,84.7,84.7,0.333727,0.0,0.333727,0.333727,256.0,0.0,256.0,256.0,1,1,1,1
31.0,0.0,31.0,31.0,84.5,0.0,84.5,84.5,0.290816,0.0,0.290816,0.290816,256.0,0.0,256.0,256.0,1,1,1,1
31.0,0.0,31.0,31.0,84.7,0.0,84.7,84.7,0.333727,0.0,0.333727,0.333727,100.0,0.0,100.0,100.0,1,1,1,1
31.0,0.0,31.0,31.0,84.7,0.0,84.7,84.7,0.359362,0.0,0.359362,0.359362,256.0,0.0,256.0,256.0,1,1,1,1
31.0,0.0,31.0,31.0,84.7,0.0,84.7,84.7,0.290816,0.0,0.290816,0.290816,256.0,0.0,256.0,256.0,1,1,1,1
31.0,0.0,31.0,31.0,84.7,0.0,84.7,84.7,0.290816,0.0,0.290816,0.290816,100.0,0.0,100.0,100.0,1,1,1,1
31.0,0.0,31.0,31.0,84.7,0.0,84.7,84.7,0.290816,0.0,0.290816,0.290816,100.0,0.0,100.0,100.0,1,1,1,1
30.8,0.0,30.8,30.8,85.6,0.0,85.6,85.6,0.359362,0.0,0.359362,0.359362,256.0,0.0,256.0,256.0,1,1,1,1
30.8,0.0,30.8,30.8,85.6,0.0,85.6,85.6,0.359362,0.0,0.359362,0.359362,100.0,0.0,100.0,100.0,1,1,1,1
30.8,0.0,30.8,30.8,85.6,0.0,85.6,85.6,0.359362,0.0,0.359362,0.359362,100.0,0.0,100.0,100.0,1,1,1,1
30.8,0.0,30.8,30.8,85.6,0.0,85.6,85.6,0.333727,0.0,0.333727,0.333727,256.0,0.0,256.0,256.0,1,1,1,1
30.8,0.0,30.8,30.8,85.6,0.0,85.6,85.6,0.333727,0.0,0.333727,0.333727,100.0,0.0,100.0,100.0,1,1,1,1
30.8,0.0,30.8,30.8,85.6,0.0,85.6,85.6,0.333727,0.0,0.333727,0.333727,100.0,0.0,100.0,100.0,1,1,1,1
30.8,0.0,30.8,30.8,85.6,0.0,85.6,85.6,0.290816,0.0,0.290816,0.290816,256.0,0.0,256.0,256.0,1,1,1,1
30.8,0.0,30.8,30.8,85.6,0.0,85.6,85.6,0.290816,0.0,0.290816,0.290816,100.0,0.0,100.0,100.0,1,1,1,1
30.8,0.0,30.8,30.8,85.6,0.0,85.6,85.6,0.290816,0.0,0.290816,0.290816,100.0,0.0,100.0,100.0,1,1,1,1
31.0,0.0,31.0,31.0,84.7,0.0,84.7,84.7,0.333727,0.0,0.333727,0.333727,100.0,0.0,100.0,100.0,1,1,1,1
30.9,0.0,30.9,30.9,85.4,0.0,85.4,85.4,1.059042,0.003927,1.051003,1.062631,100.0,0.0,100.0,100.0,1,1,1,1
30.9,0.0,30.9,30.9,85.4,0.0,85.4,85.4,1.059042,0.003927,1.051003,1.062631,100.0,0.0,100.0,100.0,1,1,1,1
30.9,0.0,30.9,30.9,85.4,0.0,85.4,85.4,0.290816,0.0,0.290816,0.290816,100.0,0.0,100.0,100.0,1,1,1,1
30.9,0.0,30.9,30.9,85.4,0.0,85.4,85.4,0.290816,0.0,0.290816,0.290816,100.0,0.0,100.0,100.0,1,1,1,1
30.9,0.0,30.9,30.9,86.2,0.0,86.2,86.2,1.059042,0.003927,1.051003,1.062631,100.0,0.0,100.0,100.0,1,1,1,1
30.9,0.0,30.9,30.9,86.2,0.0,86.2,86.2,0.290816,0.0,0.290816,0.290816,100.0,0.0,100.0,100.0,1,1,1,1
30.9,0.0,30.9,30.9,86.2,0.0,86.2,86.2,0.290816,0.0,0.290816,0.290816,100.0,0.0,100.0,100.0,1,1,1,1
30.9,0.0,30.9,30.9,86.2,0.0,86.2,86.2,1.059042,0.003927,1.051003,1.062631,100.0,0.0,100.0,100.0,1,1,1,1
31.0,0.0,31.0,31.0,84.5,0.0,84.5,84.5,1.051565,0.008531,1.034895,1.059947,100.0,0.0,100.0,100.0,1,1,1,1
31.0,0.0,31.0,31.0,84.5,0.0,84.5,84.5,1.051565,0.008531,1.034895,1.059947,256.0,0.0,256.0,256.0,1,1,1,1
31.0,0.0,31.0,31.0,84.5,0.0,84.5,84.5,1.051565,0.008531,1.034895,1.059947,100.0,0.0,100.0,100.0,1,1,1,1
31.0,0.0,31.0,31.0,84.5,0.0,84.5,84.5,1.051565,0.008531,1.034895,1.059947,100.0,0.0,100.0,100.0,1,1,1,1
31.0,0.0,31.0,31.0,84.5,0.0,84.5,84.5,0.359362,0.0,0.359362,0.359362,100.0,0.0,100.0,100.0,1,1,1,1
31.0,0.0,31.0,31.0,84.5,0.0,84.5,84.5,0.359362,0.0,0.359362,0.359362,100.0,0.0,100.0,100.0,1,1,1,1
31.0,0.0,31.0,31.0,84.5,0.0,84.5,84.5,0.290816,0.0,0.290816,0.290816,256.0,0.0,256.0,256.0,1,1,1,1
31.0,0.0,31.0,31.0,84.5,0.0,84.5,84.5,0.333727,0.0,0.333727,0.333727,100.0,0.0,100.0,100.0,1,1,1,1
31.0,0.0,31.0,31.0,84.5,0.0,84.5,84.5,0.333727,0.0,0.333727,0.333727,256.0,0.0,256.0,256.0,1,1,1,1
31.0,0.0,31.0,31.0,84.5,0.0,84.5,84.5,0.333727,0.0,0.333727,0.333727,100.0,0.0,100.0,100.0,1,1,1,1
31.0,0.0,31.0,31.0,84.5,0.0,84.5,84.5,0.333727,0.0,0.333727,0.333727,100.0,0.0,100.0,100.0,1,1,1,1
31.0,0.0,31.0,31.0,84.5,0.0,84.5,84.5,0.290816,0.0,0.290816,0.290816,100.0,0.0,100.0,100.0,1,1,1,1
31.0,0.0,31.0,31.0,84.5,0.0,84.5,84.5,0.359362,0.0,0.359362,0.359362,100.0,0.0,100.0,100.0,1,1,1,1
30.9,0.0,30.9,30.9,85.3,0.0,85.3,85.3,0.290816,0.0,0.290816,0.290816,100.0,0.0,100.0,100.0,1,1,1,1
30.9,0.0,30.9,30.9,85.3,0.0,85.3,85.3,0.359362,0.0,0.359362,0.359362,100.0,0.0,100.0,100.0,1,1,1,1
30.9,0.0,30.9,30.9,85.3,0.0,85.3,85.3,0.290816,0.0,0.290816,0.290816,256.0,0.0,256.0,256.0,1,1,1,1
30.9,0.0,30.9,30.9,85.3,0.0,85.3,85.3,0.290816,0.0,0.290816,0.290816,100.0,0.0,100.0,100.0,1,1,1,1
30.9,0.0,30.9,30.9,85.3,0.0,85.3,85.3,0.333727,0.0,0.333727,0.333727,100.0,0.0,100.0,100.0,1,1,1,1
30.9,0.0,30.9,30.9,85.3,0.0,85.3,85.3,0.333727,0.0,0.333727,0.333727,100.0,0.0,100.0,100.0,1,1,1,1
30.9,0.0,30.9,30.9,85.3,0.0,85.3,85.3,0.333727,0.0,0.333727,0.333727,256.0,0.0,256.0,256.0,1,1,1,1
30.9,0.0,30.9,30.9,85.3,0.0,85.3,85.3,0.333727,0.0,0.333727,0.333727,100.0,0.0,100.0,100.0,1,1,1,1
30.9,0.0,30.9,30.9,85.3,0.0,85.3,85.3,0.359362,0.0,0.359362,0.359362,100.0,0.0,100.0,100.0,1,1,1,1
30.9,0.0,30.9,30.9,85.3,0.0,85.3,85.3,0.359362,0.0,0.359362,0.359362,100.0,0.0,100.0,100.0,1,1,1,1
30.9,0.0,30.9,30.9,85.3,0.0,85.3,85.3,0.359362,0.0,0.359362,0.359362,256.0,0.0,256.0,256.0,1,1,1,1
30.9,0.0,30.9,30.9,85.3,0.0,85.3,85.3,1.051565,0.008531,1.034895,1.059947,100.0,0.0,100.0,100.0,1,1,1,1
30.9,0.0,30.9,30.9,85.3,0.0,85.3,85.3,1.051565,0.008531,1.034895,1.059947,100.0,0.0,100.0,100.0,1,1,1,1
30.9,0.0,30.9,30.9,85.3,0.0,85.3,85.3,1.051565,0.008531,1.034895,1.059947,256.0,0.0,256.0,256.0,1,1,1,1
30.9,0.0,30.9,30.9,85.3,0.0,85.3,85.3,1.051565,0.008531,1.034895,1.059947,100.0,0.0,100.0,100.0,1,1,1,1
31.0,0.0,31.0,31.0,84.5,0.0,84.5,84.5,0.290816,0.0,0.290816,0.290816,100.0,0.0,100.0,100.0,1,1,1,1
30.9,0.0,30.9,30.9,85.3,0.0,85.3,85.3,0.290816,0.0,0.290816,0.290816,100.0,0.0,100.0,100.0,1,1,1,1
31.0,0.0,31.0,31.0,84.5,0.0,84.5,84.5,0.290816,0.0,0.290816,0.290816,100.0,0.0,100.0,100.0,1,1,1,1
31.0,0.0,31.0,31.0,84.5,0.0,84.5,84.5,0.359362,0.0,0.359362,0.359362,256.0,0.0,256.0,256.0,1,1,1,1
31.0,0.0,31.0,31.0,84.9,0.0,84.9,84.9,1.051565,0.008531,1.034895,1.059947,256.0,0.0,256.0,256.0,1,1,1,1
30.8,0.0,30.8,30.8,85.9,0.0,85.9,85.9,0.290816,0.0,0.290816,0.290816,100.0,0.0,100.0,100.0,1,1,1,1
30.8,0.0,30.8,30.8,85.9,0.0,85.9,85.9,0.290816,0.0,0.290816,0.290816,100.0,0.0,100.0,100.0,1,1,1,1
30.8,0.0,30.8,30.8,85.9,0.0,85.9,85.9,0.290816,0.0,0.290816,0.290816,256.0,0.0,256.0,256.0,1,1,1,1
30.8,0.0,30.8,30.8,85.9,0.0,85.9,85.9,0.290816,0.0,0.290816,0.290816,100.0,0.0,100.0,100.0,1,1,1,1
30.8,0.0,30.8,30.8,85.9,0.0,85.9,85.9,0.333727,0.0,0.333727,0.333727,100.0,0.0,100.0,100.0,1,1,1,1
30.8,0.0,30.8,30.8,85.9,0.0,85.9,85.9,0.333727,0.0,0.333727,0.333727,100.0,0.0,100.0,100.0,1,1,1,1
30.8,0.0,30.8,30.8,85.9,0.0,85.9,85.9,0.333727,0.0,0.333727,0.333727,256.0,0.0,256.0,256.0,1,1,1,1
30.8,0.0,30.8,30.8,85.9,0.0,85.9,85.9,0.333727,0.0,0.333727,0.333727,100.0,0.0,100.0,100.0,1,1,1,1
30.8,0.0,30.8,30.8,85.9,0.0,85.9,85.9,0.359362,0.0,0.359362,0.359362,100.0,0.0,100.0,100.0,1,1,1,1
30.8,0.0,30.8,30.8,85.9,0.0,85.9,85.9,0.359362,0.0,0.359362,0.359362,256.0,0.0,256.0,256.0,1,1,1,1
30.8,0.0,30.8,30.8,85.9,0.0,85.9,85.9,0.359362,0.0,0.359362,0.359362,100.0,0.0,100.0,100.0,1,1,1,1
30.8,0.0,30.8,30.8,85.9,0.0,85.9,85.9,1.051565,0.008531,1.034895,1.059947,100.0,0.0,100.0,100.0,1,1,1,1
30.8,0.0,30.8,30.8,85.9,0.0,85.9,85.9,1.051565,0.008531,1.034895,1.059947,100.0,0.0,100.0,100.0,1,1,1,1
30.8,0.0,30.8,30.8,85.9,0.0,85.9,85.9,1.051565,0.008531,1.034895,1.059947,256.0,0.0,256.0,256.0,1,1,1,1
30.8,0.0,30.8,30.8,85.9,0.0,85.9,85.9,1.051565,0.008531,1.034895,1.059947,100.0,0.0,100.0,100.0,1,1,1,1
30.8,0.0,30.8,30.8,85.9,0.0,85.9,85.9,0.359362,0.0,0.359362,0.359362,100.0,0.0,100.0,100.0,1,1,1,1
31.0,0.0,31.0,31.0,84.9,0.0,84.9,84.9,0.290816,0.0,0.290816,0.290816,100.0,0.0,100.0,100.0,1,1,1,1
31.0,0.0,31.0,31.0,84.9,0.0,84.9,84.9,1.051565,0.008531,1.034895,1.059947,100.0,0.0,100.0,100.0,1,1,1,1
31.0,0.0,31.0,31.0,84.9,0.0,84.9,84.9,0.290816,0.0,0.290816,0.290816,100.0,0.0,100.0,100.0,1,1,1,1
31.0,0.0,31.0,31.0,84.9,0.0,84.9,84.9,0.359362,0.0,0.359362,0.359362,100.0,0.0,100.0,100.0,1,1,1,1
31.0,0.0,31.0,31.0,84.9,0.0,84.9,84.9,0.359362,0.0,0.359362,0.359362,256.0,0.0,256.0,256.0,1,1,1,1
31.0,0.0,31.0,31.0,84.9,0.0,84.9,84.9,0.359362,0.0,0.359362,0.359362,100.0,0.0,100.0,100.0,1,1,1,1
31.0,0.0,31.0,31.0,84.9,0.0,84.9,84.9,0.359362,0.0,0.359362,0.359362,100.0,0.0,100.0,100.0,1,1,1,1
31.0,0.0,31.0,31.0,84.9,0.0,84.9,84.9,0.333727,0.0,0.333727,0.333727,100.0,0.0,100.0,100.0,1,1,1,1
31.0,0.0,31.0,31.0,84.9,0.0,84.9,84.9,1.051565,0.008531,1.034895,1.059947,100.0,0.0,100.0,100.0,1,1,1,1
31.0,0.0,31.0,31.0,84.9,0.0,84.9,84.9,0.333727,0.0,0.333727,0.333727,100.0,0.0,100.0,100.0,1,1,1,1
31.0,0.0,31.0,31.0,84.9,0.0,84.9,84.9,1.051565,0.008531,1.034895,1.059947,100.0,0.0,100.0,100.0,1,1,1,1
31.0,0.0,31.0,31.0,84.9,0.0,84.9,84.9,0.333727,0.0,0.333727,0.333727,100.0,0.0,100.0,100.0,1,1,1,1
31.0,0.0,31.0,31.0,84.9,0.0,84.9,84.9,0.290816,0.0,0.290816,0.290816,100.0,0.0,100.0,100.0,1,1,1,1
31.0,0.0,31.0,31.0,84.9,0.0,84.9,84.9,0.290816,0.0,0.290816,0.290816,256.0,0.0,256.0,256.0,1,1,1,1
31.0,0.0,31.0,31.0,84.9,0.0,84.9,84.9,0.333727,0.0,0.333727,0.333727,256.0,0.0,256.0,256.0,1,1,1,1
31.0,0.0,31.0,31.0,84.9,0.0,84.9,84.9,0.359362,0.0,0.359362,0.359362,100.0,0.0,100.0,100.0,1,1,1,1
31.0,0.0,31.0,31.0,84.9,0.0,84.9,84.9,0.359362,0.0,0.359362,0.359362,256.0,0.0,256.0,256.0,1,1,1,1
31.1,0.0,31.1,31.1,84.5,0.0,84.5,84.5,0.290816,0.0,0.290816,0.290816,100.0,0.0,100.0,100.0,1,1,1,1
31.1,0.0,31.1,31.1,84.5,0.0,84.5,84.5,0.290816,0.0,0.290816,0.290816,100.0,0.0,100.0,100.0,1,1,1,1
31.1,0.0,31.1,31.1,84.5,0.0,84.5,84.5,0.290816,0.0,0.290816,0.290816,256.0,0.0,256.0,256.0,1,1,1,1
31.1,0.0,31.1,31.1,84.5,0.0,84.5,84.5,0.333727,0.0,0.333727,0.333727,256.0,0.0,256.0,256.0,1,1,1,1
31.1,0.0,31.1,31.1,84.5,0.0,84.5,84.5,0.333727,0.0,0.333727,0.333727,100.0,0.0,100.0,100.0,1,1,1,1
31.1,0.0,31.1,31.1,84.5,0.0,84.5,84.5,0.359362,0.0,0.359362,0.359362,100.0,0.0,100.0,100.0,1,1,1,1
31.1,0.0,31.1,31.1,84.5,0.0,84.5,84.5,0.359362,0.0,0.359362,0.359362,100.0,0.0,100.0,100.0,1,1,1,1
31.1,0.0,31.1,31.1,84.5,0.0,84.5,84.5,0.359362,0.0,0.359362,0.359362,256.0,0.0,256.0,256.0,1,1,1,1
31.0,0.0,31.0,31.0,84.9,0.0,84.9,84.9,0.359362,0.0,0.359362,0.359362,100.0,0.0,100.0,100.0,1,1,1,1
31.1,0.0,31.1,31.1,84.5,0.0,84.5,84.5,0.333727,0.0,0.333727,0.333727,100.0,0.0,100.0,100.0,1,1,1,1
31.0,0.0,31.0,31.0,84.9,0.0,84.9,84.9,0.333727,0.0,0.333727,0.333727,256.0,0.0,256.0,256.0,1,1,1,1
61.7,0.0,61.7,61.7,171.6,0.0,171.6,171.6,0.290816,0.0,0.290816,0.290816,100.0,0.0,100.0,100.0,1,1,1,1
31.0,0.0,31.0,31.0,84.9,0.0,84.9,84.9,0.333727,0.0,0.333727,0.333727,100.0,0.0,100.0,100.0,1,1,1,1
61.7,0.0,61.7,61.7,171.6,0.0,171.6,171.6,0.290816,0.0,0.290816,0.290816,100.0,0.0,100.0,100.0,1,1,1,1
31.0,0.0,31.0,31.0,84.9,0.0,84.9,84.9,0.333727,0.0,0.333727,0.333727,100.0,0.0,100.0,100.0,1,1,1,1
61.7,0.0,61.7,61.7,171.6,0.0,171.6,171.6,0.290816,0.0,0.290816,0.290816,256.0,0.0,256.0,256.0,1,1,1,1
61.7,0.0,61.7,61.7,171.6,0.0,171.6,171.6,0.333727,0.0,0.333727,0.333727,100.0,0.0,100.0,100.0,1,1,1,1
61.7,0.0,61.7,61.7,171.6,0.0,171.6,171.6,0.333727,0.0,0.333727,0.333727,256.0,0.0,256.0,256.0,1,1,1,1
61.7,0.0,61.7,61.7,171.6,0.0,171.6,171.6,0.333727,0.0,0.333727,0.333727,100.0,0.0,100.0,100.0,1,1,1,1
61.7,0.0,61.7,61.7,171.6,0.0,171.6,171.6,0.359362,0.0,0.359362,0.359362,100.0,0.0,100.0,100.0,1,1,1,1
61.7,0.0,61.7,61.7,171.6,0.0,171.6,171.6,0.359362,0.0,0.359362,0.359362,256.0,0.0,256.0,256.0,1,1,1,1
31.0,0.0,31.0,31.0,84.9,0.0,84.9,84.9,0.290816,0.0,0.290816,0.290816,100.0,0.0,100.0,100.0,1,1,1,1
31.0,0.0,31.0,31.0,84.9,0.0,84.9,84.9,0.290816,0.0,0.290816,0.290816,100.0,0.0,100.0,100.0,1,1,1,1
31.0,0.0,31.0,31.0,84.9,0.0,84.9,84.9,0.290816,0.0,0.290816,0.290816,256.0,0.0,256.0,256.0,1,1,1,1
61.7,0.0,61.7,61.7,171.6,0.0,171.6,171.6,0.359362,0.0,0.359362,0.359362,100.0,0.0,100.0,100.0,1,1,1,1
31.1,0.0,31.1,31.1,84.5,0.0,84.5,84.5,0.359362,0.0,0.359362,0.359362,256.0,0.0,256.0,256.0,1,1,1,1
31.1,0.0,31.1,31.1,84.5,0.0,84.5,84.5,1.058502,0.004555,1.052456,1.06572,256.0,0.0,256.0,256.0,1,1,1,1
31.1,0.0,31.1,31.1,84.5,0.0,84.5,84.5,1.058502,0.004555,1.052456,1.06572,100.0,0.0,100.0,100.0,1,1,1,1
31.1,0.0,31.1,31.1,84.5,0.0,84.5,84.5,1.058502,0.004555,1.052456,1.06572,100.0,0.0,100.0,100.0,1,1,1,1
31.1,0.0,31.1,31.1,84.5,0.0,84.5,84.5,0.359362,0.0,0.359362,0.359362,100.0,0.0,100.0,100.0,1,1,1,1
31.1,0.0,31.1,31.1,84.5,0.0,84.5,84.5,0.359362,0.0,0.359362,0.359362,100.0,0.0,100.0,100.0,1,1,1,1
31.1,0.0,31.1,31.1,84.5,0.0,84.5,84.5,0.290816,0.0,0.290816,0.290816,256.0,0.0,256.0,256.0,1,1,1,1
31.1,0.0,31.1,31.1,84.5,0.0,84.5,84.5,0.333727,0.0,0.333727,0.333727,256.0,0.0,256.0,256.0,1,1,1,1
31.1,0.0,31.1,31.1,84.5,0.0,84.5,84.5,0.333727,0.0,0.333727,0.333727,100.0,0.0,100.0,100.0,1,1,1,1
31.1,0.0,31.1,31.1,84.5,0.0,84.5,84.5,0.333727,0.0,0.333727,0.333727,100.0,0.0,100.0,100.0,1,1,1,1
31.1,0.0,31.1,31.1,84.5,0.0,84.5,84.5,0.290816,0.0,0.290816,0.290816,100.0,0.0,100.0,100.0,1,1,1,1
31.1,0.0,31.1,31.1,84.5,0.0,84.5,84.5,1.058502,0.004555,1.052456,1.06572,100.0,0.0,100.0,100.0,1,1,1,1
31.1,0.0,31.1,31.1,84.5,0.0,84.5,84.5,0.359362,0.0,0.359362,0.359362,100.0,0.0,100.0,100.0,1,1,1,1
30.9,0.0,30.9,30.9,85.1,0.0,85.1,85.1,0.290816,0.0,0.290816,0.290816,100.0,0.0,100.0,100.0,1,1,1,1
30.9,0.0,30.9,30.9,85.1,0.0,85.1,85.1,0.333727,0.0,0.333727,0.333727,100.0,0.0,100.0,100.0,1,1,1,1
30.9,0.0,30.9,30.9,85.1,0.0,85.1,85.1,0.290816,0.0,0.290816,0.290816,256.0,0.0,256.0,256.0,1,1,1,1
30.9,0.0,30.9,30.9,85.1,0.0,85.1,85.1,0.290816,0.0,0.290816,0.290816,100.0,0.0,100.0,100.0,1,1,1,1
30.9,0.0,30.9,30.9,85.1,0.0,85.1,85.1,0.333727,0.0,0.333727,0.333727,100.0,0.0,100.0,100.0,1,1,1,1
30.9,0.0,30.9,30.9,85.1,0.0,85.1,85.1,0.333727,0.0,0.333727,0.333727,100.0,0.0,100.0,100.0,1,1,1,1
30.9,0.0,30.9,30.9,85.1,0.0,85.1,85.1,0.333727,0.0,0.333727,0.333727,256.0,0.0,256.0,256.0,1,1,1,1
31.1,0.0,31.1,31.1,84.5,0.0,84.5,84.5,0.290816,0.0,0.290816,0.290816,100.0,0.0,100.0,100.0,1,1,1,1
30.9,0.0,30.9,30.9,85.1,0.0,85.1,85.1,0.359362,0.0,0.359362,0.359362,100.0,0.0,100.0,100.0,1,1,1,1
30.9,0.0,30.9,30.9,85.1,0.0,85.1,85.1,0.359362,0.0,0.359362,0.359362,100.0,0.0,100.0,100.0,1,1,1,1
30.9,0.0,30.9,30.9,85.1,0.0,85.1,85.1,0.359362,0.0,0.359362,0.359362,256.0,0.0,256.0,256.0,1,1,1,1
30.9,0.0,30.9,30.9,85.1,0.0,85.1,85.1,0.359362,0.0,0.359362,0.359362,100.0,0.0,100.0,100.0,1,1,1,1
30.9,0.0,30.9,30.9,85.1,0.0,85.1,85.1,1.058502,0.004555,1.052456,1.06572,100.0,0.0,100.0,100.0,1,1,1,1
30.9,0.0,30.9,30.9,85.1,0.0,85.1,85.1,1.058502,0.004555,1.052456,1.06572,100.0,0.0,100.0,100.0,1,1,1,1
30.9,0.0,30.9,30.9,85.1,0.0,85.1,85.1,1.058502,0.004555,1.052456,1.06572,256.0,0.0,256.0,256.0,1,1,1,1
30.9,0.0,30.9,30.9,85.1,0.0,85.1,85.1,1.058502,0.004555,1.052456,1.06572,100.0,0.0,100.0,100.0,1,1,1,1
30.9,0.0,30.9,30.9,85.1,0.0,85.1,85.1,0.290816,0.0,0.290816,0.290816,100.0,0.0,100.0,100.0,1,1,1,1
31.1,0.0,31.1,31.1,84.5,0.0,84.5,84.5,0.290816,0.0,0.290816,0.290816,100.0,0.0,100.0,100.0,1,1,1,1
31.1,0.0,31.1,31.1,84.5,0.0,84.5,84.5,0.333727,0.0,0.333727,0.333727,100.0,0.0,100.0,100.0,1,1,1,1
31.0,0.0,31.0,31.0,84.8,0.0,84.8,84.8,1.058502,0.004555,1.052456,1.06572,256.0,0.0,256.0,256.0,1,1,1,1
30.9,0.0,30.9,30.9,85.9,0.0,85.9,85.9,0.290816,0.0,0.290816,0.290816,100.0,0.0,100.0,100.0,1,1,1,1
31.0,0.0,31.0,31.0,84.8,0.0,84.8,84.8,1.058502,0.004555,1.052456,1.06572,100.0,0.0,100.0,100.0,1,1,1,1
30.9,0.0,30.9,30.9,85.9,0.0,85.9,85.9,0.290816,0.0,0.290816,0.290816,256.0,0.0,256.0,256.0,1,1,1,1
30.9,0.0,30.9,30.9,85.9,0.0,85.9,85.9,0.290816,0.0,0.290816,0.290816,100.0,0.0,100.0,100.0,1,1,1,1
30.9,0.0,30.9,30.9,85.9,0.0,85.9,85.9,0.333727,0.0,0.333727,0.333727,100.0,0.0,100.0,100.0,1,1,1,1
30.9,0.0,30.9,30.9,85.9,0.0,85.9,85.9,0.333727,0.0,0.333727,0.333727,100.0,0.0,100.0,100.0,1,1,1,1
30.9,0.0,30.9,30.9,85.9,0.0,85.9,85.9,0.333727,0.0,0.333727,0.333727,256.0,0.0,256.0,256.0,1,1,1,1
30.9,0.0,30.9,30.9,85.9,0.0,85.9,85.9,0.333727,0.0,0.333727,0.333727,100.0,0.0,100.0,100.0,1,1,1,1
30.9,0.0,30.9,30.9,85.9,0.0,85.9,85.9,0.359362,0.0,0.359362,0.359362,100.0,0.0,100.0,100.0,1,1,1,1
30.9,0.0,30.9,30.9,85.9,0.0,85.9,85.9,0.359362,0.0,0.359362,0.359362,100.0,0.0,100.0,100.0,1,1,1,1
30.9,0.0,30.9,30.9,85.9,0.0,85.9,85.9,0.359362,0.0,0.359362,0.359362,256.0,0.0,256.0,256.0,1,1,1,1
30.9,0.0,30.9,30.9,85.9,0.0,85.9,85.9,0.359362,0.0,0.359362,0.359362,100.0,0.0,100.0,100.0,1,1,1,1
30.9,0.0,30.9,30.9,85.9,0.0,85.9,85.9,1.058502,0.004555,1.052456,1.06572,100.0,0.0,100.0,100.0,1,1,1,1
30.9,0.0,30.9,30.9,85.9,0.0,85.9,85.9,1.058502,0.004555,1.052456,1.06572,100.0,0.0,100.0,100.0,1,1,1,1
30.9,0.0,30.9,30.9,85.9,0.0,85.9,85.9,1.058502,0.004555,1.052456,1.06572,256.0,0.0,256.0,256.0,1,1,1,1
30.9,0.0,30.9,30.9,85.9,0.0,85.9,85.9,0.290816,0.0,0.290816,0.290816,100.0,0.0,100.0,100.0,1,1,1,1
31.0,0.0,31.0,31.0,84.8,0.0,84.8,84.8,0.290816,0.0,0.290816,0.290816,100.0,0.0,100.0,100.0,1,1,1,1
31.0,0.0,31.0,31.0,84.8,0.0,84.8,84.8,0.290816,0.0,0.290816,0.290816,100.0,0.0,100.0,100.0,1,1,1,1
31.0,0.0,31.0,31.0,84.8,0.0,84.8,84.8,0.290816,0.0,0.290816,0.290816,256.0,0.0,256.0,256.0,1,1,1,1
31.0,0.0,31.0,31.0,84.8,0.0,84.8,84.8,0.290816,0.0,0.290816,0.290816,100.0,0.0,100.0,100.0,1,1,1,1
31.0,0.0,31.0,31.0,84.8,0.0,84.8,84.8,0.333727,0.0,0.333727,0.333727,100.0,0.0,100.0,100.0,1,1,1,1
31.0,0.0,31.0,31.0,84.8,0.0,84.8,84.8,0.333727,0.0,0.333727,0.333727,100.0,0.0,100.0,100.0,1,1,1,1
31.0,0.0,31.0,31.0,84.8,0.0,84.8,84.8,0.333727,0.0,0.333727,0.333727,256.0,0.0,256.0,256.0,1,1,1,1
31.0,0.0,31.0,31.0,84.8,0.0,84.8,84.8,0.333727,0.0,0.333727,0.333727,100.0,0.0,100.0,100.0,1,1,1,1
30.9,0.0,30.9,30.9,85.9,0.0,85.9,85.9,1.058502,0.004555,1.052456,1.06572,100.0,0.0,100.0,100.0,1,1,1,1
31.0,0.0,31.0,31.0,84.8,0.0,84.8,84.8,0.359362,0.0,0.359362,0.359362,100.0,0.0,100.0,100.0,1,1,1,1
31.0,0.0,31.0,31.0,84.8,0.0,84.8,84.8,0.359362,0.0,0.359362,0.359362,100.0,0.0,100.0,100.0,1,1,1,1
31.0,0.0,31.0,31.0,84.8,0.0,84.8,84.8,0.359362,0.0,0.359362,0.359362,256.0,0.0,256.0,256.0,1,1,1,1
31.0,0.0,31.0,31.0,84.8,0.0,84.8,84.8,0.359362,0.0,0.359362,0.359362,100.0,0.0,100.0,100.0,1,1,1,1
31.0,0.0,31.0,31.0,84.8,0.0,84.8,84.8,1.058502,0.004555,1.052456,1.06572,100.0,0.0,100.0,100.0,1,1,1,1
31.0,0.0,31.0,31.0,84.8,0.0,84.8,84.8,1.058502,0.004555,1.052456,1.06572,100.0,0.0,100.0,100.0,1,1,1,1
31.0,0.0,31.0,31.0,84.5,0.0,84.5,84.5,0.359362,0.0,0.359362,0.359362,256.0,0.0,256.0,256.0,1,1,1,1
31.0,0.0,31.0,31.0,84.5,0.0,84.5,84.5,0.333727,0.0,0.333727,0.333727,256.0,0.0,256.0,256.0,1,1,1,1
31.0,0.0,31.0,31.0,84.5,0.0,84.5,84.5,0.333727,0.0,0.333727,0.333727,100.0,0.0,100.0,100.0,1,1,1,1
31.0,0.0,31.0,31.0,84.5,0.0,84.5,84.5,0.359362,0.0,0.359362,0.359362,100.0,0.0,100.0,100.0,1,1,1,1
31.0,0.0,31.0,31.0,84.8,0.0,84.8,84.8,0.359362,0.0,0.359362,0.359362,100.0,0.0,100.0,100.0,1,1,1,1
31.0,0.0,31.0,31.0,84.8,0.0,84.8,84.8,0.333727,0.0,0.333727,0.333727,256.0,0.0,256.0,256.0,1,1,1,1
31.0,0.0,31.0,31.0,84.8,0.0,84.8,84.8,0.333727,0.0,0.333727,0.333727,100.0,0.0,100.0,100.0,1,1,1,1
31.0,0.0,31.0,31.0,84.8,0.0,84.8,84.8,0.359362,0.0,0.359362,0.359362,256.0,0.0,256.0,256.0,1,1,1,1
31.0,0.0,31.0,31.0,84.8,0.0,84.8,84.8,0.333727,0.0,0.333727,0.333727,100.0,0.0,100.0,100.0,1,1,1,1
31.0,0.0,31.0,31.0,84.8,0.0,84.8,84.8,0.333727,0.0,0.333727,0.333727,100.0,0.0,100.0,100.0,1,1,1,1
31.0,0.0,31.0,31.0,84.8,0.0,84.8,84.8,0.290816,0.0,0.290816,0.290816,100.0,0.0,100.0,100.0,1,1,1,1
31.0,0.0,31.0,31.0,84.8,0.0,84.8,84.8,0.290816,0.0,0.290816,0.290816,100.0,0.0,100.0,100.0,1,1,1,1
0.0,0.0,0.0,0.0,0.0,0.0,0.0,0.0,0.333727,0.0,0.333727,0.333727,100.0,0.0,100.0,100.0,1,1,1,1
0.0,0.0,0.0,0.0,0.0,0.0,0.0,0.0,0.290816,0.0,0.290816,0.290816,100.0,0.0,100.0,100.0,1,1,1,1
0.0,0.0,0.0,0.0,0.0,0.0,0.0,0.0,0.290816,0.0,0.290816,0.290816,100.0,0.0,100.0,100.0,1,1,1,1
0.0,0.0,0.0,0.0,0.0,0.0,0.0,0.0,0.333727,0.0,0.333727,0.333727,100.0,0.0,100.0,100.0,1,1,1,1
31.0,0.0,31.0,31.0,84.5,0.0,84.5,84.5,0.290816,0.0,0.290816,0.290816,100.0,0.0,100.0,100.0,1,1,1,1
31.0,0.0,31.0,31.0,84.7,0.0,84.7,84.7,0.359362,0.0,0.359362,0.359362,100.0,0.0,100.0,100.0,1,1,1,1
31.0,0.0,31.0,31.0,84.7,0.0,84.7,84.7,0.359362,0.0,0.359362,0.359362,256.0,0.0,256.0,256.0,1,1,1,1
31.0,0.0,31.0,31.0,84.5,0.0,84.5,84.5,0.290816,0.0,0.290816,0.290816,100.0,0.0,100.0,100.0,1,1,1,1
31.0,0.0,31.0,31.0,84.5,0.0,84.5,84.5,0.290816,0.0,0.290816,0.290816,256.0,0.0,256.0,256.0,1,1,1,1
31.0,0.0,31.0,31.0,84.5,0.0,84.5,84.5,0.359362,0.0,0.359362,0.359362,256.0,0.0,256.0,256.0,1,1,1,1
31.0,0.0,31.0,31.0,84.5,0.0,84.5,84.5,0.333727,0.0,0.333727,0.333727,100.0,0.0,100.0,100.0,1,1,1,1
31.0,0.0,31.0,31.0,84.5,0.0,84.5,84.5,0.333727,0.0,0.333727,0.333727,256.0,0.0,256.0,256.0,1,1,1,1
31.0,0.0,31.0,31.0,84.5,0.0,84.5,84.5,0.359362,0.0,0.359362,0.359362,100.0,0.0,100.0,100.0,1,1,1,1
31.0,0.0,31.0,31.0,84.5,0.0,84.5,84.5,0.359362,0.0,0.359362,0.359362,100.0,0.0,100.0,100.0,1,1,1,1
31.0,0.0,31.0,31.0,84.7,0.0,84.7,84.7,0.359362,0.0,0.359362,0.359362,100.0,0.0,100.0,100.0,1,1,1,1
31.0,0.0,31.0,31.0,84.5,0.0,84.5,84.5,0.333727,0.0,0.333727,0.333727,100.0,0.0,100.0,100.0,1,1,1,1
31.0,0.0,31.0,31.0,84.7,0.0,84.7,84.7,0.333727,0.0,0.333727,0.333727,256.0,0.0,256.0,256.0,1,1,1,1
30.9,0.0,30.9,30.9,86.4,0.0,86.4,86.4,0.359362,0.0,0.359362,0.359362,100.0,0.0,100.0,100.0,1,1,1,1
31.0,0.0,31.0,31.0,84.7,0.0,84.7,84.7,0.333727,0.0,0.333727,0.333727,100.0,0.0,100.0,100.0,1,1,1,1
30.9,0.0,30.9,30.9,86.4,0.0,86.4,86.4,0.290816,0.0,0.290816,0.290816,100.0,0.0,100.0,100.0,1,1,1,1
30.9,0.0,30.9,30.9,86.4,0.0,86.4,86.4,0.290816,0.0,0.290816,0.290816,100.0,0.0,100.0,100.0,1,1,1,1
30.9,0.0,30.9,30.9,86.4,0.0,86.4,86.4,0.290816,0.0,0.290816,0.290816,256.0,0.0,256.0,256.0,1,1,1,1
30.9,0.0,30.9,30.9,86.4,0.0,86.4,86.4,0.333727,0.0,0.333727,0.333727,100.0,0.0,100.0,100.0,1,1,1,1
30.9,0.0,30.9,30.9,86.4,0.0,86.4,86.4,0.333727,0.0,0.333727,0.333727,256.0,0.0,256.0,256.0,1,1,1,1
30.9,0.0,30.9,30.9,86.4,0.0,86.4,86.4,0.333727,0.0,0.333727,0.333727,100.0,0.0,100.0,100.0,1,1,1,1
31.0,0.0,31.0,31.0,84.7,0.0,84.7,84.7,0.333727,0.0,0.333727,0.333727,100.0,0.0,100.0,100.0,1,1,1,1
30.9,0.0,30.9,30.9,86.4,0.0,86.4,86.4,0.359362,0.0,0.359362,0.359362,256.0,0.0,256.0,256.0,1,1,1,1
31.0,0.0,31.0,31.0,84.7,0.0,84.7,84.7,0.290816,0.0,0.290816,0.290816,100.0,0.0,100.0,100.0,1,1,1,1
31.0,0.0,31.0,31.0,84.7,0.0,84.7,84.7,0.290816,0.0,0.290816,0.290816,100.0,0.0,100.0,100.0,1,1,1,1
31.0,0.0,31.0,31.0,84.7,0.0,84.7,84.7,0.290816,0.0,0.290816,0.290816,256.0,0.0,256.0,256.0,1,1,1,1
30.9,0.0,30.9,30.9,86.4,0.0,86.4,86.4,0.359362,0.0,0.359362,0.359362,100.0,0.0,100.0,100.0,1,1,1,1
31.0,0.0,31.0,31.0,84.5,0.0,84.5,84.5,0.290816,0.0,0.290816,0.290816,170.666667,147.801669,0.0,256.0,1,1,1,1
31.0,0.0,31.0,31.0,84.5,0.0,84.5,84.5,0.359362,0.0,0.359362,0.359362,170.666667,147.801669,0.0,256.0,1,1,1,1
31.0,0.0,31.0,31.0,84.5,0.0,84.5,84.5,0.359362,0.0,0.359362,0.359362,50.0,57.735027,0.0,100.0,1,1,1,1
31.0,0.0,31.0,31.0,84.5,0.0,84.5,84.5,0.290816,0.0,0.290816,0.290816,50.0,57.735027,0.0,100.0,1,1,1,1
30.8,0.0,30.8,30.8,86.4,0.0,86.4,86.4,0.359362,0.0,0.359362,0.359362,170.666667,147.801669,0.0,256.0,1,1,1,1
30.8,0.0,30.8,30.8,86.4,0.0,86.4,86.4,0.359362,0.0,0.359362,0.359362,50.0,57.735027,0.0,100.0,1,1,1,1
30.8,0.0,30.8,30.8,86.4,0.0,86.4,86.4,0.290816,0.0,0.290816,0.290816,170.666667,147.801669,0.0,256.0,1,1,1,1
30.8,0.0,30.8,30.8,86.4,0.0,86.4,86.4,0.290816,0.0,0.290816,0.290816,50.0,57.735027,0.0,100.0,1,1,1,1
31.0,0.0,31.0,31.0,84.5,0.0,84.5,84.5,0.359362,0.0,0.359362,0.359362,0.0,0.0,0.0,0.0,1,1,1,1
31.0,0.0,31.0,31.0,84.5,0.0,84.5,84.5,0.359362,0.0,0.359362,0.359362,100.0,0.0,100.0,100.0,1,1,1,1
31.0,0.0,31.0,31.0,84.5,0.0,84.5,84.5,0.359362,0.0,0.359362,0.359362,100.0,0.0,100.0,100.0,1,1,1,1
31.0,0.0,31.0,31.0,84.5,0.0,84.5,84.5,0.333727,0.0,0.333727,0.333727,0.0,0.0,0.0,0.0,1,1,1,1
31.0,0.0,31.0,31.0,84.5,0.0,84.5,84.5,0.333727,0.0,0.333727,0.333727,100.0,0.0,100.0,100.0,1,1,1,1
31.0,0.0,31.0,31.0,84.5,0.0,84.5,84.5,0.333727,0.0,0.333727,0.333727,100.0,0.0,100.0,100.0,1,1,1,1
31.0,0.0,31.0,31.0,84.5,0.0,84.5,84.5,0.290816,0.0,0.290816,0.290816,0.0,0.0,0.0,0.0,1,1,1,1
31.0,0.0,31.0,31.0,84.5,0.0,84.5,84.5,0.290816,0.0,0.290816,0.290816,100.0,0.0,100.0,100.0,1,1,1,1
0.0,0.0,0.0,0.0,0.0,0.0,0.0,0.0,0.359362,0.0,0.359362,0.359362,0.0,0.0,0.0,0.0,1,1,1,1
0.0,0.0,0.0,0.0,0.0,0.0,0.0,0.0,0.359362,0.0,0.359362,0.359362,100.0,0.0,100.0,100.0,1,1,1,1
0.0,0.0,0.0,0.0,0.0,0.0,0.0,0.0,0.359362,0.0,0.359362,0.359362,100.0,0.0,100.0,100.0,1,1,1,1
0.0,0.0,0.0,0.0,0.0,0.0,0.0,0.0,0.333727,0.0,0.333727,0.333727,0.0,0.0,0.0,0.0,1,1,1,1
0.0,0.0,0.0,0.0,0.0,0.0,0.0,0.0,0.333727,0.0,0.333727,0.333727,100.0,0.0,100.0,100.0,1,1,1,1
31.0,0.0,31.0,31.0,84.5,0.0,84.5,84.5,0.290816,0.0,0.290816,0.290816,100.0,0.0,100.0,100.0,1,1,1,1
0.0,0.0,0.0,0.0,0.0,0.0,0.0,0.0,0.290816,0.0,0.290816,0.290816,0.0,0.0,0.0,0.0,1,1,1,1
0.0,0.0,0.0,0.0,0.0,0.0,0.0,0.0,0.333727,0.0,0.333727,0.333727,100.0,0.0,100.0,100.0,1,1,1,1
0.0,0.0,0.0,0.0,0.0,0.0,0.0,0.0,0.290816,0.0,0.290816,0.290816,100.0,0.0,100.0,100.0,1,1,1,1
0.0,0.0,0.0,0.0,0.0,0.0,0.0,0.0,0.290816,0.0,0.290816,0.290816,0.0,0.0,0.0,0.0,1,1,1,1
0.0,0.0,0.0,0.0,0.0,0.0,0.0,0.0,0.333727,0.0,0.333727,0.333727,100.0,0.0,100.0,100.0,1,1,1,1
0.0,0.0,0.0,0.0,0.0,0.0,0.0,0.0,0.333727,0.0,0.333727,0.333727,100.0,0.0,100.0,100.0,1,1,1,1
0.0,0.0,0.0,0.0,0.0,0.0,0.0,0.0,0.333727,0.0,0.333727,0.333727,0.0,0.0,0.0,0.0,1,1,1,1
0.0,0.0,0.0,0.0,0.0,0.0,0.0,0.0,0.290816,0.0,0.290816,0.290816,100.0,0.0,100.0,100.0,1,1,1,1
0.0,0.0,0.0,0.0,0.0,0.0,0.0,0.0,0.359362,0.0,0.359362,0.359362,100.0,0.0,100.0,100.0,1,1,1,1
0.0,0.0,0.0,0.0,0.0,0.0,0.0,0.0,0.359362,0.0,0.359362,0.359362,0.0,0.0,0.0,0.0,1,1,1,1
0.0,0.0,0.0,0.0,0.0,0.0,0.0,0.0,0.290816,0.0,0.290816,0.290816,100.0,0.0,100.0,100.0,1,1,1,1
0.0,0.0,0.0,0.0,0.0,0.0,0.0,0.0,0.290816,0.0,0.290816,0.290816,100.0,0.0,100.0,100.0,1,1,1,1
0.0,0.0,0.0,0.0,0.0,0.0,0.0,0.0,0.359362,0.0,0.359362,0.359362,100.0,0.0,100.0,100.0,1,1,1,1
31.0,0.0,31.0,31.0,85.0,0.0,85.0,85.0,0.359362,0.0,0.359362,0.359362,100.0,0.0,100.0,100.0,1,1,1,1
31.0,0.0,31.0,31.0,85.0,0.0,85.0,85.0,0.359362,0.0,0.359362,0.359362,100.0,0.0,100.0,100.0,1,1,1,1
31.0,0.0,31.0,31.0,85.0,0.0,85.0,85.0,0.359362,0.0,0.359362,0.359362,0.0,0.0,0.0,0.0,1,1,1,1
31.0,0.0,31.0,31.0,84.5,0.0,84.5,84.5,0.290816,0.0,0.290816,0.290816,100.0,0.0,100.0,100.0,1,1,1,1
31.0,0.0,31.0,31.0,84.5,0.0,84.5,84.5,0.290816,0.0,0.290816,0.290816,100.0,0.0,100.0,100.0,1,1,1,1
31.0,0.0,31.0,31.0,84.5,0.0,84.5,84.5,0.333727,0.0,0.333727,0.333727,0.0,0.0,0.0,0.0,1,1,1,1
31.0,0.0,31.0,31.0,84.5,0.0,84.5,84.5,0.333727,0.0,0.333727,0.333727,100.0,0.0,100.0,100.0,1,1,1,1
31.0,0.0,31.0,31.0,84.5,0.0,84.5,84.5,0.359362,0.0,0.359362,0.359362,100.0,0.0,100.0,100.0,1,1,1,1
31.0,0.0,31.0,31.0,84.5,0.0,84.5,84.5,0.359362,0.0,0.359362,0.359362,100.0,0.0,100.0,100.0,1,1,1,1
31.0,0.0,31.0,31.0,84.5,0.0,84.5,84.5,0.359362,0.0,0.359362,0.359362,0.0,0.0,0.0,0.0,1,1,1,1
31.0,0.0,31.0,31.0,85.0,0.0,85.0,85.0,0.333727,0.0,0.333727,0.333727,0.0,0.0,0.0,0.0,1,1,1,1
31.0,0.0,31.0,31.0,84.5,0.0,84.5,84.5,0.290816,0.0,0.290816,0.290816,0.0,0.0,0.0,0.0,1,1,1,1
31.0,0.0,31.0,31.0,85.0,0.0,85.0,85.0,0.333727,0.0,0.333727,0.333727,100.0,0.0,100.0,100.0,1,1,1,1
31.0,0.0,31.0,31.0,84.5,0.0,84.5,84.5,0.333727,0.0,0.333727,0.333727,100.0,0.0,100.0,100.0,1,1,1,1
31.0,0.0,31.0,31.0,85.0,0.0,85.0,85.0,0.290816,0.0,0.290816,0.290816,0.0,0.0,0.0,0.0,1,1,1,1
31.0,0.0,31.0,31.0,85.0,0.0,85.0,85.0,0.333727,0.0,0.333727,0.333727,100.0,0.0,100.0,100.0,1,1,1,1
30.8,0.0,30.8,30.8,86.2,0.0,86.2,86.2,0.290816,0.0,0.290816,0.290816,100.0,0.0,100.0,100.0,1,1,1,1
30.8,0.0,30.8,30.8,86.2,0.0,86.2,86.2,0.290816,0.0,0.290816,0.290816,0.0,0.0,0.0,0.0,1,1,1,1
30.8,0.0,30.8,30.8,86.2,0.0,86.2,86.2,0.333727,0.0,0.333727,0.333727,100.0,0.0,100.0,100.0,1,1,1,1
30.8,0.0,30.8,30.8,86.2,0.0,86.2,86.2,0.333727,0.0,0.333727,0.333727,100.0,0.0,100.0,100.0,1,1,1,1
30.8,0.0,30.8,30.8,86.2,0.0,86.2,86.2,0.290816,0.0,0.290816,0.290816,100.0,0.0,100.0,100.0,1,1,1,1
30.8,0.0,30.8,30.8,86.2,0.0,86.2,86.2,0.359362,0.0,0.359362,0.359362,100.0,0.0,100.0,100.0,1,1,1,1
30.8,0.0,30.8,30.8,86.2,0.0,86.2,86.2,0.359362,0.0,0.359362,0.359362,100.0,0.0,100.0,100.0,1,1,1,1
30.8,0.0,30.8,30.8,86.2,0.0,86.2,86.2,0.359362,0.0,0.359362,0.359362,0.0,0.0,0.0,0.0,1,1,1,1
31.0,0.0,31.0,31.0,85.0,0.0,85.0,85.0,0.290816,0.0,0.290816,0.290816,100.0,0.0,100.0,100.0,1,1,1,1
31.0,0.0,31.0,31.0,85.0,0.0,85.0,85.0,0.290816,0.0,0.290816,0.290816,100.0,0.0,100.0,100.0,1,1,1,1
30.8,0.0,30.8,30.8,86.2,0.0,86.2,86.2,0.333727,0.0,0.333727,0.333727,0.0,0.0,0.0,0.0,1,1,1,1
0.0,0.0,0.0,0.0,0.0,0.0,0.0,0.0,0.359362,0.0,0.359362,0.359362,12.75,25.5,0.0,51.0,1,1,1,1
31.0,0.0,31.0,31.0,85.0,0.0,85.0,85.0,0.359362,0.0,0.359362,0.359362,66.666667,57.735027,0.0,100.0,1,1,1,1
31.0,0.0,31.0,31.0,85.0,0.0,85.0,85.0,0.359362,0.0,0.359362,0.359362,100.0,0.0,100.0,100.0,1,1,1,1
31.0,0.0,31.0,31.0,85.0,0.0,85.0,85.0,0.359362,0.0,0.359362,0.359362,12.75,25.5,0.0,51.0,1,1,1,1
0.0,0.0,0.0,0.0,0.0,0.0,0.0,0.0,0.290816,0.0,0.290816,0.290816,66.666667,57.735027,0.0,100.0,1,1,1,1
0.0,0.0,0.0,0.0,0.0,0.0,0.0,0.0,0.290816,0.0,0.290816,0.290816,100.0,0.0,100.0,100.0,1,1,1,1
0.0,0.0,0.0,0.0,0.0,0.0,0.0,0.0,0.333727,0.0,0.333727,0.333727,100.0,0.0,100.0,100.0,1,1,1,1
0.0,0.0,0.0,0.0,0.0,0.0,0.0,0.0,0.333727,0.0,0.333727,0.333727,66.666667,57.735027,0.0,100.0,1,1,1,1
0.0,0.0,0.0,0.0,0.0,0.0,0.0,0.0,0.333727,0.0,0.333727,0.333727,12.75,25.5,0.0,51.0,1,1,1,1
0.0,0.0,0.0,0.0,0.0,0.0,0.0,0.0,0.359362,0.0,0.359362,0.359362,66.666667,57.735027,0.0,100.0,1,1,1,1
31.0,0.0,31.0,31.0,85.0,0.0,85.0,85.0,0.333727,0.0,0.333727,0.333727,12.75,25.5,0.0,51.0,1,1,1,1
0.0,0.0,0.0,0.0,0.0,0.0,0.0,0.0,0.290816,0.0,0.290816,0.290816,12.75,25.5,0.0,51.0,1,1,1,1
31.0,0.0,31.0,31.0,85.0,0.0,85.0,85.0,0.333727,0.0,0.333727,0.333727,100.0,0.0,100.0,100.0,1,1,1,1
0.0,0.0,0.0,0.0,0.0,0.0,0.0,0.0,0.359362,0.0,0.359362,0.359362,100.0,0.0,100.0,100.0,1,1,1,1
31.0,0.0,31.0,31.0,85.0,0.0,85.0,85.0,0.290816,0.0,0.290816,0.290816,12.75,25.5,0.0,51.0,1,1,1,1
31.0,0.0,31.0,31.0,85.0,0.0,85.0,85.0,0.333727,0.0,0.333727,0.333727,66.666667,57.735027,0.0,100.0,1,1,1,1
30.8,0.0,30.8,30.8,86.1,0.0,86.1,86.1,0.290816,0.0,0.290816,0.290816,66.666667,57.735027,0.0,100.0,1,1,1,1
30.8,0.0,30.8,30.8,86.1,0.0,86.1,86.1,0.290816,0.0,0.290816,0.290816,100.0,0.0,100.0,100.0,1,1,1,1
30.8,0.0,30.8,30.8,86.1,0.0,86.1,86.1,0.290816,0.0,0.290816,0.290816,12.75,25.5,0.0,51.0,1,1,1,1
30.8,0.0,30.8,30.8,86.1,0.0,86.1,86.1,0.333727,0.0,0.333727,0.333727,100.0,0.0,100.0,100.0,1,1,1,1
30.8,0.0,30.8,30.8,86.1,0.0,86.1,86.1,0.333727,0.0,0.333727,0.333727,66.666667,57.735027,0.0,100.0,1,1,1,1
30.8,0.0,30.8,30.8,86.1,0.0,86.1,86.1,0.359362,0.0,0.359362,0.359362,66.666667,57.735027,0.0,100.0,1,1,1,1
30.8,0.0,30.8,30.8,86.1,0.0,86.1,86.1,0.333727,0.0,0.333727,0.333727,12.75,25.5,0.0,51.0,1,1,1,1
31.0,0.0,31.0,31.0,85.0,0.0,85.0,85.0,0.290816,0.0,0.290816,0.290816,66.666667,57.735027,0.0,100.0,1,1,1,1
31.0,0.0,31.0,31.0,85.0,0.0,85.0,85.0,0.290816,0.0,0.290816,0.290816,100.0,0.0,100.0,100.0,1,1,1,1
30.8,0.0,30.8,30.8,86.1,0.0,86.1,86.1,0.359362,0.0,0.359362,0.359362,100.0,0.0,100.0,100.0,1,1,1,1
30.8,0.0,30.8,30.8,86.1,0.0,86.1,86.1,0.359362,0.0,0.359362,0.359362,12.75,25.5,0.0,51.0,1,1,1,1
31.1,0.0,31.1,31.1,84.8,0.0,84.8,84.8,0.359362,0.0,0.359362,0.359362,100.0,0.0,100.0,100.0,1,1,1,1
31.1,0.0,31.1,31.1,84.8,0.0,84.8,84.8,0.359362,0.0,0.359362,0.359362,0.0,0.0,0.0,0.0,1,1,1,1
31.1,0.0,31.1,31.1,84.8,0.0,84.8,84.8,0.333727,0.0,0.333727,0.333727,25.0,50.0,0.0,100.0,1,1,1,1
31.1,0.0,31.1,31.1,84.8,0.0,84.8,84.8,0.333727,0.0,0.333727,0.333727,100.0,0.0,100.0,100.0,1,1,1,1
31.0,0.0,31.0,31.0,85.0,0.0,85.0,85.0,0.333727,0.0,0.333727,0.333727,100.0,0.0,100.0,100.0,1,1,1,1
31.1,0.0,31.1,31.1,84.8,0.0,84.8,84.8,0.290816,0.0,0.290816,0.290816,25.0,50.0,0.0,100.0,1,1,1,1
31.1,0.0,31.1,31.1,84.8,0.0,84.8,84.8,0.290816,0.0,0.290816,0.290816,100.0,0.0,100.0,100.0,1,1,1,1
31.1,0.0,31.1,31.1,84.8,0.0,84.8,84.8,0.290816,0.0,0.290816,0.290816,0.0,0.0,0.0,0.0,1,1,1,1
31.0,0.0,31.0,31.0,85.0,0.0,85.0,85.0,0.359362,0.0,0.359362,0.359362,25.0,50.0,0.0,100.0,1,1,1,1
31.0,0.0,31.0,31.0,85.0,0.0,85.0,85.0,0.359362,0.0,0.359362,0.359362,100.0,0.0,100.0,100.0,1,1,1,1
31.1,0.0,31.1,31.1,84.8,0.0,84.8,84.8,0.359362,0.0,0.359362,0.359362,25.0,50.0,0.0,100.0,1,1,1,1
31.0,0.0,31.0,31.0,85.0,0.0,85.0,85.0,0.333727,0.0,0.333727,0.333727,25.0,50.0,0.0,100.0,1,1,1,1
31.1,0.0,31.1,31.1,84.8,0.0,84.8,84.8,0.333727,0.0,0.333727,0.333727,0.0,0.0,0.0,0.0,1,1,1,1
31.0,0.0,31.0,31.0,85.0,0.0,85.0,85.0,0.359362,0.0,0.359362,0.359362,0.0,0.0,0.0,0.0,1,1,1,1
31.0,0.0,31.0,31.0,85.0,0.0,85.0,85.0,0.290816,0.0,0.290816,0.290816,100.0,0.0,100.0,100.0,1,1,1,1
31.0,0.0,31.0,31.0,85.0,0.0,85.0,85.0,0.290816,0.0,0.290816,0.290816,25.0,50.0,0.0,100.0,1,1,1,1
30.9,0.0,30.9,30.9,86.1,0.0,86.1,86.1,0.290816,0.0,0.290816,0.290816,0.0,0.0,0.0,0.0,1,1,1,1
30.9,0.0,30.9,30.9,86.1,0.0,86.1,86.1,0.290816,0.0,0.290816,0.290816,100.0,0.0,100.0,100.0,1,1,1,1
30.9,0.0,30.9,30.9,86.1,0.0,86.1,86.1,0.290816,0.0,0.290816,0.290816,25.0,50.0,0.0,100.0,1,1,1,1
30.9,0.0,30.9,30.9,86.1,0.0,86.1,86.1,0.333727,0.0,0.333727,0.333727,0.0,0.0,0.0,0.0,1,1,1,1
31.0,0.0,31.0,31.0,85.0,0.0,85.0,85.0,0.333727,0.0,0.333727,0.333727,0.0,0.0,0.0,0.0,1,1,1,1
30.9,0.0,30.9,30.9,86.1,0.0,86.1,86.1,0.333727,0.0,0.333727,0.333727,25.0,50.0,0.0,100.0,1,1,1,1
30.9,0.0,30.9,30.9,86.1,0.0,86.1,86.1,0.359362,0.0,0.359362,0.359362,0.0,0.0,0.0,0.0,1,1,1,1
30.9,0.0,30.9,30.9,86.1,0.0,86.1,86.1,0.359362,0.0,0.359362,0.359362,100.0,0.0,100.0,100.0,1,1,1,1
30.9,0.0,30.9,30.9,86.1,0.0,86.1,86.1,0.359362,0.0,0.359362,0.359362,25.0,50.0,0.0,100.0,1,1,1,1
31.0,0.0,31.0,31.0,85.0,0.0,85.0,85.0,0.290816,0.0,0.290816,0.290816,0.0,0.0,0.0,0.0,1,1,1,1
30.9,0.0,30.9,30.9,86.1,0.0,86.1,86.1,0.333727,0.0,0.333727,0.333727,100.0,0.0,100.0,100.0,1,1,1,1
31.0,0.0,31.0,31.0,85.0,0.0,85.0,85.0,0.333727,0.0,0.333727,0.333727,100.0,0.0,100.0,100.0,1,1,1,1
31.0,0.0,31.0,31.0,85.0,0.0,85.0,85.0,0.333727,0.0,0.333727,0.333727,0.0,0.0,0.0,0.0,1,1,1,1
31.0,0.0,31.0,31.0,85.0,0.0,85.0,85.0,0.290816,0.0,0.290816,0.290816,100.0,0.0,100.0,100.0,1,1,1,1
31.0,0.0,31.0,31.0,85.0,0.0,85.0,85.0,0.290816,0.0,0.290816,0.290816,0.0,0.0,0.0,0.0,1,1,1,1
30.8,0.0,30.8,30.8,86.0,0.0,86.0,86.0,0.333727,0.0,0.333727,0.333727,0.0,0.0,0.0,0.0,1,1,1,1
30.8,0.0,30.8,30.8,86.0,0.0,86.0,86.0,0.290816,0.0,0.290816,0.290816,100.0,0.0,100.0,100.0,1,1,1,1
30.8,0.0,30.8,30.8,86.0,0.0,86.0,86.0,0.290816,0.0,0.290816,0.290816,0.0,0.0,0.0,0.0,1,1,1,1
30.8,0.0,30.8,30.8,86.0,0.0,86.0,86.0,0.333727,0.0,0.333727,0.333727,100.0,0.0,100.0,100.0,1,1,1,1
0.0,0.0,0.0,0.0,0.0,0.0,0.0,0.0,0.359362,0.0,0.359362,0.359362,100.0,0.0,100.0,100.0,1,1,1,1
0.0,0.0,0.0,0.0,0.0,0.0,0.0,0.0,0.359362,0.0,0.359362,0.359362,100.0,0.0,100.0,100.0,1,1,1,1
0.0,0.0,0.0,0.0,0.0,0.0,0.0,0.0,0.333727,0.0,0.333727,0.333727,100.0,0.0,100.0,100.0,1,1,1,1
0.0,0.0,0.0,0.0,0.0,0.0,0.0,0.0,0.333727,0.0,0.333727,0.333727,100.0,0.0,100.0,100.0,1,1,1,1
31.0,0.0,31.0,31.0,85.0,0.0,85.0,85.0,0.359362,0.0,0.359362,0.359362,100.0,0.0,100.0,100.0,1,1,1,1
31.0,0.0,31.0,31.0,85.0,0.0,85.0,85.0,0.333727,0.0,0.333727,0.333727,100.0,0.0,100.0,100.0,1,1,1,1
31.0,0.0,31.0,31.0,85.0,0.0,85.0,85.0,0.333727,0.0,0.333727,0.333727,100.0,0.0,100.0,100.0,1,1,1,1
31.0,0.0,31.0,31.0,85.0,0.0,85.0,85.0,0.359362,0.0,0.359362,0.359362,100.0,0.0,100.0,100.0,1,1,1,1
31.0,0.0,31.0,31.0,84.9,0.0,84.9,84.9,0.359362,0.0,0.359362,0.359362,25.0,50.0,0.0,100.0,1,1,1,1
31.0,0.0,31.0,31.0,84.9,0.0,84.9,84.9,0.359362,0.0,0.359362,0.359362,100.0,0.0,100.0,100.0,1,1,1,1
31.0,0.0,31.0,31.0,84.9,0.0,84.9,84.9,0.359362,0.0,0.359362,0.359362,100.0,0.0,100.0,100.0,1,1,1,1
31.0,0.0,31.0,31.0,85.0,0.0,85.0,85.0,0.290816,0.0,0.290816,0.290816,25.0,50.0,0.0,100.0,1,1,1,1
31.0,0.0,31.0,31.0,85.0,0.0,85.0,85.0,0.290816,0.0,0.290816,0.290816,100.0,0.0,100.0,100.0,1,1,1,1
31.0,0.0,31.0,31.0,85.0,0.0,85.0,85.0,0.333727,0.0,0.333727,0.333727,100.0,0.0,100.0,100.0,1,1,1,1
31.0,0.0,31.0,31.0,84.9,0.0,84.9,84.9,0.333727,0.0,0.333727,0.333727,100.0,0.0,100.0,100.0,1,1,1,1
31.0,0.0,31.0,31.0,85.0,0.0,85.0,85.0,0.333727,0.0,0.333727,0.333727,100.0,0.0,100.0,100.0,1,1,1,1
31.0,0.0,31.0,31.0,85.0,0.0,85.0,85.0,0.359362,0.0,0.359362,0.359362,25.0,50.0,0.0,100.0,1,1,1,1
31.0,0.0,31.0,31.0,85.0,0.0,85.0,85.0,0.359362,0.0,0.359362,0.359362,100.0,0.0,100.0,100.0,1,1,1,1
31.0,0.0,31.0,31.0,85.0,0.0,85.0,85.0,0.359362,0.0,0.359362,0.359362,100.0,0.0,100.0,100.0,1,1,1,1
31.0,0.0,31.0,31.0,85.0,0.0,85.0,85.0,0.290816,0.0,0.290816,0.290816,100.0,0.0,100.0,100.0,1,1,1,1
31.0,0.0,31.0,31.0,84.9,0.0,84.9,84.9,0.333727,0.0,0.333727,0.333727,100.0,0.0,100.0,100.0,1,1,1,1
31.0,0.0,31.0,31.0,85.0,0.0,85.0,85.0,0.333727,0.0,0.333727,0.333727,25.0,50.0,0.0,100.0,1,1,1,1
31.0,0.0,31.0,31.0,84.9,0.0,84.9,84.9,0.290816,0.0,0.290816,0.290816,100.0,0.0,100.0,100.0,1,1,1,1
30.9,0.0,30.9,30.9,86.6,0.0,86.6,86.6,0.290816,0.0,0.290816,0.290816,25.0,50.0,0.0,100.0,1,1,1,1
30.9,0.0,30.9,30.9,86.6,0.0,86.6,86.6,0.290816,0.0,0.290816,0.290816,100.0,0.0,100.0,100.0,1,1,1,1
30.9,0.0,30.9,30.9,86.6,0.0,86.6,86.6,0.290816,0.0,0.290816,0.290816,100.0,0.0,100.0,100.0,1,1,1,1
30.9,0.0,30.9,30.9,86.6,0.0,86.6,86.6,0.333727,0.0,0.333727,0.333727,25.0,50.0,0.0,100.0,1,1,1,1
30.9,0.0,30.9,30.9,86.6,0.0,86.6,86.6,0.333727,0.0,0.333727,0.333727,100.0,0.0,100.0,100.0,1,1,1,1
30.9,0.0,30.9,30.9,86.6,0.0,86.6,86.6,0.333727,0.0,0.333727,0.333727,100.0,0.0,100.0,100.0,1,1,1,1
30.9,0.0,30.9,30.9,86.6,0.0,86.6,86.6,0.359362,0.0,0.359362,0.359362,100.0,0.0,100.0,100.0,1,1,1,1
30.9,0.0,30.9,30.9,86.6,0.0,86.6,86.6,0.359362,0.0,0.359362,0.359362,100.0,0.0,100.0,100.0,1,1,1,1
31.0,0.0,31.0,31.0,84.9,0.0,84.9,84.9,0.290816,0.0,0.290816,0.290816,25.0,50.0,0.0,100.0,1,1,1,1
31.0,0.0,31.0,31.0,84.9,0.0,84.9,84.9,0.290816,0.0,0.290816,0.290816,100.0,0.0,100.0,100.0,1,1,1,1
30.9,0.0,30.9,30.9,86.6,0.0,86.6,86.6,0.359362,0.0,0.359362,0.359362,25.0,50.0,0.0,100.0,1,1,1,1
31.0,0.0,31.0,31.0,84.9,0.0,84.9,84.9,0.333727,0.0,0.333727,0.333727,25.0,50.0,0.0,100.0,1,1,1,1
0.0,0.0,0.0,0.0,0.0,0.0,0.0,0.0,0.359362,0.0,0.359362,0.359362,100.0,0.0,100.0,100.0,1,1,1,1
0.0,0.0,0.0,0.0,0.0,0.0,0.0,0.0,0.290816,0.0,0.290816,0.290816,100.0,0.0,100.0,100.0,1,1,1,1
0.0,0.0,0.0,0.0,0.0,0.0,0.0,0.0,0.359362,0.0,0.359362,0.359362,100.0,0.0,100.0,100.0,1,1,1,1
0.0,0.0,0.0,0.0,0.0,0.0,0.0,0.0,0.290816,0.0,0.290816,0.290816,100.0,0.0,100.0,100.0,1,1,1,1
30.9,0.0,30.9,30.9,89.1,0.0,89.1,89.1,0.359362,0.0,0.359362,0.359362,100.0,0.0,100.0,100.0,1,1,1,1
30.9,0.0,30.9,30.9,89.1,0.0,89.1,89.1,0.290816,0.0,0.290816,0.290816,100.0,0.0,100.0,100.0,1,1,1,1
30.9,0.0,30.9,30.9,89.1,0.0,89.1,89.1,0.290816,0.0,0.290816,0.290816,100.0,0.0,100.0,100.0,1,1,1,1
30.9,0.0,30.9,30.9,89.1,0.0,89.1,89.1,0.359362,0.0,0.359362,0.359362,100.0,0.0,100.0,100.0,1,1,1,1
31.0,0.0,31.0,31.0,84.9,0.0,84.9,84.9,0.359362,0.0,0.359362,0.359362,75.0,50.0,0.0,100.0,1,1,1,1
31.0,0.0,31.0,31.0,86.5,0.0,86.5,86.5,0.359362,0.0,0.359362,0.359362,100.0,0.0,100.0,100.0,1,1,1,1
31.0,0.0,31.0,31.0,86.5,0.0,86.5,86.5,0.359362,0.0,0.359362,0.359362,100.0,0.0,100.0,100.0,1,1,1,1
31.0,0.0,31.0,31.0,86.5,0.0,86.5,86.5,0.359362,0.0,0.359362,0.359362,75.0,50.0,0.0,100.0,1,1,1,1
31.0,0.0,31.0,31.0,86.5,0.0,86.5,86.5,0.333727,0.0,0.333727,0.333727,100.0,0.0,100.0,100.0,1,1,1,1
31.0,0.0,31.0,31.0,86.5,0.0,86.5,86.5,0.333727,0.0,0.333727,0.333727,100.0,0.0,100.0,100.0,1,1,1,1
31.0,0.0,31.0,31.0,86.5,0.0,86.5,86.5,0.333727,0.0,0.333727,0.333727,75.0,50.0,0.0,100.0,1,1,1,1
31.0,0.0,31.0,31.0,86.5,0.0,86.5,86.5,0.290816,0.0,0.290816,0.290816,100.0,0.0,100.0,100.0,1,1,1,1
31.0,0.0,31.0,31.0,86.5,0.0,86.5,86.5,0.290816,0.0,0.290816,0.290816,100.0,0.0,100.0,100.0,1,1,1,1
31.0,0.0,31.0,31.0,86.5,0.0,86.5,86.5,0.290816,0.0,0.290816,0.290816,75.0,50.0,0.0,100.0,1,1,1,1
31.0,0.0,31.0,31.0,84.9,0.0,84.9,84.9,0.359362,0.0,0.359362,0.359362,100.0,0.0,100.0,100.0,1,1,1,1
31.0,0.0,31.0,31.0,84.9,0.0,84.9,84.9,0.359362,0.0,0.359362,0.359362,100.0,0.0,100.0,100.0,1,1,1,1
31.0,0.0,31.0,31.0,84.9,0.0,84.9,84.9,0.333727,0.0,0.333727,0.333727,100.0,0.0,100.0,100.0,1,1,1,1
30.9,0.0,30.9,30.9,89.7,0.0,89.7,89.7,0.290816,0.0,0.290816,0.290816,75.0,50.0,0.0,100.0,1,1,1,1
31.0,0.0,31.0,31.0,84.9,0.0,84.9,84.9,0.333727,0.0,0.333727,0.333727,75.0,50.0,0.0,100.0,1,1,1,1
31.0,0.0,31.0,31.0,84.9,0.0,84.9,84.9,0.333727,0.0,0.333727,0.333727,100.0,0.0,100.0,100.0,1,1,1,1
30.9,0.0,30.9,30.9,89.7,0.0,89.7,89.7,0.290816,0.0,0.290816,0.290816,100.0,0.0,100.0,100.0,1,1,1,1
30.9,0.0,30.9,30.9,89.7,0.0,89.7,89.7,0.290816,0.0,0.290816,0.290816,100.0,0.0,100.0,100.0,1,1,1,1
30.9,0.0,30.9,30.9,89.7,0.0,89.7,89.7,0.333727,0.0,0.333727,0.333727,75.0,50.0,0.0,100.0,1,1,1,1
30.9,0.0,30.9,30.9,89.7,0.0,89.7,89.7,0.333727,0.0,0.333727,0.333727,100.0,0.0,100.0,100.0,1,1,1,1
30.9,0.0,30.9,30.9,89.7,0.0,89.7,89.7,0.333727,0.0,0.333727,0.333727,100.0,0.0,100.0,100.0,1,1,1,1
30.9,0.0,30.9,30.9,89.7,0.0,89.7,89.7,0.359362,0.0,0.359362,0.359362,100.0,0.0,100.0,100.0,1,1,1,1
30.9,0.0,30.9,30.9,89.7,0.0,89.7,89.7,0.359362,0.0,0.359362,0.359362,100.0,0.0,100.0,100.0,1,1,1,1
31.0,0.0,31.0,31.0,84.9,0.0,84.9,84.9,0.290816,0.0,0.290816,0.290816,75.0,50.0,0.0,100.0,1,1,1,1
31.0,0.0,31.0,31.0,84.9,0.0,84.9,84.9,0.290816,0.0,0.290816,0.290816,100.0,0.0,100.0,100.0,1,1,1,1
31.0,0.0,31.0,31.0,84.9,0.0,84.9,84.9,0.290816,0.0,0.290816,0.290816,100.0,0.0,100.0,100.0,1,1,1,1
30.9,0.0,30.9,30.9,89.7,0.0,89.7,89.7,0.359362,0.0,0.359362,0.359362,75.0,50.0,0.0,100.0,1,1,1,1
31.0,0.0,31.0,31.0,87.3,0.0,87.3,87.3,0.290816,0.0,0.290816,0.290816,113.75,115.297803,0.0,274.0,1,1,1,1
31.0,0.0,31.0,31.0,85.4,0.0,85.4,85.4,0.359362,0.0,0.359362,0.359362,113.75,115.297803,0.0,274.0,1,1,1,1
31.0,0.0,31.0,31.0,85.4,0.0,85.4,85.4,0.359362,0.0,0.359362,0.359362,100.0,0.0,100.0,100.0,1,1,1,1
31.0,0.0,31.0,31.0,87.3,0.0,87.3,87.3,0.290816,0.0,0.290816,0.290816,0.0,0.0,0.0,0.0,1,1,1,1
31.0,0.0,31.0,31.0,87.3,0.0,87.3,87.3,0.290816,0.0,0.290816,0.290816,100.0,0.0,100.0,100.0,1,1,1,1
31.0,0.0,31.0,31.0,85.4,0.0,85.4,85.4,0.359362,0.0,0.359362,0.359362,0.0,0.0,0.0,0.0,1,1,1,1
31.0,0.0,31.0,31.0,87.3,0.0,87.3,87.3,0.333727,0.0,0.333727,0.333727,113.75,115.297803,0.0,274.0,1,1,1,1
31.0,0.0,31.0,31.0,87.3,0.0,87.3,87.3,0.333727,0.0,0.333727,0.333727,100.0,0.0,100.0,100.0,1,1,1,1
31.0,0.0,31.0,31.0,87.3,0.0,87.3,87.3,0.359362,0.0,0.359362,0.359362,0.0,0.0,0.0,0.0,1,1,1,1
31.0,0.0,31.0,31.0,87.3,0.0,87.3,87.3,0.359362,0.0,0.359362,0.359362,113.75,115.297803,0.0,274.0,1,1,1,1
31.0,0.0,31.0,31.0,87.3,0.0,87.3,87.3,0.359362,0.0,0.359362,0.359362,100.0,0.0,100.0,100.0,1,1,1,1
31.0,0.0,31.0,31.0,87.3,0.0,87.3,87.3,0.333727,0.0,0.333727,0.333727,0.0,0.0,0.0,0.0,1,1,1,1
31.0,0.0,31.0,31.0,85.4,0.0,85.4,85.4,0.333727,0.0,0.333727,0.333727,100.0,0.0,100.0,100.0,1,1,1,1
30.9,0.0,30.9,30.9,89.4,0.0,89.4,89.4,0.359362,0.0,0.359362,0.359362,100.0,0.0,100.0,100.0,1,1,1,1
31.0,0.0,31.0,31.0,85.4,0.0,85.4,85.4,0.333727,0.0,0.333727,0.333727,0.0,0.0,0.0,0.0,1,1,1,1
31.0,0.0,31.0,31.0,85.4,0.0,85.4,85.4,0.290816,0.0,0.290816,0.290816,100.0,0.0,100.0,100.0,1,1,1,1
31.0,0.0,31.0,31.0,85.4,0.0,85.4,85.4,0.290816,0.0,0.290816,0.290816,113.75,115.297803,0.0,274.0,1,1,1,1
31.0,0.0,31.0,31.0,85.4,0.0,85.4,85.4,0.290816,0.0,0.290816,0.290816,0.0,0.0,0.0,0.0,1,1,1,1
31.0,0.0,31.0,31.0,85.4,0.0,85.4,85.4,0.333727,0.0,0.333727,0.333727,113.75,115.297803,0.0,274.0,1,1,1,1
30.9,0.0,30.9,30.9,89.4,0.0,89.4,89.4,0.359362,0.0,0.359362,0.359362,113.75,115.297803,0.0,274.0,1,1,1,1
30.9,0.0,30.9,30.9,89.4,0.0,89.4,89.4,0.359362,0.0,0.359362,0.359362,0.0,0.0,0.0,0.0,1,1,1,1
30.9,0.0,30.9,30.9,89.4,0.0,89.4,89.4,0.333727,0.0,0.333727,0.333727,100.0,0.0,100.0,100.0,1,1,1,1
30.9,0.0,30.9,30.9,89.4,0.0,89.4,89.4,0.333727,0.0,0.333727,0.333727,113.75,115.297803,0.0,274.0,1,1,1,1
30.9,0.0,30.9,30.9,89.4,0.0,89.4,89.4,0.333727,0.0,0.333727,0.333727,0.0,0.0,0.0,0.0,1,1,1,1
30.9,0.0,30.9,30.9,89.4,0.0,89.4,89.4,0.290816,0.0,0.290816,0.290816,100.0,0.0,100.0,100.0,1,1,1,1
30.9,0.0,30.9,30.9,89.4,0.0,89.4,89.4,0.290816,0.0,0.290816,0.290816,113.75,115.297803,0.0,274.0,1,1,1,1
30.9,0.0,30.9,30.9,89.4,0.0,89.4,89.4,0.290816,0.0,0.290816,0.290816,0.0,0.0,0.0,0.0,1,1,1,1
31.0,0.0,31.0,31.0,85.8,0.0,85.8,85.8,0.333727,0.0,0.333727,0.333727,75.0,50.0,0.0,100.0,1,1,1,1
31.0,0.0,31.0,31.0,85.8,0.0,85.8,85.8,0.290816,0.0,0.290816,0.290816,100.0,0.0,100.0,100.0,1,1,1,1
31.0,0.0,31.0,31.0,85.8,0.0,85.8,85.8,0.290816,0.0,0.290816,0.290816,75.0,50.0,0.0,100.0,1,1,1,1
31.0,0.0,31.0,31.0,85.8,0.0,85.8,85.8,0.333727,0.0,0.333727,0.333727,100.0,0.0,100.0,100.0,1,1,1,1
30.9,0.0,30.9,30.9,88.2,0.0,88.2,88.2,0.333727,0.0,0.333727,0.333727,75.0,50.0,0.0,100.0,1,1,1,1
30.9,0.0,30.9,30.9,88.2,0.0,88.2,88.2,0.290816,0.0,0.290816,0.290816,100.0,0.0,100.0,100.0,1,1,1,1
30.9,0.0,30.9,30.9,88.2,0.0,88.2,88.2,0.290816,0.0,0.290816,0.290816,75.0,50.0,0.0,100.0,1,1,1,1
30.9,0.0,30.9,30.9,88.2,0.0,88.2,88.2,0.333727,0.0,0.333727,0.333727,100.0,0.0,100.0,100.0,1,1,1,1
31.0,0.0,31.0,31.0,87.6,0.0,87.6,87.6,0.359362,0.0,0.359362,0.359362,100.0,0.0,100.0,100.0,1,1,1,1
31.0,0.0,31.0,31.0,87.6,0.0,87.6,87.6,0.359362,0.0,0.359362,0.359362,66.0,57.166424,0.0,100.0,1,1,1,1
31.0,0.0,31.0,31.0,87.6,0.0,87.6,87.6,0.290816,0.0,0.290816,0.290816,100.0,0.0,100.0,100.0,1,1,1,1
31.0,0.0,31.0,31.0,87.6,0.0,87.6,87.6,0.290816,0.0,0.290816,0.290816,66.0,57.166424,0.0,100.0,1,1,1,1
30.9,0.0,30.9,30.9,87.6,0.0,87.6,87.6,0.359362,0.0,0.359362,0.359362,66.0,57.166424,0.0,100.0,1,1,1,1
30.9,0.0,30.9,30.9,87.6,0.0,87.6,87.6,0.290816,0.0,0.290816,0.290816,100.0,0.0,100.0,100.0,1,1,1,1
30.9,0.0,30.9,30.9,87.6,0.0,87.6,87.6,0.290816,0.0,0.290816,0.290816,66.0,57.166424,0.0,100.0,1,1,1,1
30.9,0.0,30.9,30.9,87.6,0.0,87.6,87.6,0.359362,0.0,0.359362,0.359362,100.0,0.0,100.0,100.0,1,1,1,1
0.0,0.0,0.0,0.0,0.0,0.0,0.0,0.0,0.290816,0.0,0.290816,0.290816,100.0,0.0,100.0,100.0,1,1,1,1
31.0,0.0,31.0,31.0,85.5,0.0,85.5,85.5,0.359362,0.0,0.359362,0.359362,100.0,0.0,100.0,100.0,1,1,1,1
31.0,0.0,31.0,31.0,85.5,0.0,85.5,85.5,0.359362,0.0,0.359362,0.359362,100.0,0.0,100.0,100.0,1,1,1,1
0.0,0.0,0.0,0.0,0.0,0.0,0.0,0.0,0.290816,0.0,0.290816,0.290816,95.0,10.0,80.0,100.0,1,1,1,1
0.0,0.0,0.0,0.0,0.0,0.0,0.0,0.0,0.290816,0.0,0.290816,0.290816,100.0,0.0,100.0,100.0,1,1,1,1
0.0,0.0,0.0,0.0,0.0,0.0,0.0,0.0,0.359362,0.0,0.359362,0.359362,100.0,0.0,100.0,100.0,1,1,1,1
0.0,0.0,0.0,0.0,0.0,0.0,0.0,0.0,0.333727,0.0,0.333727,0.333727,95.0,10.0,80.0,100.0,1,1,1,1
0.0,0.0,0.0,0.0,0.0,0.0,0.0,0.0,0.333727,0.0,0.333727,0.333727,100.0,0.0,100.0,100.0,1,1,1,1
0.0,0.0,0.0,0.0,0.0,0.0,0.0,0.0,0.333727,0.0,0.333727,0.333727,100.0,0.0,100.0,100.0,1,1,1,1
0.0,0.0,0.0,0.0,0.0,0.0,0.0,0.0,0.359362,0.0,0.359362,0.359362,95.0,10.0,80.0,100.0,1,1,1,1
31.0,0.0,31.0,31.0,85.5,0.0,85.5,85.5,0.359362,0.0,0.359362,0.359362,95.0,10.0,80.0,100.0,1,1,1,1
0.0,0.0,0.0,0.0,0.0,0.0,0.0,0.0,0.359362,0.0,0.359362,0.359362,100.0,0.0,100.0,100.0,1,1,1,1
31.0,0.0,31.0,31.0,85.5,0.0,85.5,85.5,0.333727,0.0,0.333727,0.333727,100.0,0.0,100.0,100.0,1,1,1,1
30.9,0.0,30.9,30.9,87.0,0.0,87.0,87.0,0.333727,0.0,0.333727,0.333727,100.0,0.0,100.0,100.0,1,1,1,1
31.0,0.0,31.0,31.0,85.5,0.0,85.5,85.5,0.333727,0.0,0.333727,0.333727,95.0,10.0,80.0,100.0,1,1,1,1
31.0,0.0,31.0,31.0,85.5,0.0,85.5,85.5,0.333727,0.0,0.333727,0.333727,100.0,0.0,100.0,100.0,1,1,1,1
30.9,0.0,30.9,30.9,87.0,0.0,87.0,87.0,0.290816,0.0,0.290816,0.290816,95.0,10.0,80.0,100.0,1,1,1,1
30.9,0.0,30.9,30.9,87.0,0.0,87.0,87.0,0.290816,0.0,0.290816,0.290816,100.0,0.0,100.0,100.0,1,1,1,1
30.9,0.0,30.9,30.9,87.0,0.0,87.0,87.0,0.290816,0.0,0.290816,0.290816,100.0,0.0,100.0,100.0,1,1,1,1
30.9,0.0,30.9,30.9,87.0,0.0,87.0,87.0,0.333727,0.0,0.333727,0.333727,100.0,0.0,100.0,100.0,1,1,1,1
30.9,0.0,30.9,30.9,87.0,0.0,87.0,87.0,0.333727,0.0,0.333727,0.333727,95.0,10.0,80.0,100.0,1,1,1,1
30.9,0.0,30.9,30.9,87.0,0.0,87.0,87.0,0.359362,0.0,0.359362,0.359362,100.0,0.0,100.0,100.0,1,1,1,1
30.9,0.0,30.9,30.9,87.0,0.0,87.0,87.0,0.359362,0.0,0.359362,0.359362,100.0,0.0,100.0,100.0,1,1,1,1
31.0,0.0,31.0,31.0,85.5,0.0,85.5,85.5,0.290816,0.0,0.290816,0.290816,95.0,10.0,80.0,100.0,1,1,1,1
31.0,0.0,31.0,31.0,85.5,0.0,85.5,85.5,0.290816,0.0,0.290816,0.290816,100.0,0.0,100.0,100.0,1,1,1,1
31.0,0.0,31.0,31.0,85.5,0.0,85.5,85.5,0.290816,0.0,0.290816,0.290816,100.0,0.0,100.0,100.0,1,1,1,1
30.9,0.0,30.9,30.9,87.0,0.0,87.0,87.0,0.359362,0.0,0.359362,0.359362,95.0,10.0,80.0,100.0,1,1,1,1
31.1,0.0,31.1,31.1,86.6,0.0,86.6,86.6,0.290816,0.0,0.290816,0.290816,100.0,0.0,100.0,100.0,1,1,1,1
31.0,0.0,31.0,31.0,85.6,0.0,85.6,85.6,0.359362,0.0,0.359362,0.359362,100.0,0.0,100.0,100.0,1,1,1,1
31.0,0.0,31.0,31.0,85.6,0.0,85.6,85.6,0.359362,0.0,0.359362,0.359362,100.0,0.0,100.0,100.0,1,1,1,1
31.1,0.0,31.1,31.1,86.6,0.0,86.6,86.6,0.290816,0.0,0.290816,0.290816,100.0,0.0,100.0,100.0,1,1,1,1
31.1,0.0,31.1,31.1,86.6,0.0,86.6,86.6,0.290816,0.0,0.290816,0.290816,100.0,0.0,100.0,100.0,1,1,1,1
31.0,0.0,31.0,31.0,85.6,0.0,85.6,85.6,0.359362,0.0,0.359362,0.359362,100.0,0.0,100.0,100.0,1,1,1,1
31.1,0.0,31.1,31.1,86.6,0.0,86.6,86.6,0.333727,0.0,0.333727,0.333727,100.0,0.0,100.0,100.0,1,1,1,1
31.1,0.0,31.1,31.1,86.6,0.0,86.6,86.6,0.333727,0.0,0.333727,0.333727,100.0,0.0,100.0,100.0,1,1,1,1
31.1,0.0,31.1,31.1,86.6,0.0,86.6,86.6,0.359362,0.0,0.359362,0.359362,100.0,0.0,100.0,100.0,1,1,1,1
31.1,0.0,31.1,31.1,86.6,0.0,86.6,86.6,0.359362,0.0,0.359362,0.359362,100.0,0.0,100.0,100.0,1,1,1,1
31.1,0.0,31.1,31.1,86.6,0.0,86.6,86.6,0.359362,0.0,0.359362,0.359362,100.0,0.0,100.0,100.0,1,1,1,1
31.1,0.0,31.1,31.1,86.6,0.0,86.6,86.6,0.333727,0.0,0.333727,0.333727,100.0,0.0,100.0,100.0,1,1,1,1
31.0,0.0,31.0,31.0,85.6,0.0,85.6,85.6,0.333727,0.0,0.333727,0.333727,100.0,0.0,100.0,100.0,1,1,1,1
30.9,0.0,30.9,30.9,86.5,0.0,86.5,86.5,0.333727,0.0,0.333727,0.333727,100.0,0.0,100.0,100.0,1,1,1,1
31.0,0.0,31.0,31.0,85.6,0.0,85.6,85.6,0.333727,0.0,0.333727,0.333727,100.0,0.0,100.0,100.0,1,1,1,1
31.0,0.0,31.0,31.0,85.6,0.0,85.6,85.6,0.290816,0.0,0.290816,0.290816,100.0,0.0,100.0,100.0,1,1,1,1
31.0,0.0,31.0,31.0,85.6,0.0,85.6,85.6,0.290816,0.0,0.290816,0.290816,100.0,0.0,100.0,100.0,1,1,1,1
31.0,0.0,31.0,31.0,85.6,0.0,85.6,85.6,0.290816,0.0,0.290816,0.290816,100.0,0.0,100.0,100.0,1,1,1,1
30.9,0.0,30.9,30.9,86.5,0.0,86.5,86.5,0.359362,0.0,0.359362,0.359362,100.0,0.0,100.0,100.0,1,1,1,1
30.9,0.0,30.9,30.9,86.5,0.0,86.5,86.5,0.359362,0.0,0.359362,0.359362,100.0,0.0,100.0,100.0,1,1,1,1
30.9,0.0,30.9,30.9,86.5,0.0,86.5,86.5,0.359362,0.0,0.359362,0.359362,100.0,0.0,100.0,100.0,1,1,1,1
31.0,0.0,31.0,31.0,85.6,0.0,85.6,85.6,0.333727,0.0,0.333727,0.333727,100.0,0.0,100.0,100.0,1,1,1,1
30.9,0.0,30.9,30.9,86.5,0.0,86.5,86.5,0.333727,0.0,0.333727,0.333727,100.0,0.0,100.0,100.0,1,1,1,1
30.9,0.0,30.9,30.9,86.5,0.0,86.5,86.5,0.333727,0.0,0.333727,0.333727,100.0,0.0,100.0,100.0,1,1,1,1
30.9,0.0,30.9,30.9,86.5,0.0,86.5,86.5,0.290816,0.0,0.290816,0.290816,100.0,0.0,100.0,100.0,1,1,1,1
30.9,0.0,30.9,30.9,86.5,0.0,86.5,86.5,0.290816,0.0,0.290816,0.290816,100.0,0.0,100.0,100.0,1,1,1,1
30.9,0.0,30.9,30.9,86.5,0.0,86.5,86.5,0.290816,0.0,0.290816,0.290816,100.0,0.0,100.0,100.0,1,1,1,1
31.0,0.0,31.0,31.0,85.5,0.0,85.5,85.5,0.333727,0.0,0.333727,0.333727,100.0,0.0,100.0,100.0,1,1,1,1
31.0,0.0,31.0,31.0,86.2,0.0,86.2,86.2,0.359362,0.0,0.359362,0.359362,100.0,0.0,100.0,100.0,1,1,1,1
31.0,0.0,31.0,31.0,86.2,0.0,86.2,86.2,0.359362,0.0,0.359362,0.359362,100.0,0.0,100.0,100.0,1,1,1,1
31.0,0.0,31.0,31.0,86.2,0.0,86.2,86.2,0.359362,0.0,0.359362,0.359362,90.25,19.5,61.0,100.0,1,1,1,1
31.0,0.0,31.0,31.0,86.2,0.0,86.2,86.2,0.333727,0.0,0.333727,0.333727,100.0,0.0,100.0,100.0,1,1,1,1
31.0,0.0,31.0,31.0,86.2,0.0,86.2,86.2,0.333727,0.0,0.333727,0.333727,100.0,0.0,100.0,100.0,1,1,1,1
31.0,0.0,31.0,31.0,86.2,0.0,86.2,86.2,0.333727,0.0,0.333727,0.333727,90.25,19.5,61.0,100.0,1,1,1,1
31.0,0.0,31.0,31.0,86.2,0.0,86.2,86.2,0.290816,0.0,0.290816,0.290816,100.0,0.0,100.0,100.0,1,1,1,1
31.0,0.0,31.0,31.0,86.2,0.0,86.2,86.2,0.290816,0.0,0.290816,0.290816,100.0,0.0,100.0,100.0,1,1,1,1
31.0,0.0,31.0,31.0,86.2,0.0,86.2,86.2,0.290816,0.0,0.290816,0.290816,90.25,19.5,61.0,100.0,1,1,1,1
31.0,0.0,31.0,31.0,85.1,0.0,85.1,85.1,0.359362,0.0,0.359362,0.359362,100.0,0.0,100.0,100.0,1,1,1,1
31.0,0.0,31.0,31.0,85.1,0.0,85.1,85.1,0.359362,0.0,0.359362,0.359362,100.0,0.0,100.0,100.0,1,1,1,1
31.0,0.0,31.0,31.0,85.1,0.0,85.1,85.1,0.359362,0.0,0.359362,0.359362,90.25,19.5,61.0,100.0,1,1,1,1
31.0,0.0,31.0,31.0,85.1,0.0,85.1,85.1,0.333727,0.0,0.333727,0.333727,100.0,0.0,100.0,100.0,1,1,1,1
31.0,0.0,31.0,31.0,85.1,0.0,85.1,85.1,0.333727,0.0,0.333727,0.333727,90.25,19.5,61.0,100.0,1,1,1,1
0.0,0.0,0.0,0.0,0.0,0.0,0.0,0.0,0.290816,0.0,0.290816,0.290816,90.25,19.5,61.0,100.0,1,1,1,1
31.0,0.0,31.0,31.0,85.1,0.0,85.1,85.1,0.333727,0.0,0.333727,0.333727,100.0,0.0,100.0,100.0,1,1,1,1
0.0,0.0,0.0,0.0,0.0,0.0,0.0,0.0,0.290816,0.0,0.290816,0.290816,100.0,0.0,100.0,100.0,1,1,1,1
0.0,0.0,0.0,0.0,0.0,0.0,0.0,0.0,0.290816,0.0,0.290816,0.290816,100.0,0.0,100.0,100.0,1,1,1,1
0.0,0.0,0.0,0.0,0.0,0.0,0.0,0.0,0.333727,0.0,0.333727,0.333727,90.25,19.5,61.0,100.0,1,1,1,1
0.0,0.0,0.0,0.0,0.0,0.0,0.0,0.0,0.333727,0.0,0.333727,0.333727,100.0,0.0,100.0,100.0,1,1,1,1
0.0,0.0,0.0,0.0,0.0,0.0,0.0,0.0,0.333727,0.0,0.333727,0.333727,100.0,0.0,100.0,100.0,1,1,1,1
0.0,0.0,0.0,0.0,0.0,0.0,0.0,0.0,0.359362,0.0,0.359362,0.359362,100.0,0.0,100.0,100.0,1,1,1,1
0.0,0.0,0.0,0.0,0.0,0.0,0.0,0.0,0.359362,0.0,0.359362,0.359362,100.0,0.0,100.0,100.0,1,1,1,1
31.0,0.0,31.0,31.0,85.1,0.0,85.1,85.1,0.290816,0.0,0.290816,0.290816,90.25,19.5,61.0,100.0,1,1,1,1
31.0,0.0,31.0,31.0,85.1,0.0,85.1,85.1,0.290816,0.0,0.290816,0.290816,100.0,0.0,100.0,100.0,1,1,1,1
31.0,0.0,31.0,31.0,85.1,0.0,85.1,85.1,0.290816,0.0,0.290816,0.290816,100.0,0.0,100.0,100.0,1,1,1,1
0.0,0.0,0.0,0.0,0.0,0.0,0.0,0.0,0.359362,0.0,0.359362,0.359362,90.25,19.5,61.0,100.0,1,1,1,1
31.1,0.0,31.1,31.1,86.0,0.0,86.0,86.0,0.290816,0.0,0.290816,0.290816,100.0,0.0,100.0,100.0,1,1,1,1
31.0,0.0,31.0,31.0,85.1,0.0,85.1,85.1,0.359362,0.0,0.359362,0.359362,100.0,0.0,100.0,100.0,1,1,1,1
31.0,0.0,31.0,31.0,85.1,0.0,85.1,85.1,0.359362,0.0,0.359362,0.359362,100.0,0.0,100.0,100.0,1,1,1,1
31.0,0.0,31.0,31.0,85.1,0.0,85.1,85.1,0.359362,0.0,0.359362,0.359362,100.0,0.0,100.0,100.0,1,1,1,1
31.1,0.0,31.1,31.1,86.0,0.0,86.0,86.0,0.290816,0.0,0.290816,0.290816,100.0,0.0,100.0,100.0,1,1,1,1
31.0,0.0,31.0,31.0,85.1,0.0,85.1,85.1,0.333727,0.0,0.333727,0.333727,100.0,0.0,100.0,100.0,1,1,1,1
31.1,0.0,31.1,31.1,86.0,0.0,86.0,86.0,0.333727,0.0,0.333727,0.333727,100.0,0.0,100.0,100.0,1,1,1,1
31.1,0.0,31.1,31.1,86.0,0.0,86.0,86.0,0.333727,0.0,0.333727,0.333727,100.0,0.0,100.0,100.0,1,1,1,1
31.1,0.0,31.1,31.1,86.0,0.0,86.0,86.0,0.333727,0.0,0.333727,0.333727,100.0,0.0,100.0,100.0,1,1,1,1
31.1,0.0,31.1,31.1,86.0,0.0,86.0,86.0,0.359362,0.0,0.359362,0.359362,100.0,0.0,100.0,100.0,1,1,1,1
31.1,0.0,31.1,31.1,86.0,0.0,86.0,86.0,0.359362,0.0,0.359362,0.359362,100.0,0.0,100.0,100.0,1,1,1,1
31.1,0.0,31.1,31.1,86.0,0.0,86.0,86.0,0.290816,0.0,0.290816,0.290816,100.0,0.0,100.0,100.0,1,1,1,1
31.0,0.0,31.0,31.0,85.1,0.0,85.1,85.1,0.333727,0.0,0.333727,0.333727,100.0,0.0,100.0,100.0,1,1,1,1
31.1,0.0,31.1,31.1,86.0,0.0,86.0,86.0,0.359362,0.0,0.359362,0.359362,100.0,0.0,100.0,100.0,1,1,1,1
31.0,0.0,31.0,31.0,85.1,0.0,85.1,85.1,0.290816,0.0,0.290816,0.290816,100.0,0.0,100.0,100.0,1,1,1,1
31.0,0.0,31.0,31.0,85.1,0.0,85.1,85.1,0.333727,0.0,0.333727,0.333727,100.0,0.0,100.0,100.0,1,1,1,1
30.9,0.0,30.9,30.9,86.1,0.0,86.1,86.1,0.290816,0.0,0.290816,0.290816,100.0,0.0,100.0,100.0,1,1,1,1
30.9,0.0,30.9,30.9,86.1,0.0,86.1,86.1,0.290816,0.0,0.290816,0.290816,100.0,0.0,100.0,100.0,1,1,1,1
30.9,0.0,30.9,30.9,86.1,0.0,86.1,86.1,0.290816,0.0,0.290816,0.290816,100.0,0.0,100.0,100.0,1,1,1,1
30.9,0.0,30.9,30.9,86.1,0.0,86.1,86.1,0.333727,0.0,0.333727,0.333727,100.0,0.0,100.0,100.0,1,1,1,1
30.9,0.0,30.9,30.9,86.1,0.0,86.1,86.1,0.333727,0.0,0.333727,0.333727,100.0,0.0,100.0,100.0,1,1,1,1
30.9,0.0,30.9,30.9,86.1,0.0,86.1,86.1,0.359362,0.0,0.359362,0.359362,100.0,0.0,100.0,100.0,1,1,1,1
30.9,0.0,30.9,30.9,86.1,0.0,86.1,86.1,0.359362,0.0,0.359362,0.359362,100.0,0.0,100.0,100.0,1,1,1,1
30.9,0.0,30.9,30.9,86.1,0.0,86.1,86.1,0.359362,0.0,0.359362,0.359362,100.0,0.0,100.0,100.0,1,1,1,1
31.0,0.0,31.0,31.0,85.1,0.0,85.1,85.1,0.290816,0.0,0.290816,0.290816,100.0,0.0,100.0,100.0,1,1,1,1
31.0,0.0,31.0,31.0,85.1,0.0,85.1,85.1,0.290816,0.0,0.290816,0.290816,100.0,0.0,100.0,100.0,1,1,1,1
30.9,0.0,30.9,30.9,86.1,0.0,86.1,86.1,0.333727,0.0,0.333727,0.333727,100.0,0.0,100.0,100.0,1,1,1,1
31.1,0.0,31.1,31.1,85.7,0.0,85.7,85.7,0.290816,0.0,0.290816,0.290816,100.0,0.0,100.0,100.0,1,1,1,1
31.1,0.0,31.1,31.1,85.7,0.0,85.7,85.7,0.359362,0.0,0.359362,0.359362,100.0,0.0,100.0,100.0,1,1,1,1
31.1,0.0,31.1,31.1,85.7,0.0,85.7,85.7,0.359362,0.0,0.359362,0.359362,63.5,47.563992,0.0,100.0,1,1,1,1
31.1,0.0,31.1,31.1,85.7,0.0,85.7,85.7,0.290816,0.0,0.290816,0.290816,63.5,47.563992,0.0,100.0,1,1,1,1
30.9,0.0,30.9,30.9,85.9,0.0,85.9,85.9,0.359362,0.0,0.359362,0.359362,100.0,0.0,100.0,100.0,1,1,1,1
30.9,0.0,30.9,30.9,85.9,0.0,85.9,85.9,0.359362,0.0,0.359362,0.359362,63.5,47.563992,0.0,100.0,1,1,1,1
30.9,0.0,30.9,30.9,85.9,0.0,85.9,85.9,0.290816,0.0,0.290816,0.290816,100.0,0.0,100.0,100.0,1,1,1,1
30.9,0.0,30.9,30.9,85.9,0.0,85.9,85.9,0.290816,0.0,0.290816,0.290816,63.5,47.563992,0.0,100.0,1,1,1,1
31.0,0.0,31.0,31.0,85.5,0.0,85.5,85.5,0.359362,0.0,0.359362,0.359362,100.0,0.0,100.0,100.0,1,1,1,1
31.0,0.0,31.0,31.0,85.5,0.0,85.5,85.5,0.359362,0.0,0.359362,0.359362,93.333333,11.547005,80.0,100.0,1,1,1,1
31.0,0.0,31.0,31.0,85.5,0.0,85.5,85.5,0.333727,0.0,0.333727,0.333727,100.0,0.0,100.0,100.0,1,1,1,1
31.0,0.0,31.0,31.0,85.5,0.0,85.5,85.5,0.333727,0.0,0.333727,0.333727,100.0,0.0,100.0,100.0,1,1,1,1
31.0,0.0,31.0,31.0,85.5,0.0,85.5,85.5,0.333727,0.0,0.333727,0.333727,93.333333,11.547005,80.0,100.0,1,1,1,1
31.0,0.0,31.0,31.0,85.5,0.0,85.5,85.5,0.290816,0.0,0.290816,0.290816,100.0,0.0,100.0,100.0,1,1,1,1
31.0,0.0,31.0,31.0,85.5,0.0,85.5,85.5,0.290816,0.0,0.290816,0.290816,100.0,0.0,100.0,100.0,1,1,1,1
31.0,0.0,31.0,31.0,85.5,0.0,85.5,85.5,0.290816,0.0,0.290816,0.290816,93.333333,11.547005,80.0,100.0,1,1,1,1
31.0,0.0,31.0,31.0,85.5,0.0,85.5,85.5,0.359362,0.0,0.359362,0.359362,100.0,0.0,100.0,100.0,1,1,1,1
31.0,0.0,31.0,31.0,85.2,0.0,85.2,85.2,0.359362,0.0,0.359362,0.359362,100.0,0.0,100.0,100.0,1,1,1,1
31.0,0.0,31.0,31.0,85.2,0.0,85.2,85.2,0.359362,0.0,0.359362,0.359362,93.333333,11.547005,80.0,100.0,1,1,1,1
31.0,0.0,31.0,31.0,85.2,0.0,85.2,85.2,0.333727,0.0,0.333727,0.333727,100.0,0.0,100.0,100.0,1,1,1,1
31.0,0.0,31.0,31.0,85.2,0.0,85.2,85.2,0.333727,0.0,0.333727,0.333727,100.0,0.0,100.0,100.0,1,1,1,1
31.0,0.0,31.0,31.0,85.2,0.0,85.2,85.2,0.359362,0.0,0.359362,0.359362,100.0,0.0,100.0,100.0,1,1,1,1
31.0,0.0,31.0,31.0,85.2,0.0,85.2,85.2,0.290816,0.0,0.290816,0.290816,100.0,0.0,100.0,100.0,1,1,1,1
31.0,0.0,31.0,31.0,85.2,0.0,85.2,85.2,0.333727,0.0,0.333727,0.333727,93.333333,11.547005,80.0,100.0,1,1,1,1
30.9,0.0,30.9,30.9,87.1,0.0,87.1,87.1,0.290816,0.0,0.290816,0.290816,93.333333,11.547005,80.0,100.0,1,1,1,1
30.9,0.0,30.9,30.9,87.1,0.0,87.1,87.1,0.290816,0.0,0.290816,0.290816,100.0,0.0,100.0,100.0,1,1,1,1
30.9,0.0,30.9,30.9,87.1,0.0,87.1,87.1,0.290816,0.0,0.290816,0.290816,100.0,0.0,100.0,100.0,1,1,1,1
30.9,0.0,30.9,30.9,87.1,0.0,87.1,87.1,0.333727,0.0,0.333727,0.333727,100.0,0.0,100.0,100.0,1,1,1,1
30.9,0.0,30.9,30.9,87.1,0.0,87.1,87.1,0.333727,0.0,0.333727,0.333727,93.333333,11.547005,80.0,100.0,1,1,1,1
30.9,0.0,30.9,30.9,87.1,0.0,87.1,87.1,0.359362,0.0,0.359362,0.359362,93.333333,11.547005,80.0,100.0,1,1,1,1
30.9,0.0,30.9,30.9,87.1,0.0,87.1,87.1,0.359362,0.0,0.359362,0.359362,100.0,0.0,100.0,100.0,1,1,1,1
30.9,0.0,30.9,30.9,87.1,0.0,87.1,87.1,0.359362,0.0,0.359362,0.359362,100.0,0.0,100.0,100.0,1,1,1,1
31.0,0.0,31.0,31.0,85.2,0.0,85.2,85.2,0.290816,0.0,0.290816,0.290816,93.333333,11.547005,80.0,100.0,1,1,1,1
31.0,0.0,31.0,31.0,85.2,0.0,85.2,85.2,0.290816,0.0,0.290816,0.290816,100.0,0.0,100.0,100.0,1,1,1,1
30.9,0.0,30.9,30.9,87.1,0.0,87.1,87.1,0.333727,0.0,0.333727,0.333727,100.0,0.0,100.0,100.0,1,1,1,1
31.1,0.0,31.1,31.1,85.4,0.0,85.4,85.4,0.290816,0.0,0.290816,0.290816,100.0,0.0,100.0,100.0,1,1,1,1
31.0,0.0,31.0,31.0,85.4,0.0,85.4,85.4,0.359362,0.0,0.359362,0.359362,100.0,0.0,100.0,100.0,1,1,1,1
31.0,0.0,31.0,31.0,85.4,0.0,85.4,85.4,0.359362,0.0,0.359362,0.359362,100.0,0.0,100.0,100.0,1,1,1,1
31.1,0.0,31.1,31.1,85.4,0.0,85.4,85.4,0.290816,0.0,0.290816,0.290816,78.75,17.839563,64.0,100.0,1,1,1,1
31.1,0.0,31.1,31.1,85.4,0.0,85.4,85.4,0.290816,0.0,0.290816,0.290816,100.0,0.0,100.0,100.0,1,1,1,1
31.1,0.0,31.1,31.1,85.4,0.0,85.4,85.4,0.359362,0.0,0.359362,0.359362,100.0,0.0,100.0,100.0,1,1,1,1
31.1,0.0,31.1,31.1,85.4,0.0,85.4,85.4,0.333727,0.0,0.333727,0.333727,100.0,0.0,100.0,100.0,1,1,1,1
31.1,0.0,31.1,31.1,85.4,0.0,85.4,85.4,0.333727,0.0,0.333727,0.333727,100.0,0.0,100.0,100.0,1,1,1,1
31.1,0.0,31.1,31.1,85.4,0.0,85.4,85.4,0.359362,0.0,0.359362,0.359362,78.75,17.839563,64.0,100.0,1,1,1,1
31.1,0.0,31.1,31.1,85.4,0.0,85.4,85.4,0.359362,0.0,0.359362,0.359362,100.0,0.0,100.0,100.0,1,1,1,1
31.0,0.0,31.0,31.0,85.4,0.0,85.4,85.4,0.359362,0.0,0.359362,0.359362,78.75,17.839563,64.0,100.0,1,1,1,1
31.1,0.0,31.1,31.1,85.4,0.0,85.4,85.4,0.333727,0.0,0.333727,0.333727,78.75,17.839563,64.0,100.0,1,1,1,1
31.0,0.0,31.0,31.0,85.4,0.0,85.4,85.4,0.333727,0.0,0.333727,0.333727,100.0,0.0,100.0,100.0,1,1,1,1
0.0,0.0,0.0,0.0,0.0,0.0,0.0,0.0,0.359362,0.0,0.359362,0.359362,100.0,0.0,100.0,100.0,1,1,1,1
31.0,0.0,31.0,31.0,85.4,0.0,85.4,85.4,0.333727,0.0,0.333727,0.333727,78.75,17.839563,64.0,100.0,1,1,1,1
31.0,0.0,31.0,31.0,85.4,0.0,85.4,85.4,0.290816,0.0,0.290816,0.290816,100.0,0.0,100.0,100.0,1,1,1,1
31.0,0.0,31.0,31.0,85.4,0.0,85.4,85.4,0.290816,0.0,0.290816,0.290816,100.0,0.0,100.0,100.0,1,1,1,1
31.0,0.0,31.0,31.0,85.4,0.0,85.4,85.4,0.290816,0.0,0.290816,0.290816,78.75,17.839563,64.0,100.0,1,1,1,1
0.0,0.0,0.0,0.0,0.0,0.0,0.0,0.0,0.359362,0.0,0.359362,0.359362,100.0,0.0,100.0,100.0,1,1,1,1
0.0,0.0,0.0,0.0,0.0,0.0,0.0,0.0,0.359362,0.0,0.359362,0.359362,78.75,17.839563,64.0,100.0,1,1,1,1
0.0,0.0,0.0,0.0,0.0,0.0,0.0,0.0,0.333727,0.0,0.333727,0.333727,100.0,0.0,100.0,100.0,1,1,1,1
0.0,0.0,0.0,0.0,0.0,0.0,0.0,0.0,0.333727,0.0,0.333727,0.333727,100.0,0.0,100.0,100.0,1,1,1,1
0.0,0.0,0.0,0.0,0.0,0.0,0.0,0.0,0.333727,0.0,0.333727,0.333727,78.75,17.839563,64.0,100.0,1,1,1,1
0.0,0.0,0.0,0.0,0.0,0.0,0.0,0.0,0.290816,0.0,0.290816,0.290816,100.0,0.0,100.0,100.0,1,1,1,1
0.0,0.0,0.0,0.0,0.0,0.0,0.0,0.0,0.290816,0.0,0.290816,0.290816,100.0,0.0,100.0,100.0,1,1,1,1
0.0,0.0,0.0,0.0,0.0,0.0,0.0,0.0,0.290816,0.0,0.290816,0.290816,78.75,17.839563,64.0,100.0,1,1,1,1
31.0,0.0,31.0,31.0,85.4,0.0,85.4,85.4,0.333727,0.0,0.333727,0.333727,100.0,0.0,100.0,100.0,1,1,1,1
0.0,0.0,0.0,0.0,0.0,0.0,0.0,0.0,0.333727,0.0,0.333727,0.333727,17.333333,30.022214,0.0,52.0,1,1,1,1
0.0,0.0,0.0,0.0,0.0,0.0,0.0,0.0,0.333727,0.0,0.333727,0.333727,100.0,0.0,100.0,100.0,1,1,1,1
0.0,0.0,0.0,0.0,0.0,0.0,0.0,0.0,0.290816,0.0,0.290816,0.290816,100.0,0.0,100.0,100.0,1,1,1,1
0.0,0.0,0.0,0.0,0.0,0.0,0.0,0.0,0.290816,0.0,0.290816,0.290816,17.333333,30.022214,0.0,52.0,1,1,1,1
30.9,0.0,30.9,30.9,89.4,0.0,89.4,89.4,0.333727,0.0,0.333727,0.333727,17.333333,30.022214,0.0,52.0,1,1,1,1
30.9,0.0,30.9,30.9,89.4,0.0,89.4,89.4,0.290816,0.0,0.290816,0.290816,100.0,0.0,100.0,100.0,1,1,1,1
30.9,0.0,30.9,30.9,89.4,0.0,89.4,89.4,0.290816,0.0,0.290816,0.290816,17.333333,30.022214,0.0,52.0,1,1,1,1
30.9,0.0,30.9,30.9,89.4,0.0,89.4,89.4,0.333727,0.0,0.333727,0.333727,100.0,0.0,100.0,100.0,1,1,1,1
31.1,0.0,31.1,31.1,85.4,0.0,85.4,85.4,0.290816,0.0,0.290816,0.290816,16.25,32.5,0.0,65.0,1,1,1,1
31.0,0.0,31.0,31.0,88.9,0.0,88.9,88.9,0.359362,0.0,0.359362,0.359362,100.0,0.0,100.0,100.0,1,1,1,1
31.0,0.0,31.0,31.0,88.9,0.0,88.9,88.9,0.359362,0.0,0.359362,0.359362,100.0,0.0,100.0,100.0,1,1,1,1
31.1,0.0,31.1,31.1,85.4,0.0,85.4,85.4,0.290816,0.0,0.290816,0.290816,100.0,0.0,100.0,100.0,1,1,1,1
31.1,0.0,31.1,31.1,85.4,0.0,85.4,85.4,0.290816,0.0,0.290816,0.290816,100.0,0.0,100.0,100.0,1,1,1,1
31.1,0.0,31.1,31.1,85.4,0.0,85.4,85.4,0.333727,0.0,0.333727,0.333727,16.25,32.5,0.0,65.0,1,1,1,1
31.1,0.0,31.1,31.1,85.4,0.0,85.4,85.4,0.333727,0.0,0.333727,0.333727,100.0,0.0,100.0,100.0,1,1,1,1
31.0,0.0,31.0,31.0,88.9,0.0,88.9,88.9,0.359362,0.0,0.359362,0.359362,16.25,32.5,0.0,65.0,1,1,1,1
31.1,0.0,31.1,31.1,85.4,0.0,85.4,85.4,0.359362,0.0,0.359362,0.359362,16.25,32.5,0.0,65.0,1,1,1,1
31.1,0.0,31.1,31.1,85.4,0.0,85.4,85.4,0.359362,0.0,0.359362,0.359362,100.0,0.0,100.0,100.0,1,1,1,1
31.1,0.0,31.1,31.1,85.4,0.0,85.4,85.4,0.359362,0.0,0.359362,0.359362,100.0,0.0,100.0,100.0,1,1,1,1
31.1,0.0,31.1,31.1,85.4,0.0,85.4,85.4,0.333727,0.0,0.333727,0.333727,100.0,0.0,100.0,100.0,1,1,1,1
31.0,0.0,31.0,31.0,88.9,0.0,88.9,88.9,0.333727,0.0,0.333727,0.333727,100.0,0.0,100.0,100.0,1,1,1,1
31.0,0.0,31.0,31.0,88.9,0.0,88.9,88.9,0.333727,0.0,0.333727,0.333727,100.0,0.0,100.0,100.0,1,1,1,1
31.0,0.0,31.0,31.0,88.9,0.0,88.9,88.9,0.333727,0.0,0.333727,0.333727,16.25,32.5,0.0,65.0,1,1,1,1
30.9,0.0,30.9,30.9,89.3,0.0,89.3,89.3,0.290816,0.0,0.290816,0.290816,16.25,32.5,0.0,65.0,1,1,1,1
30.9,0.0,30.9,30.9,89.3,0.0,89.3,89.3,0.290816,0.0,0.290816,0.290816,100.0,0.0,100.0,100.0,1,1,1,1
30.9,0.0,30.9,30.9,89.3,0.0,89.3,89.3,0.290816,0.0,0.290816,0.290816,100.0,0.0,100.0,100.0,1,1,1,1
30.9,0.0,30.9,30.9,89.3,0.0,89.3,89.3,0.333727,0.0,0.333727,0.333727,16.25,32.5,0.0,65.0,1,1,1,1
30.9,0.0,30.9,30.9,89.3,0.0,89.3,89.3,0.333727,0.0,0.333727,0.333727,100.0,0.0,100.0,100.0,1,1,1,1
30.9,0.0,30.9,30.9,89.3,0.0,89.3,89.3,0.359362,0.0,0.359362,0.359362,16.25,32.5,0.0,65.0,1,1,1,1
30.9,0.0,30.9,30.9,89.3,0.0,89.3,89.3,0.333727,0.0,0.333727,0.333727,100.0,0.0,100.0,100.0,1,1,1,1
30.9,0.0,30.9,30.9,89.3,0.0,89.3,89.3,0.359362,0.0,0.359362,0.359362,100.0,0.0,100.0,100.0,1,1,1,1
31.0,0.0,31.0,31.0,88.9,0.0,88.9,88.9,0.290816,0.0,0.290816,0.290816,16.25,32.5,0.0,65.0,1,1,1,1
31.0,0.0,31.0,31.0,88.9,0.0,88.9,88.9,0.290816,0.0,0.290816,0.290816,100.0,0.0,100.0,100.0,1,1,1,1
31.0,0.0,31.0,31.0,88.9,0.0,88.9,88.9,0.290816,0.0,0.290816,0.290816,100.0,0.0,100.0,100.0,1,1,1,1
30.9,0.0,30.9,30.9,89.3,0.0,89.3,89.3,0.359362,0.0,0.359362,0.359362,100.0,0.0,100.0,100.0,1,1,1,1
31.0,0.0,31.0,31.0,85.9,0.0,85.9,85.9,0.290816,0.0,0.290816,0.290816,100.0,0.0,100.0,100.0,1,1,1,1
31.1,0.0,31.1,31.1,90.0,0.0,90.0,90.0,0.359362,0.0,0.359362,0.359362,100.0,0.0,100.0,100.0,1,1,1,1
31.1,0.0,31.1,31.1,90.0,0.0,90.0,90.0,0.359362,0.0,0.359362,0.359362,100.0,0.0,100.0,100.0,1,1,1,1
31.0,0.0,31.0,31.0,85.9,0.0,85.9,85.9,0.290816,0.0,0.290816,0.290816,39.333333,34.990475,0.0,67.0,1,1,1,1
31.0,0.0,31.0,31.0,85.9,0.0,85.9,85.9,0.290816,0.0,0.290816,0.290816,100.0,0.0,100.0,100.0,1,1,1,1
31.1,0.0,31.1,31.1,90.0,0.0,90.0,90.0,0.290816,0.0,0.290816,0.290816,39.333333,34.990475,0.0,67.0,1,1,1,1
31.0,0.0,31.0,31.0,85.9,0.0,85.9,85.9,0.333727,0.0,0.333727,0.333727,100.0,0.0,100.0,100.0,1,1,1,1
31.0,0.0,31.0,31.0,85.9,0.0,85.9,85.9,0.333727,0.0,0.333727,0.333727,100.0,0.0,100.0,100.0,1,1,1,1
31.0,0.0,31.0,31.0,85.9,0.0,85.9,85.9,0.359362,0.0,0.359362,0.359362,39.333333,34.990475,0.0,67.0,1,1,1,1
31.0,0.0,31.0,31.0,85.9,0.0,85.9,85.9,0.359362,0.0,0.359362,0.359362,100.0,0.0,100.0,100.0,1,1,1,1
31.0,0.0,31.0,31.0,85.9,0.0,85.9,85.9,0.359362,0.0,0.359362,0.359362,100.0,0.0,100.0,100.0,1,1,1,1
31.1,0.0,31.1,31.1,90.0,0.0,90.0,90.0,0.359362,0.0,0.359362,0.359362,39.333333,34.990475,0.0,67.0,1,1,1,1
31.0,0.0,31.0,31.0,85.9,0.0,85.9,85.9,0.333727,0.0,0.333727,0.333727,39.333333,34.990475,0.0,67.0,1,1,1,1
31.1,0.0,31.1,31.1,90.0,0.0,90.0,90.0,0.333727,0.0,0.333727,0.333727,100.0,0.0,100.0,100.0,1,1,1,1
30.9,0.0,30.9,30.9,88.2,0.0,88.2,88.2,0.290816,0.0,0.290816,0.290816,100.0,0.0,100.0,100.0,1,1,1,1
31.1,0.0,31.1,31.1,90.0,0.0,90.0,90.0,0.333727,0.0,0.333727,0.333727,39.333333,34.990475,0.0,67.0,1,1,1,1
30.9,0.0,30.9,30.9,88.2,0.0,88.2,88.2,0.290816,0.0,0.290816,0.290816,39.333333,34.990475,0.0,67.0,1,1,1,1
31.1,0.0,31.1,31.1,90.0,0.0,90.0,90.0,0.333727,0.0,0.333727,0.333727,100.0,0.0,100.0,100.0,1,1,1,1
30.9,0.0,30.9,30.9,88.2,0.0,88.2,88.2,0.333727,0.0,0.333727,0.333727,39.333333,34.990475,0.0,67.0,1,1,1,1
30.9,0.0,30.9,30.9,88.2,0.0,88.2,88.2,0.333727,0.0,0.333727,0.333727,100.0,0.0,100.0,100.0,1,1,1,1
30.9,0.0,30.9,30.9,88.2,0.0,88.2,88.2,0.333727,0.0,0.333727,0.333727,100.0,0.0,100.0,100.0,1,1,1,1
30.9,0.0,30.9,30.9,88.2,0.0,88.2,88.2,0.290816,0.0,0.290816,0.290816,100.0,0.0,100.0,100.0,1,1,1,1
30.9,0.0,30.9,30.9,88.2,0.0,88.2,88.2,0.359362,0.0,0.359362,0.359362,100.0,0.0,100.0,100.0,1,1,1,1
30.9,0.0,30.9,30.9,88.2,0.0,88.2,88.2,0.359362,0.0,0.359362,0.359362,100.0,0.0,100.0,100.0,1,1,1,1
31.1,0.0,31.1,31.1,90.0,0.0,90.0,90.0,0.290816,0.0,0.290816,0.290816,100.0,0.0,100.0,100.0,1,1,1,1
31.1,0.0,31.1,31.1,90.0,0.0,90.0,90.0,0.290816,0.0,0.290816,0.290816,100.0,0.0,100.0,100.0,1,1,1,1
30.9,0.0,30.9,30.9,88.2,0.0,88.2,88.2,0.359362,0.0,0.359362,0.359362,39.333333,34.990475,0.0,67.0,1,1,1,1
31.0,0.0,31.0,31.0,90.0,0.0,90.0,90.0,0.333727,0.0,0.333727,0.333727,100.0,0.0,100.0,100.0,1,1,1,1
31.0,0.0,31.0,31.0,89.8,0.0,89.8,89.8,0.333727,0.0,0.333727,0.333727,95.25,7.632169,84.0,100.0,1,1,1,1
30.9,0.0,30.9,30.9,87.0,0.0,87.0,87.0,0.290816,0.0,0.290816,0.290816,95.25,7.632169,84.0,100.0,1,1,1,1
30.9,0.0,30.9,30.9,87.0,0.0,87.0,87.0,0.290816,0.0,0.290816,0.290816,100.0,0.0,100.0,100.0,1,1,1,1
30.9,0.0,30.9,30.9,87.0,0.0,87.0,87.0,0.333727,0.0,0.333727,0.333727,95.25,7.632169,84.0,100.0,1,1,1,1
30.9,0.0,30.9,30.9,87.0,0.0,87.0,87.0,0.333727,0.0,0.333727,0.333727,100.0,0.0,100.0,100.0,1,1,1,1
31.0,0.0,31.0,31.0,89.8,0.0,89.8,89.8,0.290816,0.0,0.290816,0.290816,95.25,7.632169,84.0,100.0,1,1,1,1
31.0,0.0,31.0,31.0,89.8,0.0,89.8,89.8,0.290816,0.0,0.290816,0.290816,100.0,0.0,100.0,100.0,1,1,1,1
31.0,0.0,31.0,31.0,89.8,0.0,89.8,89.8,0.333727,0.0,0.333727,0.333727,100.0,0.0,100.0,100.0,1,1,1,1
30.9,0.0,30.9,30.9,86.4,0.0,86.4,86.4,0.290816,0.0,0.290816,0.290816,33.333333,57.735027,0.0,100.0,1,1,1,1
31.1,0.0,31.1,31.1,86.3,0.0,86.3,86.3,0.359362,0.0,0.359362,0.359362,100.0,0.0,100.0,100.0,1,1,1,1
31.1,0.0,31.1,31.1,86.3,0.0,86.3,86.3,0.359362,0.0,0.359362,0.359362,29.5,34.219877,0.0,63.0,1,1,1,1
31.1,0.0,31.1,31.1,86.3,0.0,86.3,86.3,0.333727,0.0,0.333727,0.333727,100.0,0.0,100.0,100.0,1,1,1,1
31.1,0.0,31.1,31.1,89.9,0.0,89.9,89.9,0.359362,0.0,0.359362,0.359362,29.5,34.219877,0.0,63.0,1,1,1,1
31.1,0.0,31.1,31.1,86.3,0.0,86.3,86.3,0.333727,0.0,0.333727,0.333727,100.0,0.0,100.0,100.0,1,1,1,1
31.1,0.0,31.1,31.1,86.3,0.0,86.3,86.3,0.333727,0.0,0.333727,0.333727,29.5,34.219877,0.0,63.0,1,1,1,1
31.1,0.0,31.1,31.1,86.3,0.0,86.3,86.3,0.290816,0.0,0.290816,0.290816,100.0,0.0,100.0,100.0,1,1,1,1
31.1,0.0,31.1,31.1,86.3,0.0,86.3,86.3,0.290816,0.0,0.290816,0.290816,100.0,0.0,100.0,100.0,1,1,1,1
31.1,0.0,31.1,31.1,86.3,0.0,86.3,86.3,0.290816,0.0,0.290816,0.290816,29.5,34.219877,0.0,63.0,1,1,1,1
31.1,0.0,31.1,31.1,89.9,0.0,89.9,89.9,0.359362,0.0,0.359362,0.359362,100.0,0.0,100.0,100.0,1,1,1,1
31.1,0.0,31.1,31.1,89.9,0.0,89.9,89.9,0.359362,0.0,0.359362,0.359362,100.0,0.0,100.0,100.0,1,1,1,1
31.1,0.0,31.1,31.1,86.3,0.0,86.3,86.3,0.359362,0.0,0.359362,0.359362,100.0,0.0,100.0,100.0,1,1,1,1
31.1,0.0,31.1,31.1,89.9,0.0,89.9,89.9,0.333727,0.0,0.333727,0.333727,100.0,0.0,100.0,100.0,1,1,1,1
31.0,0.0,31.0,31.0,86.3,0.0,86.3,86.3,0.333727,0.0,0.333727,0.333727,29.5,34.219877,0.0,63.0,1,1,1,1
31.1,0.0,31.1,31.1,89.9,0.0,89.9,89.9,0.333727,0.0,0.333727,0.333727,29.5,34.219877,0.0,63.0,1,1,1,1
31.0,0.0,31.0,31.0,86.3,0.0,86.3,86.3,0.290816,0.0,0.290816,0.290816,29.5,34.219877,0.0,63.0,1,1,1,1
31.0,0.0,31.0,31.0,86.3,0.0,86.3,86.3,0.290816,0.0,0.290816,0.290816,100.0,0.0,100.0,100.0,1,1,1,1
31.0,0.0,31.0,31.0,86.3,0.0,86.3,86.3,0.290816,0.0,0.290816,0.290816,100.0,0.0,100.0,100.0,1,1,1,1
31.0,0.0,31.0,31.0,86.3,0.0,86.3,86.3,0.333727,0.0,0.333727,0.333727,100.0,0.0,100.0,100.0,1,1,1,1
31.0,0.0,31.0,31.0,86.3,0.0,86.3,86.3,0.333727,0.0,0.333727,0.333727,100.0,0.0,100.0,100.0,1,1,1,1
31.1,0.0,31.1,31.1,89.9,0.0,89.9,89.9,0.333727,0.0,0.333727,0.333727,100.0,0.0,100.0,100.0,1,1,1,1
31.0,0.0,31.0,31.0,86.3,0.0,86.3,86.3,0.359362,0.0,0.359362,0.359362,100.0,0.0,100.0,100.0,1,1,1,1
31.0,0.0,31.0,31.0,86.3,0.0,86.3,86.3,0.359362,0.0,0.359362,0.359362,100.0,0.0,100.0,100.0,1,1,1,1
31.1,0.0,31.1,31.1,89.9,0.0,89.9,89.9,0.290816,0.0,0.290816,0.290816,29.5,34.219877,0.0,63.0,1,1,1,1
31.1,0.0,31.1,31.1,89.9,0.0,89.9,89.9,0.290816,0.0,0.290816,0.290816,100.0,0.0,100.0,100.0,1,1,1,1
31.1,0.0,31.1,31.1,89.9,0.0,89.9,89.9,0.290816,0.0,0.290816,0.290816,100.0,0.0,100.0,100.0,1,1,1,1
31.0,0.0,31.0,31.0,86.3,0.0,86.3,86.3,0.359362,0.0,0.359362,0.359362,29.5,34.219877,0.0,63.0,1,1,1,1
31.1,0.0,31.1,31.1,89.6,0.0,89.6,89.6,0.359362,0.0,0.359362,0.359362,33.333333,57.735027,0.0,100.0,1,1,1,1
31.1,0.0,31.1,31.1,89.6,0.0,89.6,89.6,0.359362,0.0,0.359362,0.359362,119.0,114.792567,0.0,276.0,1,1,1,1
31.1,0.0,31.1,31.1,89.6,0.0,89.6,89.6,0.359362,0.0,0.359362,0.359362,100.0,0.0,100.0,100.0,1,1,1,1
0.0,0.0,0.0,0.0,0.0,0.0,0.0,0.0,0.290816,0.0,0.290816,0.290816,33.333333,57.735027,0.0,100.0,1,1,1,1
0.0,0.0,0.0,0.0,0.0,0.0,0.0,0.0,0.290816,0.0,0.290816,0.290816,119.0,114.792567,0.0,276.0,1,1,1,1
0.0,0.0,0.0,0.0,0.0,0.0,0.0,0.0,0.333727,0.0,0.333727,0.333727,119.0,114.792567,0.0,276.0,1,1,1,1
0.0,0.0,0.0,0.0,0.0,0.0,0.0,0.0,0.333727,0.0,0.333727,0.333727,33.333333,57.735027,0.0,100.0,1,1,1,1
0.0,0.0,0.0,0.0,0.0,0.0,0.0,0.0,0.333727,0.0,0.333727,0.333727,100.0,0.0,100.0,100.0,1,1,1,1
0.0,0.0,0.0,0.0,0.0,0.0,0.0,0.0,0.359362,0.0,0.359362,0.359362,33.333333,57.735027,0.0,100.0,1,1,1,1
0.0,0.0,0.0,0.0,0.0,0.0,0.0,0.0,0.359362,0.0,0.359362,0.359362,119.0,114.792567,0.0,276.0,1,1,1,1
31.1,0.0,31.1,31.1,89.6,0.0,89.6,89.6,0.333727,0.0,0.333727,0.333727,100.0,0.0,100.0,100.0,1,1,1,1
0.0,0.0,0.0,0.0,0.0,0.0,0.0,0.0,0.290816,0.0,0.290816,0.290816,100.0,0.0,100.0,100.0,1,1,1,1
0.0,0.0,0.0,0.0,0.0,0.0,0.0,0.0,0.359362,0.0,0.359362,0.359362,100.0,0.0,100.0,100.0,1,1,1,1
31.1,0.0,31.1,31.1,89.6,0.0,89.6,89.6,0.333727,0.0,0.333727,0.333727,119.0,114.792567,0.0,276.0,1,1,1,1
31.1,0.0,31.1,31.1,89.6,0.0,89.6,89.6,0.290816,0.0,0.290816,0.290816,100.0,0.0,100.0,100.0,1,1,1,1
31.1,0.0,31.1,31.1,89.6,0.0,89.6,89.6,0.333727,0.0,0.333727,0.333727,33.333333,57.735027,0.0,100.0,1,1,1,1
0.0,0.0,0.0,0.0,0.0,0.0,0.0,0.0,0.290816,0.0,0.290816,0.290816,33.333333,57.735027,0.0,100.0,1,1,1,1
0.0,0.0,0.0,0.0,0.0,0.0,0.0,0.0,0.290816,0.0,0.290816,0.290816,119.0,114.792567,0.0,276.0,1,1,1,1
0.0,0.0,0.0,0.0,0.0,0.0,0.0,0.0,0.290816,0.0,0.290816,0.290816,100.0,0.0,100.0,100.0,1,1,1,1
0.0,0.0,0.0,0.0,0.0,0.0,0.0,0.0,0.333727,0.0,0.333727,0.333727,119.0,114.792567,0.0,276.0,1,1,1,1
0.0,0.0,0.0,0.0,0.0,0.0,0.0,0.0,0.333727,0.0,0.333727,0.333727,33.333333,57.735027,0.0,100.0,1,1,1,1
0.0,0.0,0.0,0.0,0.0,0.0,0.0,0.0,0.359362,0.0,0.359362,0.359362,33.333333,57.735027,0.0,100.0,1,1,1,1
0.0,0.0,0.0,0.0,0.0,0.0,0.0,0.0,0.359362,0.0,0.359362,0.359362,119.0,114.792567,0.0,276.0,1,1,1,1
0.0,0.0,0.0,0.0,0.0,0.0,0.0,0.0,0.359362,0.0,0.359362,0.359362,100.0,0.0,100.0,100.0,1,1,1,1
31.1,0.0,31.1,31.1,89.6,0.0,89.6,89.6,0.290816,0.0,0.290816,0.290816,33.333333,57.735027,0.0,100.0,1,1,1,1
31.1,0.0,31.1,31.1,89.6,0.0,89.6,89.6,0.290816,0.0,0.290816,0.290816,119.0,114.792567,0.0,276.0,1,1,1,1
0.0,0.0,0.0,0.0,0.0,0.0,0.0,0.0,0.333727,0.0,0.333727,0.333727,100.0,0.0,100.0,100.0,1,1,1,1
31.1,0.0,31.1,31.1,89.2,0.0,89.2,89.2,0.290816,0.0,0.290816,0.290816,142.75,141.254793,0.0,272.0,1,1,1,1
31.1,0.0,31.1,31.1,89.2,0.0,89.2,89.2,0.333727,0.0,0.333727,0.333727,142.75,141.254793,0.0,272.0,1,1,1,1
31.1,0.0,31.1,31.1,89.2,0.0,89.2,89.2,0.333727,0.0,0.333727,0.333727,100.0,0.0,100.0,100.0,1,1,1,1
31.1,0.0,31.1,31.1,89.2,0.0,89.2,89.2,0.290816,0.0,0.290816,0.290816,100.0,0.0,100.0,100.0,1,1,1,1
30.9,0.0,30.9,30.9,85.7,0.0,85.7,85.7,0.290816,0.0,0.290816,0.290816,100.0,0.0,100.0,100.0,1,1,1,1
30.9,0.0,30.9,30.9,85.7,0.0,85.7,85.7,0.333727,0.0,0.333727,0.333727,100.0,0.0,100.0,100.0,1,1,1,1
30.9,0.0,30.9,30.9,85.7,0.0,85.7,85.7,0.290816,0.0,0.290816,0.290816,142.75,141.254793,0.0,272.0,1,1,1,1
30.9,0.0,30.9,30.9,85.7,0.0,85.7,85.7,0.333727,0.0,0.333727,0.333727,142.75,141.254793,0.0,272.0,1,1,1,1
31.1,0.0,31.1,31.1,84.9,0.0,84.9,84.9,0.290816,0.0,0.290816,0.290816,204.75,102.5,51.0,256.0,1,1,1,1
31.1,0.0,31.1,31.1,89.0,0.0,89.0,89.0,0.359362,0.0,0.359362,0.359362,93.666667,10.969655,81.0,100.0,1,1,1,1
31.1,0.0,31.1,31.1,89.0,0.0,89.0,89.0,0.359362,0.0,0.359362,0.359362,204.75,102.5,51.0,256.0,1,1,1,1
31.1,0.0,31.1,31.1,89.0,0.0,89.0,89.0,0.359362,0.0,0.359362,0.359362,100.0,0.0,100.0,100.0,1,1,1,1
31.1,0.0,31.1,31.1,84.9,0.0,84.9,84.9,0.290816,0.0,0.290816,0.290816,93.666667,10.969655,81.0,100.0,1,1,1,1
31.1,0.0,31.1,31.1,84.9,0.0,84.9,84.9,0.290816,0.0,0.290816,0.290816,100.0,0.0,100.0,100.0,1,1,1,1
31.1,0.0,31.1,31.1,89.0,0.0,89.0,89.0,0.333727,0.0,0.333727,0.333727,93.666667,10.969655,81.0,100.0,1,1,1,1
31.1,0.0,31.1,31.1,84.9,0.0,84.9,84.9,0.333727,0.0,0.333727,0.333727,204.75,102.5,51.0,256.0,1,1,1,1
31.1,0.0,31.1,31.1,84.9,0.0,84.9,84.9,0.333727,0.0,0.333727,0.333727,100.0,0.0,100.0,100.0,1,1,1,1
31.1,0.0,31.1,31.1,84.9,0.0,84.9,84.9,0.359362,0.0,0.359362,0.359362,93.666667,10.969655,81.0,100.0,1,1,1,1
31.1,0.0,31.1,31.1,84.9,0.0,84.9,84.9,0.359362,0.0,0.359362,0.359362,204.75,102.5,51.0,256.0,1,1,1,1
31.1,0.0,31.1,31.1,84.9,0.0,84.9,84.9,0.359362,0.0,0.359362,0.359362,100.0,0.0,100.0,100.0,1,1,1,1
31.1,0.0,31.1,31.1,84.9,0.0,84.9,84.9,0.333727,0.0,0.333727,0.333727,93.666667,10.969655,81.0,100.0,1,1,1,1
31.1,0.0,31.1,31.1,89.0,0.0,89.0,89.0,0.333727,0.0,0.333727,0.333727,100.0,0.0,100.0,100.0,1,1,1,1
31.1,0.0,31.1,31.1,89.0,0.0,89.0,89.0,0.290816,0.0,0.290816,0.290816,100.0,0.0,100.0,100.0,1,1,1,1
31.0,0.0,31.0,31.0,89.4,0.0,89.4,89.4,0.333727,0.0,0.333727,0.333727,93.666667,10.969655,81.0,100.0,1,1,1,1
31.1,0.0,31.1,31.1,89.0,0.0,89.0,89.0,0.290816,0.0,0.290816,0.290816,204.75,102.5,51.0,256.0,1,1,1,1
31.1,0.0,31.1,31.1,89.0,0.0,89.0,89.0,0.290816,0.0,0.290816,0.290816,93.666667,10.969655,81.0,100.0,1,1,1,1
31.0,0.0,31.0,31.0,89.4,0.0,89.4,89.4,0.359362,0.0,0.359362,0.359362,100.0,0.0,100.0,100.0,1,1,1,1
31.0,0.0,31.0,31.0,89.4,0.0,89.4,89.4,0.359362,0.0,0.359362,0.359362,204.75,102.5,51.0,256.0,1,1,1,1
31.0,0.0,31.0,31.0,89.4,0.0,89.4,89.4,0.359362,0.0,0.359362,0.359362,93.666667,10.969655,81.0,100.0,1,1,1,1
31.0,0.0,31.0,31.0,89.4,0.0,89.4,89.4,0.333727,0.0,0.333727,0.333727,100.0,0.0,100.0,100.0,1,1,1,1
31.0,0.0,31.0,31.0,89.4,0.0,89.4,89.4,0.333727,0.0,0.333727,0.333727,204.75,102.5,51.0,256.0,1,1,1,1
31.1,0.0,31.1,31.1,89.0,0.0,89.0,89.0,0.333727,0.0,0.333727,0.333727,204.75,102.5,51.0,256.0,1,1,1,1
31.0,0.0,31.0,31.0,89.4,0.0,89.4,89.4,0.290816,0.0,0.290816,0.290816,100.0,0.0,100.0,100.0,1,1,1,1
31.0,0.0,31.0,31.0,89.4,0.0,89.4,89.4,0.290816,0.0,0.290816,0.290816,204.75,102.5,51.0,256.0,1,1,1,1
31.0,0.0,31.0,31.0,89.4,0.0,89.4,89.4,0.290816,0.0,0.290816,0.290816,93.666667,10.969655,81.0,100.0,1,1,1,1
31.1,0.0,31.1,31.1,84.7,0.0,84.7,84.7,0.359362,0.0,0.359362,0.359362,100.0,0.0,100.0,100.0,1,1,1,1
31.1,0.0,31.1,31.1,84.7,0.0,84.7,84.7,0.290816,0.0,0.290816,0.290816,0.0,0.0,0.0,0.0,1,1,1,1
0.0,0.0,0.0,0.0,0.0,0.0,0.0,0.0,0.359362,0.0,0.359362,0.359362,100.0,0.0,100.0,100.0,1,1,1,1
31.1,0.0,31.1,31.1,84.7,0.0,84.7,84.7,0.290816,0.0,0.290816,0.290816,100.0,0.0,100.0,100.0,1,1,1,1
0.0,0.0,0.0,0.0,0.0,0.0,0.0,0.0,0.359362,0.0,0.359362,0.359362,0.0,0.0,0.0,0.0,1,1,1,1
31.1,0.0,31.1,31.1,84.7,0.0,84.7,84.7,0.290816,0.0,0.290816,0.290816,100.0,0.0,100.0,100.0,1,1,1,1
31.1,0.0,31.1,31.1,84.7,0.0,84.7,84.7,0.359362,0.0,0.359362,0.359362,100.0,0.0,100.0,100.0,1,1,1,1
31.1,0.0,31.1,31.1,84.7,0.0,84.7,84.7,0.333727,0.0,0.333727,0.333727,0.0,0.0,0.0,0.0,1,1,1,1
31.1,0.0,31.1,31.1,84.7,0.0,84.7,84.7,0.333727,0.0,0.333727,0.333727,100.0,0.0,100.0,100.0,1,1,1,1
31.1,0.0,31.1,31.1,84.7,0.0,84.7,84.7,0.359362,0.0,0.359362,0.359362,100.0,0.0,100.0,100.0,1,1,1,1
31.1,0.0,31.1,31.1,84.7,0.0,84.7,84.7,0.359362,0.0,0.359362,0.359362,0.0,0.0,0.0,0.0,1,1,1,1
0.0,0.0,0.0,0.0,0.0,0.0,0.0,0.0,0.359362,0.0,0.359362,0.359362,100.0,0.0,100.0,100.0,1,1,1,1
31.1,0.0,31.1,31.1,84.7,0.0,84.7,84.7,0.333727,0.0,0.333727,0.333727,100.0,0.0,100.0,100.0,1,1,1,1
0.0,0.0,0.0,0.0,0.0,0.0,0.0,0.0,0.333727,0.0,0.333727,0.333727,100.0,0.0,100.0,100.0,1,1,1,1
0.0,0.0,0.0,0.0,0.0,0.0,0.0,0.0,0.333727,0.0,0.333727,0.333727,0.0,0.0,0.0,0.0,1,1,1,1
0.0,0.0,0.0,0.0,0.0,0.0,0.0,0.0,0.333727,0.0,0.333727,0.333727,100.0,0.0,100.0,100.0,1,1,1,1
31.0,0.0,31.0,31.0,93.6,0.0,93.6,93.6,0.290816,0.0,0.290816,0.290816,0.0,0.0,0.0,0.0,1,1,1,1
31.0,0.0,31.0,31.0,93.6,0.0,93.6,93.6,0.290816,0.0,0.290816,0.290816,100.0,0.0,100.0,100.0,1,1,1,1
31.0,0.0,31.0,31.0,93.6,0.0,93.6,93.6,0.333727,0.0,0.333727,0.333727,100.0,0.0,100.0,100.0,1,1,1,1
31.0,0.0,31.0,31.0,93.6,0.0,93.6,93.6,0.333727,0.0,0.333727,0.333727,0.0,0.0,0.0,0.0,1,1,1,1
31.0,0.0,31.0,31.0,93.6,0.0,93.6,93.6,0.333727,0.0,0.333727,0.333727,100.0,0.0,100.0,100.0,1,1,1,1
31.0,0.0,31.0,31.0,93.6,0.0,93.6,93.6,0.290816,0.0,0.290816,0.290816,100.0,0.0,100.0,100.0,1,1,1,1
31.0,0.0,31.0,31.0,93.6,0.0,93.6,93.6,0.359362,0.0,0.359362,0.359362,0.0,0.0,0.0,0.0,1,1,1,1
31.0,0.0,31.0,31.0,93.6,0.0,93.6,93.6,0.359362,0.0,0.359362,0.359362,100.0,0.0,100.0,100.0,1,1,1,1
0.0,0.0,0.0,0.0,0.0,0.0,0.0,0.0,0.290816,0.0,0.290816,0.290816,100.0,0.0,100.0,100.0,1,1,1,1
0.0,0.0,0.0,0.0,0.0,0.0,0.0,0.0,0.290816,0.0,0.290816,0.290816,0.0,0.0,0.0,0.0,1,1,1,1
0.0,0.0,0.0,0.0,0.0,0.0,0.0,0.0,0.290816,0.0,0.290816,0.290816,100.0,0.0,100.0,100.0,1,1,1,1
31.0,0.0,31.0,31.0,93.6,0.0,93.6,93.6,0.359362,0.0,0.359362,0.359362,100.0,0.0,100.0,100.0,1,1,1,1
31.1,0.0,31.1,31.1,88.0,0.0,88.0,88.0,0.359362,0.0,0.359362,0.359362,66.666667,57.735027,0.0,100.0,1,1,1,1
31.1,0.0,31.1,31.1,88.0,0.0,88.0,88.0,0.359362,0.0,0.359362,0.359362,0.0,0.0,0.0,0.0,1,1,1,1
31.1,0.0,31.1,31.1,88.0,0.0,88.0,88.0,0.359362,0.0,0.359362,0.359362,100.0,0.0,100.0,100.0,1,1,1,1
31.1,0.0,31.1,31.1,84.7,0.0,84.7,84.7,0.290816,0.0,0.290816,0.290816,66.666667,57.735027,0.0,100.0,1,1,1,1
31.1,0.0,31.1,31.1,84.7,0.0,84.7,84.7,0.290816,0.0,0.290816,0.290816,0.0,0.0,0.0,0.0,1,1,1,1
31.1,0.0,31.1,31.1,84.7,0.0,84.7,84.7,0.333727,0.0,0.333727,0.333727,0.0,0.0,0.0,0.0,1,1,1,1
31.1,0.0,31.1,31.1,84.7,0.0,84.7,84.7,0.333727,0.0,0.333727,0.333727,66.666667,57.735027,0.0,100.0,1,1,1,1
31.1,0.0,31.1,31.1,84.7,0.0,84.7,84.7,0.333727,0.0,0.333727,0.333727,100.0,0.0,100.0,100.0,1,1,1,1
31.1,0.0,31.1,31.1,84.7,0.0,84.7,84.7,0.359362,0.0,0.359362,0.359362,66.666667,57.735027,0.0,100.0,1,1,1,1
31.1,0.0,31.1,31.1,84.7,0.0,84.7,84.7,0.359362,0.0,0.359362,0.359362,100.0,0.0,100.0,100.0,1,1,1,1
31.1,0.0,31.1,31.1,88.0,0.0,88.0,88.0,0.333727,0.0,0.333727,0.333727,100.0,0.0,100.0,100.0,1,1,1,1
31.1,0.0,31.1,31.1,84.7,0.0,84.7,84.7,0.290816,0.0,0.290816,0.290816,100.0,0.0,100.0,100.0,1,1,1,1
31.1,0.0,31.1,31.1,88.0,0.0,88.0,88.0,0.333727,0.0,0.333727,0.333727,0.0,0.0,0.0,0.0,1,1,1,1
31.1,0.0,31.1,31.1,84.7,0.0,84.7,84.7,0.359362,0.0,0.359362,0.359362,0.0,0.0,0.0,0.0,1,1,1,1
31.1,0.0,31.1,31.1,88.0,0.0,88.0,88.0,0.290816,0.0,0.290816,0.290816,100.0,0.0,100.0,100.0,1,1,1,1
31.1,0.0,31.1,31.1,88.0,0.0,88.0,88.0,0.333727,0.0,0.333727,0.333727,66.666667,57.735027,0.0,100.0,1,1,1,1
0.0,0.0,0.0,0.0,0.0,0.0,0.0,0.0,0.290816,0.0,0.290816,0.290816,0.0,0.0,0.0,0.0,1,1,1,1
0.0,0.0,0.0,0.0,0.0,0.0,0.0,0.0,0.290816,0.0,0.290816,0.290816,100.0,0.0,100.0,100.0,1,1,1,1
0.0,0.0,0.0,0.0,0.0,0.0,0.0,0.0,0.333727,0.0,0.333727,0.333727,66.666667,57.735027,0.0,100.0,1,1,1,1
0.0,0.0,0.0,0.0,0.0,0.0,0.0,0.0,0.333727,0.0,0.333727,0.333727,0.0,0.0,0.0,0.0,1,1,1,1
0.0,0.0,0.0,0.0,0.0,0.0,0.0,0.0,0.290816,0.0,0.290816,0.290816,66.666667,57.735027,0.0,100.0,1,1,1,1
0.0,0.0,0.0,0.0,0.0,0.0,0.0,0.0,0.359362,0.0,0.359362,0.359362,66.666667,57.735027,0.0,100.0,1,1,1,1
0.0,0.0,0.0,0.0,0.0,0.0,0.0,0.0,0.359362,0.0,0.359362,0.359362,0.0,0.0,0.0,0.0,1,1,1,1
0.0,0.0,0.0,0.0,0.0,0.0,0.0,0.0,0.359362,0.0,0.359362,0.359362,100.0,0.0,100.0,100.0,1,1,1,1
31.1,0.0,31.1,31.1,88.0,0.0,88.0,88.0,0.290816,0.0,0.290816,0.290816,66.666667,57.735027,0.0,100.0,1,1,1,1
31.1,0.0,31.1,31.1,88.0,0.0,88.0,88.0,0.290816,0.0,0.290816,0.290816,0.0,0.0,0.0,0.0,1,1,1,1
0.0,0.0,0.0,0.0,0.0,0.0,0.0,0.0,0.333727,0.0,0.333727,0.333727,100.0,0.0,100.0,100.0,1,1,1,1
31.1,0.0,31.1,31.1,86.8,0.0,86.8,86.8,0.359362,0.0,0.359362,0.359362,262.666667,11.547005,256.0,276.0,1,1,1,1
31.1,0.0,31.1,31.1,86.8,0.0,86.8,86.8,0.359362,0.0,0.359362,0.359362,100.0,0.0,100.0,100.0,1,1,1,1
0.0,0.0,0.0,0.0,0.0,0.0,0.0,0.0,0.290816,0.0,0.290816,0.290816,100.0,0.0,100.0,100.0,1,1,1,1
0.0,0.0,0.0,0.0,0.0,0.0,0.0,0.0,0.290816,0.0,0.290816,0.290816,262.666667,11.547005,256.0,276.0,1,1,1,1
0.0,0.0,0.0,0.0,0.0,0.0,0.0,0.0,0.290816,0.0,0.290816,0.290816,100.0,0.0,100.0,100.0,1,1,1,1
0.0,0.0,0.0,0.0,0.0,0.0,0.0,0.0,0.333727,0.0,0.333727,0.333727,100.0,0.0,100.0,100.0,1,1,1,1
0.0,0.0,0.0,0.0,0.0,0.0,0.0,0.0,0.333727,0.0,0.333727,0.333727,262.666667,11.547005,256.0,276.0,1,1,1,1
0.0,0.0,0.0,0.0,0.0,0.0,0.0,0.0,0.359362,0.0,0.359362,0.359362,100.0,0.0,100.0,100.0,1,1,1,1
31.1,0.0,31.1,31.1,86.8,0.0,86.8,86.8,0.359362,0.0,0.359362,0.359362,100.0,0.0,100.0,100.0,1,1,1,1
0.0,0.0,0.0,0.0,0.0,0.0,0.0,0.0,0.359362,0.0,0.359362,0.359362,262.666667,11.547005,256.0,276.0,1,1,1,1
0.0,0.0,0.0,0.0,0.0,0.0,0.0,0.0,0.359362,0.0,0.359362,0.359362,100.0,0.0,100.0,100.0,1,1,1,1
0.0,0.0,0.0,0.0,0.0,0.0,0.0,0.0,0.333727,0.0,0.333727,0.333727,100.0,0.0,100.0,100.0,1,1,1,1
31.1,0.0,31.1,31.1,86.8,0.0,86.8,86.8,0.333727,0.0,0.333727,0.333727,100.0,0.0,100.0,100.0,1,1,1,1
31.0,0.0,31.0,31.0,97.8,0.0,97.8,97.8,0.290816,0.0,0.290816,0.290816,262.666667,11.547005,256.0,276.0,1,1,1,1
31.1,0.0,31.1,31.1,86.8,0.0,86.8,86.8,0.333727,0.0,0.333727,0.333727,100.0,0.0,100.0,100.0,1,1,1,1
31.1,0.0,31.1,31.1,86.8,0.0,86.8,86.8,0.333727,0.0,0.333727,0.333727,262.666667,11.547005,256.0,276.0,1,1,1,1
31.0,0.0,31.0,31.0,97.8,0.0,97.8,97.8,0.290816,0.0,0.290816,0.290816,100.0,0.0,100.0,100.0,1,1,1,1
31.0,0.0,31.0,31.0,97.8,0.0,97.8,97.8,0.290816,0.0,0.290816,0.290816,100.0,0.0,100.0,100.0,1,1,1,1
31.0,0.0,31.0,31.0,97.8,0.0,97.8,97.8,0.333727,0.0,0.333727,0.333727,100.0,0.0,100.0,100.0,1,1,1,1
31.0,0.0,31.0,31.0,97.8,0.0,97.8,97.8,0.333727,0.0,0.333727,0.333727,100.0,0.0,100.0,100.0,1,1,1,1
31.0,0.0,31.0,31.0,97.8,0.0,97.8,97.8,0.333727,0.0,0.333727,0.333727,262.666667,11.547005,256.0,276.0,1,1,1,1
31.0,0.0,31.0,31.0,97.8,0.0,97.8,97.8,0.359362,0.0,0.359362,0.359362,262.666667,11.547005,256.0,276.0,1,1,1,1
31.0,0.0,31.0,31.0,97.8,0.0,97.8,97.8,0.359362,0.0,0.359362,0.359362,100.0,0.0,100.0,100.0,1,1,1,1
31.1,0.0,31.1,31.1,86.8,0.0,86.8,86.8,0.290816,0.0,0.290816,0.290816,100.0,0.0,100.0,100.0,1,1,1,1
31.1,0.0,31.1,31.1,86.8,0.0,86.8,86.8,0.290816,0.0,0.290816,0.290816,262.666667,11.547005,256.0,276.0,1,1,1,1
31.1,0.0,31.1,31.1,86.8,0.0,86.8,86.8,0.290816,0.0,0.290816,0.290816,100.0,0.0,100.0,100.0,1,1,1,1
31.0,0.0,31.0,31.0,97.8,0.0,97.8,97.8,0.359362,0.0,0.359362,0.359362,100.0,0.0,100.0,100.0,1,1,1,1
31.1,0.0,31.1,31.1,85.9,0.0,85.9,85.9,0.290816,0.0,0.290816,0.290816,256.0,0.0,256.0,256.0,1,1,1,1
31.1,0.0,31.1,31.1,85.9,0.0,85.9,85.9,0.333727,0.0,0.333727,0.333727,256.0,0.0,256.0,256.0,1,1,1,1
31.1,0.0,31.1,31.1,85.9,0.0,85.9,85.9,0.333727,0.0,0.333727,0.333727,100.0,0.0,100.0,100.0,1,1,1,1
31.1,0.0,31.1,31.1,85.9,0.0,85.9,85.9,0.290816,0.0,0.290816,0.290816,100.0,0.0,100.0,100.0,1,1,1,1
31.0,0.0,31.0,31.0,95.4,0.0,95.4,95.4,0.333727,0.0,0.333727,0.333727,256.0,0.0,256.0,256.0,1,1,1,1
31.0,0.0,31.0,31.0,95.4,0.0,95.4,95.4,0.333727,0.0,0.333727,0.333727,100.0,0.0,100.0,100.0,1,1,1,1
31.0,0.0,31.0,31.0,95.4,0.0,95.4,95.4,0.290816,0.0,0.290816,0.290816,256.0,0.0,256.0,256.0,1,1,1,1
31.0,0.0,31.0,31.0,95.4,0.0,95.4,95.4,0.290816,0.0,0.290816,0.290816,100.0,0.0,100.0,100.0,1,1,1,1
31.0,0.0,31.0,31.0,84.6,0.0,84.6,84.6,0.359362,0.0,0.359362,0.359362,256.0,0.0,256.0,256.0,1,1,1,1
31.0,0.0,31.0,31.0,84.6,0.0,84.6,84.6,0.359362,0.0,0.359362,0.359362,75.0,50.0,0.0,100.0,1,1,1,1
31.0,0.0,31.0,31.0,84.6,0.0,84.6,84.6,0.333727,0.0,0.333727,0.333727,100.0,0.0,100.0,100.0,1,1,1,1
31.0,0.0,31.0,31.0,84.6,0.0,84.6,84.6,0.333727,0.0,0.333727,0.333727,256.0,0.0,256.0,256.0,1,1,1,1
31.0,0.0,31.0,31.0,84.6,0.0,84.6,84.6,0.359362,0.0,0.359362,0.359362,100.0,0.0,100.0,100.0,1,1,1,1
31.0,0.0,31.0,31.0,84.6,0.0,84.6,84.6,0.333727,0.0,0.333727,0.333727,75.0,50.0,0.0,100.0,1,1,1,1
31.0,0.0,31.0,31.0,84.6,0.0,84.6,84.6,0.290816,0.0,0.290816,0.290816,100.0,0.0,100.0,100.0,1,1,1,1
31.0,0.0,31.0,31.0,84.6,0.0,84.6,84.6,0.290816,0.0,0.290816,0.290816,256.0,0.0,256.0,256.0,1,1,1,1
31.0,0.0,31.0,31.0,84.6,0.0,84.6,84.6,0.290816,0.0,0.290816,0.290816,75.0,50.0,0.0,100.0,1,1,1,1
31.1,0.0,31.1,31.1,85.6,0.0,85.6,85.6,0.359362,0.0,0.359362,0.359362,100.0,0.0,100.0,100.0,1,1,1,1
31.1,0.0,31.1,31.1,85.6,0.0,85.6,85.6,0.359362,0.0,0.359362,0.359362,256.0,0.0,256.0,256.0,1,1,1,1
31.1,0.0,31.1,31.1,85.6,0.0,85.6,85.6,0.359362,0.0,0.359362,0.359362,75.0,50.0,0.0,100.0,1,1,1,1
31.1,0.0,31.1,31.1,85.6,0.0,85.6,85.6,0.333727,0.0,0.333727,0.333727,100.0,0.0,100.0,100.0,1,1,1,1
31.1,0.0,31.1,31.1,94.1,0.0,94.1,94.1,0.333727,0.0,0.333727,0.333727,256.0,0.0,256.0,256.0,1,1,1,1
31.1,0.0,31.1,31.1,85.6,0.0,85.6,85.6,0.333727,0.0,0.333727,0.333727,75.0,50.0,0.0,100.0,1,1,1,1
31.1,0.0,31.1,31.1,85.6,0.0,85.6,85.6,0.290816,0.0,0.290816,0.290816,100.0,0.0,100.0,100.0,1,1,1,1
31.1,0.0,31.1,31.1,85.6,0.0,85.6,85.6,0.290816,0.0,0.290816,0.290816,256.0,0.0,256.0,256.0,1,1,1,1
31.1,0.0,31.1,31.1,85.6,0.0,85.6,85.6,0.290816,0.0,0.290816,0.290816,75.0,50.0,0.0,100.0,1,1,1,1
31.1,0.0,31.1,31.1,94.1,0.0,94.1,94.1,0.359362,0.0,0.359362,0.359362,100.0,0.0,100.0,100.0,1,1,1,1
31.1,0.0,31.1,31.1,94.1,0.0,94.1,94.1,0.359362,0.0,0.359362,0.359362,256.0,0.0,256.0,256.0,1,1,1,1
31.1,0.0,31.1,31.1,94.1,0.0,94.1,94.1,0.359362,0.0,0.359362,0.359362,75.0,50.0,0.0,100.0,1,1,1,1
31.1,0.0,31.1,31.1,94.1,0.0,94.1,94.1,0.333727,0.0,0.333727,0.333727,100.0,0.0,100.0,100.0,1,1,1,1
31.1,0.0,31.1,31.1,94.1,0.0,94.1,94.1,0.333727,0.0,0.333727,0.333727,75.0,50.0,0.0,100.0,1,1,1,1
31.1,0.0,31.1,31.1,94.1,0.0,94.1,94.1,0.290816,0.0,0.290816,0.290816,100.0,0.0,100.0,100.0,1,1,1,1
31.1,0.0,31.1,31.1,94.1,0.0,94.1,94.1,0.290816,0.0,0.290816,0.290816,256.0,0.0,256.0,256.0,1,1,1,1
31.1,0.0,31.1,31.1,94.1,0.0,94.1,94.1,0.290816,0.0,0.290816,0.290816,75.0,50.0,0.0,100.0,1,1,1,1
31.1,0.0,31.1,31.1,85.6,0.0,85.6,85.6,0.333727,0.0,0.333727,0.333727,256.0,0.0,256.0,256.0,1,1,1,1
31.1,0.0,31.1,31.1,84.8,0.0,84.8,84.8,0.290816,0.0,0.290816,0.290816,100.0,0.0,100.0,100.0,1,1,1,1
31.1,0.0,31.1,31.1,84.8,0.0,84.8,84.8,0.359362,0.0,0.359362,0.359362,100.0,0.0,100.0,100.0,1,1,1,1
31.1,0.0,31.1,31.1,84.8,0.0,84.8,84.8,0.290816,0.0,0.290816,0.290816,100.0,0.0,100.0,100.0,1,1,1,1
31.1,0.0,31.1,31.1,84.8,0.0,84.8,84.8,0.359362,0.0,0.359362,0.359362,100.0,0.0,100.0,100.0,1,1,1,1
31.1,0.0,31.1,31.1,92.1,0.0,92.1,92.1,0.359362,0.0,0.359362,0.359362,100.0,0.0,100.0,100.0,1,1,1,1
31.1,0.0,31.1,31.1,92.1,0.0,92.1,92.1,0.290816,0.0,0.290816,0.290816,100.0,0.0,100.0,100.0,1,1,1,1
31.1,0.0,31.1,31.1,92.1,0.0,92.1,92.1,0.290816,0.0,0.290816,0.290816,100.0,0.0,100.0,100.0,1,1,1,1
31.1,0.0,31.1,31.1,92.1,0.0,92.1,92.1,0.359362,0.0,0.359362,0.359362,100.0,0.0,100.0,100.0,1,1,1,1
31.1,0.0,31.1,31.1,85.3,0.0,85.3,85.3,0.333727,0.0,0.333727,0.333727,256.0,0.0,256.0,256.0,1,1,1,1
31.1,0.0,31.1,31.1,85.3,0.0,85.3,85.3,0.290816,0.0,0.290816,0.290816,256.0,0.0,256.0,256.0,1,1,1,1
31.1,0.0,31.1,31.1,85.3,0.0,85.3,85.3,0.333727,0.0,0.333727,0.333727,100.0,0.0,100.0,100.0,1,1,1,1
31.1,0.0,31.1,31.1,85.3,0.0,85.3,85.3,0.290816,0.0,0.290816,0.290816,100.0,0.0,100.0,100.0,1,1,1,1
31.1,0.0,31.1,31.1,91.0,0.0,91.0,91.0,0.290816,0.0,0.290816,0.290816,256.0,0.0,256.0,256.0,1,1,1,1
31.1,0.0,31.1,31.1,91.0,0.0,91.0,91.0,0.333727,0.0,0.333727,0.333727,100.0,0.0,100.0,100.0,1,1,1,1
31.1,0.0,31.1,31.1,91.0,0.0,91.0,91.0,0.290816,0.0,0.290816,0.290816,100.0,0.0,100.0,100.0,1,1,1,1
31.1,0.0,31.1,31.1,91.0,0.0,91.0,91.0,0.333727,0.0,0.333727,0.333727,256.0,0.0,256.0,256.0,1,1,1,1
31.1,0.0,31.1,31.1,90.5,0.0,90.5,90.5,0.290816,0.0,0.290816,0.290816,100.0,0.0,100.0,100.0,1,1,1,1
31.1,0.0,31.1,31.1,90.5,0.0,90.5,90.5,0.290816,0.0,0.290816,0.290816,260.75,9.5,256.0,275.0,1,1,1,1
31.1,0.0,31.1,31.1,90.5,0.0,90.5,90.5,0.333727,0.0,0.333727,0.333727,100.0,0.0,100.0,100.0,1,1,1,1
31.1,0.0,31.1,31.1,90.5,0.0,90.5,90.5,0.333727,0.0,0.333727,0.333727,260.75,9.5,256.0,275.0,1,1,1,1
0.0,0.0,0.0,0.0,0.0,0.0,0.0,0.0,0.290816,0.0,0.290816,0.290816,100.0,0.0,100.0,100.0,1,1,1,1
0.0,0.0,0.0,0.0,0.0,0.0,0.0,0.0,0.290816,0.0,0.290816,0.290816,260.75,9.5,256.0,275.0,1,1,1,1
0.0,0.0,0.0,0.0,0.0,0.0,0.0,0.0,0.333727,0.0,0.333727,0.333727,100.0,0.0,100.0,100.0,1,1,1,1
0.0,0.0,0.0,0.0,0.0,0.0,0.0,0.0,0.333727,0.0,0.333727,0.333727,260.75,9.5,256.0,275.0,1,1,1,1
31.1,0.0,31.1,31.1,85.0,0.0,85.0,85.0,0.333727,0.0,0.333727,0.333727,170.666667,147.801669,0.0,256.0,1,1,1,1
31.0,0.0,31.0,31.0,84.7,0.0,84.7,84.7,0.333727,0.0,0.333727,0.333727,0.0,0.0,0.0,0.0,1,1,1,1
31.0,0.0,31.0,31.0,84.7,0.0,84.7,84.7,0.333727,0.0,0.333727,0.333727,100.0,0.0,100.0,100.0,1,1,1,1
31.0,0.0,31.0,31.0,84.7,0.0,84.7,84.7,0.290816,0.0,0.290816,0.290816,0.0,0.0,0.0,0.0,1,1,1,1
31.0,0.0,31.0,31.0,84.7,0.0,84.7,84.7,0.290816,0.0,0.290816,0.290816,100.0,0.0,100.0,100.0,1,1,1,1
31.1,0.0,31.1,31.1,89.1,0.0,89.1,89.1,0.333727,0.0,0.333727,0.333727,0.0,0.0,0.0,0.0,1,1,1,1
31.1,0.0,31.1,31.1,89.1,0.0,89.1,89.1,0.333727,0.0,0.333727,0.333727,100.0,0.0,100.0,100.0,1,1,1,1
31.1,0.0,31.1,31.1,89.1,0.0,89.1,89.1,0.290816,0.0,0.290816,0.290816,0.0,0.0,0.0,0.0,1,1,1,1
31.1,0.0,31.1,31.1,89.1,0.0,89.1,89.1,0.290816,0.0,0.290816,0.290816,100.0,0.0,100.0,100.0,1,1,1,1
31.1,0.0,31.1,31.1,88.2,0.0,88.2,88.2,0.290816,0.0,0.290816,0.290816,100.0,0.0,100.0,100.0,1,1,1,1
31.1,0.0,31.1,31.1,88.2,0.0,88.2,88.2,0.290816,0.0,0.290816,0.290816,0.0,0.0,0.0,0.0,1,1,1,1
31.1,0.0,31.1,31.1,88.2,0.0,88.2,88.2,0.333727,0.0,0.333727,0.333727,100.0,0.0,100.0,100.0,1,1,1,1
31.1,0.0,31.1,31.1,88.2,0.0,88.2,88.2,0.333727,0.0,0.333727,0.333727,0.0,0.0,0.0,0.0,1,1,1,1
31.0,0.0,31.0,31.0,84.6,0.0,84.6,84.6,0.290816,0.0,0.290816,0.290816,100.0,0.0,100.0,100.0,1,1,1,1
31.0,0.0,31.0,31.0,84.6,0.0,84.6,84.6,0.290816,0.0,0.290816,0.290816,0.0,0.0,0.0,0.0,1,1,1,1
31.0,0.0,31.0,31.0,84.6,0.0,84.6,84.6,0.333727,0.0,0.333727,0.333727,100.0,0.0,100.0,100.0,1,1,1,1
31.0,0.0,31.0,31.0,84.6,0.0,84.6,84.6,0.333727,0.0,0.333727,0.333727,0.0,0.0,0.0,0.0,1,1,1,1
31.1,0.0,31.1,31.1,84.7,0.0,84.7,84.7,0.333727,0.0,0.333727,0.333727,0.0,0.0,0.0,0.0,1,1,1,1
31.1,0.0,31.1,31.1,84.7,0.0,84.7,84.7,0.333727,0.0,0.333727,0.333727,100.0,0.0,100.0,100.0,1,1,1,1
31.1,0.0,31.1,31.1,84.7,0.0,84.7,84.7,0.290816,0.0,0.290816,0.290816,0.0,0.0,0.0,0.0,1,1,1,1
31.1,0.0,31.1,31.1,84.7,0.0,84.7,84.7,0.290816,0.0,0.290816,0.290816,100.0,0.0,100.0,100.0,1,1,1,1
31.1,0.0,31.1,31.1,87.4,0.0,87.4,87.4,0.333727,0.0,0.333727,0.333727,0.0,0.0,0.0,0.0,1,1,1,1
31.1,0.0,31.1,31.1,87.4,0.0,87.4,87.4,0.333727,0.0,0.333727,0.333727,100.0,0.0,100.0,100.0,1,1,1,1
31.1,0.0,31.1,31.1,87.4,0.0,87.4,87.4,0.290816,0.0,0.290816,0.290816,0.0,0.0,0.0,0.0,1,1,1,1
31.1,0.0,31.1,31.1,87.4,0.0,87.4,87.4,0.290816,0.0,0.290816,0.290816,100.0,0.0,100.0,100.0,1,1,1,1
31.1,0.0,31.1,31.1,87.0,0.0,87.0,87.0,0.290816,0.0,0.290816,0.290816,100.0,0.0,100.0,100.0,1,1,1,1
31.1,0.0,31.1,31.1,85.0,0.0,85.0,85.0,0.333727,0.0,0.333727,0.333727,0.0,0.0,0.0,0.0,1,1,1,1
31.1,0.0,31.1,31.1,85.0,0.0,85.0,85.0,0.333727,0.0,0.333727,0.333727,100.0,0.0,100.0,100.0,1,1,1,1
31.1,0.0,31.1,31.1,85.0,0.0,85.0,85.0,0.290816,0.0,0.290816,0.290816,0.0,0.0,0.0,0.0,1,1,1,1
31.1,0.0,31.1,31.1,85.0,0.0,85.0,85.0,0.290816,0.0,0.290816,0.290816,100.0,0.0,100.0,100.0,1,1,1,1
31.2,0.0,31.2,31.2,86.6,0.0,86.6,86.6,0.333727,0.0,0.333727,0.333727,0.0,0.0,0.0,0.0,1,1,1,1
31.2,0.0,31.2,31.2,86.6,0.0,86.6,86.6,0.333727,0.0,0.333727,0.333727,100.0,0.0,100.0,100.0,1,1,1,1
31.2,0.0,31.2,31.2,86.6,0.0,86.6,86.6,0.290816,0.0,0.290816,0.290816,0.0,0.0,0.0,0.0,1,1,1,1
31.2,0.0,31.2,31.2,86.6,0.0,86.6,86.6,0.290816,0.0,0.290816,0.290816,100.0,0.0,100.0,100.0,1,1,1,1
31.1,0.0,31.1,31.1,84.9,0.0,84.9,84.9,0.333727,0.0,0.333727,0.333727,0.0,0.0,0.0,0.0,1,1,1,1
31.1,0.0,31.1,31.1,84.9,0.0,84.9,84.9,0.333727,0.0,0.333727,0.333727,100.0,0.0,100.0,100.0,1,1,1,1
31.1,0.0,31.1,31.1,84.9,0.0,84.9,84.9,0.290816,0.0,0.290816,0.290816,0.0,0.0,0.0,0.0,1,1,1,1
31.1,0.0,31.1,31.1,86.1,0.0,86.1,86.1,0.333727,0.0,0.333727,0.333727,0.0,0.0,0.0,0.0,1,1,1,1
31.1,0.0,31.1,31.1,86.1,0.0,86.1,86.1,0.333727,0.0,0.333727,0.333727,100.0,0.0,100.0,100.0,1,1,1,1
31.1,0.0,31.1,31.1,86.1,0.0,86.1,86.1,0.290816,0.0,0.290816,0.290816,0.0,0.0,0.0,0.0,1,1,1,1
31.1,0.0,31.1,31.1,86.1,0.0,86.1,86.1,0.290816,0.0,0.290816,0.290816,100.0,0.0,100.0,100.0,1,1,1,1
31.1,0.0,31.1,31.1,84.9,0.0,84.9,84.9,0.290816,0.0,0.290816,0.290816,100.0,0.0,100.0,100.0,1,1,1,1
0.0,0.0,0.0,0.0,0.0,0.0,0.0,0.0,0.290816,0.0,0.290816,0.290816,100.0,0.0,100.0,100.0,1,1,1,1
0.0,0.0,0.0,0.0,0.0,0.0,0.0,0.0,0.290816,0.0,0.290816,0.290816,0.0,0.0,0.0,0.0,1,1,1,1
0.0,0.0,0.0,0.0,0.0,0.0,0.0,0.0,0.333727,0.0,0.333727,0.333727,100.0,0.0,100.0,100.0,1,1,1,1
0.0,0.0,0.0,0.0,0.0,0.0,0.0,0.0,0.333727,0.0,0.333727,0.333727,0.0,0.0,0.0,0.0,1,1,1,1
31.1,0.0,31.1,31.1,85.0,0.0,85.0,85.0,0.290816,0.0,0.290816,0.290816,100.0,0.0,100.0,100.0,1,1,1,1
31.1,0.0,31.1,31.1,85.0,0.0,85.0,85.0,0.290816,0.0,0.290816,0.290816,0.0,0.0,0.0,0.0,1,1,1,1
31.1,0.0,31.1,31.1,85.0,0.0,85.0,85.0,0.333727,0.0,0.333727,0.333727,100.0,0.0,100.0,100.0,1,1,1,1
31.1,0.0,31.1,31.1,85.0,0.0,85.0,85.0,0.333727,0.0,0.333727,0.333727,0.0,0.0,0.0,0.0,1,1,1,1
31.1,0.0,31.1,31.1,85.0,0.0,85.0,85.0,0.333727,0.0,0.333727,0.333727,0.0,0.0,0.0,0.0,1,1,1,1
31.1,0.0,31.1,31.1,85.3,0.0,85.3,85.3,0.290816,0.0,0.290816,0.290816,100.0,0.0,100.0,100.0,1,1,1,1
31.0,0.0,31.0,31.0,85.0,0.0,85.0,85.0,0.290816,0.0,0.290816,0.290816,192.0,128.0,0.0,256.0,1,1,1,1
31.0,0.0,31.0,31.0,85.0,0.0,85.0,85.0,0.333727,0.0,0.333727,0.333727,100.0,0.0,100.0,100.0,1,1,1,1
31.0,0.0,31.0,31.0,85.0,0.0,85.0,85.0,0.290816,0.0,0.290816,0.290816,100.0,0.0,100.0,100.0,1,1,1,1
31.0,0.0,31.0,31.0,85.0,0.0,85.0,85.0,0.333727,0.0,0.333727,0.333727,192.0,128.0,0.0,256.0,1,1,1,1
31.2,0.0,31.2,31.2,85.0,0.0,85.0,85.0,0.333727,0.0,0.333727,0.333727,100.0,0.0,100.0,100.0,1,1,1,1
31.2,0.0,31.2,31.2,85.0,0.0,85.0,85.0,0.290816,0.0,0.290816,0.290816,192.0,128.0,0.0,256.0,1,1,1,1
31.2,0.0,31.2,31.2,85.0,0.0,85.0,85.0,0.290816,0.0,0.290816,0.290816,100.0,0.0,100.0,100.0,1,1,1,1
31.2,0.0,31.2,31.2,85.0,0.0,85.0,85.0,0.333727,0.0,0.333727,0.333727,192.0,128.0,0.0,256.0,1,1,1,1
31.2,0.0,31.2,31.2,84.8,0.0,84.8,84.8,0.290816,0.0,0.290816,0.290816,0.0,0.0,0.0,0.0,1,1,1,1
31.2,0.0,31.2,31.2,84.8,0.0,84.8,84.8,0.290816,0.0,0.290816,0.290816,256.0,0.0,256.0,256.0,1,1,1,1
31.2,0.0,31.2,31.2,84.8,0.0,84.8,84.8,0.333727,0.0,0.333727,0.333727,0.0,0.0,0.0,0.0,1,1,1,1
31.2,0.0,31.2,31.2,84.8,0.0,84.8,84.8,0.333727,0.0,0.333727,0.333727,256.0,0.0,256.0,256.0,1,1,1,1
31.1,0.0,31.1,31.1,85.2,0.0,85.2,85.2,0.290816,0.0,0.290816,0.290816,0.0,0.0,0.0,0.0,1,1,1,1
31.1,0.0,31.1,31.1,85.2,0.0,85.2,85.2,0.290816,0.0,0.290816,0.290816,256.0,0.0,256.0,256.0,1,1,1,1
31.1,0.0,31.1,31.1,85.2,0.0,85.2,85.2,0.333727,0.0,0.333727,0.333727,0.0,0.0,0.0,0.0,1,1,1,1
31.1,0.0,31.1,31.1,85.2,0.0,85.2,85.2,0.333727,0.0,0.333727,0.333727,256.0,0.0,256.0,256.0,1,1,1,1
31.0,0.0,31.0,31.0,85.1,0.0,85.1,85.1,0.333727,0.0,0.333727,0.333727,260.25,8.5,256.0,273.0,1,1,1,1
31.0,0.0,31.0,31.0,85.1,0.0,85.1,85.1,0.333727,0.0,0.333727,0.333727,0.0,0.0,0.0,0.0,1,1,1,1
31.0,0.0,31.0,31.0,85.1,0.0,85.1,85.1,0.290816,0.0,0.290816,0.290816,0.0,0.0,0.0,0.0,1,1,1,1
31.0,0.0,31.0,31.0,85.1,0.0,85.1,85.1,0.290816,0.0,0.290816,0.290816,260.25,8.5,256.0,273.0,1,1,1,1
31.2,0.0,31.2,31.2,84.7,0.0,84.7,84.7,0.333727,0.0,0.333727,0.333727,0.0,0.0,0.0,0.0,1,1,1,1
31.2,0.0,31.2,31.2,84.7,0.0,84.7,84.7,0.290816,0.0,0.290816,0.290816,260.25,8.5,256.0,273.0,1,1,1,1
31.2,0.0,31.2,31.2,84.7,0.0,84.7,84.7,0.290816,0.0,0.290816,0.290816,0.0,0.0,0.0,0.0,1,1,1,1
31.2,0.0,31.2,31.2,84.7,0.0,84.7,84.7,0.333727,0.0,0.333727,0.333727,260.25,8.5,256.0,273.0,1,1,1,1
31.1,0.0,31.1,31.1,85.1,0.0,85.1,85.1,0.333727,0.0,0.333727,0.333727,256.0,0.0,256.0,256.0,1,1,1,1
31.1,0.0,31.1,31.1,85.1,0.0,85.1,85.1,0.333727,0.0,0.333727,0.333727,0.0,0.0,0.0,0.0,1,1,1,1
31.1,0.0,31.1,31.1,85.1,0.0,85.1,85.1,0.290816,0.0,0.290816,0.290816,0.0,0.0,0.0,0.0,1,1,1,1
31.1,0.0,31.1,31.1,85.1,0.0,85.1,85.1,0.290816,0.0,0.290816,0.290816,256.0,0.0,256.0,256.0,1,1,1,1
31.2,0.0,31.2,31.2,84.4,0.0,84.4,84.4,0.333727,0.0,0.333727,0.333727,0.0,0.0,0.0,0.0,1,1,1,1
31.2,0.0,31.2,31.2,84.4,0.0,84.4,84.4,0.290816,0.0,0.290816,0.290816,256.0,0.0,256.0,256.0,1,1,1,1
31.2,0.0,31.2,31.2,84.4,0.0,84.4,84.4,0.290816,0.0,0.290816,0.290816,0.0,0.0,0.0,0.0,1,1,1,1
31.2,0.0,31.2,31.2,84.4,0.0,84.4,84.4,0.333727,0.0,0.333727,0.333727,256.0,0.0,256.0,256.0,1,1,1,1
31.1,0.0,31.1,31.1,85.1,0.0,85.1,85.1,0.333727,0.0,0.333727,0.333727,0.0,0.0,0.0,0.0,1,1,1,1
31.2,0.0,31.2,31.2,84.2,0.0,84.2,84.2,0.290816,0.0,0.290816,0.290816,0.0,0.0,0.0,0.0,1,1,1,1
31.2,0.0,31.2,31.2,84.2,0.0,84.2,84.2,0.290816,0.0,0.290816,0.290816,256.0,0.0,256.0,256.0,1,1,1,1
31.2,0.0,31.2,31.2,84.2,0.0,84.2,84.2,0.333727,0.0,0.333727,0.333727,0.0,0.0,0.0,0.0,1,1,1,1
31.2,0.0,31.2,31.2,84.2,0.0,84.2,84.2,0.333727,0.0,0.333727,0.333727,256.0,0.0,256.0,256.0,1,1,1,1
31.1,0.0,31.1,31.1,85.1,0.0,85.1,85.1,0.290816,0.0,0.290816,0.290816,0.0,0.0,0.0,0.0,1,1,1,1
31.1,0.0,31.1,31.1,85.1,0.0,85.1,85.1,0.290816,0.0,0.290816,0.290816,256.0,0.0,256.0,256.0,1,1,1,1
31.1,0.0,31.1,31.1,85.1,0.0,85.1,85.1,0.333727,0.0,0.333727,0.333727,256.0,0.0,256.0,256.0,1,1,1,1
31.2,0.0,31.2,31.2,84.1,0.0,84.1,84.1,0.290816,0.0,0.290816,0.290816,0.0,0.0,0.0,0.0,1,1,1,1
31.1,0.0,31.1,31.1,85.1,0.0,85.1,85.1,0.333727,0.0,0.333727,0.333727,90.5,113.173907,0.0,256.0,1,1,1,1
31.2,0.0,31.2,31.2,84.1,0.0,84.1,84.1,0.290816,0.0,0.290816,0.290816,0.0,0.0,0.0,0.0,1,1,1,1
31.2,0.0,31.2,31.2,84.1,0.0,84.1,84.1,0.290816,0.0,0.290816,0.290816,50.75,38.13463,0.0,92.0,1,1,1,1
31.2,0.0,31.2,31.2,84.1,0.0,84.1,84.1,0.333727,0.0,0.333727,0.333727,0.0,0.0,0.0,0.0,1,1,1,1
31.2,0.0,31.2,31.2,84.1,0.0,84.1,84.1,0.333727,0.0,0.333727,0.333727,50.75,38.13463,0.0,92.0,1,1,1,1
31.0,0.0,31.0,31.0,84.9,0.0,84.9,84.9,0.290816,0.0,0.290816,0.290816,0.0,0.0,0.0,0.0,1,1,1,1
31.0,0.0,31.0,31.0,84.9,0.0,84.9,84.9,0.290816,0.0,0.290816,0.290816,50.75,38.13463,0.0,92.0,1,1,1,1
31.0,0.0,31.0,31.0,84.9,0.0,84.9,84.9,0.333727,0.0,0.333727,0.333727,0.0,0.0,0.0,0.0,1,1,1,1
31.0,0.0,31.0,31.0,84.9,0.0,84.9,84.9,0.333727,0.0,0.333727,0.333727,50.75,38.13463,0.0,92.0,1,1,1,1
31.0,0.0,31.0,31.0,84.9,0.0,84.9,84.9,0.333727,0.0,0.333727,0.333727,85.25,129.20623,0.0,273.0,1,1,1,1
31.0,0.0,31.0,31.0,84.9,0.0,84.9,84.9,0.333727,0.0,0.333727,0.333727,0.0,0.0,0.0,0.0,1,1,1,1
31.0,0.0,31.0,31.0,84.9,0.0,84.9,84.9,0.290816,0.0,0.290816,0.290816,85.25,129.20623,0.0,273.0,1,1,1,1
31.0,0.0,31.0,31.0,84.9,0.0,84.9,84.9,0.290816,0.0,0.290816,0.290816,0.0,0.0,0.0,0.0,1,1,1,1
31.2,0.0,31.2,31.2,84.0,0.0,84.0,84.0,0.290816,0.0,0.290816,0.290816,85.25,129.20623,0.0,273.0,1,1,1,1
31.2,0.0,31.2,31.2,84.0,0.0,84.0,84.0,0.333727,0.0,0.333727,0.333727,0.0,0.0,0.0,0.0,1,1,1,1
31.2,0.0,31.2,31.2,84.0,0.0,84.0,84.0,0.290816,0.0,0.290816,0.290816,0.0,0.0,0.0,0.0,1,1,1,1
31.2,0.0,31.2,31.2,84.0,0.0,84.0,84.0,0.333727,0.0,0.333727,0.333727,85.25,129.20623,0.0,273.0,1,1,1,1
31.1,0.0,31.1,31.1,85.2,0.0,85.2,85.2,0.290816,0.0,0.290816,0.290816,79.0,121.34249,0.0,256.0,1,1,1,1
31.1,0.0,31.1,31.1,85.2,0.0,85.2,85.2,0.333727,0.0,0.333727,0.333727,79.0,121.34249,0.0,256.0,1,1,1,1
31.1,0.0,31.1,31.1,85.2,0.0,85.2,85.2,0.333727,0.0,0.333727,0.333727,0.0,0.0,0.0,0.0,1,1,1,1
31.1,0.0,31.1,31.1,85.2,0.0,85.2,85.2,0.290816,0.0,0.290816,0.290816,0.0,0.0,0.0,0.0,1,1,1,1
31.2,0.0,31.2,31.2,83.9,0.0,83.9,83.9,0.290816,0.0,0.290816,0.290816,79.0,121.34249,0.0,256.0,1,1,1,1
31.2,0.0,31.2,31.2,83.9,0.0,83.9,83.9,0.333727,0.0,0.333727,0.333727,0.0,0.0,0.0,0.0,1,1,1,1
31.2,0.0,31.2,31.2,83.9,0.0,83.9,83.9,0.290816,0.0,0.290816,0.290816,0.0,0.0,0.0,0.0,1,1,1,1
31.2,0.0,31.2,31.2,83.9,0.0,83.9,83.9,0.333727,0.0,0.333727,0.333727,79.0,121.34249,0.0,256.0,1,1,1,1
31.2,0.0,31.2,31.2,83.9,0.0,83.9,83.9,0.290816,0.0,0.290816,0.290816,0.0,0.0,0.0,0.0,1,1,1,1
31.2,0.0,31.2,31.2,83.9,0.0,83.9,83.9,0.290816,0.0,0.290816,0.290816,262.666667,11.547005,256.0,276.0,1,1,1,1
31.2,0.0,31.2,31.2,83.9,0.0,83.9,83.9,0.333727,0.0,0.333727,0.333727,0.0,0.0,0.0,0.0,1,1,1,1
31.2,0.0,31.2,31.2,83.9,0.0,83.9,83.9,0.333727,0.0,0.333727,0.333727,262.666667,11.547005,256.0,276.0,1,1,1,1
31.1,0.0,31.1,31.1,85.4,0.0,85.4,85.4,0.290816,0.0,0.290816,0.290816,0.0,0.0,0.0,0.0,1,1,1,1
31.1,0.0,31.1,31.1,85.4,0.0,85.4,85.4,0.290816,0.0,0.290816,0.290816,262.666667,11.547005,256.0,276.0,1,1,1,1
31.1,0.0,31.1,31.1,85.4,0.0,85.4,85.4,0.333727,0.0,0.333727,0.333727,0.0,0.0,0.0,0.0,1,1,1,1
31.1,0.0,31.1,31.1,85.4,0.0,85.4,85.4,0.333727,0.0,0.333727,0.333727,262.666667,11.547005,256.0,276.0,1,1,1,1
31.2,0.0,31.2,31.2,83.8,0.0,83.8,83.8,0.290816,0.0,0.290816,0.290816,67.25,45.470687,0.0,100.0,1,1,1,1
31.1,0.0,31.1,31.1,85.5,0.0,85.5,85.5,0.333727,0.0,0.333727,0.333727,100.0,0.0,100.0,100.0,1,1,1,1
31.1,0.0,31.1,31.1,85.5,0.0,85.5,85.5,0.333727,0.0,0.333727,0.333727,19.0,38.0,0.0,76.0,1,1,1,1
31.1,0.0,31.1,31.1,85.5,0.0,85.5,85.5,0.290816,0.0,0.290816,0.290816,19.0,38.0,0.0,76.0,1,1,1,1
31.1,0.0,31.1,31.1,85.5,0.0,85.5,85.5,0.290816,0.0,0.290816,0.290816,100.0,0.0,100.0,100.0,1,1,1,1
31.2,0.0,31.2,31.2,83.7,0.0,83.7,83.7,0.333727,0.0,0.333727,0.333727,19.0,38.0,0.0,76.0,1,1,1,1
31.2,0.0,31.2,31.2,83.7,0.0,83.7,83.7,0.333727,0.0,0.333727,0.333727,100.0,0.0,100.0,100.0,1,1,1,1
31.2,0.0,31.2,31.2,83.7,0.0,83.7,83.7,0.290816,0.0,0.290816,0.290816,19.0,38.0,0.0,76.0,1,1,1,1
31.2,0.0,31.2,31.2,83.7,0.0,83.7,83.7,0.290816,0.0,0.290816,0.290816,100.0,0.0,100.0,100.0,1,1,1,1
31.0,0.0,31.0,31.0,85.3,0.0,85.3,85.3,0.333727,0.0,0.333727,0.333727,77.0,121.825011,0.0,256.0,1,1,1,1
31.1,0.0,31.1,31.1,85.4,0.0,85.4,85.4,0.333727,0.0,0.333727,0.333727,256.0,0.0,256.0,256.0,1,1,1,1
31.1,0.0,31.1,31.1,85.4,0.0,85.4,85.4,0.333727,0.0,0.333727,0.333727,100.0,0.0,100.0,100.0,1,1,1,1
31.1,0.0,31.1,31.1,85.4,0.0,85.4,85.4,0.290816,0.0,0.290816,0.290816,256.0,0.0,256.0,256.0,1,1,1,1
31.1,0.0,31.1,31.1,85.4,0.0,85.4,85.4,0.290816,0.0,0.290816,0.290816,100.0,0.0,100.0,100.0,1,1,1,1
31.2,0.0,31.2,31.2,83.6,0.0,83.6,83.6,0.333727,0.0,0.333727,0.333727,256.0,0.0,256.0,256.0,1,1,1,1
31.2,0.0,31.2,31.2,83.6,0.0,83.6,83.6,0.333727,0.0,0.333727,0.333727,100.0,0.0,100.0,100.0,1,1,1,1
31.2,0.0,31.2,31.2,83.6,0.0,83.6,83.6,0.290816,0.0,0.290816,0.290816,256.0,0.0,256.0,256.0,1,1,1,1
31.2,0.0,31.2,31.2,83.6,0.0,83.6,83.6,0.290816,0.0,0.290816,0.290816,100.0,0.0,100.0,100.0,1,1,1,1
31.1,0.0,31.1,31.1,85.3,0.0,85.3,85.3,0.333727,0.0,0.333727,0.333727,0.0,0.0,0.0,0.0,1,1,1,1
31.1,0.0,31.1,31.1,85.3,0.0,85.3,85.3,0.333727,0.0,0.333727,0.333727,100.0,0.0,100.0,100.0,1,1,1,1
31.1,0.0,31.1,31.1,85.3,0.0,85.3,85.3,0.290816,0.0,0.290816,0.290816,0.0,0.0,0.0,0.0,1,1,1,1
31.1,0.0,31.1,31.1,85.3,0.0,85.3,85.3,0.290816,0.0,0.290816,0.290816,100.0,0.0,100.0,100.0,1,1,1,1
31.2,0.0,31.2,31.2,83.6,0.0,83.6,83.6,0.333727,0.0,0.333727,0.333727,0.0,0.0,0.0,0.0,1,1,1,1
31.2,0.0,31.2,31.2,83.6,0.0,83.6,83.6,0.333727,0.0,0.333727,0.333727,100.0,0.0,100.0,100.0,1,1,1,1
31.2,0.0,31.2,31.2,83.6,0.0,83.6,83.6,0.290816,0.0,0.290816,0.290816,0.0,0.0,0.0,0.0,1,1,1,1
31.2,0.0,31.2,31.2,83.6,0.0,83.6,83.6,0.290816,0.0,0.290816,0.290816,100.0,0.0,100.0,100.0,1,1,1,1
31.2,0.0,31.2,31.2,83.5,0.0,83.5,83.5,0.290816,0.0,0.290816,0.290816,75.0,50.0,0.0,100.0,1,1,1,1
31.2,0.0,31.2,31.2,83.5,0.0,83.5,83.5,0.290816,0.0,0.290816,0.290816,0.0,0.0,0.0,0.0,1,1,1,1
31.2,0.0,31.2,31.2,83.5,0.0,83.5,83.5,0.333727,0.0,0.333727,0.333727,75.0,50.0,0.0,100.0,1,1,1,1
31.2,0.0,31.2,31.2,83.5,0.0,83.5,83.5,0.333727,0.0,0.333727,0.333727,0.0,0.0,0.0,0.0,1,1,1,1
31.1,0.0,31.1,31.1,85.3,0.0,85.3,85.3,0.290816,0.0,0.290816,0.290816,75.0,50.0,0.0,100.0,1,1,1,1
31.1,0.0,31.1,31.1,85.3,0.0,85.3,85.3,0.290816,0.0,0.290816,0.290816,0.0,0.0,0.0,0.0,1,1,1,1
31.1,0.0,31.1,31.1,85.3,0.0,85.3,85.3,0.333727,0.0,0.333727,0.333727,75.0,50.0,0.0,100.0,1,1,1,1
31.1,0.0,31.1,31.1,85.3,0.0,85.3,85.3,0.333727,0.0,0.333727,0.333727,0.0,0.0,0.0,0.0,1,1,1,1
31.2,0.0,31.2,31.2,83.5,0.0,83.5,83.5,0.290816,0.0,0.290816,0.290816,100.0,0.0,100.0,100.0,1,1,1,1
31.1,0.0,31.1,31.1,85.4,0.0,85.4,85.4,0.333727,0.0,0.333727,0.333727,141.5,134.038552,0.0,256.0,1,1,1,1
31.1,0.0,31.1,31.1,85.4,0.0,85.4,85.4,0.333727,0.0,0.333727,0.333727,95.5,9.0,82.0,100.0,1,1,1,1
31.1,0.0,31.1,31.1,85.4,0.0,85.4,85.4,0.290816,0.0,0.290816,0.290816,141.5,134.038552,0.0,256.0,1,1,1,1
31.2,0.0,31.2,31.2,83.4,0.0,83.4,83.4,0.333727,0.0,0.333727,0.333727,141.5,134.038552,0.0,256.0,1,1,1,1
31.2,0.0,31.2,31.2,83.4,0.0,83.4,83.4,0.290816,0.0,0.290816,0.290816,141.5,134.038552,0.0,256.0,1,1,1,1
31.2,0.0,31.2,31.2,83.4,0.0,83.4,83.4,0.333727,0.0,0.333727,0.333727,95.5,9.0,82.0,100.0,1,1,1,1
31.2,0.0,31.2,31.2,83.4,0.0,83.4,83.4,0.290816,0.0,0.290816,0.290816,95.5,9.0,82.0,100.0,1,1,1,1
31.1,0.0,31.1,31.1,85.4,0.0,85.4,85.4,0.290816,0.0,0.290816,0.290816,95.5,9.0,82.0,100.0,1,1,1,1
31.2,0.0,31.2,31.2,83.4,0.0,83.4,83.4,0.290816,0.0,0.290816,0.290816,90.0,17.320508,70.0,100.0,1,1,1,1
31.2,0.0,31.2,31.2,83.4,0.0,83.4,83.4,0.290816,0.0,0.290816,0.290816,91.0,157.616623,0.0,273.0,1,1,1,1
31.2,0.0,31.2,31.2,83.4,0.0,83.4,83.4,0.333727,0.0,0.333727,0.333727,90.0,17.320508,70.0,100.0,1,1,1,1
31.2,0.0,31.2,31.2,83.4,0.0,83.4,83.4,0.333727,0.0,0.333727,0.333727,91.0,157.616623,0.0,273.0,1,1,1,1
31.1,0.0,31.1,31.1,85.5,0.0,85.5,85.5,0.290816,0.0,0.290816,0.290816,90.0,17.320508,70.0,100.0,1,1,1,1
31.1,0.0,31.1,31.1,85.5,0.0,85.5,85.5,0.290816,0.0,0.290816,0.290816,91.0,157.616623,0.0,273.0,1,1,1,1
31.1,0.0,31.1,31.1,85.5,0.0,85.5,85.5,0.333727,0.0,0.333727,0.333727,90.0,17.320508,70.0,100.0,1,1,1,1
31.1,0.0,31.1,31.1,85.5,0.0,85.5,85.5,0.333727,0.0,0.333727,0.333727,91.0,157.616623,0.0,273.0,1,1,1,1
31.1,0.0,31.1,31.1,85.5,0.0,85.5,85.5,0.333727,0.0,0.333727,0.333727,192.0,128.0,0.0,256.0,1,1,1,1
31.1,0.0,31.1,31.1,85.5,0.0,85.5,85.5,0.333727,0.0,0.333727,0.333727,96.5,7.0,86.0,100.0,1,1,1,1
31.1,0.0,31.1,31.1,85.5,0.0,85.5,85.5,0.290816,0.0,0.290816,0.290816,192.0,128.0,0.0,256.0,1,1,1,1
31.1,0.0,31.1,31.1,85.5,0.0,85.5,85.5,0.290816,0.0,0.290816,0.290816,96.5,7.0,86.0,100.0,1,1,1,1
31.2,0.0,31.2,31.2,83.4,0.0,83.4,83.4,0.333727,0.0,0.333727,0.333727,192.0,128.0,0.0,256.0,1,1,1,1
31.2,0.0,31.2,31.2,83.4,0.0,83.4,83.4,0.290816,0.0,0.290816,0.290816,192.0,128.0,0.0,256.0,1,1,1,1
31.2,0.0,31.2,31.2,83.4,0.0,83.4,83.4,0.290816,0.0,0.290816,0.290816,96.5,7.0,86.0,100.0,1,1,1,1
31.2,0.0,31.2,31.2,83.4,0.0,83.4,83.4,0.333727,0.0,0.333727,0.333727,96.5,7.0,86.0,100.0,1,1,1,1
31.0,0.0,31.0,31.0,85.4,0.0,85.4,85.4,0.333727,0.0,0.333727,0.333727,256.0,0.0,256.0,256.0,1,1,1,1
31.0,0.0,31.0,31.0,85.5,0.0,85.5,85.5,0.333727,0.0,0.333727,0.333727,256.0,0.0,256.0,256.0,1,1,1,1
0.0,0.0,0.0,0.0,0.0,0.0,0.0,0.0,0.290816,0.0,0.290816,0.290816,66.666667,57.735027,0.0,100.0,1,1,1,1
0.0,0.0,0.0,0.0,0.0,0.0,0.0,0.0,0.290816,0.0,0.290816,0.290816,256.0,0.0,256.0,256.0,1,1,1,1
0.0,0.0,0.0,0.0,0.0,0.0,0.0,0.0,0.333727,0.0,0.333727,0.333727,66.666667,57.735027,0.0,100.0,1,1,1,1
0.0,0.0,0.0,0.0,0.0,0.0,0.0,0.0,0.333727,0.0,0.333727,0.333727,256.0,0.0,256.0,256.0,1,1,1,1
31.0,0.0,31.0,31.0,85.5,0.0,85.5,85.5,0.290816,0.0,0.290816,0.290816,66.666667,57.735027,0.0,100.0,1,1,1,1
31.0,0.0,31.0,31.0,85.5,0.0,85.5,85.5,0.290816,0.0,0.290816,0.290816,256.0,0.0,256.0,256.0,1,1,1,1
31.0,0.0,31.0,31.0,85.5,0.0,85.5,85.5,0.333727,0.0,0.333727,0.333727,66.666667,57.735027,0.0,100.0,1,1,1,1
31.2,0.0,31.2,31.2,83.2,0.0,83.2,83.2,0.290816,0.0,0.290816,0.290816,89.0,18.220867,62.0,100.0,1,1,1,1
0.0,0.0,0.0,0.0,0.0,0.0,0.0,0.0,0.333727,0.0,0.333727,0.333727,260.25,8.5,256.0,273.0,1,1,1,1
0.0,0.0,0.0,0.0,0.0,0.0,0.0,0.0,0.290816,0.0,0.290816,0.290816,260.25,8.5,256.0,273.0,1,1,1,1
0.0,0.0,0.0,0.0,0.0,0.0,0.0,0.0,0.290816,0.0,0.290816,0.290816,61.0,53.507009,0.0,100.0,1,1,1,1
0.0,0.0,0.0,0.0,0.0,0.0,0.0,0.0,0.333727,0.0,0.333727,0.333727,61.0,53.507009,0.0,100.0,1,1,1,1
31.2,0.0,31.2,31.2,83.1,0.0,83.1,83.1,0.333727,0.0,0.333727,0.333727,61.0,53.507009,0.0,100.0,1,1,1,1
31.2,0.0,31.2,31.2,83.1,0.0,83.1,83.1,0.290816,0.0,0.290816,0.290816,260.25,8.5,256.0,273.0,1,1,1,1
31.2,0.0,31.2,31.2,83.1,0.0,83.1,83.1,0.333727,0.0,0.333727,0.333727,260.25,8.5,256.0,273.0,1,1,1,1
31.2,0.0,31.2,31.2,83.1,0.0,83.1,83.1,0.290816,0.0,0.290816,0.290816,61.0,53.507009,0.0,100.0,1,1,1,1
0.0,0.0,0.0,0.0,0.0,0.0,0.0,0.0,0.290816,0.0,0.290816,0.290816,50.0,57.735027,0.0,100.0,1,1,1,1
0.0,0.0,0.0,0.0,0.0,0.0,0.0,0.0,0.290816,0.0,0.290816,0.290816,261.333333,9.237604,256.0,272.0,1,1,1,1
0.0,0.0,0.0,0.0,0.0,0.0,0.0,0.0,0.333727,0.0,0.333727,0.333727,50.0,57.735027,0.0,100.0,1,1,1,1
0.0,0.0,0.0,0.0,0.0,0.0,0.0,0.0,0.333727,0.0,0.333727,0.333727,261.333333,9.237604,256.0,272.0,1,1,1,1
31.1,0.0,31.1,31.1,85.0,0.0,85.0,85.0,0.290816,0.0,0.290816,0.290816,50.0,57.735027,0.0,100.0,1,1,1,1
31.1,0.0,31.1,31.1,85.0,0.0,85.0,85.0,0.290816,0.0,0.290816,0.290816,261.333333,9.237604,256.0,272.0,1,1,1,1
31.1,0.0,31.1,31.1,85.0,0.0,85.0,85.0,0.333727,0.0,0.333727,0.333727,50.0,57.735027,0.0,100.0,1,1,1,1
31.1,0.0,31.1,31.1,85.0,0.0,85.0,85.0,0.333727,0.0,0.333727,0.333727,261.333333,9.237604,256.0,272.0,1,1,1,1
31.0,0.0,31.0,31.0,84.8,0.0,84.8,84.8,0.333727,0.0,0.333727,0.333727,145.25,130.948781,0.0,256.0,1,1,1,1
31.0,0.0,31.0,31.0,84.8,0.0,84.8,84.8,0.333727,0.0,0.333727,0.333727,88.0,24.0,52.0,100.0,1,1,1,1
31.0,0.0,31.0,31.0,84.8,0.0,84.8,84.8,0.290816,0.0,0.290816,0.290816,145.25,130.948781,0.0,256.0,1,1,1,1
31.0,0.0,31.0,31.0,84.8,0.0,84.8,84.8,0.290816,0.0,0.290816,0.290816,88.0,24.0,52.0,100.0,1,1,1,1
31.2,0.0,31.2,31.2,83.0,0.0,83.0,83.0,0.333727,0.0,0.333727,0.333727,88.0,24.0,52.0,100.0,1,1,1,1
31.2,0.0,31.2,31.2,83.0,0.0,83.0,83.0,0.290816,0.0,0.290816,0.290816,145.25,130.948781,0.0,256.0,1,1,1,1
31.2,0.0,31.2,31.2,83.0,0.0,83.0,83.0,0.290816,0.0,0.290816,0.290816,88.0,24.0,52.0,100.0,1,1,1,1
31.2,0.0,31.2,31.2,83.0,0.0,83.0,83.0,0.333727,0.0,0.333727,0.333727,145.25,130.948781,0.0,256.0,1,1,1,1
31.0,0.0,31.0,31.0,84.9,0.0,84.9,84.9,0.333727,0.0,0.333727,0.333727,256.0,0.0,256.0,256.0,1,1,1,1
31.2,0.0,31.2,31.2,83.0,0.0,83.0,83.0,0.333727,0.0,0.333727,0.333727,261.333333,9.237604,256.0,272.0,1,1,1,1
31.2,0.0,31.2,31.2,83.0,0.0,83.0,83.0,0.290816,0.0,0.290816,0.290816,66.666667,57.735027,0.0,100.0,1,1,1,1
31.2,0.0,31.2,31.2,83.0,0.0,83.0,83.0,0.290816,0.0,0.290816,0.290816,261.333333,9.237604,256.0,272.0,1,1,1,1
31.2,0.0,31.2,31.2,83.0,0.0,83.0,83.0,0.333727,0.0,0.333727,0.333727,66.666667,57.735027,0.0,100.0,1,1,1,1
31.1,0.0,31.1,31.1,85.0,0.0,85.0,85.0,0.290816,0.0,0.290816,0.290816,66.666667,57.735027,0.0,100.0,1,1,1,1
31.1,0.0,31.1,31.1,85.0,0.0,85.0,85.0,0.290816,0.0,0.290816,0.290816,261.333333,9.237604,256.0,272.0,1,1,1,1
31.1,0.0,31.1,31.1,85.0,0.0,85.0,85.0,0.333727,0.0,0.333727,0.333727,66.666667,57.735027,0.0,100.0,1,1,1,1
31.1,0.0,31.1,31.1,85.0,0.0,85.0,85.0,0.333727,0.0,0.333727,0.333727,261.333333,9.237604,256.0,272.0,1,1,1,1
31.2,0.0,31.2,31.2,83.1,0.0,83.1,83.1,0.290816,0.0,0.290816,0.290816,70.0,47.609523,0.0,100.0,1,1,1,1
31.0,0.0,31.0,31.0,85.3,0.0,85.3,85.3,0.290816,0.0,0.290816,0.290816,256.0,0.0,256.0,256.0,1,1,1,1
31.0,0.0,31.0,31.0,85.3,0.0,85.3,85.3,0.333727,0.0,0.333727,0.333727,256.0,0.0,256.0,256.0,1,1,1,1
31.0,0.0,31.0,31.0,85.3,0.0,85.3,85.3,0.290816,0.0,0.290816,0.290816,92.333333,13.279056,77.0,100.0,1,1,1,1
31.0,0.0,31.0,31.0,85.3,0.0,85.3,85.3,0.333727,0.0,0.333727,0.333727,92.333333,13.279056,77.0,100.0,1,1,1,1
31.2,0.0,31.2,31.2,83.2,0.0,83.2,83.2,0.333727,0.0,0.333727,0.333727,92.333333,13.279056,77.0,100.0,1,1,1,1
31.2,0.0,31.2,31.2,83.2,0.0,83.2,83.2,0.290816,0.0,0.290816,0.290816,256.0,0.0,256.0,256.0,1,1,1,1
31.2,0.0,31.2,31.2,83.2,0.0,83.2,83.2,0.290816,0.0,0.290816,0.290816,92.333333,13.279056,77.0,100.0,1,1,1,1
31.2,0.0,31.2,31.2,83.2,0.0,83.2,83.2,0.333727,0.0,0.333727,0.333727,256.0,0.0,256.0,256.0,1,1,1,1
0.0,0.0,0.0,0.0,0.0,0.0,0.0,0.0,0.290816,0.0,0.290816,0.290816,83.25,19.379972,65.0,100.0,1,1,1,1
0.0,0.0,0.0,0.0,0.0,0.0,0.0,0.0,0.290816,0.0,0.290816,0.290816,256.0,0.0,256.0,256.0,1,1,1,1
0.0,0.0,0.0,0.0,0.0,0.0,0.0,0.0,0.333727,0.0,0.333727,0.333727,83.25,19.379972,65.0,100.0,1,1,1,1
0.0,0.0,0.0,0.0,0.0,0.0,0.0,0.0,0.333727,0.0,0.333727,0.333727,256.0,0.0,256.0,256.0,1,1,1,1
31.0,0.0,31.0,31.0,85.3,0.0,85.3,85.3,0.290816,0.0,0.290816,0.290816,83.25,19.379972,65.0,100.0,1,1,1,1
31.0,0.0,31.0,31.0,85.3,0.0,85.3,85.3,0.290816,0.0,0.290816,0.290816,256.0,0.0,256.0,256.0,1,1,1,1
31.0,0.0,31.0,31.0,85.3,0.0,85.3,85.3,0.333727,0.0,0.333727,0.333727,83.25,19.379972,65.0,100.0,1,1,1,1
31.0,0.0,31.0,31.0,85.3,0.0,85.3,85.3,0.333727,0.0,0.333727,0.333727,256.0,0.0,256.0,256.0,1,1,1,1
31.1,0.0,31.1,31.1,85.4,0.0,85.4,85.4,0.333727,0.0,0.333727,0.333727,85.0,14.525839,71.0,100.0,1,1,1,1
31.1,0.0,31.1,31.1,85.4,0.0,85.4,85.4,0.290816,0.0,0.290816,0.290816,256.0,0.0,256.0,256.0,1,1,1,1
31.1,0.0,31.1,31.1,85.4,0.0,85.4,85.4,0.290816,0.0,0.290816,0.290816,85.0,14.525839,71.0,100.0,1,1,1,1
31.1,0.0,31.1,31.1,85.4,0.0,85.4,85.4,0.333727,0.0,0.333727,0.333727,256.0,0.0,256.0,256.0,1,1,1,1
31.2,0.0,31.2,31.2,83.2,0.0,83.2,83.2,0.333727,0.0,0.333727,0.333727,85.0,14.525839,71.0,100.0,1,1,1,1
31.2,0.0,31.2,31.2,83.2,0.0,83.2,83.2,0.290816,0.0,0.290816,0.290816,256.0,0.0,256.0,256.0,1,1,1,1
31.2,0.0,31.2,31.2,83.2,0.0,83.2,83.2,0.290816,0.0,0.290816,0.290816,85.0,14.525839,71.0,100.0,1,1,1,1
31.2,0.0,31.2,31.2,83.2,0.0,83.2,83.2,0.333727,0.0,0.333727,0.333727,256.0,0.0,256.0,256.0,1,1,1,1
31.0,0.0,31.0,31.0,85.1,0.0,85.1,85.1,0.333727,0.0,0.333727,0.333727,256.0,0.0,256.0,256.0,1,1,1,1
31.0,0.0,31.0,31.0,84.9,0.0,84.9,84.9,0.333727,0.0,0.333727,0.333727,261.666667,9.814955,256.0,273.0,1,1,1,1
31.0,0.0,31.0,31.0,84.9,0.0,84.9,84.9,0.290816,0.0,0.290816,0.290816,261.666667,9.814955,256.0,273.0,1,1,1,1
31.0,0.0,31.0,31.0,84.9,0.0,84.9,84.9,0.290816,0.0,0.290816,0.290816,64.75,47.296053,0.0,100.0,1,1,1,1
31.0,0.0,31.0,31.0,84.9,0.0,84.9,84.9,0.333727,0.0,0.333727,0.333727,64.75,47.296053,0.0,100.0,1,1,1,1
31.2,0.0,31.2,31.2,83.2,0.0,83.2,83.2,0.333727,0.0,0.333727,0.333727,64.75,47.296053,0.0,100.0,1,1,1,1
31.2,0.0,31.2,31.2,83.2,0.0,83.2,83.2,0.290816,0.0,0.290816,0.290816,261.666667,9.814955,256.0,273.0,1,1,1,1
31.2,0.0,31.2,31.2,83.2,0.0,83.2,83.2,0.290816,0.0,0.290816,0.290816,64.75,47.296053,0.0,100.0,1,1,1,1
31.2,0.0,31.2,31.2,83.2,0.0,83.2,83.2,0.333727,0.0,0.333727,0.333727,261.666667,9.814955,256.0,273.0,1,1,1,1
31.2,0.0,31.2,31.2,83.2,0.0,83.2,83.2,0.290816,0.0,0.290816,0.290816,0.0,0.0,0.0,0.0,1,1,1,1
31.0,0.0,31.0,31.0,84.8,0.0,84.8,84.8,0.333727,0.0,0.333727,0.333727,192.0,128.0,0.0,256.0,1,1,1,1
31.2,0.0,31.2,31.2,83.1,0.0,83.1,83.1,0.290816,0.0,0.290816,0.290816,100.0,0.0,100.0,100.0,1,1,1,1
31.2,0.0,31.2,31.2,83.1,0.0,83.1,83.1,0.290816,0.0,0.290816,0.290816,192.0,128.0,0.0,256.0,1,1,1,1
31.2,0.0,31.2,31.2,83.1,0.0,83.1,83.1,0.333727,0.0,0.333727,0.333727,100.0,0.0,100.0,100.0,1,1,1,1
31.2,0.0,31.2,31.2,83.1,0.0,83.1,83.1,0.333727,0.0,0.333727,0.333727,192.0,128.0,0.0,256.0,1,1,1,1
31.0,0.0,31.0,31.0,84.8,0.0,84.8,84.8,0.290816,0.0,0.290816,0.290816,100.0,0.0,100.0,100.0,1,1,1,1
31.0,0.0,31.0,31.0,84.8,0.0,84.8,84.8,0.290816,0.0,0.290816,0.290816,192.0,128.0,0.0,256.0,1,1,1,1
31.0,0.0,31.0,31.0,84.8,0.0,84.8,84.8,0.333727,0.0,0.333727,0.333727,100.0,0.0,100.0,100.0,1,1,1,1
31.1,0.0,31.1,31.1,84.7,0.0,84.7,84.7,0.333727,0.0,0.333727,0.333727,57.0,4.358899,54.0,62.0,1,1,1,1
31.1,0.0,31.1,31.1,84.7,0.0,84.7,84.7,0.290816,0.0,0.290816,0.290816,100.0,0.0,100.0,100.0,1,1,1,1
31.1,0.0,31.1,31.1,84.7,0.0,84.7,84.7,0.333727,0.0,0.333727,0.333727,100.0,0.0,100.0,100.0,1,1,1,1
31.1,0.0,31.1,31.1,84.7,0.0,84.7,84.7,0.290816,0.0,0.290816,0.290816,57.0,4.358899,54.0,62.0,1,1,1,1
31.2,0.0,31.2,31.2,83.0,0.0,83.0,83.0,0.290816,0.0,0.290816,0.290816,57.0,4.358899,54.0,62.0,1,1,1,1
31.2,0.0,31.2,31.2,83.0,0.0,83.0,83.0,0.333727,0.0,0.333727,0.333727,57.0,4.358899,54.0,62.0,1,1,1,1
31.2,0.0,31.2,31.2,83.0,0.0,83.0,83.0,0.290816,0.0,0.290816,0.290816,100.0,0.0,100.0,100.0,1,1,1,1
31.2,0.0,31.2,31.2,83.0,0.0,83.0,83.0,0.333727,0.0,0.333727,0.333727,100.0,0.0,100.0,100.0,1,1,1,1
31.2,0.0,31.2,31.2,83.0,0.0,83.0,83.0,0.290816,0.0,0.290816,0.290816,73.5,49.081565,0.0,100.0,1,1,1,1
31.2,0.0,31.2,31.2,83.0,0.0,83.0,83.0,0.290816,0.0,0.290816,0.290816,100.0,0.0,100.0,100.0,1,1,1,1
31.2,0.0,31.2,31.2,83.0,0.0,83.0,83.0,0.333727,0.0,0.333727,0.333727,73.5,49.081565,0.0,100.0,1,1,1,1
31.2,0.0,31.2,31.2,83.0,0.0,83.0,83.0,0.333727,0.0,0.333727,0.333727,100.0,0.0,100.0,100.0,1,1,1,1
31.1,0.0,31.1,31.1,84.7,0.0,84.7,84.7,0.290816,0.0,0.290816,0.290816,73.5,49.081565,0.0,100.0,1,1,1,1
31.1,0.0,31.1,31.1,84.7,0.0,84.7,84.7,0.290816,0.0,0.290816,0.290816,100.0,0.0,100.0,100.0,1,1,1,1
31.1,0.0,31.1,31.1,84.7,0.0,84.7,84.7,0.333727,0.0,0.333727,0.333727,73.5,49.081565,0.0,100.0,1,1,1,1
31.1,0.0,31.1,31.1,84.7,0.0,84.7,84.7,0.333727,0.0,0.333727,0.333727,100.0,0.0,100.0,100.0,1,1,1,1
31.0,0.0,31.0,31.0,84.5,0.0,84.5,84.5,0.333727,0.0,0.333727,0.333727,100.0,0.0,100.0,100.0,1,1,1,1
31.0,0.0,31.0,31.0,84.5,0.0,84.5,84.5,0.333727,0.0,0.333727,0.333727,31.75,36.682194,0.0,65.0,1,1,1,1
31.0,0.0,31.0,31.0,84.5,0.0,84.5,84.5,0.290816,0.0,0.290816,0.290816,100.0,0.0,100.0,100.0,1,1,1,1
31.0,0.0,31.0,31.0,84.5,0.0,84.5,84.5,0.290816,0.0,0.290816,0.290816,31.75,36.682194,0.0,65.0,1,1,1,1
31.2,0.0,31.2,31.2,82.9,0.0,82.9,82.9,0.290816,0.0,0.290816,0.290816,31.75,36.682194,0.0,65.0,1,1,1,1
31.2,0.0,31.2,31.2,82.9,0.0,82.9,82.9,0.333727,0.0,0.333727,0.333727,31.75,36.682194,0.0,65.0,1,1,1,1
31.2,0.0,31.2,31.2,82.9,0.0,82.9,82.9,0.290816,0.0,0.290816,0.290816,100.0,0.0,100.0,100.0,1,1,1,1
31.2,0.0,31.2,31.2,82.9,0.0,82.9,82.9,0.333727,0.0,0.333727,0.333727,100.0,0.0,100.0,100.0,1,1,1,1
31.0,0.0,31.0,31.0,84.5,0.0,84.5,84.5,0.290816,0.0,0.290816,0.290816,100.0,0.0,100.0,100.0,1,1,1,1
31.0,0.0,31.0,31.0,84.5,0.0,84.5,84.5,0.333727,0.0,0.333727,0.333727,100.0,0.0,100.0,100.0,1,1,1,1
31.0,0.0,31.0,31.0,84.5,0.0,84.5,84.5,0.333727,0.0,0.333727,0.333727,0.0,0.0,0.0,0.0,1,1,1,1
31.0,0.0,31.0,31.0,84.5,0.0,84.5,84.5,0.290816,0.0,0.290816,0.290816,0.0,0.0,0.0,0.0,1,1,1,1
31.2,0.0,31.2,31.2,82.9,0.0,82.9,82.9,0.290816,0.0,0.290816,0.290816,0.0,0.0,0.0,0.0,1,1,1,1
31.2,0.0,31.2,31.2,82.9,0.0,82.9,82.9,0.333727,0.0,0.333727,0.333727,0.0,0.0,0.0,0.0,1,1,1,1
31.2,0.0,31.2,31.2,82.9,0.0,82.9,82.9,0.290816,0.0,0.290816,0.290816,100.0,0.0,100.0,100.0,1,1,1,1
31.2,0.0,31.2,31.2,82.9,0.0,82.9,82.9,0.333727,0.0,0.333727,0.333727,100.0,0.0,100.0,100.0,1,1,1,1
31.2,0.0,31.2,31.2,82.9,0.0,82.9,82.9,0.290816,0.0,0.290816,0.290816,0.0,0.0,0.0,0.0,1,1,1,1
31.2,0.0,31.2,31.2,82.9,0.0,82.9,82.9,0.290816,0.0,0.290816,0.290816,100.0,0.0,100.0,100.0,1,1,1,1
31.2,0.0,31.2,31.2,82.9,0.0,82.9,82.9,0.333727,0.0,0.333727,0.333727,0.0,0.0,0.0,0.0,1,1,1,1
31.2,0.0,31.2,31.2,82.9,0.0,82.9,82.9,0.333727,0.0,0.333727,0.333727,100.0,0.0,100.0,100.0,1,1,1,1
31.0,0.0,31.0,31.0,84.5,0.0,84.5,84.5,0.290816,0.0,0.290816,0.290816,0.0,0.0,0.0,0.0,1,1,1,1
31.0,0.0,31.0,31.0,84.5,0.0,84.5,84.5,0.290816,0.0,0.290816,0.290816,100.0,0.0,100.0,100.0,1,1,1,1
31.0,0.0,31.0,31.0,84.5,0.0,84.5,84.5,0.333727,0.0,0.333727,0.333727,0.0,0.0,0.0,0.0,1,1,1,1
31.0,0.0,31.0,31.0,84.5,0.0,84.5,84.5,0.333727,0.0,0.333727,0.333727,100.0,0.0,100.0,100.0,1,1,1,1
31.0,0.0,31.0,31.0,84.5,0.0,84.5,84.5,0.290816,0.0,0.290816,0.290816,100.0,0.0,100.0,100.0,1,1,1,1
31.0,0.0,31.0,31.0,84.5,0.0,84.5,84.5,0.333727,0.0,0.333727,0.333727,100.0,0.0,100.0,100.0,1,1,1,1
31.0,0.0,31.0,31.0,84.5,0.0,84.5,84.5,0.333727,0.0,0.333727,0.333727,0.0,0.0,0.0,0.0,1,1,1,1
31.0,0.0,31.0,31.0,84.5,0.0,84.5,84.5,0.290816,0.0,0.290816,0.290816,0.0,0.0,0.0,0.0,1,1,1,1
31.2,0.0,31.2,31.2,82.8,0.0,82.8,82.8,0.290816,0.0,0.290816,0.290816,0.0,0.0,0.0,0.0,1,1,1,1
31.2,0.0,31.2,31.2,82.8,0.0,82.8,82.8,0.333727,0.0,0.333727,0.333727,0.0,0.0,0.0,0.0,1,1,1,1
31.2,0.0,31.2,31.2,82.8,0.0,82.8,82.8,0.290816,0.0,0.290816,0.290816,100.0,0.0,100.0,100.0,1,1,1,1
31.2,0.0,31.2,31.2,82.8,0.0,82.8,82.8,0.333727,0.0,0.333727,0.333727,100.0,0.0,100.0,100.0,1,1,1,1
31.2,0.0,31.2,31.2,82.8,0.0,82.8,82.8,0.290816,0.0,0.290816,0.290816,0.0,0.0,0.0,0.0,1,1,1,1
31.2,0.0,31.2,31.2,82.8,0.0,82.8,82.8,0.290816,0.0,0.290816,0.290816,100.0,0.0,100.0,100.0,1,1,1,1
31.2,0.0,31.2,31.2,82.8,0.0,82.8,82.8,0.333727,0.0,0.333727,0.333727,0.0,0.0,0.0,0.0,1,1,1,1
31.2,0.0,31.2,31.2,82.8,0.0,82.8,82.8,0.333727,0.0,0.333727,0.333727,100.0,0.0,100.0,100.0,1,1,1,1
31.0,0.0,31.0,31.0,84.5,0.0,84.5,84.5,0.290816,0.0,0.290816,0.290816,0.0,0.0,0.0,0.0,1,1,1,1
31.0,0.0,31.0,31.0,84.5,0.0,84.5,84.5,0.290816,0.0,0.290816,0.290816,100.0,0.0,100.0,100.0,1,1,1,1
31.0,0.0,31.0,31.0,84.5,0.0,84.5,84.5,0.333727,0.0,0.333727,0.333727,0.0,0.0,0.0,0.0,1,1,1,1
31.0,0.0,31.0,31.0,84.5,0.0,84.5,84.5,0.333727,0.0,0.333727,0.333727,100.0,0.0,100.0,100.0,1,1,1,1
31.0,0.0,31.0,31.0,85.1,0.0,85.1,85.1,0.333727,0.0,0.333727,0.333727,100.0,0.0,100.0,100.0,1,1,1,1
31.0,0.0,31.0,31.0,85.1,0.0,85.1,85.1,0.333727,0.0,0.333727,0.333727,0.0,0.0,0.0,0.0,1,1,1,1
31.0,0.0,31.0,31.0,85.1,0.0,85.1,85.1,0.290816,0.0,0.290816,0.290816,100.0,0.0,100.0,100.0,1,1,1,1
31.0,0.0,31.0,31.0,85.1,0.0,85.1,85.1,0.290816,0.0,0.290816,0.290816,0.0,0.0,0.0,0.0,1,1,1,1
31.2,0.0,31.2,31.2,82.7,0.0,82.7,82.7,0.333727,0.0,0.333727,0.333727,0.0,0.0,0.0,0.0,1,1,1,1
31.2,0.0,31.2,31.2,82.7,0.0,82.7,82.7,0.290816,0.0,0.290816,0.290816,100.0,0.0,100.0,100.0,1,1,1,1
31.2,0.0,31.2,31.2,82.7,0.0,82.7,82.7,0.290816,0.0,0.290816,0.290816,0.0,0.0,0.0,0.0,1,1,1,1
31.2,0.0,31.2,31.2,82.7,0.0,82.7,82.7,0.333727,0.0,0.333727,0.333727,100.0,0.0,100.0,100.0,1,1,1,1
31.1,0.0,31.1,31.1,85.8,0.0,85.8,85.8,0.333727,0.0,0.333727,0.333727,100.0,0.0,100.0,100.0,1,1,1,1
31.1,0.0,31.1,31.1,85.8,0.0,85.8,85.8,0.333727,0.0,0.333727,0.333727,0.0,0.0,0.0,0.0,1,1,1,1
31.1,0.0,31.1,31.1,85.8,0.0,85.8,85.8,0.290816,0.0,0.290816,0.290816,100.0,0.0,100.0,100.0,1,1,1,1
31.1,0.0,31.1,31.1,85.8,0.0,85.8,85.8,0.290816,0.0,0.290816,0.290816,0.0,0.0,0.0,0.0,1,1,1,1
0.0,0.0,0.0,0.0,0.0,0.0,0.0,0.0,0.333727,0.0,0.333727,0.333727,0.0,0.0,0.0,0.0,1,1,1,1
0.0,0.0,0.0,0.0,0.0,0.0,0.0,0.0,0.290816,0.0,0.290816,0.290816,100.0,0.0,100.0,100.0,1,1,1,1
0.0,0.0,0.0,0.0,0.0,0.0,0.0,0.0,0.290816,0.0,0.290816,0.290816,0.0,0.0,0.0,0.0,1,1,1,1
0.0,0.0,0.0,0.0,0.0,0.0,0.0,0.0,0.333727,0.0,0.333727,0.333727,100.0,0.0,100.0,100.0,1,1,1,1
31.2,0.0,31.2,31.2,82.8,0.0,82.8,82.8,0.290816,0.0,0.290816,0.290816,0.0,0.0,0.0,0.0,1,1,1,1
31.0,0.0,31.0,31.0,86.2,0.0,86.2,86.2,0.290816,0.0,0.290816,0.290816,178.0,90.066642,100.0,256.0,1,1,1,1
31.0,0.0,31.0,31.0,86.2,0.0,86.2,86.2,0.333727,0.0,0.333727,0.333727,39.75,48.856081,0.0,100.0,1,1,1,1
31.0,0.0,31.0,31.0,86.2,0.0,86.2,86.2,0.333727,0.0,0.333727,0.333727,178.0,90.066642,100.0,256.0,1,1,1,1
31.0,0.0,31.0,31.0,86.2,0.0,86.2,86.2,0.290816,0.0,0.290816,0.290816,39.75,48.856081,0.0,100.0,1,1,1,1
31.2,0.0,31.2,31.2,82.9,0.0,82.9,82.9,0.290816,0.0,0.290816,0.290816,178.0,90.066642,100.0,256.0,1,1,1,1
31.2,0.0,31.2,31.2,82.9,0.0,82.9,82.9,0.333727,0.0,0.333727,0.333727,39.75,48.856081,0.0,100.0,1,1,1,1
31.2,0.0,31.2,31.2,82.9,0.0,82.9,82.9,0.333727,0.0,0.333727,0.333727,178.0,90.066642,100.0,256.0,1,1,1,1
31.2,0.0,31.2,31.2,82.9,0.0,82.9,82.9,0.290816,0.0,0.290816,0.290816,39.75,48.856081,0.0,100.0,1,1,1,1
31.0,0.0,31.0,31.0,85.6,0.0,85.6,85.6,0.333727,0.0,0.333727,0.333727,64.0,128.0,0.0,256.0,1,1,1,1
31.2,0.0,31.2,31.2,82.9,0.0,82.9,82.9,0.290816,0.0,0.290816,0.290816,57.666667,50.242744,0.0,92.0,1,1,1,1
31.2,0.0,31.2,31.2,82.9,0.0,82.9,82.9,0.290816,0.0,0.290816,0.290816,0.0,0.0,0.0,0.0,1,1,1,1
31.2,0.0,31.2,31.2,82.9,0.0,82.9,82.9,0.333727,0.0,0.333727,0.333727,57.666667,50.242744,0.0,92.0,1,1,1,1
31.2,0.0,31.2,31.2,82.9,0.0,82.9,82.9,0.333727,0.0,0.333727,0.333727,0.0,0.0,0.0,0.0,1,1,1,1
31.1,0.0,31.1,31.1,85.2,0.0,85.2,85.2,0.290816,0.0,0.290816,0.290816,57.666667,50.242744,0.0,92.0,1,1,1,1
31.1,0.0,31.1,31.1,85.2,0.0,85.2,85.2,0.290816,0.0,0.290816,0.290816,0.0,0.0,0.0,0.0,1,1,1,1
31.1,0.0,31.1,31.1,85.2,0.0,85.2,85.2,0.333727,0.0,0.333727,0.333727,57.666667,50.242744,0.0,92.0,1,1,1,1
31.1,0.0,31.1,31.1,85.2,0.0,85.2,85.2,0.333727,0.0,0.333727,0.333727,0.0,0.0,0.0,0.0,1,1,1,1
31.0,0.0,31.0,31.0,84.8,0.0,84.8,84.8,0.290816,0.0,0.290816,0.290816,25.0,50.0,0.0,100.0,1,1,1,1
31.0,0.0,31.0,31.0,84.8,0.0,84.8,84.8,0.333727,0.0,0.333727,0.333727,13.666667,23.671361,0.0,41.0,1,1,1,1
31.0,0.0,31.0,31.0,84.8,0.0,84.8,84.8,0.333727,0.0,0.333727,0.333727,25.0,50.0,0.0,100.0,1,1,1,1
31.0,0.0,31.0,31.0,84.8,0.0,84.8,84.8,0.290816,0.0,0.290816,0.290816,13.666667,23.671361,0.0,41.0,1,1,1,1
31.2,0.0,31.2,31.2,82.8,0.0,82.8,82.8,0.333727,0.0,0.333727,0.333727,13.666667,23.671361,0.0,41.0,1,1,1,1
31.2,0.0,31.2,31.2,82.8,0.0,82.8,82.8,0.333727,0.0,0.333727,0.333727,25.0,50.0,0.0,100.0,1,1,1,1
31.2,0.0,31.2,31.2,82.8,0.0,82.8,82.8,0.290816,0.0,0.290816,0.290816,13.666667,23.671361,0.0,41.0,1,1,1,1
31.2,0.0,31.2,31.2,82.8,0.0,82.8,82.8,0.290816,0.0,0.290816,0.290816,25.0,50.0,0.0,100.0,1,1,1,1
31.2,0.0,31.2,31.2,82.8,0.0,82.8,82.8,0.290816,0.0,0.290816,0.290816,65.0,56.347138,0.0,100.0,1,1,1,1
31.2,0.0,31.2,31.2,82.9,0.0,82.9,82.9,0.290816,0.0,0.290816,0.290816,100.0,0.0,100.0,100.0,1,1,1,1
31.2,0.0,31.2,31.2,82.9,0.0,82.9,82.9,0.290816,0.0,0.290816,0.290816,192.0,128.0,0.0,256.0,1,1,1,1
31.2,0.0,31.2,31.2,82.9,0.0,82.9,82.9,0.333727,0.0,0.333727,0.333727,100.0,0.0,100.0,100.0,1,1,1,1
31.2,0.0,31.2,31.2,82.9,0.0,82.9,82.9,0.333727,0.0,0.333727,0.333727,192.0,128.0,0.0,256.0,1,1,1,1
31.0,0.0,31.0,31.0,84.6,0.0,84.6,84.6,0.290816,0.0,0.290816,0.290816,100.0,0.0,100.0,100.0,1,1,1,1
31.0,0.0,31.0,31.0,84.6,0.0,84.6,84.6,0.290816,0.0,0.290816,0.290816,192.0,128.0,0.0,256.0,1,1,1,1
31.0,0.0,31.0,31.0,84.6,0.0,84.6,84.6,0.333727,0.0,0.333727,0.333727,100.0,0.0,100.0,100.0,1,1,1,1
31.0,0.0,31.0,31.0,84.6,0.0,84.6,84.6,0.333727,0.0,0.333727,0.333727,192.0,128.0,0.0,256.0,1,1,1,1
31.0,0.0,31.0,31.0,84.5,0.0,84.5,84.5,0.333727,0.0,0.333727,0.333727,92.333333,13.279056,77.0,100.0,1,1,1,1
31.0,0.0,31.0,31.0,84.5,0.0,84.5,84.5,0.290816,0.0,0.290816,0.290816,256.0,0.0,256.0,256.0,1,1,1,1
31.0,0.0,31.0,31.0,84.5,0.0,84.5,84.5,0.333727,0.0,0.333727,0.333727,256.0,0.0,256.0,256.0,1,1,1,1
31.0,0.0,31.0,31.0,84.5,0.0,84.5,84.5,0.290816,0.0,0.290816,0.290816,92.333333,13.279056,77.0,100.0,1,1,1,1
31.2,0.0,31.2,31.2,82.8,0.0,82.8,82.8,0.333727,0.0,0.333727,0.333727,92.333333,13.279056,77.0,100.0,1,1,1,1
31.2,0.0,31.2,31.2,82.8,0.0,82.8,82.8,0.290816,0.0,0.290816,0.290816,92.333333,13.279056,77.0,100.0,1,1,1,1
31.2,0.0,31.2,31.2,82.8,0.0,82.8,82.8,0.333727,0.0,0.333727,0.333727,256.0,0.0,256.0,256.0,1,1,1,1
31.2,0.0,31.2,31.2,82.8,0.0,82.8,82.8,0.290816,0.0,0.290816,0.290816,256.0,0.0,256.0,256.0,1,1,1,1
31.0,0.0,31.0,31.0,84.4,0.0,84.4,84.4,0.333727,0.0,0.333727,0.333727,256.0,0.0,256.0,256.0,1,1,1,1
31.2,0.0,31.2,31.2,82.8,0.0,82.8,82.8,0.290816,0.0,0.290816,0.290816,99.25,1.5,97.0,100.0,1,1,1,1
31.2,0.0,31.2,31.2,82.8,0.0,82.8,82.8,0.290816,0.0,0.290816,0.290816,256.0,0.0,256.0,256.0,1,1,1,1
31.2,0.0,31.2,31.2,82.8,0.0,82.8,82.8,0.333727,0.0,0.333727,0.333727,99.25,1.5,97.0,100.0,1,1,1,1
31.0,0.0,31.0,31.0,84.3,0.0,84.3,84.3,0.290816,0.0,0.290816,0.290816,99.25,1.5,97.0,100.0,1,1,1,1
31.0,0.0,31.0,31.0,84.3,0.0,84.3,84.3,0.290816,0.0,0.290816,0.290816,256.0,0.0,256.0,256.0,1,1,1,1
31.0,0.0,31.0,31.0,84.3,0.0,84.3,84.3,0.333727,0.0,0.333727,0.333727,99.25,1.5,97.0,100.0,1,1,1,1
31.0,0.0,31.0,31.0,84.3,0.0,84.3,84.3,0.333727,0.0,0.333727,0.333727,256.0,0.0,256.0,256.0,1,1,1,1
31.2,0.0,31.2,31.2,82.8,0.0,82.8,82.8,0.333727,0.0,0.333727,0.333727,256.0,0.0,256.0,256.0,1,1,1,1
31.1,0.0,31.1,31.1,84.3,0.0,84.3,84.3,0.333727,0.0,0.333727,0.333727,256.0,0.0,256.0,256.0,1,1,1,1
31.1,0.0,31.1,31.1,84.3,0.0,84.3,84.3,0.290816,0.0,0.290816,0.290816,74.0,49.369356,0.0,100.0,1,1,1,1
31.1,0.0,31.1,31.1,84.3,0.0,84.3,84.3,0.333727,0.0,0.333727,0.333727,74.0,49.369356,0.0,100.0,1,1,1,1
31.1,0.0,31.1,31.1,84.3,0.0,84.3,84.3,0.290816,0.0,0.290816,0.290816,256.0,0.0,256.0,256.0,1,1,1,1
31.2,0.0,31.2,31.2,82.8,0.0,82.8,82.8,0.333727,0.0,0.333727,0.333727,256.0,0.0,256.0,256.0,1,1,1,1
31.2,0.0,31.2,31.2,82.8,0.0,82.8,82.8,0.290816,0.0,0.290816,0.290816,256.0,0.0,256.0,256.0,1,1,1,1
31.2,0.0,31.2,31.2,82.8,0.0,82.8,82.8,0.290816,0.0,0.290816,0.290816,74.0,49.369356,0.0,100.0,1,1,1,1
31.2,0.0,31.2,31.2,82.8,0.0,82.8,82.8,0.333727,0.0,0.333727,0.333727,74.0,49.369356,0.0,100.0,1,1,1,1
31.2,0.0,31.2,31.2,82.7,0.0,82.7,82.7,0.290816,0.0,0.290816,0.290816,77.666667,23.028967,54.0,100.0,1,1,1,1
31.2,0.0,31.2,31.2,82.7,0.0,82.7,82.7,0.290816,0.0,0.290816,0.290816,256.0,0.0,256.0,256.0,1,1,1,1
31.2,0.0,31.2,31.2,82.7,0.0,82.7,82.7,0.333727,0.0,0.333727,0.333727,77.666667,23.028967,54.0,100.0,1,1,1,1
31.2,0.0,31.2,31.2,82.7,0.0,82.7,82.7,0.333727,0.0,0.333727,0.333727,256.0,0.0,256.0,256.0,1,1,1,1
31.1,0.0,31.1,31.1,84.3,0.0,84.3,84.3,0.290816,0.0,0.290816,0.290816,77.666667,23.028967,54.0,100.0,1,1,1,1
31.1,0.0,31.1,31.1,84.3,0.0,84.3,84.3,0.290816,0.0,0.290816,0.290816,256.0,0.0,256.0,256.0,1,1,1,1
31.1,0.0,31.1,31.1,84.3,0.0,84.3,84.3,0.333727,0.0,0.333727,0.333727,77.666667,23.028967,54.0,100.0,1,1,1,1
31.1,0.0,31.1,31.1,84.3,0.0,84.3,84.3,0.333727,0.0,0.333727,0.333727,256.0,0.0,256.0,256.0,1,1,1,1
31.2,0.0,31.2,31.2,82.7,0.0,82.7,82.7,0.290816,0.0,0.290816,0.290816,100.0,0.0,100.0,100.0,1,1,1,1
31.0,0.0,31.0,31.0,84.2,0.0,84.2,84.2,0.333727,0.0,0.333727,0.333727,256.0,0.0,256.0,256.0,1,1,1,1
31.0,0.0,31.0,31.0,84.2,0.0,84.2,84.2,0.333727,0.0,0.333727,0.333727,97.666667,4.041452,93.0,100.0,1,1,1,1
31.0,0.0,31.0,31.0,84.2,0.0,84.2,84.2,0.290816,0.0,0.290816,0.290816,256.0,0.0,256.0,256.0,1,1,1,1
31.0,0.0,31.0,31.0,84.2,0.0,84.2,84.2,0.290816,0.0,0.290816,0.290816,97.666667,4.041452,93.0,100.0,1,1,1,1
31.2,0.0,31.2,31.2,90.1,0.0,90.1,90.1,0.333727,0.0,0.333727,0.333727,97.666667,4.041452,93.0,100.0,1,1,1,1
31.2,0.0,31.2,31.2,90.1,0.0,90.1,90.1,0.290816,0.0,0.290816,0.290816,256.0,0.0,256.0,256.0,1,1,1,1
31.2,0.0,31.2,31.2,90.1,0.0,90.1,90.1,0.290816,0.0,0.290816,0.290816,97.666667,4.041452,93.0,100.0,1,1,1,1
31.2,0.0,31.2,31.2,90.1,0.0,90.1,90.1,0.333727,0.0,0.333727,0.333727,256.0,0.0,256.0,256.0,1,1,1,1
31.2,0.0,31.2,31.2,95.3,0.0,95.3,95.3,0.290816,0.0,0.290816,0.290816,91.0,18.0,64.0,100.0,1,1,1,1
31.2,0.0,31.2,31.2,95.3,0.0,95.3,95.3,0.290816,0.0,0.290816,0.290816,256.0,0.0,256.0,256.0,1,1,1,1
31.2,0.0,31.2,31.2,95.3,0.0,95.3,95.3,0.333727,0.0,0.333727,0.333727,91.0,18.0,64.0,100.0,1,1,1,1
31.2,0.0,31.2,31.2,95.3,0.0,95.3,95.3,0.333727,0.0,0.333727,0.333727,256.0,0.0,256.0,256.0,1,1,1,1
31.0,0.0,31.0,31.0,84.2,0.0,84.2,84.2,0.290816,0.0,0.290816,0.290816,91.0,18.0,64.0,100.0,1,1,1,1
31.0,0.0,31.0,31.0,84.2,0.0,84.2,84.2,0.290816,0.0,0.290816,0.290816,256.0,0.0,256.0,256.0,1,1,1,1
31.0,0.0,31.0,31.0,84.2,0.0,84.2,84.2,0.333727,0.0,0.333727,0.333727,91.0,18.0,64.0,100.0,1,1,1,1
31.0,0.0,31.0,31.0,84.2,0.0,84.2,84.2,0.333727,0.0,0.333727,0.333727,256.0,0.0,256.0,256.0,1,1,1,1
31.0,0.0,31.0,31.0,84.2,0.0,84.2,84.2,0.333727,0.0,0.333727,0.333727,256.0,0.0,256.0,256.0,1,1,1,1
31.0,0.0,31.0,31.0,84.2,0.0,84.2,84.2,0.333727,0.0,0.333727,0.333727,90.0,17.320508,70.0,100.0,1,1,1,1
31.0,0.0,31.0,31.0,84.2,0.0,84.2,84.2,0.290816,0.0,0.290816,0.290816,256.0,0.0,256.0,256.0,1,1,1,1
31.0,0.0,31.0,31.0,84.2,0.0,84.2,84.2,0.290816,0.0,0.290816,0.290816,90.0,17.320508,70.0,100.0,1,1,1,1
31.2,0.0,31.2,31.2,97.7,0.0,97.7,97.7,0.333727,0.0,0.333727,0.333727,256.0,0.0,256.0,256.0,1,1,1,1
31.2,0.0,31.2,31.2,97.7,0.0,97.7,97.7,0.333727,0.0,0.333727,0.333727,90.0,17.320508,70.0,100.0,1,1,1,1
31.2,0.0,31.2,31.2,97.7,0.0,97.7,97.7,0.290816,0.0,0.290816,0.290816,256.0,0.0,256.0,256.0,1,1,1,1
31.2,0.0,31.2,31.2,97.7,0.0,97.7,97.7,0.290816,0.0,0.290816,0.290816,90.0,17.320508,70.0,100.0,1,1,1,1
31.3,0.0,31.3,31.3,97.3,0.0,97.3,97.3,0.290816,0.0,0.290816,0.290816,100.0,0.0,100.0,100.0,1,1,1,1
31.3,0.0,31.3,31.3,97.3,0.0,97.3,97.3,0.290816,0.0,0.290816,0.290816,99.75,111.929665,0.0,256.0,1,1,1,1
31.3,0.0,31.3,31.3,97.3,0.0,97.3,97.3,0.333727,0.0,0.333727,0.333727,100.0,0.0,100.0,100.0,1,1,1,1
31.3,0.0,31.3,31.3,97.3,0.0,97.3,97.3,0.333727,0.0,0.333727,0.333727,99.75,111.929665,0.0,256.0,1,1,1,1
31.0,0.0,31.0,31.0,84.2,0.0,84.2,84.2,0.290816,0.0,0.290816,0.290816,100.0,0.0,100.0,100.0,1,1,1,1
31.0,0.0,31.0,31.0,84.2,0.0,84.2,84.2,0.290816,0.0,0.290816,0.290816,99.75,111.929665,0.0,256.0,1,1,1,1
31.0,0.0,31.0,31.0,84.2,0.0,84.2,84.2,0.333727,0.0,0.333727,0.333727,100.0,0.0,100.0,100.0,1,1,1,1
31.0,0.0,31.0,31.0,84.2,0.0,84.2,84.2,0.333727,0.0,0.333727,0.333727,99.75,111.929665,0.0,256.0,1,1,1,1
31.0,0.0,31.0,31.0,84.2,0.0,84.2,84.2,0.333727,0.0,0.333727,0.333727,100.0,0.0,100.0,100.0,1,1,1,1
31.0,0.0,31.0,31.0,84.2,0.0,84.2,84.2,0.333727,0.0,0.333727,0.333727,100.0,0.0,100.0,100.0,1,1,1,1
31.0,0.0,31.0,31.0,84.2,0.0,84.2,84.2,0.290816,0.0,0.290816,0.290816,100.0,0.0,100.0,100.0,1,1,1,1
31.0,0.0,31.0,31.0,84.2,0.0,84.2,84.2,0.290816,0.0,0.290816,0.290816,100.0,0.0,100.0,100.0,1,1,1,1
0.0,0.0,0.0,0.0,0.0,0.0,0.0,0.0,0.333727,0.0,0.333727,0.333727,100.0,0.0,100.0,100.0,1,1,1,1
0.0,0.0,0.0,0.0,0.0,0.0,0.0,0.0,0.333727,0.0,0.333727,0.333727,100.0,0.0,100.0,100.0,1,1,1,1
0.0,0.0,0.0,0.0,0.0,0.0,0.0,0.0,0.290816,0.0,0.290816,0.290816,100.0,0.0,100.0,100.0,1,1,1,1
0.0,0.0,0.0,0.0,0.0,0.0,0.0,0.0,0.290816,0.0,0.290816,0.290816,100.0,0.0,100.0,100.0,1,1,1,1
31.0,0.0,31.0,31.0,84.9,0.0,84.9,84.9,0.333727,0.0,0.333727,0.333727,100.0,0.0,100.0,100.0,1,1,1,1
31.0,0.0,31.0,31.0,84.9,0.0,84.9,84.9,0.333727,0.0,0.333727,0.333727,100.0,0.0,100.0,100.0,1,1,1,1
31.0,0.0,31.0,31.0,84.9,0.0,84.9,84.9,0.290816,0.0,0.290816,0.290816,100.0,0.0,100.0,100.0,1,1,1,1
31.0,0.0,31.0,31.0,84.9,0.0,84.9,84.9,0.290816,0.0,0.290816,0.290816,100.0,0.0,100.0,100.0,1,1,1,1
31.3,0.0,31.3,31.3,91.3,0.0,91.3,91.3,0.333727,0.0,0.333727,0.333727,100.0,0.0,100.0,100.0,1,1,1,1
31.3,0.0,31.3,31.3,91.3,0.0,91.3,91.3,0.290816,0.0,0.290816,0.290816,100.0,0.0,100.0,100.0,1,1,1,1
31.3,0.0,31.3,31.3,91.3,0.0,91.3,91.3,0.290816,0.0,0.290816,0.290816,100.0,0.0,100.0,100.0,1,1,1,1
31.3,0.0,31.3,31.3,91.3,0.0,91.3,91.3,0.333727,0.0,0.333727,0.333727,100.0,0.0,100.0,100.0,1,1,1,1
31.3,0.0,31.3,31.3,90.6,0.0,90.6,90.6,0.290816,0.0,0.290816,0.290816,66.666667,57.735027,0.0,100.0,1,1,1,1
31.0,0.0,31.0,31.0,85.3,0.0,85.3,85.3,0.290816,0.0,0.290816,0.290816,100.0,0.0,100.0,100.0,1,1,1,1
31.0,0.0,31.0,31.0,85.3,0.0,85.3,85.3,0.333727,0.0,0.333727,0.333727,100.0,0.0,100.0,100.0,1,1,1,1
31.0,0.0,31.0,31.0,85.3,0.0,85.3,85.3,0.333727,0.0,0.333727,0.333727,70.0,47.609523,0.0,100.0,1,1,1,1
31.3,0.0,31.3,31.3,90.9,0.0,90.9,90.9,0.333727,0.0,0.333727,0.333727,100.0,0.0,100.0,100.0,1,1,1,1
31.3,0.0,31.3,31.3,90.9,0.0,90.9,90.9,0.290816,0.0,0.290816,0.290816,100.0,0.0,100.0,100.0,1,1,1,1
31.3,0.0,31.3,31.3,90.9,0.0,90.9,90.9,0.333727,0.0,0.333727,0.333727,70.0,47.609523,0.0,100.0,1,1,1,1
31.3,0.0,31.3,31.3,90.9,0.0,90.9,90.9,0.290816,0.0,0.290816,0.290816,70.0,47.609523,0.0,100.0,1,1,1,1
31.0,0.0,31.0,31.0,85.3,0.0,85.3,85.3,0.290816,0.0,0.290816,0.290816,70.0,47.609523,0.0,100.0,1,1,1,1
31.0,0.0,31.0,31.0,85.3,0.0,85.3,85.3,0.333727,0.0,0.333727,0.333727,100.0,0.0,100.0,100.0,1,1,1,1
31.3,0.0,31.3,31.3,91.9,0.0,91.9,91.9,0.290816,0.0,0.290816,0.290816,100.0,0.0,100.0,100.0,1,1,1,1
31.3,0.0,31.3,31.3,91.9,0.0,91.9,91.9,0.290816,0.0,0.290816,0.290816,100.0,0.0,100.0,100.0,1,1,1,1
31.3,0.0,31.3,31.3,91.9,0.0,91.9,91.9,0.333727,0.0,0.333727,0.333727,100.0,0.0,100.0,100.0,1,1,1,1
31.3,0.0,31.3,31.3,91.9,0.0,91.9,91.9,0.333727,0.0,0.333727,0.333727,100.0,0.0,100.0,100.0,1,1,1,1
31.0,0.0,31.0,31.0,85.3,0.0,85.3,85.3,0.290816,0.0,0.290816,0.290816,100.0,0.0,100.0,100.0,1,1,1,1
31.0,0.0,31.0,31.0,85.3,0.0,85.3,85.3,0.290816,0.0,0.290816,0.290816,100.0,0.0,100.0,100.0,1,1,1,1
31.0,0.0,31.0,31.0,85.3,0.0,85.3,85.3,0.333727,0.0,0.333727,0.333727,100.0,0.0,100.0,100.0,1,1,1,1
31.0,0.0,31.0,31.0,84.9,0.0,84.9,84.9,0.333727,0.0,0.333727,0.333727,100.0,0.0,100.0,100.0,1,1,1,1
31.1,0.0,31.1,31.1,84.8,0.0,84.8,84.8,0.290816,0.0,0.290816,0.290816,100.0,0.0,100.0,100.0,1,1,1,1
31.1,0.0,31.1,31.1,84.8,0.0,84.8,84.8,0.333727,0.0,0.333727,0.333727,100.0,0.0,100.0,100.0,1,1,1,1
31.1,0.0,31.1,31.1,84.8,0.0,84.8,84.8,0.290816,0.0,0.290816,0.290816,100.0,0.0,100.0,100.0,1,1,1,1
31.1,0.0,31.1,31.1,84.8,0.0,84.8,84.8,0.333727,0.0,0.333727,0.333727,100.0,0.0,100.0,100.0,1,1,1,1
31.3,0.0,31.3,31.3,91.5,0.0,91.5,91.5,0.333727,0.0,0.333727,0.333727,100.0,0.0,100.0,100.0,1,1,1,1
31.3,0.0,31.3,31.3,91.5,0.0,91.5,91.5,0.290816,0.0,0.290816,0.290816,100.0,0.0,100.0,100.0,1,1,1,1
31.3,0.0,31.3,31.3,91.5,0.0,91.5,91.5,0.290816,0.0,0.290816,0.290816,100.0,0.0,100.0,100.0,1,1,1,1
31.3,0.0,31.3,31.3,91.5,0.0,91.5,91.5,0.333727,0.0,0.333727,0.333727,100.0,0.0,100.0,100.0,1,1,1,1
31.0,0.0,31.0,31.0,84.6,0.0,84.6,84.6,0.333727,0.0,0.333727,0.333727,100.0,0.0,100.0,100.0,1,1,1,1
31.0,0.0,31.0,31.0,84.6,0.0,84.6,84.6,0.333727,0.0,0.333727,0.333727,85.333333,25.403412,56.0,100.0,1,1,1,1
31.0,0.0,31.0,31.0,84.6,0.0,84.6,84.6,0.290816,0.0,0.290816,0.290816,100.0,0.0,100.0,100.0,1,1,1,1
31.0,0.0,31.0,31.0,84.6,0.0,84.6,84.6,0.290816,0.0,0.290816,0.290816,85.333333,25.403412,56.0,100.0,1,1,1,1
31.6,0.0,31.6,31.6,99.9,0.0,99.9,99.9,0.333727,0.0,0.333727,0.333727,85.333333,25.403412,56.0,100.0,1,1,1,1
31.6,0.0,31.6,31.6,99.9,0.0,99.9,99.9,0.290816,0.0,0.290816,0.290816,100.0,0.0,100.0,100.0,1,1,1,1
31.6,0.0,31.6,31.6,99.9,0.0,99.9,99.9,0.290816,0.0,0.290816,0.290816,85.333333,25.403412,56.0,100.0,1,1,1,1
31.6,0.0,31.6,31.6,99.9,0.0,99.9,99.9,0.333727,0.0,0.333727,0.333727,100.0,0.0,100.0,100.0,1,1,1,1
32.3,0.0,32.3,32.3,99.9,0.0,99.9,99.9,0.290816,0.0,0.290816,0.290816,100.0,0.0,100.0,100.0,1,1,1,1
31.0,0.0,31.0,31.0,84.6,0.0,84.6,84.6,0.290816,0.0,0.290816,0.290816,100.0,0.0,100.0,100.0,1,1,1,1
31.0,0.0,31.0,31.0,84.6,0.0,84.6,84.6,0.333727,0.0,0.333727,0.333727,100.0,0.0,100.0,100.0,1,1,1,1
31.0,0.0,31.0,31.0,84.6,0.0,84.6,84.6,0.333727,0.0,0.333727,0.333727,96.0,6.928203,88.0,100.0,1,1,1,1
31.0,0.0,31.0,31.0,84.6,0.0,84.6,84.6,0.290816,0.0,0.290816,0.290816,96.0,6.928203,88.0,100.0,1,1,1,1
32.4,0.0,32.4,32.4,99.9,0.0,99.9,99.9,0.333727,0.0,0.333727,0.333727,96.0,6.928203,88.0,100.0,1,1,1,1
32.4,0.0,32.4,32.4,99.9,0.0,99.9,99.9,0.290816,0.0,0.290816,0.290816,100.0,0.0,100.0,100.0,1,1,1,1
32.4,0.0,32.4,32.4,99.9,0.0,99.9,99.9,0.290816,0.0,0.290816,0.290816,96.0,6.928203,88.0,100.0,1,1,1,1
32.4,0.0,32.4,32.4,99.9,0.0,99.9,99.9,0.333727,0.0,0.333727,0.333727,100.0,0.0,100.0,100.0,1,1,1,1
32.3,0.0,32.3,32.3,99.9,0.0,99.9,99.9,0.290816,0.0,0.290816,0.290816,74.5,49.675614,0.0,100.0,1,1,1,1
32.3,0.0,32.3,32.3,99.9,0.0,99.9,99.9,0.290816,0.0,0.290816,0.290816,90.25,19.5,61.0,100.0,1,1,1,1
32.3,0.0,32.3,32.3,99.9,0.0,99.9,99.9,0.333727,0.0,0.333727,0.333727,74.5,49.675614,0.0,100.0,1,1,1,1
32.3,0.0,32.3,32.3,99.9,0.0,99.9,99.9,0.333727,0.0,0.333727,0.333727,90.25,19.5,61.0,100.0,1,1,1,1
31.0,0.0,31.0,31.0,84.7,0.0,84.7,84.7,0.290816,0.0,0.290816,0.290816,74.5,49.675614,0.0,100.0,1,1,1,1
31.0,0.0,31.0,31.0,84.7,0.0,84.7,84.7,0.290816,0.0,0.290816,0.290816,90.25,19.5,61.0,100.0,1,1,1,1
31.0,0.0,31.0,31.0,84.7,0.0,84.7,84.7,0.333727,0.0,0.333727,0.333727,74.5,49.675614,0.0,100.0,1,1,1,1
31.0,0.0,31.0,31.0,84.7,0.0,84.7,84.7,0.333727,0.0,0.333727,0.333727,90.25,19.5,61.0,100.0,1,1,1,1
31.0,0.0,31.0,31.0,84.5,0.0,84.5,84.5,0.290816,0.0,0.290816,0.290816,20.333333,35.218366,0.0,61.0,1,1,1,1
31.0,0.0,31.0,31.0,84.5,0.0,84.5,84.5,0.333727,0.0,0.333727,0.333727,20.333333,35.218366,0.0,61.0,1,1,1,1
31.0,0.0,31.0,31.0,84.5,0.0,84.5,84.5,0.290816,0.0,0.290816,0.290816,100.0,0.0,100.0,100.0,1,1,1,1
31.0,0.0,31.0,31.0,84.5,0.0,84.5,84.5,0.333727,0.0,0.333727,0.333727,100.0,0.0,100.0,100.0,1,1,1,1
32.3,0.0,32.3,32.3,99.9,0.0,99.9,99.9,0.333727,0.0,0.333727,0.333727,100.0,0.0,100.0,100.0,1,1,1,1
32.3,0.0,32.3,32.3,99.9,0.0,99.9,99.9,0.290816,0.0,0.290816,0.290816,20.333333,35.218366,0.0,61.0,1,1,1,1
32.3,0.0,32.3,32.3,99.9,0.0,99.9,99.9,0.290816,0.0,0.290816,0.290816,100.0,0.0,100.0,100.0,1,1,1,1
32.3,0.0,32.3,32.3,99.9,0.0,99.9,99.9,0.333727,0.0,0.333727,0.333727,20.333333,35.218366,0.0,61.0,1,1,1,1
0.0,0.0,0.0,0.0,0.0,0.0,0.0,0.0,0.333727,0.0,0.333727,0.333727,83.75,25.144582,47.0,100.0,1,1,1,1
32.1,0.0,32.1,32.1,99.9,0.0,99.9,99.9,0.290816,0.0,0.290816,0.290816,84.5,17.897858,69.0,100.0,1,1,1,1
32.1,0.0,32.1,32.1,99.9,0.0,99.9,99.9,0.290816,0.0,0.290816,0.290816,62.666667,10.016653,55.0,74.0,1,1,1,1
32.1,0.0,32.1,32.1,99.9,0.0,99.9,99.9,0.333727,0.0,0.333727,0.333727,84.5,17.897858,69.0,100.0,1,1,1,1
32.1,0.0,32.1,32.1,99.9,0.0,99.9,99.9,0.333727,0.0,0.333727,0.333727,62.666667,10.016653,55.0,74.0,1,1,1,1
31.0,0.0,31.0,31.0,84.4,0.0,84.4,84.4,0.290816,0.0,0.290816,0.290816,84.5,17.897858,69.0,100.0,1,1,1,1
31.0,0.0,31.0,31.0,84.4,0.0,84.4,84.4,0.290816,0.0,0.290816,0.290816,62.666667,10.016653,55.0,74.0,1,1,1,1
31.0,0.0,31.0,31.0,84.4,0.0,84.4,84.4,0.333727,0.0,0.333727,0.333727,84.5,17.897858,69.0,100.0,1,1,1,1
31.0,0.0,31.0,31.0,84.4,0.0,84.4,84.4,0.333727,0.0,0.333727,0.333727,62.666667,10.016653,55.0,74.0,1,1,1,1
31.0,0.0,31.0,31.0,84.4,0.0,84.4,84.4,0.333727,0.0,0.333727,0.333727,79.0,16.431677,62.0,100.0,1,1,1,1
31.0,0.0,31.0,31.0,84.4,0.0,84.4,84.4,0.290816,0.0,0.290816,0.290816,79.0,16.431677,62.0,100.0,1,1,1,1
31.0,0.0,31.0,31.0,84.4,0.0,84.4,84.4,0.290816,0.0,0.290816,0.290816,100.0,0.0,100.0,100.0,1,1,1,1
31.0,0.0,31.0,31.0,84.4,0.0,84.4,84.4,0.333727,0.0,0.333727,0.333727,100.0,0.0,100.0,100.0,1,1,1,1
32.1,0.0,32.1,32.1,99.9,0.0,99.9,99.9,0.333727,0.0,0.333727,0.333727,100.0,0.0,100.0,100.0,1,1,1,1
32.1,0.0,32.1,32.1,99.9,0.0,99.9,99.9,0.290816,0.0,0.290816,0.290816,79.0,16.431677,62.0,100.0,1,1,1,1
32.1,0.0,32.1,32.1,99.9,0.0,99.9,99.9,0.290816,0.0,0.290816,0.290816,100.0,0.0,100.0,100.0,1,1,1,1
32.1,0.0,32.1,32.1,99.9,0.0,99.9,99.9,0.333727,0.0,0.333727,0.333727,79.0,16.431677,62.0,100.0,1,1,1,1
32.0,0.0,32.0,32.0,99.9,0.0,99.9,99.9,0.290816,0.0,0.290816,0.290816,100.0,0.0,100.0,100.0,1,1,1,1
31.0,0.0,31.0,31.0,84.4,0.0,84.4,84.4,0.333727,0.0,0.333727,0.333727,55.666667,50.954228,0.0,100.0,1,1,1,1
31.0,0.0,31.0,31.0,84.4,0.0,84.4,84.4,0.333727,0.0,0.333727,0.333727,66.666667,57.735027,0.0,100.0,1,1,1,1
31.0,0.0,31.0,31.0,84.4,0.0,84.4,84.4,0.290816,0.0,0.290816,0.290816,66.666667,57.735027,0.0,100.0,1,1,1,1
31.0,0.0,31.0,31.0,84.4,0.0,84.4,84.4,0.290816,0.0,0.290816,0.290816,55.666667,50.954228,0.0,100.0,1,1,1,1
31.8,0.0,31.8,31.8,99.9,0.0,99.9,99.9,0.333727,0.0,0.333727,0.333727,66.666667,57.735027,0.0,100.0,1,1,1,1
31.8,0.0,31.8,31.8,99.9,0.0,99.9,99.9,0.290816,0.0,0.290816,0.290816,55.666667,50.954228,0.0,100.0,1,1,1,1
31.8,0.0,31.8,31.8,99.9,0.0,99.9,99.9,0.290816,0.0,0.290816,0.290816,66.666667,57.735027,0.0,100.0,1,1,1,1
31.8,0.0,31.8,31.8,99.9,0.0,99.9,99.9,0.333727,0.0,0.333727,0.333727,55.666667,50.954228,0.0,100.0,1,1,1,1
31.7,0.0,31.7,31.7,99.9,0.0,99.9,99.9,0.290816,0.0,0.290816,0.290816,17.5,35.0,0.0,70.0,1,1,1,1
31.6,0.0,31.6,31.6,99.9,0.0,99.9,99.9,0.290816,0.0,0.290816,0.290816,0.0,0.0,0.0,0.0,1,1,1,1
31.6,0.0,31.6,31.6,99.9,0.0,99.9,99.9,0.290816,0.0,0.290816,0.290816,0.0,0.0,0.0,0.0,1,1,1,1
31.6,0.0,31.6,31.6,99.9,0.0,99.9,99.9,0.290816,0.0,0.290816,0.290816,0.0,0.0,0.0,0.0,1,1,1,1
0.0,0.0,0.0,0.0,0.0,0.0,0.0,0.0,0.290816,0.0,0.290816,0.290816,0.0,0.0,0.0,0.0,1,1,1,1
31.5,0.0,31.5,31.5,99.9,0.0,99.9,99.9,0.290816,0.0,0.290816,0.290816,0.0,0.0,0.0,0.0,1,1,1,1
63.0,0.0,63.0,63.0,199.8,0.0,199.8,199.8,0.290816,0.0,0.290816,0.290816,0.0,0.0,0.0,0.0,1,1,1,1
31.5,0.0,31.5,31.5,99.9,0.0,99.9,99.9,0.290816,0.0,0.290816,0.290816,0.0,0.0,0.0,0.0,1,1,1,1
31.6,0.0,31.6,31.6,99.9,0.0,99.9,99.9,0.290816,0.0,0.290816,0.290816,75.0,50.0,0.0,100.0,1,1,1,1
